family,b_gs,b_t,n_sc_on,n_sc_off,n_all_on,n_all_off,detected_frac_on,detected_frac_off,sigma_initial_mm,sigma_sc_off_mm,sigma_sc_on_mm,expansion_vs_no_sc_pct,expansion_vs_initial_pct,rms_particle_dx_mm,max_abs_particle_dx_mm,beam,power_kw,sigma_x_mm
injection_electrons,0,0.0,100031,100031,100031,100031,1.0,1.0,2.999595518965177,4.213144198953447,10.660360791301612,153.02625041767297,255.3932763234459,13.704017151197606,46.2536946931385,injection,100,3
injection_electrons,0,0.0,100031,100031,100031,100031,1.0,1.0,3.9994606919535824,4.971146530261057,11.194041647497125,125.18027942558506,179.88877775491443,14.902575619502771,44.83703101552081,injection,100,4
injection_electrons,0,0.0,100031,100031,100031,100031,1.0,1.0,4.999325864941988,5.802970484204038,10.091706322210058,73.90587027247793,101.86134280580971,14.411975641209922,42.5438336614278,injection,100,5
injection_electrons,0,0.0,100031,100031,100031,100031,1.0,1.0,5.999191037930394,6.681205837325325,8.655899216045679,29.555942846252425,44.2844403740108,13.532726534933182,37.9574608502436,injection,100,6
injection_electrons,0,0.0,100031,100031,100031,100031,1.0,1.0,6.9990562109187975,7.589418857080066,7.3161966780692955,-3.6000408483962465,4.531189028825722,12.623942333089428,34.8004191766234,injection,100,7
injection_electrons,0,0.0,100031,100031,100031,100031,1.0,1.0,7.998921383907205,8.518306589113498,6.260521868646458,-26.50508873855888,-21.732924125972563,11.786169260181762,32.010489253453095,injection,100,8
injection_electrons,0,0.0,100031,100031,100031,100031,1.0,1.0,8.99878655689561,9.461525921244048,5.607544127668608,-40.73319489536102,-37.685552466275055,11.036561055320705,29.1247225282497,injection,100,9
injection_electrons,0,0.0,100031,100031,100031,100031,1.0,1.0,9.998651729884015,10.415262351080944,5.428391013297002,-47.880419807825405,-45.70876994272535,10.36987368721731,27.421398191565196,injection,100,10
injection_electrons,0,0.0,100031,100031,100031,100031,1.0,1.0,10.998516902872419,11.377053528533205,5.709232166329304,-49.81800734249185,-48.090890646917515,9.780125997441496,25.864448211770203,injection,100,11
injection_electrons,0,0.0,100031,100031,100031,100031,1.0,1.0,11.998382075860826,12.344960588453157,6.343895403771042,-48.611456810118966,-47.127076270273726,9.257888121194586,23.600128203710803,injection,100,12
injection_electrons,0,0.0,100031,100031,100031,100031,1.0,1.0,12.998247248849232,13.317521317885605,7.205699440889897,-45.8930887445808,-44.564068501406325,8.792525518416046,22.241103275103704,injection,100,13
injection_electrons,0,0.0,100031,100031,100031,100031,1.0,1.0,13.998112421837636,14.293692537407127,8.201131431810223,-42.62412312040744,-41.41259060745849,8.372134771440216,21.033386704406,injection,100,14
injection_electrons,0,0.0,100031,100031,100031,100031,1.0,1.0,14.997977594826041,15.272769349424102,9.27107092538808,-39.296726655944234,-38.184526101796635,7.991182106418733,20.141798115618098,injection,100,15
injection_electrons,0,0.0,100031,100031,100031,100031,1.0,1.0,15.997842767814449,16.254582265644306,10.382512225444707,-36.12562872569669,-35.10054839185598,7.644345705077364,19.250600993514603,injection,100,16
injection_electrons,0,0.0,100031,100031,100031,100031,1.0,1.0,16.99770794080285,17.23861744058781,11.516438083111824,-33.19395756183605,-32.24711165046721,7.326361374250315,18.4260738947342,injection,100,17
injection_electrons,0,0.0,100031,100031,100031,100031,1.0,1.0,17.99757311379126,18.224326280489255,12.660492731465643,-30.52970772905984,-29.654444788647048,7.035259402066902,17.661824383879704,injection,100,18
injection_electrons,0,0.0,100031,100031,100031,100031,1.0,1.0,18.997438286779666,19.211512615336392,13.80668776252607,-28.13326030609217,-27.323423536876767,6.767851150600583,16.9520163100777,injection,100,19
injection_electrons,0,0.0,100031,100031,100031,100031,1.0,1.0,19.99730345976807,20.199890984710297,14.953381060264094,-25.972961578938182,-25.2230127409512,6.520701231576205,16.815214536364405,injection,100,20
injection_electrons,100,0.01,100031,100031,100031,100031,1.0,1.0,2.999595518965177,3.0007003189887134,2.744623714261456,-8.53389467474578,-8.500206214192607,1.6178799813294011,7.9303082151865,injection,100,3
injection_electrons,100,0.01,100031,100031,100031,100031,1.0,1.0,3.9994606919535824,4.000561026735511,4.323167821235096,8.064038827145058,8.09376949079088,1.1977849813976498,6.8326014325927,injection,100,4
injection_electrons,100,0.01,100031,100031,100031,100031,1.0,1.0,4.999325864941988,5.000437158830422,5.7305520688367295,14.601021607020392,14.626496124657539,1.0841550793081307,6.2113623059855,injection,100,5
injection_electrons,100,0.01,100031,100031,100031,100031,1.0,1.0,5.999191037930394,6.000377238286315,6.9223012761095335,15.364434621555834,15.38724525261317,1.1312683900238358,5.7161008414181005,injection,100,6
injection_electrons,100,0.01,100031,100031,100031,100031,1.0,1.0,6.9990562109187975,7.000302487847106,7.987373489272453,14.10040499162648,14.120722116959739,1.1546471032927812,5.2090017890399,injection,100,7
injection_electrons,100,0.01,100031,100031,100031,100031,1.0,1.0,7.998921383907205,8.000281135354236,8.985733356618917,12.317719897490175,12.336812994525115,1.137952940111579,4.0136867092895,injection,100,8
injection_electrons,100,0.01,100031,100031,100031,100031,1.0,1.0,8.99878655689561,9.000157224901317,9.951990216133895,10.575737372665905,10.592579935212076,1.0973820569680017,3.1663676871387985,injection,100,9
injection_electrons,100,0.01,100031,100031,100031,100031,1.0,1.0,9.998651729884015,9.999928557309948,10.902331138260724,9.024090280036257,9.038012652003747,1.0431522849349817,3.0127171633413994,injection,100,10
injection_electrons,100,0.01,100031,100031,100031,100031,1.0,1.0,10.998516902872419,10.999807028716148,11.845746367880919,7.690492541881477,7.703124634806291,0.9823094132318246,2.8770868842435036,injection,100,11
injection_electrons,100,0.01,100031,100031,100031,100031,1.0,1.0,11.998382075860826,11.999754273747099,12.787405012044337,6.563890562496355,6.576077767776045,0.9191444727607896,2.7563947384998997,injection,100,12
injection_electrons,100,0.01,100031,100031,100031,100031,1.0,1.0,12.998247248849232,12.999688474448961,13.729776360528895,5.616195245870159,5.627905806641942,0.8568953200712456,2.642058487711502,injection,100,13
injection_electrons,100,0.01,100031,100031,100031,100031,1.0,1.0,13.998112421837636,13.999586995489386,14.675172412373795,4.825752481855927,4.83679492014879,0.7976010582703617,2.554399044457801,injection,100,14
injection_electrons,100,0.01,100031,100031,100031,100031,1.0,1.0,14.997977594826041,14.999235323208943,15.623520170422712,4.162111159412163,4.170846180037424,0.7417940897109144,2.2615186850406026,injection,100,15
injection_electrons,100,0.01,100031,100031,100031,100031,1.0,1.0,15.997842767814449,15.999168392242552,16.575304365658067,3.6010369994909475,3.609621661024165,0.6895182587888178,2.336707529425402,injection,100,16
injection_electrons,100,0.01,100031,100031,100031,100031,1.0,1.0,16.99770794080285,16.99907140606104,17.530339211307563,3.1252754492054002,3.133547607475573,0.6404581426598304,2.2816726043899003,injection,100,17
injection_electrons,100,0.01,100031,100031,100031,100031,1.0,1.0,17.99757311379126,17.99898648791443,18.4888394462789,2.72155856494134,2.7296254299486122,0.5949147878045905,1.9438292218957998,injection,100,18
injection_electrons,100,0.01,100031,100031,100031,100031,1.0,1.0,18.997438286779666,18.999150179959305,19.45035745733328,2.3748813662724633,2.3841065501383873,0.5524912739919438,2.0118716060284,injection,100,19
injection_electrons,100,0.01,100031,100031,100031,100031,1.0,1.0,19.99730345976807,19.99901402331926,20.414694540550922,2.078505054034019,2.087236819817173,0.5136258635039549,1.8760397660425987,injection,100,20
injection_electrons,200,0.02,100031,100031,100031,100031,1.0,1.0,2.999595518965177,3.001663623230289,3.035002137946737,1.1106679129012642,1.1803797797969473,0.6648795838294543,4.0853226754215,injection,100,3
injection_electrons,200,0.02,100031,100031,100031,100031,1.0,1.0,3.9994606919535824,4.001361158294975,4.168085486607652,4.1666903265418,4.216188322423631,0.5578795048576521,4.6939315000337,injection,100,4
injection_electrons,200,0.02,100031,100031,100031,100031,1.0,1.0,4.999325864941988,5.001085563989288,5.229651343849366,4.570323321518122,4.607130743817822,0.4616629590531709,4.0204009684157,injection,100,5
injection_electrons,200,0.02,100031,100031,100031,100031,1.0,1.0,5.999191037930394,6.000925225128742,6.229042520228266,3.8013687313464217,3.831374611087024,0.39273479616732515,4.254793205833099,injection,100,6
injection_electrons,200,0.02,100031,100031,100031,100031,1.0,1.0,6.9990562109187975,7.000834662580753,7.204388096256122,2.9075595052023617,2.9337081907843343,0.34166730783697424,4.0577439924805,injection,100,7
injection_electrons,200,0.02,100031,100031,100031,100031,1.0,1.0,7.998921383907205,8.0007952998364,8.17609333401005,2.1910076136710366,2.2149480111067543,0.30141888735379463,3.5007842609719995,injection,100,8
injection_electrons,200,0.02,100031,100031,100031,100031,1.0,1.0,8.99878655689561,9.00066900182145,9.150133512445928,1.6605933469415524,1.681859599551716,0.2688450158428862,2.7297699748342996,injection,100,9
injection_electrons,200,0.02,100031,100031,100031,100031,1.0,1.0,9.998651729884015,10.000411327493904,10.12857506755616,1.2815846855208646,1.2994085720960724,0.2421750718304509,2.6763715584392997,injection,100,10
injection_electrons,200,0.02,100031,100031,100031,100031,1.0,1.0,10.998516902872419,11.000271370054845,11.110982109177488,1.0064364359594125,1.0225488336131683,0.2199550533625621,2.207949484867501,injection,100,11
injection_electrons,200,0.02,100031,100031,100031,100031,1.0,1.0,11.998382075860826,12.00020009987798,12.097037575214362,0.8069655049949276,0.8222400214443759,0.20182818641071004,1.9244736063927999,injection,100,12
injection_electrons,200,0.02,100031,100031,100031,100031,1.0,1.0,12.998247248849232,13.00005733523787,13.085762815894356,0.659270020480407,0.6732874469122851,0.18695159691831553,1.9556380620582994,injection,100,13
injection_electrons,200,0.02,100031,100031,100031,100031,1.0,1.0,13.998112421837636,13.999979203870309,14.076703568489293,0.5480319899173303,0.5614410306424844,0.17402081793508203,1.8968214917967003,injection,100,14
injection_electrons,200,0.02,100031,100031,100031,100031,1.0,1.0,14.997977594826041,14.999636304323195,15.069221313523826,0.4639113095067149,0.4750221704715951,0.16266867063027496,1.528652424427702,injection,100,15
injection_electrons,200,0.02,100031,100031,100031,100031,1.0,1.0,15.997842767814449,15.999508606234759,16.0626492753711,0.39464130236934736,0.40509529001644395,0.15353272673736706,1.5564652266823,injection,100,16
injection_electrons,200,0.02,100031,100031,100031,100031,1.0,1.0,16.99770794080285,16.99939306711336,17.05704697445799,0.3391527398479033,0.3491002072855798,0.14574640004971753,1.5478362114201,injection,100,17
injection_electrons,200,0.02,100031,100031,100031,100031,1.0,1.0,17.99757311379126,17.999250587533833,18.05240146586198,0.29529495169626774,0.30464303005779403,0.13811732969807822,1.6547446465356,injection,100,18
injection_electrons,200,0.02,100031,100031,100031,100031,1.0,1.0,18.997438286779666,18.999355943024913,19.048348464657376,0.25786411802264375,0.26798443616020684,0.1315501419791853,1.5345350343074,injection,100,19
injection_electrons,200,0.02,100031,100031,100031,100031,1.0,1.0,19.99730345976807,19.999171713070833,20.044268888708014,0.22549521692294405,0.2348588100112181,0.12634787465476266,1.4584391928116993,injection,100,20
injection_electrons,300,0.030000000000000002,100031,100031,100031,100031,1.0,1.0,2.999595518965177,3.004259980966648,3.0336296765579447,0.9776016648814334,1.134624897843195,0.33243042421190944,3.0334023824569,injection,100,3
injection_electrons,300,0.030000000000000002,100031,100031,100031,100031,1.0,1.0,3.9994606919535824,4.003336662902681,4.033251912940937,0.747257914016286,0.8448944392762225,0.28435251456536265,2.6781316737256,injection,100,4
injection_electrons,300,0.030000000000000002,100031,100031,100031,100031,1.0,1.0,4.999325864941988,5.002602681005152,5.046529490392137,0.8780791157725787,0.9441998126420659,0.25930723371279407,2.2509209325660997,injection,100,5
injection_electrons,300,0.030000000000000002,100031,100031,100031,100031,1.0,1.0,5.999191037930394,6.002125734930494,6.057388709872719,0.9207233800620385,0.9700919936432406,0.23746488443649416,2.9981524754336,injection,100,6
injection_electrons,300,0.030000000000000002,100031,100031,100031,100031,1.0,1.0,6.9990562109187975,7.001932588823157,7.0632182631037175,0.8752679849901357,0.9167243447027129,0.22065845894019107,2.6258505762643,injection,100,7
injection_electrons,300,0.030000000000000002,100031,100031,100031,100031,1.0,1.0,7.998921383907205,8.001746719862581,8.065370494140469,0.795123571206724,0.8307258822039643,0.20692675485219592,2.4832374422952,injection,100,8
injection_electrons,300,0.030000000000000002,100031,100031,100031,100031,1.0,1.0,8.99878655689561,9.00152536488204,9.064690601404767,0.7017170308618592,0.7323659039190744,0.19510310249667345,2.4588132200461,injection,100,9
injection_electrons,300,0.030000000000000002,100031,100031,100031,100031,1.0,1.0,9.998651729884015,10.001144232759604,10.061877224396063,0.6072604316366581,0.6323402016601865,0.18386901952014653,2.4395684889063,injection,100,10
injection_electrons,300,0.030000000000000002,100031,100031,100031,100031,1.0,1.0,10.998516902872419,11.000954997518006,11.057494278001906,0.5139488389567681,0.5362302540453001,0.17242574951315312,1.9154182291525998,injection,100,11
injection_electrons,300,0.030000000000000002,100031,100031,100031,100031,1.0,1.0,11.998382075860826,12.000806984429554,12.052408929064676,0.4299872892054024,0.45028448721051717,0.162376468498817,1.9059058882899986,injection,100,12
injection_electrons,300,0.030000000000000002,100031,100031,100031,100031,1.0,1.0,12.998247248849232,13.000548969982821,13.047190821007876,0.358768319189795,0.3765397843388252,0.15311041241292236,2.0808221023407008,injection,100,13
injection_electrons,300,0.030000000000000002,100031,100031,100031,100031,1.0,1.0,13.998112421837636,14.000383787160274,14.041801113003304,0.29582993204095853,0.3121041598259433,0.14421783101508998,2.0752493258826004,injection,100,14
injection_electrons,300,0.030000000000000002,100031,100031,100031,100031,1.0,1.0,14.997977594826041,15.000005086448562,15.036735022247575,0.24486615562682168,0.25841769116192737,0.13566179005655676,2.0705657026850997,injection,100,15
injection_electrons,300,0.030000000000000002,100031,100031,100031,100031,1.0,1.0,15.997842767814449,15.999745195218258,16.031793829677824,0.200307155323598,0.21222275000527535,0.12806410638332544,2.0665841550806014,injection,100,16
injection_electrons,300,0.030000000000000002,100031,100031,100031,100031,1.0,1.0,16.99770794080285,16.999632681586,17.02722498678805,0.16231118471128347,0.1736530953937887,0.12147272753779192,2.0631669136993995,injection,100,17
injection_electrons,300,0.030000000000000002,100031,100031,100031,100031,1.0,1.0,17.99757311379126,17.99931304383852,18.023318482985086,0.13336864072590604,0.14304911573939094,0.11544094503769543,1.4790242748288005,injection,100,18
injection_electrons,300,0.030000000000000002,100031,100031,100031,100031,1.0,1.0,18.997438286779666,18.999224820969516,19.019955335152343,0.1091124210496508,0.11852676151786756,0.11033040928960233,1.3798062307132994,injection,100,19
injection_electrons,300,0.030000000000000002,100031,100031,100031,100031,1.0,1.0,19.99730345976807,19.998959139213834,20.01664458767326,0.08843184455908926,0.09671867981650983,0.10582954931866498,1.3789408220248998,injection,100,20
injection_electrons,1000,0.1,100031,100031,100031,100031,1.0,1.0,2.999595518965177,3.000909007606326,3.0024811654020356,0.05238938574028129,0.09620118508024689,0.1112652078426526,1.2834943852172997,injection,100,3
injection_electrons,1000,0.1,100031,100031,100031,100031,1.0,1.0,3.9994606919535824,4.000493498296822,4.002539701522058,0.05114877017315944,0.07698561895281841,0.10993659061278568,1.2847987414901003,injection,100,4
injection_electrons,1000,0.1,100031,100031,100031,100031,1.0,1.0,4.999325864941988,5.000220750333594,5.001658489944575,0.028753522749669358,0.0466587909170757,0.10850764663276129,1.3030345197823001,injection,100,5
injection_electrons,1000,0.1,100031,100031,100031,100031,1.0,1.0,5.999191037930394,5.999887389907496,6.001416959610559,0.025493306851664954,0.03710369725002938,0.105568081167463,1.3049353913402997,injection,100,6
injection_electrons,1000,0.1,100031,100031,100031,100031,1.0,1.0,6.9990562109187975,6.999433228297832,7.000479276446065,0.014944755012491484,0.020332248868748515,0.1032507302783186,1.2969032527470001,injection,100,7
injection_electrons,1000,0.1,100031,100031,100031,100031,1.0,1.0,7.998921383907205,7.999283731052357,7.998971941750121,-0.003897715254497225,0.0006320582549790288,0.1042934949908942,1.368465279674698,injection,100,8
injection_electrons,1000,0.1,100031,100031,100031,100031,1.0,1.0,8.99878655689561,8.998931285200085,8.997622247456485,-0.01454659116857382,-0.012938516007277023,0.10484490808379907,1.3656870430117003,injection,100,9
injection_electrons,1000,0.1,100031,100031,100031,100031,1.0,1.0,9.998651729884015,9.998798806214241,9.996580258936097,-0.02218813800678454,-0.020717502758160755,0.10585273788127952,1.3976130262282993,injection,100,10
injection_electrons,1000,0.1,100031,100031,100031,100031,1.0,1.0,10.998516902872419,10.998628478663278,10.996396877368719,-0.020289814306284626,-0.019275557990428016,0.1057830692639533,1.397158464421799,injection,100,11
injection_electrons,1000,0.1,100031,100031,100031,100031,1.0,1.0,11.998382075860826,11.998216024966691,11.996247828680392,-0.016404074424092308,-0.017787791445045276,0.10488625219220982,1.3967077768573999,injection,100,12
injection_electrons,1000,0.1,100031,100031,100031,100031,1.0,1.0,12.998247248849232,12.997997991648655,12.99626003913509,-0.01337092461994871,-0.015288289844761493,0.10306999379221118,1.3395843810946007,injection,100,13
injection_electrons,1000,0.1,100031,100031,100031,100031,1.0,1.0,13.998112421837636,13.997806326379015,13.996378754450639,-0.010198540364758646,-0.012385008312210122,0.10128471938192903,1.1227889172682144,injection,100,14
injection_electrons,1000,0.1,100031,100031,100031,100031,1.0,1.0,14.997977594826041,14.997671345335377,14.99654743230127,-0.007493916943690504,-0.009535702502083687,0.09823933585654068,1.1741734860910995,injection,100,15
injection_electrons,1000,0.1,100031,100031,100031,100031,1.0,1.0,15.997842767814449,15.997695612718044,15.996680535220559,-0.006345148214204066,-0.007264933221051706,0.09549079508007657,1.1739549347304,injection,100,16
injection_electrons,1000,0.1,100031,100031,100031,100031,1.0,1.0,16.99770794080285,16.997784859771873,16.996738939706265,-0.006153272760156536,-0.005700775068973041,0.09272293291396408,1.1737252916279992,injection,100,17
injection_electrons,1000,0.1,100031,100031,100031,100031,1.0,1.0,17.99757311379126,17.997618896564386,17.996795887825122,-0.004572875689801137,-0.00431850428511682,0.09023431441381217,1.1734897766746997,injection,100,18
injection_electrons,1000,0.1,100031,100031,100031,100031,1.0,1.0,18.997438286779666,18.99739786344846,18.996669882335592,-0.0038320043518558222,-0.004044779261680453,0.08837849731319544,1.1732519658560019,injection,100,19
injection_electrons,1000,0.1,100031,100031,100031,100031,1.0,1.0,19.99730345976807,19.997146216373764,19.996605696743206,-0.002702983839342199,-0.0034892855742651996,0.08638922897682372,1.1730143249655,injection,100,20
injection_electrons,0,0.0,100031,100031,100031,100031,1.0,1.0,2.999595518965177,4.213144198953447,9.35114385007534,121.9516685993843,211.74682689555988,11.315409399055316,60.3097489426258,injection,200,3
injection_electrons,0,0.0,100031,100031,100031,100031,1.0,1.0,3.9994606919535824,4.971146530261057,11.555316535708224,132.44771533824417,188.92186786473695,14.799481992911684,69.9998229900228,injection,200,4
injection_electrons,0,0.0,100031,100031,100031,100031,1.0,1.0,4.999325864941988,5.802970484204038,13.515296634924027,132.90307389488382,170.34238215397585,18.07825435910991,65.3086614487779,injection,200,5
injection_electrons,0,0.0,100031,100031,100031,100031,1.0,1.0,5.999191037930394,6.681205837325325,14.709003153124288,120.15491681083601,145.18310985806866,20.34750393883547,63.75914254140331,injection,200,6
injection_electrons,0,0.0,100031,100031,100031,100031,1.0,1.0,6.9990562109187975,7.589418857080066,14.826004855583783,95.35098977641488,111.82862958658117,21.18637875055286,62.569204386813,injection,200,7
injection_electrons,0,0.0,100031,100031,100031,100031,1.0,1.0,7.998921383907205,8.518306589113498,13.99873751179086,64.33709406141146,75.00781467804534,20.99707374012817,60.2732979056988,injection,200,8
injection_electrons,0,0.0,100031,100031,100031,100031,1.0,1.0,8.99878655689561,9.461525921244048,12.762887054670085,34.89248098991582,41.82897854033567,20.350966556859344,56.524583132441094,injection,200,9
injection_electrons,0,0.0,100031,100031,100031,100031,1.0,1.0,9.998651729884015,10.415262351080944,11.437241213514264,9.81231992036431,14.387834705059156,19.540305633672297,54.13487204492,injection,200,10
injection_electrons,0,0.0,100031,100031,100031,100031,1.0,1.0,10.998516902872419,11.377053528533205,10.18618740252165,-10.467263101337343,-7.385809446168301,18.6917085931247,50.0988890272238,injection,200,11
injection_electrons,0,0.0,100031,100031,100031,100031,1.0,1.0,11.998382075860826,12.344960588453157,9.116830045103574,-26.149379094567628,-24.01617161829308,17.86288469494708,47.662010752589005,injection,200,12
injection_electrons,0,0.0,100031,100031,100031,100031,1.0,1.0,12.998247248849232,13.317521317885605,8.304241513817209,-37.64424087938569,-36.11260537798737,17.074004797589605,45.3502232797929,injection,200,13
injection_electrons,0,0.0,100031,100031,100031,100031,1.0,1.0,13.998112421837636,14.293692537407127,7.814537274830767,-45.32877173354729,-44.17434980276509,16.337015583417458,43.1904744651531,injection,200,14
injection_electrons,0,0.0,100031,100031,100031,100031,1.0,1.0,14.997977594826041,15.272769349424102,7.680933887541312,-49.70830952913631,-48.78686916967353,15.649046872140824,41.1877158359772,injection,200,15
injection_electrons,0,0.0,100031,100031,100031,100031,1.0,1.0,15.997842767814449,16.254582265644306,7.890228923728508,-51.458433106550515,-50.67941948021512,15.01553748947364,39.3364432054079,injection,200,16
injection_electrons,0,0.0,100031,100031,100031,100031,1.0,1.0,16.99770794080285,17.23861744058781,8.3923003171106,-51.31685968416946,-50.626870714933546,14.424960371017116,37.6265793269854,injection,200,17
injection_electrons,0,0.0,100031,100031,100031,100031,1.0,1.0,17.99757311379126,18.224326280489255,9.117882362042728,-49.96861765033134,-49.33826741864525,13.874775487274405,36.0464568561579,injection,200,18
injection_electrons,0,0.0,100031,100031,100031,100031,1.0,1.0,18.997438286779666,19.211512615336392,10.000845882443327,-47.94347492211657,-47.35687132405148,13.36123697285159,34.4587463477466,injection,200,19
injection_electrons,0,0.0,100031,100031,100031,100031,1.0,1.0,19.99730345976807,20.199890984710297,10.993667178415677,-45.57561133999681,-45.024251892093936,12.88344981999507,33.2404540145236,injection,200,20
injection_electrons,100,0.01,100031,100031,100031,100031,1.0,1.0,2.999595518965177,3.0007003189887134,3.2012913786954873,6.684808157529587,6.7241019149106185,2.1871683681574647,11.0184204916998,injection,200,3
injection_electrons,100,0.01,100031,100031,100031,100031,1.0,1.0,3.9994606919535824,4.000561026735511,3.8852975691971046,-2.8811823333804276,-2.8544629276182176,2.269904498002138,11.890681813036101,injection,200,4
injection_electrons,100,0.01,100031,100031,100031,100031,1.0,1.0,4.999325864941988,5.000437158830422,4.779450595756121,-4.419344870359088,-4.398098366176795,2.1716766846210125,10.658629409788501,injection,200,5
injection_electrons,100,0.01,100031,100031,100031,100031,1.0,1.0,5.999191037930394,6.000377238286315,6.040189172615764,0.663490523152821,0.6833943847788237,1.9880652853127934,9.524121192333,injection,200,6
injection_electrons,100,0.01,100031,100031,100031,100031,1.0,1.0,6.9990562109187975,7.000302487847106,7.4934865252741405,7.0451818086893825,7.064242655802833,1.776020924991395,9.9279413689123,injection,200,7
injection_electrons,100,0.01,100031,100031,100031,100031,1.0,1.0,7.998921383907205,8.000281135354236,8.868898064670644,10.857330069038218,10.876174911703963,1.617834558841664,9.0518178620377,injection,200,8
injection_electrons,100,0.01,100031,100031,100031,100031,1.0,1.0,8.99878655689561,9.000157224901317,10.104577204446997,12.27111873657063,12.288219534488686,1.5613515180128021,8.248858386504999,injection,200,9
injection_electrons,100,0.01,100031,100031,100031,100031,1.0,1.0,9.998651729884015,9.999928557309948,11.22877217243289,12.288523943750151,12.302863183765922,1.5479581711326789,7.5848924787159,injection,200,10
injection_electrons,100,0.01,100031,100031,100031,100031,1.0,1.0,10.998516902872419,10.999807028716148,12.275747624258914,11.599663450565888,11.61275408917113,1.5311962951002107,6.438694698850299,injection,200,11
injection_electrons,100,0.01,100031,100031,100031,100031,1.0,1.0,11.998382075860826,11.999754273747099,13.275722384781753,10.63328533173551,10.64593793433839,1.5004026424626058,6.1023391819158,injection,200,12
injection_electrons,100,0.01,100031,100031,100031,100031,1.0,1.0,12.998247248849232,12.999688474448961,14.243738473068065,9.569844701004172,9.58199363632739,1.4526752202597129,4.9628460109471,injection,200,13
injection_electrons,100,0.01,100031,100031,100031,100031,1.0,1.0,13.998112421837636,13.999586995489386,15.194447396856713,8.534968936957267,8.546402107420882,1.3940753784438447,4.246111435223401,injection,200,14
injection_electrons,100,0.01,100031,100031,100031,100031,1.0,1.0,14.997977594826041,14.999235323208943,16.134443165199716,7.568438107202824,7.577458781947577,1.3285942963201325,4.1057167453154975,injection,200,15
injection_electrons,100,0.01,100031,100031,100031,100031,1.0,1.0,15.997842767814449,15.999168392242552,17.06970878286742,6.691225221080455,6.7000659439497845,1.259290819841344,3.9704467594473005,injection,200,16
injection_electrons,100,0.01,100031,100031,100031,100031,1.0,1.0,16.99770794080285,16.99907140606104,18.00409776972187,5.912242731697015,5.92073844558294,1.1894723780658032,3.551572396575402,injection,200,17
injection_electrons,100,0.01,100031,100031,100031,100031,1.0,1.0,17.99757311379126,17.99898648791443,18.938516065688685,5.219902678437527,5.228165741837687,1.1201650566391366,3.4703998258496984,injection,200,18
injection_electrons,100,0.01,100031,100031,100031,100031,1.0,1.0,18.997438286779666,18.999150179959305,19.874769482528073,4.608728781418803,4.618155261275114,1.0525790642189787,3.3952399344432997,injection,200,19
injection_electrons,100,0.01,100031,100031,100031,100031,1.0,1.0,19.99730345976807,19.99901402331926,20.813541819718452,4.072839768247771,4.081742128845245,0.9875892549224727,3.325570962672799,injection,200,20
injection_electrons,200,0.02,100031,100031,100031,100031,1.0,1.0,2.999595518965177,3.001663623230289,3.0738520908484617,2.4049486111467067,2.475552834166872,0.976339079777077,4.8693875278722,injection,200,3
injection_electrons,200,0.02,100031,100031,100031,100031,1.0,1.0,3.9994606919535824,4.001361158294975,4.037527641342337,0.9038545039202095,0.9518020633467072,0.8520526022935995,4.357601936338499,injection,200,4
injection_electrons,200,0.02,100031,100031,100031,100031,1.0,1.0,4.999325864941988,5.001085563989288,5.0470063338379445,0.9182160405195372,0.953737967559154,0.729759576466682,4.1136596479391,injection,200,5
injection_electrons,200,0.02,100031,100031,100031,100031,1.0,1.0,5.999191037930394,6.000925225128742,6.067522154573543,1.109777691712055,1.1390055127619592,0.6263270034520788,4.608126629496899,injection,200,6
injection_electrons,200,0.02,100031,100031,100031,100031,1.0,1.0,6.9990562109187975,7.000834662580753,7.078807650005834,1.1137670175507042,1.1394599026454566,0.5468388091157886,4.1479786354732004,injection,200,7
injection_electrons,200,0.02,100031,100031,100031,100031,1.0,1.0,7.998921383907205,8.0007952998364,8.095899606747292,1.188685666196676,1.212391248590028,0.4901869816718663,3.9386673300883,injection,200,8
injection_electrons,200,0.02,100031,100031,100031,100031,1.0,1.0,8.99878655689561,9.00066900182145,9.1135743689072,1.2544108339380244,1.275592117735358,0.4415797095807207,4.6371987140674005,injection,200,9
injection_electrons,200,0.02,100031,100031,100031,100031,1.0,1.0,9.998651729884015,10.000411327493904,10.12544687464676,1.2503040430857038,1.2681224247843348,0.3988825576885858,3.9994441431821,injection,200,10
injection_electrons,200,0.02,100031,100031,100031,100031,1.0,1.0,10.998516902872419,11.000271370054845,11.130306979493122,1.1821127412571242,1.1982531625357895,0.366941496564052,4.394565662868501,injection,200,11
injection_electrons,200,0.02,100031,100031,100031,100031,1.0,1.0,11.998382075860826,12.00020009987798,12.131254504959209,1.0921018315566355,1.1074195525553776,0.3421314223385513,4.4677273162357,injection,200,12
injection_electrons,200,0.02,100031,100031,100031,100031,1.0,1.0,12.998247248849232,13.00005733523787,13.129411345097969,0.9950264566101152,1.0090906392040688,0.32317880449353836,3.982118126665777,injection,200,13
injection_electrons,200,0.02,100031,100031,100031,100031,1.0,1.0,13.998112421837636,13.999979203870309,14.125969981879456,0.8999354654349423,0.9133914358507189,0.3067489294565072,3.5032275853901007,injection,200,14
injection_electrons,200,0.02,100031,100031,100031,100031,1.0,1.0,14.997977594826041,14.999636304323195,15.121216238141455,0.8105525450855078,0.8217017430265372,0.29278271787418225,3.7163642856575017,injection,200,15
injection_electrons,200,0.02,100031,100031,100031,100031,1.0,1.0,15.997842767814449,15.999508606234759,16.116313154244875,0.7300508464653577,0.7405397599529628,0.2803006676489013,3.2839993627705,injection,200,16
injection_electrons,200,0.02,100031,100031,100031,100031,1.0,1.0,16.99770794080285,16.99939306711336,17.110961453324034,0.6563080562359103,0.6662869659580295,0.26839492248400365,2.9090628471293005,injection,200,17
injection_electrons,200,0.02,100031,100031,100031,100031,1.0,1.0,17.99757311379126,17.999250587533833,18.10496231148817,0.5873118074568584,0.5966871034107424,0.25730778644512947,2.8843993431729995,injection,200,18
injection_electrons,200,0.02,100031,100031,100031,100031,1.0,1.0,18.997438286779666,18.999355943024913,19.099415020371893,0.5266445749373627,0.5367920245499258,0.24657249928176342,2.8631706909132006,injection,200,19
injection_electrons,200,0.02,100031,100031,100031,100031,1.0,1.0,19.99730345976807,19.999171713070833,20.093602621651144,0.47217409768323115,0.4815607368104269,0.23657773901895915,2.4930494540602,injection,200,20
injection_electrons,300,0.030000000000000002,100031,100031,100031,100031,1.0,1.0,2.999595518965177,3.004259980966648,3.0361054430256424,1.0600101942158657,1.2171615749399844,0.4975873954462576,3.0361917979727,injection,200,3
injection_electrons,300,0.030000000000000002,100031,100031,100031,100031,1.0,1.0,3.9994606919535824,4.003336662902681,4.016376725900264,0.3257298622526328,0.42295787481332336,0.4013368245701583,2.9113122462419,injection,200,4
injection_electrons,300,0.030000000000000002,100031,100031,100031,100031,1.0,1.0,4.999325864941988,5.002602681005152,4.999390556044059,-0.06420907607334048,0.0012939965071012693,0.34325676804748806,3.0238950583224,injection,200,5
injection_electrons,300,0.030000000000000002,100031,100031,100031,100031,1.0,1.0,5.999191037930394,6.002125734930494,5.992580691166017,-0.15902772094439355,-0.1101873022976263,0.3106410917993603,2.7108415990215,injection,200,6
injection_electrons,300,0.030000000000000002,100031,100031,100031,100031,1.0,1.0,6.9990562109187975,7.001932588823157,6.995479152437307,-0.09216650266173909,-0.05110772615185555,0.29301323824706577,2.7167753495906997,injection,200,7
injection_electrons,300,0.030000000000000002,100031,100031,100031,100031,1.0,1.0,7.998921383907205,8.001746719862581,8.004721282164178,0.03717391221860211,0.07250850431712585,0.27751085070504533,2.8062604737806005,injection,200,8
injection_electrons,300,0.030000000000000002,100031,100031,100031,100031,1.0,1.0,8.99878655689561,9.00152536488204,9.021698553432625,0.22410855641519234,0.2546120678843966,0.2713111894716936,2.8155853829300996,injection,200,9
injection_electrons,300,0.030000000000000002,100031,100031,100031,100031,1.0,1.0,9.998651729884015,10.001144232759604,10.04070894024418,0.3956018087908353,0.4206288157278637,0.26581243211771705,2.7667736628818993,injection,200,10
injection_electrons,300,0.030000000000000002,100031,100031,100031,100031,1.0,1.0,10.998516902872419,11.000954997518006,11.056022360134662,0.5005689290527915,0.5228473781517362,0.26107599321175823,2.753632525278901,injection,200,11
injection_electrons,300,0.030000000000000002,100031,100031,100031,100031,1.0,1.0,11.998382075860826,12.000806984429554,12.065889739389972,0.542319821032522,0.5626397217751711,0.25486820397632215,2.7425910631956993,injection,200,12
injection_electrons,300,0.030000000000000002,100031,100031,100031,100031,1.0,1.0,12.998247248849232,13.000548969982821,13.070921582244464,0.5413049281544069,0.5591087167669206,0.24879161080604914,2.554793879206167,injection,200,13
injection_electrons,300,0.030000000000000002,100031,100031,100031,100031,1.0,1.0,13.998112421837636,14.000383787160274,14.071880617855205,0.5106776484263387,0.5269867378868032,0.24161407918384367,2.6153009029443,injection,200,14
injection_electrons,300,0.030000000000000002,100031,100031,100031,100031,1.0,1.0,14.997977594826041,15.000005086448562,15.069677983639352,0.4644858237663918,0.47806704844022274,0.23390153722883344,2.6701998125924025,injection,200,15
injection_electrons,300,0.030000000000000002,100031,100031,100031,100031,1.0,1.0,15.997842767814449,15.999745195218258,16.06615791499486,0.41508610897409426,0.4270272446848411,0.22579132074021693,2.6369501138959,injection,200,16
injection_electrons,300,0.030000000000000002,100031,100031,100031,100031,1.0,1.0,16.99770794080285,16.999632681586,17.06113249350913,0.3617714163303587,0.37313591295464743,0.21683132723052068,2.4775701844462024,injection,200,17
injection_electrons,300,0.030000000000000002,100031,100031,100031,100031,1.0,1.0,17.99757311379126,17.99931304383852,18.055468160662496,0.31198477790350676,0.32168252077762194,0.20794261091245733,2.468306513875701,injection,200,18
injection_electrons,300,0.030000000000000002,100031,100031,100031,100031,1.0,1.0,18.997438286779666,18.999224820969516,19.0498513139472,0.2664660977210298,0.275895235854029,0.1995122905471842,2.4111527060740006,injection,200,19
injection_electrons,300,0.030000000000000002,100031,100031,100031,100031,1.0,1.0,19.99730345976807,19.998959139213834,20.044093065830833,0.22568137822982504,0.23397957708097827,0.19063763018940053,2.220921951303099,injection,200,20
injection_electrons,1000,0.1,100031,100031,100031,100031,1.0,1.0,2.999595518965177,3.000909007606326,3.0018372813033523,0.030933083764739244,0.07473548763496929,0.12463996269946069,1.3348616906081001,injection,200,3
injection_electrons,1000,0.1,100031,100031,100031,100031,1.0,1.0,3.9994606919535824,4.000493498296822,4.00152430889004,0.025767085827199665,0.051597380132006876,0.11920918940691225,1.1377074680738002,injection,200,4
injection_electrons,1000,0.1,100031,100031,100031,100031,1.0,1.0,4.999325864941988,5.000220750333594,5.002000059486527,0.03558461199566487,0.053491102936331636,0.11639294465965394,1.3846406924981003,injection,200,5
injection_electrons,1000,0.1,100031,100031,100031,100031,1.0,1.0,5.999191037930394,5.999887389907496,6.00107114168313,0.01972956655194036,0.031339287928133785,0.11366462065895647,1.2957331217482997,injection,200,6
injection_electrons,1000,0.1,100031,100031,100031,100031,1.0,1.0,6.9990562109187975,6.999433228297832,7.000718716130943,0.01836559891612577,0.0237532770425819,0.11180530731040618,1.2948400033795,injection,200,7
injection_electrons,1000,0.1,100031,100031,100031,100031,1.0,1.0,7.998921383907205,7.999283731052357,8.001099815891441,0.022703093178644274,0.02723407169145098,0.11087738554861944,1.2938506556513003,injection,200,8
injection_electrons,1000,0.1,100031,100031,100031,100031,1.0,1.0,8.99878655689561,8.998931285200085,9.001165778025863,0.024830646606366358,0.026439355075380533,0.10994035307785842,1.3000631168646994,injection,200,9
injection_electrons,1000,0.1,100031,100031,100031,100031,1.0,1.0,9.998651729884015,9.998798806214241,10.000666885780333,0.018683039856060013,0.02015427630401856,0.10855167538254383,1.3011453334012,injection,200,10
injection_electrons,1000,0.1,100031,100031,100031,100031,1.0,1.0,10.998516902872419,10.998628478663278,11.000250216151768,0.014744906527530688,0.01575951825738553,0.10860865472359403,1.3020193087488003,injection,200,11
injection_electrons,1000,0.1,100031,100031,100031,100031,1.0,1.0,11.998382075860826,11.998216024966691,12.000406661390997,0.0182580178565539,0.01687382113162439,0.10801508652386789,1.3810419395886022,injection,200,12
injection_electrons,1000,0.1,100031,100031,100031,100031,1.0,1.0,12.998247248849232,12.997997991648655,13.000148596820887,0.016545664752487532,0.014627725840687944,0.10743465648473273,1.2874605765168,injection,200,13
injection_electrons,1000,0.1,100031,100031,100031,100031,1.0,1.0,13.998112421837636,13.997806326379015,13.999543056396638,0.012407158501326343,0.010220196237109569,0.10607406861967938,1.0279654885994987,injection,200,14
injection_electrons,1000,0.1,100031,100031,100031,100031,1.0,1.0,14.997977594826041,14.997671345335377,14.999080793423257,0.009397779531417072,0.007355649054940905,0.10535317053676672,1.3527070394113982,injection,200,15
injection_electrons,1000,0.1,100031,100031,100031,100031,1.0,1.0,15.997842767814449,15.997695612718044,15.998430246151894,0.0045921203380538955,0.0036722347254602994,0.10502283063408512,1.3519452722623004,injection,200,16
injection_electrons,1000,0.1,100031,100031,100031,100031,1.0,1.0,16.99770794080285,16.997784859771873,16.9977843984687,-2.7139017033661617e-06,0.00044981162232726746,0.10496042717373014,1.3512096178070987,injection,200,17
injection_electrons,1000,0.1,100031,100031,100031,100031,1.0,1.0,17.99757311379126,17.997618896564386,17.99737509436014,-0.001354635886263722,-0.0011002562949169459,0.10470475461765603,1.3505013371809973,injection,200,18
injection_electrons,1000,0.1,100031,100031,100031,100031,1.0,1.0,18.997438286779666,18.99739786344846,18.99685188123758,-0.0028739841888114626,-0.0030867611371387937,0.10519032392139563,1.3498205088760002,injection,200,19
injection_electrons,1000,0.1,100031,100031,100031,100031,1.0,1.0,19.99730345976807,19.997146216373764,19.996654767424413,-0.0024575954190364513,-0.0032438990835048642,0.10590193132261444,1.3629501220923013,injection,200,20
injection_electrons,0,0.0,100031,100031,100031,100031,1.0,1.0,2.999595518965177,4.213144198953447,8.529435710194003,102.44822648872854,184.35286211977515,10.008082467812777,60.8486327016044,injection,300,3
injection_electrons,0,0.0,100031,100031,100031,100031,1.0,1.0,3.9994606919535824,4.971146530261057,10.630874041409841,113.85155268902456,165.8076890916277,12.931031128727211,72.4437176607847,injection,300,4
injection_electrons,0,0.0,100031,100031,100031,100031,1.0,1.0,4.999325864941988,5.802970484204038,12.636986097004323,117.76754045885296,152.77380267651273,16.067088644320638,80.7164482261669,injection,300,5
injection_electrons,0,0.0,100031,100031,100031,100031,1.0,1.0,5.999191037930394,6.681205837325325,14.379969588907992,115.23015364341327,139.69847764455935,19.164596850607953,84.8395060916351,injection,300,6
injection_electrons,0,0.0,100031,100031,100031,100031,1.0,1.0,6.9990562109187975,7.589418857080066,15.882905757105974,109.27696910928861,126.92924986554655,21.9828866264737,81.2139514131019,injection,300,7
injection_electrons,0,0.0,100031,100031,100031,100031,1.0,1.0,7.998921383907205,8.518306589113498,16.93655534253852,98.82537879281837,111.73548944502288,24.21042262432337,78.6809007258629,injection,300,8
injection_electrons,0,0.0,100031,100031,100031,100031,1.0,1.0,8.99878655689561,9.461525921244048,17.405821690873687,83.96421291614537,93.4240975805334,25.61676340185035,75.9067545380408,injection,300,9
injection_electrons,0,0.0,100031,100031,100031,100031,1.0,1.0,9.998651729884015,10.415262351080944,17.19730258135776,65.11636482755468,71.99621554932638,26.096432931742672,74.19583464652891,injection,300,10
injection_electrons,0,0.0,100031,100031,100031,100031,1.0,1.0,10.998516902872419,11.377053528533205,16.379695341791138,43.971330544516675,48.926400590550045,25.888190338241184,74.21576934602061,injection,300,11
injection_electrons,0,0.0,100031,100031,100031,100031,1.0,1.0,11.998382075860826,12.344960588453157,15.23729934852292,23.429307362674834,26.99461687570668,25.30397373389865,70.61577032056431,injection,300,12
injection_electrons,0,0.0,100031,100031,100031,100031,1.0,1.0,12.998247248849232,13.317521317885605,13.990019097926817,5.049721821267439,7.6300429595643315,24.545711979755826,66.3829809038762,injection,300,13
injection_electrons,0,0.0,100031,100031,100031,100031,1.0,1.0,13.998112421837636,14.293692537407127,12.771854814650467,-10.646917993891037,-8.760164015215055,23.722641802333673,64.2588262274987,injection,300,14
injection_electrons,0,0.0,100031,100031,100031,100031,1.0,1.0,14.997977594826041,15.272769349424102,11.665553809988921,-23.61860810509261,-22.219154307756327,22.880528425842073,62.0464989604446,injection,300,15
injection_electrons,0,0.0,100031,100031,100031,100031,1.0,1.0,15.997842767814449,16.254582265644306,10.744614181473256,-33.897937173180516,-32.837105993503044,22.05859271615922,59.8326538245443,injection,300,16
injection_electrons,0,0.0,100031,100031,100031,100031,1.0,1.0,16.99770794080285,17.23861744058781,10.06519490947942,-41.61251652478105,-40.78498733751034,21.268576398558125,55.3639819836541,injection,300,17
injection_electrons,0,0.0,100031,100031,100031,100031,1.0,1.0,17.99757311379126,18.224326280489255,9.662474567177565,-46.98034693594081,-46.312347192114686,20.51535153096703,53.55488678324291,injection,300,18
injection_electrons,0,0.0,100031,100031,100031,100031,1.0,1.0,18.997438286779666,19.211512615336392,9.555763619500732,-50.260222550761334,-49.69972543008288,19.801433953761915,52.043215605687294,injection,300,19
injection_electrons,0,0.0,100031,100031,100031,100031,1.0,1.0,19.99730345976807,20.199890984710297,9.737365093667155,-51.79496215579796,-51.30660934731802,19.125006919471197,49.5282164067422,injection,300,20
injection_electrons,100,0.01,100031,100031,100031,100031,1.0,1.0,2.999595518965177,3.0007003189887134,3.5806344639940555,19.32662656565418,19.370576511240078,2.4094009135618766,11.9220328456694,injection,300,3
injection_electrons,100,0.01,100031,100031,100031,100031,1.0,1.0,3.9994606919535824,4.000561026735511,4.337029719505178,8.41053768511635,8.440363677801432,2.590088819347481,12.651988323942302,injection,300,4
injection_electrons,100,0.01,100031,100031,100031,100031,1.0,1.0,4.999325864941988,5.000437158830422,5.108731238508682,2.1656922432675696,2.188402527106792,2.6566712064931046,12.520115603606,injection,300,5
injection_electrons,100,0.01,100031,100031,100031,100031,1.0,1.0,5.999191037930394,6.000377238286315,5.960255176968265,-0.668658981339465,-0.6490185212631783,2.6058324065467513,13.7069262983665,injection,300,6
injection_electrons,100,0.01,100031,100031,100031,100031,1.0,1.0,6.9990562109187975,7.000302487847106,6.956545840482149,-0.6250679515766855,-0.6073728965103942,2.485510322192423,12.301054288849599,injection,300,7
injection_electrons,100,0.01,100031,100031,100031,100031,1.0,1.0,7.998921383907205,8.000281135354236,8.13497442623761,1.6836069708619172,1.7008923553633926,2.33694031798149,11.2738121835045,injection,300,8
injection_electrons,100,0.01,100031,100031,100031,100031,1.0,1.0,8.99878655689561,9.000157224901317,9.414625819272104,4.60512615517481,4.621059292242502,2.187390719264904,10.130585181638502,injection,300,9
injection_electrons,100,0.01,100031,100031,100031,100031,1.0,1.0,9.998651729884015,9.999928557309948,10.727087812851249,7.2716445059974655,7.285343090709717,2.0534059446304704,10.0494869853889,injection,300,10
injection_electrons,100,0.01,100031,100031,100031,100031,1.0,1.0,10.998516902872419,10.999807028716148,11.999319161944214,9.086633343828087,9.099429204044963,1.9320670210287214,10.5363393511338,injection,300,11
injection_electrons,100,0.01,100031,100031,100031,100031,1.0,1.0,11.998382075860826,11.999754273747099,13.189937100100398,9.918393320412932,9.93096416421697,1.8388280179061023,9.1659082628031,injection,300,12
injection_electrons,100,0.01,100031,100031,100031,100031,1.0,1.0,12.998247248849232,12.999688474448961,14.306353446086792,10.051509881995212,10.063712223610533,1.7762781551580693,8.600242628491916,injection,300,13
injection_electrons,100,0.01,100031,100031,100031,100031,1.0,1.0,13.998112421837636,13.999586995489386,15.360870664299267,9.723741630724403,9.73530002756422,1.7260074498308673,8.1489866349885,injection,300,14
injection_electrons,100,0.01,100031,100031,100031,100031,1.0,1.0,14.997977594826041,14.999235323208943,16.373953336936594,9.165253988651623,9.174408572161319,1.679055897409811,7.353648249757299,injection,300,15
injection_electrons,100,0.01,100031,100031,100031,100031,1.0,1.0,15.997842767814449,15.999168392242552,17.354766841921457,8.472930695174053,8.48191905496758,1.6259979956604786,7.247984893907999,injection,300,16
injection_electrons,100,0.01,100031,100031,100031,100031,1.0,1.0,16.99770794080285,16.99907140606104,18.31651434768479,7.750087696872754,7.758730832856342,1.5682158134621609,6.2456443592407,injection,300,17
injection_electrons,100,0.01,100031,100031,100031,100031,1.0,1.0,17.99757311379126,17.99898648791443,19.264744273161853,7.032383662809716,7.0407890628297,1.5046996298261683,5.099762668717,injection,300,18
injection_electrons,100,0.01,100031,100031,100031,100031,1.0,1.0,18.997438286779666,18.999150179959305,20.20512560094938,6.347522965854346,6.357106131567991,1.4375949916742483,5.0131987808419,injection,300,19
injection_electrons,100,0.01,100031,100031,100031,100031,1.0,1.0,19.99730345976807,19.99901402331926,21.14047989321146,5.7076107280150445,5.716652926447363,1.3681804294161888,4.8458144524899005,injection,300,20
injection_electrons,200,0.02,100031,100031,100031,100031,1.0,1.0,2.999595518965177,3.001663623230289,3.184786315763772,6.100706658676591,6.1738589629072305,1.1807012751673478,5.8184818125716,injection,300,3
injection_electrons,200,0.02,100031,100031,100031,100031,1.0,1.0,3.9994606919535824,4.001361158294975,4.076502649789278,1.8778982581597825,1.9263086643330318,1.0797593963550396,5.0227513586196,injection,300,4
injection_electrons,200,0.02,100031,100031,100031,100031,1.0,1.0,4.999325864941988,5.001085563989288,5.058948754976899,1.1570126175056705,1.1926185978997417,0.9568306639003022,4.8646212108302995,injection,300,5
injection_electrons,200,0.02,100031,100031,100031,100031,1.0,1.0,5.999191037930394,6.000925225128742,6.045154260128519,0.7370369291483492,0.7661570019610764,0.8364837086373312,4.4975171755729,injection,300,6
injection_electrons,200,0.02,100031,100031,100031,100031,1.0,1.0,6.9990562109187975,7.000834662580753,7.036998959111331,0.5165712129137301,0.5421123512816095,0.73106576013702,3.8782765965656,injection,300,7
injection_electrons,200,0.02,100031,100031,100031,100031,1.0,1.0,7.998921383907205,8.0007952998364,8.030908608481125,0.3763789412952745,0.39989422371713435,0.6436437495026699,4.5230362975161995,injection,300,8
injection_electrons,200,0.02,100031,100031,100031,100031,1.0,1.0,8.99878655689561,9.00066900182145,9.023414186184498,0.25270548620823785,0.27367722451441256,0.5742510561222911,4.5620347758883995,injection,300,9
injection_electrons,200,0.02,100031,100031,100031,100031,1.0,1.0,9.998651729884015,10.000411327493904,10.018554796858425,0.1814272310443732,0.19905750807305278,0.523149366528968,4.6890855057609,injection,300,10
injection_electrons,200,0.02,100031,100031,100031,100031,1.0,1.0,10.998516902872419,11.000271370054845,11.020533890376857,0.18420018598059862,0.20018142172140152,0.4833413079014882,4.0911038439964,injection,300,11
injection_electrons,200,0.02,100031,100031,100031,100031,1.0,1.0,11.998382075860826,12.00020009987798,12.03270327412617,0.2708552688927446,0.2860485526160472,0.45597458433221594,4.1212829363789005,injection,300,12
injection_electrons,200,0.02,100031,100031,100031,100031,1.0,1.0,12.998247248849232,13.00005733523787,13.050827564172774,0.39053850014405533,0.40451850404827905,0.4317773983668379,3.9890991744488,injection,300,13
injection_electrons,200,0.02,100031,100031,100031,100031,1.0,1.0,13.998112421837636,13.999979203870309,14.07028505551491,0.5021854005694992,0.5155883272139006,0.4080819674234832,3.8330135706865995,injection,300,14
injection_electrons,200,0.02,100031,100031,100031,100031,1.0,1.0,14.997977594826041,14.999636304323195,15.086560953957024,0.5795117152858964,0.5906353611405679,0.3865892191047174,4.1253071414405,injection,300,15
injection_electrons,200,0.02,100031,100031,100031,100031,1.0,1.0,15.997842767814449,15.999508606234759,16.099756946621046,0.6265713707433562,0.637049509022769,0.36941666092777875,4.1362090932846,injection,300,16
injection_electrons,200,0.02,100031,100031,100031,100031,1.0,1.0,16.99770794080285,16.99939306711336,17.108768409151654,0.6434073358177139,0.6533849665824931,0.3551794469491223,4.1785581410795,injection,300,17
injection_electrons,200,0.02,100031,100031,100031,100031,1.0,1.0,17.99757311379126,17.999250587533833,18.11442224898289,0.6398692039368825,0.6492493985319259,0.3433731166485775,4.1025523624033005,injection,300,18
injection_electrons,200,0.02,100031,100031,100031,100031,1.0,1.0,18.997438286779666,18.999355943024913,19.11736899699828,0.6211423920224668,0.6312993805174028,0.3331504536942261,4.088836171927801,injection,300,19
injection_electrons,200,0.02,100031,100031,100031,100031,1.0,1.0,19.99730345976807,19.999171713070833,20.11752686696532,0.5918002784942145,0.6011980937286054,0.32375494707907576,3.7396902631246007,injection,300,20
injection_electrons,300,0.030000000000000002,100031,100031,100031,100031,1.0,1.0,2.999595518965177,3.004259980966648,3.0714651669221835,2.236996344567732,2.3959779744503917,0.6510408812159723,3.3546350365618,injection,300,3
injection_electrons,300,0.030000000000000002,100031,100031,100031,100031,1.0,1.0,3.9994606919535824,4.003336662902681,4.022756840042685,0.48509977489434863,0.5824822365668503,0.5366374777925154,3.07704372526,injection,300,4
injection_electrons,300,0.030000000000000002,100031,100031,100031,100031,1.0,1.0,4.999325864941988,5.002602681005152,5.008282055876513,0.11352840178422419,0.17914797267628568,0.44981745613741814,3.004719289854,injection,300,5
injection_electrons,300,0.030000000000000002,100031,100031,100031,100031,1.0,1.0,5.999191037930394,6.002125734930494,5.996251276226208,-0.0978729697396763,-0.049002635281969464,0.39358367682236817,2.6392141039161,injection,300,6
injection_electrons,300,0.030000000000000002,100031,100031,100031,100031,1.0,1.0,6.9990562109187975,7.001932588823157,6.985832095421713,-0.22994356482587408,-0.18894141007832488,0.35848316435727534,2.5042074714863,injection,300,7
injection_electrons,300,0.030000000000000002,100031,100031,100031,100031,1.0,1.0,7.998921383907205,8.001746719862581,7.98445378612175,-0.21611448532736777,-0.18086935839326523,0.3407045202083989,2.7218549227702002,injection,300,8
injection_electrons,300,0.030000000000000002,100031,100031,100031,100031,1.0,1.0,8.99878655689561,9.00152536488204,8.989395279587667,-0.13475588639340064,-0.10436159640597742,0.32435891355912755,2.5805808836752995,injection,300,9
injection_electrons,300,0.030000000000000002,100031,100031,100031,100031,1.0,1.0,9.998651729884015,10.001144232759604,9.997419615364912,-0.037241912605279204,-0.012322806638231931,0.31388538099937563,2.6370188250759,injection,300,10
injection_electrons,300,0.030000000000000002,100031,100031,100031,100031,1.0,1.0,10.998516902872419,11.000954997518006,11.006901074991427,0.05405055719946983,0.07623002440282356,0.3044270617370645,2.588984784522399,injection,300,11
injection_electrons,300,0.030000000000000002,100031,100031,100031,100031,1.0,1.0,11.998382075860826,12.000806984429554,12.01606798301331,0.12716643642012304,0.1474024334336299,0.29354124816843424,2.8332278731456997,injection,300,12
injection_electrons,300,0.030000000000000002,100031,100031,100031,100031,1.0,1.0,12.998247248849232,13.000548969982821,13.026487019243675,0.19951503064017384,0.2172582953208657,0.2856104769164023,3.159427004167899,injection,300,13
injection_electrons,300,0.030000000000000002,100031,100031,100031,100031,1.0,1.0,13.998112421837636,14.000383787160274,14.037755191500414,0.266931284943861,0.2832008235691408,0.28025375794781765,2.985779407629799,injection,300,14
injection_electrons,300,0.030000000000000002,100031,100031,100031,100031,1.0,1.0,14.997977594826041,15.000005086448562,15.047457408740156,0.3163487080045213,0.3299099068609257,0.27526612411186063,2.9881815180122047,injection,300,15
injection_electrons,300,0.030000000000000002,100031,100031,100031,100031,1.0,1.0,15.997842767814449,15.999745195218258,16.055142201086284,0.3462368005996863,0.3581697489058566,0.2712629671874012,2.7679882496031,injection,300,16
injection_electrons,300,0.030000000000000002,100031,100031,100031,100031,1.0,1.0,16.99770794080285,16.999632681586,17.059703004557292,0.35336247609845106,0.3647260205337677,0.26618758886035504,2.7595175722695995,injection,300,17
injection_electrons,300,0.030000000000000002,100031,100031,100031,100031,1.0,1.0,17.99757311379126,17.99931304383852,18.061754219113553,0.34690865769684276,0.3566097768654908,0.26115451964672504,2.6237033865754,injection,300,18
injection_electrons,300,0.030000000000000002,100031,100031,100031,100031,1.0,1.0,18.997438286779666,18.999224820969516,19.06165589219317,0.32859799182305416,0.33803297288872436,0.2559717625346392,2.6138015858645,injection,300,19
injection_electrons,300,0.030000000000000002,100031,100031,100031,100031,1.0,1.0,19.99730345976807,19.998959139213834,20.05953359159188,0.30288802510363144,0.3111926162895351,0.250176524397327,2.6796213021039,injection,300,20
injection_electrons,1000,0.1,100031,100031,100031,100031,1.0,1.0,2.999595518965177,3.000909007606326,3.0030548759725524,0.07150727865414819,0.11532744950122353,0.13976346003046908,1.0466252592611003,injection,300,3
injection_electrons,1000,0.1,100031,100031,100031,100031,1.0,1.0,3.9994606919535824,4.000493498296822,4.001858476021348,0.03412023354385507,0.05995268493548256,0.13197705820409086,1.2215603455406,injection,300,4
injection_electrons,1000,0.1,100031,100031,100031,100031,1.0,1.0,4.999325864941988,5.000220750333594,5.00057372374572,0.007059156580302428,0.024960541429863703,0.12697795907346993,1.1692667442585,injection,300,5
injection_electrons,1000,0.1,100031,100031,100031,100031,1.0,1.0,5.999191037930394,5.999887389907496,6.000320072967972,0.00721151968958722,0.018819788042101493,0.12430936982651364,1.1100826520334,injection,300,6
injection_electrons,1000,0.1,100031,100031,100031,100031,1.0,1.0,6.9990562109187975,6.999433228297832,7.000713934266227,0.018297281031509627,0.023684955477909497,0.12139161336484332,1.442422368152501,injection,300,7
injection_electrons,1000,0.1,100031,100031,100031,100031,1.0,1.0,7.998921383907205,7.999283731052357,8.00076376110155,0.01850203216882118,0.023032820375656904,0.11945327574267554,1.398398645237,injection,300,8
injection_electrons,1000,0.1,100031,100031,100031,100031,1.0,1.0,8.99878655689561,8.998931285200085,9.00020612168585,0.014166532062098725,0.01577506901919712,0.1172846534457273,1.3029793727807002,injection,300,9
injection_electrons,1000,0.1,100031,100031,100031,100031,1.0,1.0,9.998651729884015,9.998798806214241,10.000135252934275,0.013366072724685374,0.014837230962094772,0.11610229461607789,1.3017907169756011,injection,300,10
injection_electrons,1000,0.1,100031,100031,100031,100031,1.0,1.0,10.998516902872419,10.998628478663278,11.000314879067968,0.015332824524083577,0.016347442218145325,0.11562322733620102,1.3006390962565995,injection,300,11
injection_electrons,1000,0.1,100031,100031,100031,100031,1.0,1.0,11.998382075860826,11.998216024966691,12.000551612111806,0.019466120131994558,0.018081906687617,0.11471854481827368,1.443092470672001,injection,300,12
injection_electrons,1000,0.1,100031,100031,100031,100031,1.0,1.0,12.998247248849232,12.997997991648655,13.000975610738246,0.02290829011901696,0.020990229196127252,0.11388491275899701,1.2026802965064984,injection,300,13
injection_electrons,1000,0.1,100031,100031,100031,100031,1.0,1.0,13.998112421837636,13.997806326379015,14.000930651782848,0.022320107386719634,0.020132928356941804,0.1134927463876488,1.2030468080894003,injection,300,14
injection_electrons,1000,0.1,100031,100031,100031,100031,1.0,1.0,14.997977594826041,14.997671345335377,15.000592875174904,0.01947988972592629,0.017437553378973902,0.11238280019726855,1.2034029117623,injection,300,15
injection_electrons,1000,0.1,100031,100031,100031,100031,1.0,1.0,15.997842767814449,15.997695612718044,16.000440682519493,0.017159157593082952,0.016239156383446307,0.11184872393153075,1.2037492734331003,injection,300,16
injection_electrons,1000,0.1,100031,100031,100031,100031,1.0,1.0,16.99770794080285,16.997784859771873,17.000857898514433,0.018079054229191982,0.01853166157785857,0.11155043726378272,1.2040863288275006,injection,300,17
injection_electrons,1000,0.1,100031,100031,100031,100031,1.0,1.0,17.99757311379126,17.997618896564386,18.00086487771935,0.018035614453326687,0.01829004337019491,0.11088526586145546,1.2171315552467021,injection,300,18
injection_electrons,1000,0.1,100031,100031,100031,100031,1.0,1.0,18.997438286779666,18.99739786344846,19.00039906714084,0.01579797251156645,0.015585155832487096,0.11014297619131846,1.1110934172798004,injection,300,19
injection_electrons,1000,0.1,100031,100031,100031,100031,1.0,1.0,19.99730345976807,19.997146216373764,20.000296684973407,0.015754591007910435,0.014968144136817685,0.10933743540066851,1.3678942607032,injection,300,20
injection_electrons,0,0.0,100031,100031,100031,100031,1.0,1.0,2.999595518965177,4.213144198953447,7.937611060249608,88.40112479941527,164.62271363133607,9.334379022786132,62.385131278182904,injection,400,3
injection_electrons,0,0.0,100031,100031,100031,100031,1.0,1.0,3.9994606919535824,4.971146530261057,9.932413347103193,99.80125885731228,148.34381713229422,11.820090891265755,71.7782345616116,injection,400,4
injection_electrons,0,0.0,100031,100031,100031,100031,1.0,1.0,4.999325864941988,5.802970484204038,11.831016609931535,103.87862806016548,136.65223931284623,14.58279866365909,82.1526235462506,injection,400,5
injection_electrons,0,0.0,100031,100031,100031,100031,1.0,1.0,5.999191037930394,6.681205837325325,13.629733966524356,104.00110845830075,127.19286451038494,17.448860817429445,89.7761977779983,injection,400,6
injection_electrons,0,0.0,100031,100031,100031,100031,1.0,1.0,6.9990562109187975,7.589418857080066,15.260713450190503,101.07881430149281,118.03958977187814,20.327132505595856,99.96600442905628,injection,400,7
injection_electrons,0,0.0,100031,100031,100031,100031,1.0,1.0,7.998921383907205,8.518306589113498,16.740788339167477,96.52718722947131,109.2880719248945,23.14136680784669,96.94876170257609,injection,400,8
injection_electrons,0,0.0,100031,100031,100031,100031,1.0,1.0,8.99878655689561,9.461525921244048,17.94600090841754,89.67343172546009,99.42689822624848,25.619744486819187,93.9415808149412,injection,400,9
injection_electrons,0,0.0,100031,100031,100031,100031,1.0,1.0,9.998651729884015,10.415262351080944,18.815218329060453,80.65045022229059,88.17755470795572,27.67644460565568,91.68488990614361,injection,400,10
injection_electrons,0,0.0,100031,100031,100031,100031,1.0,1.0,10.998516902872419,11.377053528533205,19.28943198704818,69.54681577854089,75.3821188565021,29.174366821583753,89.5892214846772,injection,400,11
injection_electrons,0,0.0,100031,100031,100031,100031,1.0,1.0,11.998382075860826,12.344960588453157,19.32854447167173,56.57032141318184,61.092923608077385,30.029669430432985,86.5233487554398,injection,400,12
injection_electrons,0,0.0,100031,100031,100031,100031,1.0,1.0,12.998247248849232,13.317521317885605,18.884404340306464,41.80119475344457,45.28423701109663,30.217682808305614,84.2646935618726,injection,400,13
injection_electrons,0,0.0,100031,100031,100031,100031,1.0,1.0,13.998112421837636,14.293692537407127,18.016185409579574,26.042905725238906,28.70439146833523,29.909609624698536,83.7648358921804,injection,400,14
injection_electrons,0,0.0,100031,100031,100031,100031,1.0,1.0,14.997977594826041,15.272769349424102,16.913623958826662,10.74366129587645,12.772697864687267,29.310593018989547,79.90171689733779,injection,400,15
injection_electrons,0,0.0,100031,100031,100031,100031,1.0,1.0,15.997842767814449,16.254582265644306,15.72644183431631,-3.2491787404729133,-1.6964845663076655,28.55802753889816,78.26179579779051,injection,400,16
injection_electrons,0,0.0,100031,100031,100031,100031,1.0,1.0,16.99770794080285,17.23861744058781,14.560102836654249,-15.537873690653859,-14.340787079281158,27.731299701109553,76.381420798206,injection,400,17
injection_electrons,0,0.0,100031,100031,100031,100031,1.0,1.0,17.99757311379126,18.224326280489255,13.496473762257882,-25.94253661543009,-25.0094794618962,26.884906561279113,71.56122687134301,injection,400,18
injection_electrons,0,0.0,100031,100031,100031,100031,1.0,1.0,18.997438286779666,19.211512615336392,12.585700485989237,-34.48875818376646,-33.75053890951373,26.040236559225107,69.5001269917674,injection,400,19
injection_electrons,0,0.0,100031,100031,100031,100031,1.0,1.0,19.99730345976807,20.199890984710297,11.880878147173648,-41.18345412771522,-40.58759886763531,25.216920979063595,67.4415975973798,injection,400,20
injection_electrons,100,0.01,100031,100031,100031,100031,1.0,1.0,2.999595518965177,3.0007003189887134,3.7144479911960184,23.786036469241623,23.831628888332812,2.532675017165809,12.4982541426757,injection,400,3
injection_electrons,100,0.01,100031,100031,100031,100031,1.0,1.0,3.9994606919535824,4.000561026735511,4.623759661805499,15.577780988846035,15.609578839165206,2.823794570389536,13.893447212330901,injection,400,4
injection_electrons,100,0.01,100031,100031,100031,100031,1.0,1.0,4.999325864941988,5.000437158830422,5.426461073266959,8.51973339339358,8.543856109086168,2.9367545318570927,14.376635119412,injection,400,5
injection_electrons,100,0.01,100031,100031,100031,100031,1.0,1.0,5.999191037930394,6.000377238286315,6.277438812935191,4.617402600640541,4.6380882563257675,2.9728491247986293,13.918175163688797,injection,400,6
injection_electrons,100,0.01,100031,100031,100031,100031,1.0,1.0,6.9990562109187975,7.000302487847106,7.129748795801188,1.8491530641541187,1.8672886878448702,2.938090964250674,14.712241079247002,injection,400,7
injection_electrons,100,0.01,100031,100031,100031,100031,1.0,1.0,7.998921383907205,8.000281135354236,8.066971008777683,0.8335941236956801,0.8507350129404401,2.817833899055407,12.811591658205202,injection,400,8
injection_electrons,100,0.01,100031,100031,100031,100031,1.0,1.0,8.99878655689561,9.000157224901317,9.130714241091828,1.4506081719249497,1.466060822335269,2.6988783527664193,13.066079949408698,injection,400,9
injection_electrons,100,0.01,100031,100031,100031,100031,1.0,1.0,9.998651729884015,9.999928557309948,10.2907533713226,2.908268917582002,2.9214102994061575,2.564635674376583,11.907718537070698,injection,400,10
injection_electrons,100,0.01,100031,100031,100031,100031,1.0,1.0,10.998516902872419,10.999807028716148,11.49516638724559,4.503345897216682,4.515604137894846,2.4300955569075087,10.534680375817299,injection,400,11
injection_electrons,100,0.01,100031,100031,100031,100031,1.0,1.0,11.998382075860826,11.999754273747099,12.70576972747696,5.883582593640879,5.895691995334151,2.3042284756441043,9.0993683120428,injection,400,12
injection_electrons,100,0.01,100031,100031,100031,100031,1.0,1.0,12.998247248849232,12.999688474448961,13.912248355617745,7.019859614039459,7.03172581095064,2.1929617265603336,9.504574264755101,injection,400,13
injection_electrons,100,0.01,100031,100031,100031,100031,1.0,1.0,13.998112421837636,13.999586995489386,15.092803065854575,7.80891658244931,7.820273269910127,2.0858216719829463,10.590865738486,injection,400,14
injection_electrons,100,0.01,100031,100031,100031,100031,1.0,1.0,14.997977594826041,14.999235323208943,16.228343211086198,8.194470327266657,8.20354350098913,1.984388920375261,9.8357759485377,injection,400,15
injection_electrons,100,0.01,100031,100031,100031,100031,1.0,1.0,15.997842767814449,15.999168392242552,17.31574947072423,8.229059449865183,8.238027601829145,1.8957436505702672,8.7986520273189,injection,400,16
injection_electrons,100,0.01,100031,100031,100031,100031,1.0,1.0,16.99770794080285,16.99907140606104,18.360357412946193,8.008002168870142,8.016665993373806,1.8207297899051345,8.7337058287022,injection,400,17
injection_electrons,100,0.01,100031,100031,100031,100031,1.0,1.0,17.99757311379126,17.99898648791443,19.37258766910271,7.631547376907011,7.639999830075972,1.753014248582256,8.486681137502,injection,400,18
injection_electrons,100,0.01,100031,100031,100031,100031,1.0,1.0,18.997438286779666,18.999150179959305,20.359019083054307,7.157524890399669,7.167181046837068,1.6900791946892415,8.021203027463999,injection,400,19
injection_electrons,100,0.01,100031,100031,100031,100031,1.0,1.0,19.99730345976807,19.99901402331926,21.327132874527614,6.640921645735842,6.650043679313988,1.627407391495489,7.1794587225491995,injection,400,20
injection_electrons,200,0.02,100031,100031,100031,100031,1.0,1.0,2.999595518965177,3.001663623230289,3.2751832141129666,9.112266569973793,9.187495227452015,1.3643966889842638,6.998849374652101,injection,400,3
injection_electrons,200,0.02,100031,100031,100031,100031,1.0,1.0,3.9994606919535824,4.001361158294975,4.152526194177428,3.7778403373832425,3.8271535592734773,1.2659537701504582,5.882668521290199,injection,400,4
injection_electrons,200,0.02,100031,100031,100031,100031,1.0,1.0,4.999325864941988,5.001085563989288,5.099717729366678,1.9722151144063504,2.008108035699241,1.1511236107513363,5.465924986339799,injection,400,5
injection_electrons,200,0.02,100031,100031,100031,100031,1.0,1.0,5.999191037930394,6.000925225128742,6.0679626617784095,1.1171183465001233,1.1463482895143873,1.0297501788143957,4.6589326467221,injection,400,6
injection_electrons,200,0.02,100031,100031,100031,100031,1.0,1.0,6.9990562109187975,7.000834662580753,7.052289328845001,0.7349790238479814,0.7605756593747293,0.9131924946554717,4.873940669893701,injection,400,7
injection_electrons,200,0.02,100031,100031,100031,100031,1.0,1.0,7.998921383907205,8.0007952998364,8.02746255597915,0.3333075668527252,0.3568127588972958,0.8020110593211943,4.5222861006054,injection,400,8
injection_electrons,200,0.02,100031,100031,100031,100031,1.0,1.0,8.99878655689561,9.00066900182145,9.009959793859894,0.10322334969281588,0.12416381801747534,0.7190410004300569,4.2634825585636005,injection,400,9
injection_electrons,200,0.02,100031,100031,100031,100031,1.0,1.0,9.998651729884015,10.000411327493904,9.9951651910546,-0.052459206601640496,-0.03487008972414829,0.652532638049131,4.2789219430787,injection,400,10
injection_electrons,200,0.02,100031,100031,100031,100031,1.0,1.0,10.998516902872419,11.000271370054845,10.985672067030578,-0.13271766243885263,-0.11678698096546647,0.5990942728225552,5.0422944146499,injection,400,11
injection_electrons,200,0.02,100031,100031,100031,100031,1.0,1.0,11.998382075860826,12.00020009987798,11.979390472578045,-0.17341066921163772,-0.158284701743161,0.554888522234927,4.6954386301916,injection,400,12
injection_electrons,200,0.02,100031,100031,100031,100031,1.0,1.0,12.998247248849232,13.00005733523787,12.979161985409315,-0.16073275132345577,-0.14682951535336386,0.523551388351252,4.7667693683079,injection,400,13
injection_electrons,200,0.02,100031,100031,100031,100031,1.0,1.0,13.998112421837636,13.999979203870309,13.983927122982427,-0.11465789094489143,-0.10133722624686703,0.4940033283191715,4.2142046225045995,injection,400,14
injection_electrons,200,0.02,100031,100031,100031,100031,1.0,1.0,14.997977594826041,14.999636304323195,14.995389194985842,-0.028314748779134646,-0.01725832582315512,0.47158147985145116,4.195584121398102,injection,400,15
injection_electrons,200,0.02,100031,100031,100031,100031,1.0,1.0,15.997842767814449,15.999508606234759,16.01299962652096,0.08432146647892047,0.09474314085022861,0.4535376545897441,4.042067875530101,injection,400,16
injection_electrons,200,0.02,100031,100031,100031,100031,1.0,1.0,16.99770794080285,16.99939306711336,17.034530334309558,0.20669718652588376,0.21663152252613394,0.43709355486457946,3.964459074912,injection,400,17
injection_electrons,200,0.02,100031,100031,100031,100031,1.0,1.0,17.99757311379126,17.999250587533833,18.055140180076943,0.3105106641596356,0.3198601607100615,0.42076378642409523,3.8908541350666006,injection,400,18
injection_electrons,200,0.02,100031,100031,100031,100031,1.0,1.0,18.997438286779666,18.999355943024913,19.073820651087587,0.39193280175380263,0.40206665317121804,0.40524296965724643,3.5610012652333,injection,400,19
injection_electrons,200,0.02,100031,100031,100031,100031,1.0,1.0,19.99730345976807,19.999171713070833,20.089102609537257,0.44967310524988147,0.45905764221598755,0.39201654942481196,4.1379543121969995,injection,400,20
injection_electrons,300,0.030000000000000002,100031,100031,100031,100031,1.0,1.0,2.999595518965177,3.004259980966648,3.1050609390685735,3.355267478199142,3.515988053608665,0.7974121539050717,4.7004524268463,injection,400,3
injection_electrons,300,0.030000000000000002,100031,100031,100031,100031,1.0,1.0,3.9994606919535824,4.003336662902681,4.057207059456021,1.3456374292108553,1.4438538580618276,0.6947872783739054,3.6638231098024003,injection,400,4
injection_electrons,300,0.030000000000000002,100031,100031,100031,100031,1.0,1.0,4.999325864941988,5.002602681005152,5.012902834326782,0.20589589016812848,0.27157600347684774,0.571844678995769,3.3660578843291002,injection,400,5
injection_electrons,300,0.030000000000000002,100031,100031,100031,100031,1.0,1.0,5.999191037930394,6.002125734930494,6.00550676822815,0.0563305976410966,0.10527636572705834,0.4859702191201488,2.6990698032480003,injection,400,6
injection_electrons,300,0.030000000000000002,100031,100031,100031,100031,1.0,1.0,6.9990562109187975,7.001932588823157,6.99114475144424,-0.1540694264343112,-0.11303608995474335,0.4345807417636472,2.9922804289352998,injection,400,7
injection_electrons,300,0.030000000000000002,100031,100031,100031,100031,1.0,1.0,7.998921383907205,8.001746719862581,7.987329018166392,-0.18018193028279672,-0.1449241114450217,0.40413171142817694,2.9981097055832002,injection,400,8
injection_electrons,300,0.030000000000000002,100031,100031,100031,100031,1.0,1.0,8.99878655689561,9.00152536488204,8.983847757425947,-0.19638457638589957,-0.16600904327723764,0.3815022543142065,2.8851710931562007,injection,400,9
injection_electrons,300,0.030000000000000002,100031,100031,100031,100031,1.0,1.0,9.998651729884015,10.001144232759604,9.98548478349288,-0.15657657666239277,-0.1316872189055296,0.3664140956922695,2.7932279842866996,injection,400,10
injection_electrons,300,0.030000000000000002,100031,100031,100031,100031,1.0,1.0,10.998516902872419,11.000954997518006,10.990405231906536,-0.09589863438084212,-0.07375240714286857,0.3549922512648731,2.7687826793664,injection,400,11
injection_electrons,300,0.030000000000000002,100031,100031,100031,100031,1.0,1.0,11.998382075860826,12.000806984429554,11.996635290108141,-0.03476178166038624,-0.014558510819551174,0.34276091183778395,2.6055579945406,injection,400,12
injection_electrons,300,0.030000000000000002,100031,100031,100031,100031,1.0,1.0,12.998247248849232,13.000548969982821,13.00283910721598,0.017615696371331424,0.03532675043671496,0.3325276503712201,2.6503300348200014,injection,400,13
injection_electrons,300,0.030000000000000002,100031,100031,100031,100031,1.0,1.0,13.998112421837636,14.000383787160274,14.009533969071116,0.06535665057434414,0.08159348124439081,0.32293601758138535,2.6242613585361987,injection,400,14
injection_electrons,300,0.030000000000000002,100031,100031,100031,100031,1.0,1.0,14.997977594826041,15.000005086448562,15.015195280778299,0.10126792785862815,0.11480005116288883,0.31356637678845384,3.1865314040305037,injection,400,15
injection_electrons,300,0.030000000000000002,100031,100031,100031,100031,1.0,1.0,15.997842767814449,15.999745195218258,16.020044614732694,0.12687339246191254,0.13878025456601772,0.3037982245782256,3.175049741853897,injection,400,16
injection_electrons,300,0.030000000000000002,100031,100031,100031,100031,1.0,1.0,16.99770794080285,16.999632681586,17.02615911937468,0.1560412409228773,0.1673824416263292,0.2949759034118791,2.985239387486999,injection,400,17
injection_electrons,300,0.030000000000000002,100031,100031,100031,100031,1.0,1.0,17.99757311379126,17.99931304383852,18.032074506233208,0.18201507088018154,0.1917002488269537,0.28817949077568344,2.987443359410399,injection,400,18
injection_electrons,300,0.030000000000000002,100031,100031,100031,100031,1.0,1.0,18.997438286779666,18.999224820969516,19.038067556478946,0.20444379113067068,0.21386709663668846,0.28250868271547713,2.790584046516299,injection,400,19
injection_electrons,300,0.030000000000000002,100031,100031,100031,100031,1.0,1.0,19.99730345976807,19.998959139213834,20.04338078086551,0.2221197680461806,0.23041767201332775,0.2782184642659514,2.8444248264647998,injection,400,20
injection_electrons,1000,0.1,100031,100031,100031,100031,1.0,1.0,2.999595518965177,3.000909007606326,3.0032346492717465,0.07749790678510671,0.12132070085986157,0.16091471694662457,1.2614696605966005,injection,400,3
injection_electrons,1000,0.1,100031,100031,100031,100031,1.0,1.0,3.9994606919535824,4.000493498296822,4.001707468975265,0.030345523095087756,0.056176999719070864,0.14505874912779734,1.404965986333,injection,400,4
injection_electrons,1000,0.1,100031,100031,100031,100031,1.0,1.0,4.999325864941988,5.000220750333594,5.000759419286212,0.010772903427969105,0.02867495304270662,0.13767349147211064,1.281606355647801,injection,400,5
injection_electrons,1000,0.1,100031,100031,100031,100031,1.0,1.0,5.999191037930394,5.999887389907496,6.000540656311638,0.010887977751727895,0.02249667284657253,0.13305986355557123,1.0520302202025,injection,400,6
injection_electrons,1000,0.1,100031,100031,100031,100031,1.0,1.0,6.9990562109187975,6.999433228297832,6.99964652135168,0.003047290357538479,0.008434143334379307,0.13072501283242818,1.1702217832453998,injection,400,7
injection_electrons,1000,0.1,100031,100031,100031,100031,1.0,1.0,7.998921383907205,7.999283731052357,7.9994302193131315,0.0018312672196652002,0.006361300249180246,0.12849889744232088,1.4120931332992002,injection,400,8
injection_electrons,1000,0.1,100031,100031,100031,100031,1.0,1.0,8.99878655689561,8.998931285200085,8.999616523774598,0.0076146661508680324,0.009223097733701557,0.12573146980036926,1.114281220494,injection,400,9
injection_electrons,1000,0.1,100031,100031,100031,100031,1.0,1.0,9.998651729884015,9.998798806214241,10.000476860279873,0.016782556566585782,0.018253765059172977,0.12382620418574967,1.2754756229369,injection,400,10
injection_electrons,1000,0.1,100031,100031,100031,100031,1.0,1.0,10.998516902872419,10.998628478663278,11.000019716015641,0.012649189442681674,0.013663779912276297,0.12253057597746309,1.4084423083299002,injection,400,11
injection_electrons,1000,0.1,100031,100031,100031,100031,1.0,1.0,11.998382075860826,11.998216024966691,11.999508628631318,0.010773298813226972,0.009389205672638568,0.12070849655534209,1.1626177247206009,injection,400,12
injection_electrons,1000,0.1,100031,100031,100031,100031,1.0,1.0,12.998247248849232,12.997997991648655,12.999481866675705,0.011416181384271695,0.00949834083654455,0.12006771067726767,1.1105145182778013,injection,400,13
injection_electrons,1000,0.1,100031,100031,100031,100031,1.0,1.0,13.998112421837636,13.997806326379015,14.000080004595981,0.016243103840363204,0.014056057695865931,0.11895794326982835,1.1986177503837006,injection,400,14
injection_electrons,1000,0.1,100031,100031,100031,100031,1.0,1.0,14.997977594826041,14.997671345335377,15.000207862623888,0.01691274085227068,0.014870456924920283,0.11800978930292848,1.1990592973435987,injection,400,15
injection_electrons,1000,0.1,100031,100031,100031,100031,1.0,1.0,15.997842767814449,15.997695612718044,16.00044341923766,0.01717626454544874,0.016256263178449082,0.11726146403208612,1.1994910603322992,injection,400,16
injection_electrons,1000,0.1,100031,100031,100031,100031,1.0,1.0,16.99770794080285,16.997784859771873,17.00115292445497,0.019814727100531115,0.020267342303537106,0.11648889342602549,1.2372850776704993,injection,400,17
injection_electrons,1000,0.1,100031,100031,100031,100031,1.0,1.0,17.99757311379126,17.997618896564386,18.001240975405857,0.02012532247896992,0.0203797567116748,0.11566832378745306,1.2368596601676014,injection,400,18
injection_electrons,1000,0.1,100031,100031,100031,100031,1.0,1.0,18.997438286779666,18.99739786344846,19.00084762159526,0.0181591087979438,0.01794628709474999,0.11537897930291892,1.2265275944583998,injection,400,19
injection_electrons,1000,0.1,100031,100031,100031,100031,1.0,1.0,19.99730345976807,19.997146216373764,20.00089180248364,0.01873060320380926,0.017944132931679846,0.11473207180221609,1.2252651830092987,injection,400,20
injection_electrons,0,0.0,100031,100031,100031,100031,1.0,1.0,2.999595518965177,4.213144198953447,7.588834801580112,80.12283565953409,152.99527064896287,8.951147412972826,58.7283347776595,injection,500,3
injection_electrons,0,0.0,100031,100031,100031,100031,1.0,1.0,3.9994606919535824,4.971146530261057,9.431748393669011,89.72984071692022,135.82550548989056,11.194592230397777,75.6167060144526,injection,500,4
injection_electrons,0,0.0,100031,100031,100031,100031,1.0,1.0,4.999325864941988,5.802970484204038,11.228547390180886,93.49654492893815,124.60123011627653,13.575462025252339,79.8817213997316,injection,500,5
injection_electrons,0,0.0,100031,100031,100031,100031,1.0,1.0,5.999191037930394,6.681205837325325,12.94804209256752,93.79798209825829,115.8298012299063,16.142541326785192,93.54854744796799,injection,500,6
injection_electrons,0,0.0,100031,100031,100031,100031,1.0,1.0,6.9990562109187975,7.589418857080066,14.57673228909185,92.06651475683697,108.26711273373668,18.845874616896232,99.5477364057369,injection,500,7
injection_electrons,0,0.0,100031,100031,100031,100031,1.0,1.0,7.998921383907205,8.518306589113498,16.19062861562793,90.06862979456214,102.4101480507282,21.620318511934148,108.87967007470581,injection,500,8
injection_electrons,0,0.0,100031,100031,100031,100031,1.0,1.0,8.99878655689561,9.461525921244048,17.56740583402663,85.6720150666435,95.21971904717577,24.30161874107336,111.8826063794171,injection,500,9
injection_electrons,0,0.0,100031,100031,100031,100031,1.0,1.0,9.998651729884015,10.415262351080944,18.789321801302332,80.40181003556084,87.91855451015182,26.813225192893,107.75382918849111,injection,500,10
injection_electrons,0,0.0,100031,100031,100031,100031,1.0,1.0,10.998516902872419,11.377053528533205,19.773031487767344,73.7974725896943,79.77907078183728,29.050168273633073,106.15120690805409,injection,500,11
injection_electrons,0,0.0,100031,100031,100031,100031,1.0,1.0,11.998382075860826,12.344960588453157,20.478206394472103,65.88312492164914,70.67473151794002,30.92121890410095,103.0088833845173,injection,500,12
injection_electrons,0,0.0,100031,100031,100031,100031,1.0,1.0,12.998247248849232,13.317521317885605,20.90106808097096,56.944130833870354,60.799126842439335,32.380935956566184,101.6039390545057,injection,500,13
injection_electrons,0,0.0,100031,100031,100031,100031,1.0,1.0,13.998112421837636,14.293692537407127,20.9762155989376,46.751551735438966,49.85031529118049,33.35599718305691,98.19345428868911,injection,500,14
injection_electrons,0,0.0,100031,100031,100031,100031,1.0,1.0,14.997977594826041,15.272769349424102,20.725057821250783,35.699409498594115,38.18568330439733,33.81051208584225,95.8228538839984,injection,500,15
injection_electrons,0,0.0,100031,100031,100031,100031,1.0,1.0,15.997842767814449,16.254582265644306,20.107122103661453,23.70125405289485,25.68645907755971,33.757778468971374,94.3247389950348,injection,500,16
injection_electrons,0,0.0,100031,100031,100031,100031,1.0,1.0,16.99770794080285,17.23861744058781,19.188757848865702,11.312626520073144,12.890266827112939,33.33622536679733,91.9064277507571,injection,500,17
injection_electrons,0,0.0,100031,100031,100031,100031,1.0,1.0,17.99757311379126,18.224326280489255,18.10623018537086,-0.6480135029453882,0.6037317970184475,32.68936843368379,87.92996422597591,injection,500,18
injection_electrons,0,0.0,100031,100031,100031,100031,1.0,1.0,18.997438286779666,19.211512615336392,16.9708534699871,-11.663106337397878,-10.667674168484421,31.914810695306276,86.0939450387514,injection,500,19
injection_electrons,0,0.0,100031,100031,100031,100031,1.0,1.0,19.99730345976807,20.199890984710297,15.870240706753192,-21.434027942201794,-20.63809633792867,31.074136097254627,84.32812122098011,injection,500,20
injection_electrons,100,0.01,100031,100031,100031,100031,1.0,1.0,2.999595518965177,3.0007003189887134,3.789480534141782,26.28653751797849,26.333050912447888,2.6070806354690985,11.5933251327651,injection,500,3
injection_electrons,100,0.01,100031,100031,100031,100031,1.0,1.0,3.9994606919535824,4.000561026735511,4.774301691435041,19.340803940464045,19.373637076627425,3.0048406284295517,14.384721176452599,injection,500,4
injection_electrons,100,0.01,100031,100031,100031,100031,1.0,1.0,4.999325864941988,5.000437158830422,5.661439993423551,13.218900940007682,13.244068227771866,3.172603789314348,15.354205886926898,injection,500,5
injection_electrons,100,0.01,100031,100031,100031,100031,1.0,1.0,5.999191037930394,6.000377238286315,6.4811558073772355,8.012472382956858,8.033829334648267,3.2457863281855666,15.447336578967002,injection,500,6
injection_electrons,100,0.01,100031,100031,100031,100031,1.0,1.0,6.9990562109187975,7.000302487847106,7.389824207109902,5.564355539478827,5.5831527053817664,3.2474789366702117,15.4297695470605,injection,500,7
injection_electrons,100,0.01,100031,100031,100031,100031,1.0,1.0,7.998921383907205,8.000281135354236,8.261280481532598,3.262377181033971,3.279930943604792,3.1949720141518094,14.7642677069469,injection,500,8
injection_electrons,100,0.01,100031,100031,100031,100031,1.0,1.0,8.99878655689561,9.000157224901317,9.20076585724267,2.2289458653713012,2.244517069829688,3.1013472419544303,15.552747600902503,injection,500,9
injection_electrons,100,0.01,100031,100031,100031,100031,1.0,1.0,9.998651729884015,9.999928557309948,10.193096568424611,1.9316939116875709,1.9447105849225377,2.960683485158061,13.9320925286597,injection,500,10
injection_electrons,100,0.01,100031,100031,100031,100031,1.0,1.0,10.998516902872419,10.999807028716148,11.289909275495056,2.6373394189694865,2.649378777119815,2.855127902407797,13.5325547212771,injection,500,11
injection_electrons,100,0.01,100031,100031,100031,100031,1.0,1.0,11.998382075860826,11.999754273747099,12.432776900371115,3.6085957824267823,3.6204450046997128,2.7234869756251716,12.1509056797812,injection,500,12
injection_electrons,100,0.01,100031,100031,100031,100031,1.0,1.0,12.998247248849232,12.999688474448961,13.587338080317414,4.520489910381209,4.5320789810359585,2.592663121676086,11.4095969227445,injection,500,13
injection_electrons,100,0.01,100031,100031,100031,100031,1.0,1.0,13.998112421837636,13.999586995489386,14.743134997384384,5.311213838912288,5.322307416137639,2.46763523671014,10.546468719617298,injection,500,14
injection_electrons,100,0.01,100031,100031,100031,100031,1.0,1.0,14.997977594826041,14.999235323208943,15.889220491707158,5.9335369391871895,5.942420511339974,2.351918127563369,9.032595440916001,injection,500,15
injection_electrons,100,0.01,100031,100031,100031,100031,1.0,1.0,15.997842767814449,15.999168392242552,17.018786885119113,6.372946817479197,6.381761166941002,2.240771303009033,9.259920429653803,injection,500,16
injection_electrons,100,0.01,100031,100031,100031,100031,1.0,1.0,16.99770794080285,16.99907140606104,18.134011015007154,6.676480037265131,6.685037054181975,2.136581801047531,10.62845410559407,injection,500,17
injection_electrons,100,0.01,100031,100031,100031,100031,1.0,1.0,17.99757311379126,17.99898648791443,19.222528197985742,6.797836705377103,6.806223686102553,2.0313686612623063,10.547938986009799,injection,500,18
injection_electrons,100,0.01,100031,100031,100031,100031,1.0,1.0,18.997438286779666,18.999150179959305,20.282135264340987,6.752855113146072,6.762474804065266,1.9336864294918796,9.8115704372698,injection,500,19
injection_electrons,100,0.01,100031,100031,100031,100031,1.0,1.0,19.99730345976807,19.99901402331926,21.31301389468112,6.570323266085576,6.5794392606987495,1.8444237280027178,8.906565793727701,injection,500,20
injection_electrons,200,0.02,100031,100031,100031,100031,1.0,1.0,2.999595518965177,3.001663623230289,3.372248623577562,12.345986987991076,12.423445169732283,1.5318669239452094,7.456122377741002,injection,500,3
injection_electrons,200,0.02,100031,100031,100031,100031,1.0,1.0,3.9994606919535824,4.001361158294975,4.199352645337091,4.948103388060132,4.997972696310438,1.4258561795171685,7.3412661762502,injection,500,4
injection_electrons,200,0.02,100031,100031,100031,100031,1.0,1.0,4.999325864941988,5.001085563989288,5.129747489443471,2.5726799473422934,2.608784224610572,1.3160125542883576,6.448416819346299,injection,500,5
injection_electrons,200,0.02,100031,100031,100031,100031,1.0,1.0,5.999191037930394,6.000925225128742,6.094211015439611,1.5545234578200784,1.5838798416060618,1.1977120157571906,5.1846598808965005,injection,500,6
injection_electrons,200,0.02,100031,100031,100031,100031,1.0,1.0,6.9990562109187975,7.000834662580753,7.06327359604698,0.8918784184400286,0.9175149219119216,1.0795629493092131,5.0985255378297,injection,500,7
injection_electrons,200,0.02,100031,100031,100031,100031,1.0,1.0,7.998921383907205,8.0007952998364,8.040375839859182,0.49470757017857636,0.518250573575818,0.9692423562013381,5.227964166357703,injection,500,8
injection_electrons,200,0.02,100031,100031,100031,100031,1.0,1.0,8.99878655689561,9.00066900182145,9.022233929677611,0.23959249975527008,0.26056149497217795,0.8664282830493645,4.4147587739426,injection,500,9
injection_electrons,200,0.02,100031,100031,100031,100031,1.0,1.0,9.998651729884015,10.000411327493904,9.99641250157758,-0.03998661440384188,-0.022395302556066365,0.7778980216302268,4.531200650847278,injection,500,10
injection_electrons,200,0.02,100031,100031,100031,100031,1.0,1.0,10.998516902872419,11.000271370054845,10.978324312772816,-0.19951378055793612,-0.1835937543027244,0.7154853012408037,5.0996423892256,injection,500,11
injection_electrons,200,0.02,100031,100031,100031,100031,1.0,1.0,11.998382075860826,12.00020009987798,11.96430860899924,-0.2990907699872869,-0.28398384587317027,0.6666194494190099,4.7934978961611,injection,500,12
injection_electrons,200,0.02,100031,100031,100031,100031,1.0,1.0,12.998247248849232,13.00005733523787,12.95627748407379,-0.33676660060113495,-0.3228878784341971,0.6225938514089592,4.018776638348701,injection,500,13
injection_electrons,200,0.02,100031,100031,100031,100031,1.0,1.0,13.998112421837636,13.999979203870309,13.952875450102788,-0.33645588383802716,-0.32316479802145803,0.5877594797989213,4.2455542025615,injection,500,14
injection_electrons,200,0.02,100031,100031,100031,100031,1.0,1.0,14.997977594826041,14.999636304323195,14.955014297966372,-0.2974872553674013,-0.2864606016913296,0.5574079902755,4.794870077114998,injection,500,15
injection_electrons,200,0.02,100031,100031,100031,100031,1.0,1.0,15.997842767814449,15.999508606234759,15.960719991001623,-0.2424362909372091,-0.2320486415050449,0.5347607528151929,4.8344676585692,injection,500,16
injection_electrons,200,0.02,100031,100031,100031,100031,1.0,1.0,16.99770794080285,16.99939306711336,16.970420808435755,-0.17043113576598046,-0.16053418768064986,0.5114742928390514,4.2089246982636,injection,500,17
injection_electrons,200,0.02,100031,100031,100031,100031,1.0,1.0,17.99757311379126,17.999250587533833,17.982806189526514,-0.09136157045731563,-0.08204953063049025,0.4913269666994977,4.252127009779901,injection,500,18
injection_electrons,200,0.02,100031,100031,100031,100031,1.0,1.0,18.997438286779666,18.999355943024913,18.99933306139296,-0.00012043372428216514,0.009973842708110858,0.474399921922479,4.085948826793899,injection,500,19
injection_electrons,200,0.02,100031,100031,100031,100031,1.0,1.0,19.99730345976807,19.999171713070833,20.018927413637993,0.09878259385236454,0.10813434878071959,0.4601749851177841,4.078725658586098,injection,500,20
injection_electrons,300,0.030000000000000002,100031,100031,100031,100031,1.0,1.0,2.999595518965177,3.004259980966648,3.135563170747089,4.37056681553214,4.53286621220248,0.919615840040644,4.657523882762501,injection,500,3
injection_electrons,300,0.030000000000000002,100031,100031,100031,100031,1.0,1.0,3.9994606919535824,4.003336662902681,4.087567261946333,2.104009883160285,2.2029612685032784,0.8407655046345494,4.4082374919389995,injection,500,4
injection_electrons,300,0.030000000000000002,100031,100031,100031,100031,1.0,1.0,4.999325864941988,5.002602681005152,5.032706577655506,0.6017646927000131,0.6677042788429066,0.7157820931010231,4.2700328571987995,injection,500,5
injection_electrons,300,0.030000000000000002,100031,100031,100031,100031,1.0,1.0,5.999191037930394,6.002125734930494,6.015906684074203,0.22960114053440783,0.27863166947215134,0.6017339272599632,3.9881902786942995,injection,500,6
injection_electrons,300,0.030000000000000002,100031,100031,100031,100031,1.0,1.0,6.9990562109187975,7.001932588823157,6.997961579112639,-0.056713052577184175,-0.015639705885639454,0.518388812524007,2.7544972620313004,injection,500,7
injection_electrons,300,0.030000000000000002,100031,100031,100031,100031,1.0,1.0,7.998921383907205,8.001746719862581,7.98745427285728,-0.1786165884234081,-0.1433582166839975,0.4702364136260105,2.8556926945240004,injection,500,8
injection_electrons,300,0.030000000000000002,100031,100031,100031,100031,1.0,1.0,8.99878655689561,9.00152536488204,8.985629099506381,-0.17659524059862042,-0.14621368454557082,0.44297741701425525,3.0441097789945992,injection,500,9
injection_electrons,300,0.030000000000000002,100031,100031,100031,100031,1.0,1.0,9.998651729884015,10.001144232759604,9.986592052911165,-0.14550514930853353,-0.12061303162311798,0.42252067755569556,3.0151956177741006,injection,500,10
injection_electrons,300,0.030000000000000002,100031,100031,100031,100031,1.0,1.0,10.998516902872419,11.000954997518006,10.985634820577001,-0.1392622453638026,-0.11712563074802729,0.4050781932937727,2.5559451634920993,injection,500,11
injection_electrons,300,0.030000000000000002,100031,100031,100031,100031,1.0,1.0,11.998382075860826,12.000806984429554,11.98816645463353,-0.10533066494964327,-0.08514165628921155,0.39026701320171464,2.6608536053502996,injection,500,12
injection_electrons,300,0.030000000000000002,100031,100031,100031,100031,1.0,1.0,12.998247248849232,13.000548969982821,12.992208501411143,-0.06415474139542798,-0.0464581671857589,0.38062680617373645,2.8350760983301995,injection,500,13
injection_electrons,300,0.030000000000000002,100031,100031,100031,100031,1.0,1.0,13.998112421837636,14.000383787160274,13.995921207024043,-0.03187469860879144,-0.015653644916968634,0.36784491666153085,2.873699830165,injection,500,14
injection_electrons,300,0.030000000000000002,100031,100031,100031,100031,1.0,1.0,14.997977594826041,15.000005086448562,15.000745048421946,0.004933078149771397,0.01845217849143488,0.3555424835999942,2.6055094887958,injection,500,15
injection_electrons,300,0.030000000000000002,100031,100031,100031,100031,1.0,1.0,15.997842767814449,15.999745195218258,16.003539817812445,0.02371676891030905,0.0356113638612543,0.3452720081641981,2.6624697591936908,injection,500,16
injection_electrons,300,0.030000000000000002,100031,100031,100031,100031,1.0,1.0,16.99770794080285,16.999632681586,17.007778700086625,0.04791879126571086,0.05924774868968363,0.3346781518225306,3.2125779109555026,injection,500,17
injection_electrons,300,0.030000000000000002,100031,100031,100031,100031,1.0,1.0,17.99757311379126,17.99931304383852,18.011578081044952,0.06814169616673471,0.07781586531221407,0.3260833525052311,3.2006385569879967,injection,500,18
injection_electrons,300,0.030000000000000002,100031,100031,100031,100031,1.0,1.0,18.997438286779666,18.999224820969516,19.014167361249644,0.07864815760081356,0.08805963318549992,0.31747952310387045,2.8645976437396996,injection,500,19
injection_electrons,300,0.030000000000000002,100031,100031,100031,100031,1.0,1.0,19.99730345976807,19.998959139213834,20.017585439562094,0.09313634883996169,0.10142357360745091,0.30870709460939266,2.885365428124101,injection,500,20
injection_electrons,1000,0.1,100031,100031,100031,100031,1.0,1.0,2.999595518965177,3.000909007606326,3.007564196513883,0.22177243264251967,0.26565840288543807,0.20467792720516492,1.5718608036244002,injection,500,3
injection_electrons,1000,0.1,100031,100031,100031,100031,1.0,1.0,3.9994606919535824,4.000493498296822,4.001943935985995,0.03625646910287994,0.06208947214829674,0.1625375873591953,1.3219601841091002,injection,500,4
injection_electrons,1000,0.1,100031,100031,100031,100031,1.0,1.0,4.999325864941988,5.000220750333594,5.000752152367257,0.010627571465260388,0.028529595065429625,0.14779712726659705,1.3383738614350003,injection,500,5
injection_electrons,1000,0.1,100031,100031,100031,100031,1.0,1.0,5.999191037930394,5.999887389907496,5.999983358046418,0.0015994990019807531,0.013207115943036918,0.14212487530990667,1.3577936691427996,injection,500,6
injection_electrons,1000,0.1,100031,100031,100031,100031,1.0,1.0,6.9990562109187975,6.999433228297832,7.000349088259578,0.01308477317911727,0.01847216684391917,0.13934564556105425,1.4311875228055002,injection,500,7
injection_electrons,1000,0.1,100031,100031,100031,100031,1.0,1.0,7.998921383907205,7.999283731052357,7.998870411307839,-0.005166959423053008,-0.0006372434097068336,0.1357058417741778,1.1812137063236001,injection,500,8
injection_electrons,1000,0.1,100031,100031,100031,100031,1.0,1.0,8.99878655689561,8.998931285200085,8.998771331037727,-0.0017774795393887821,-0.00016919901130174608,0.13429849162947768,1.3872290716442004,injection,500,9
injection_electrons,1000,0.1,100031,100031,100031,100031,1.0,1.0,9.998651729884015,9.998798806214241,9.9988992001442,0.0010040599066396538,0.002475036303595246,0.13210341011206644,1.4207984988823004,injection,500,10
injection_electrons,1000,0.1,100031,100031,100031,100031,1.0,1.0,10.998516902872419,10.998628478663278,10.999222103383609,0.005397261317474644,0.00641177821898431,0.13035950652432737,1.2226530413359011,injection,500,11
injection_electrons,1000,0.1,100031,100031,100031,100031,1.0,1.0,11.998382075860826,11.998216024966691,11.999755696083316,0.012832500376891431,0.01144837873809923,0.12842596600664435,1.448665038231102,injection,500,12
injection_electrons,1000,0.1,100031,100031,100031,100031,1.0,1.0,12.998247248849232,12.997997991648655,12.999969066723908,0.01516445129872146,0.013246538873379343,0.1267530806644638,1.4183950535530006,injection,500,13
injection_electrons,1000,0.1,100031,100031,100031,100031,1.0,1.0,13.998112421837636,13.997806326379015,13.999063427075614,0.00898069788428657,0.006793810546157353,0.12507012056195002,1.0609982342825992,injection,500,14
injection_electrons,1000,0.1,100031,100031,100031,100031,1.0,1.0,14.997977594826041,14.997671345335377,14.999011413607704,0.008935175611402002,0.006893054581036395,0.12319657773078521,1.1254306098036,injection,500,15
injection_electrons,1000,0.1,100031,100031,100031,100031,1.0,1.0,15.997842767814449,15.997695612718044,15.99938783751265,0.010577928444033269,0.00965798777139426,0.1222939289662283,1.1041147440094008,injection,500,16
injection_electrons,1000,0.1,100031,100031,100031,100031,1.0,1.0,16.99770794080285,16.997784859771873,16.99989315960331,0.012403379904091238,0.01285596156888058,0.1207867640172545,1.1959806156579003,injection,500,17
injection_electrons,1000,0.1,100031,100031,100031,100031,1.0,1.0,17.99757311379126,17.997618896564386,18.000007598041986,0.013272319473633942,0.01352673627346146,0.11974253267478463,1.1964619114070008,injection,500,18
injection_electrons,1000,0.1,100031,100031,100031,100031,1.0,1.0,18.997438286779666,18.99739786344846,19.000200472250047,0.01475259307475163,0.01453977862007072,0.11951872449297901,1.1969349548969994,injection,500,19
injection_electrons,1000,0.1,100031,100031,100031,100031,1.0,1.0,19.99730345976807,19.997146216373764,20.000524662553637,0.01689464158194376,0.0161081857463774,0.1187029652803166,1.1973994196900986,injection,500,20
extraction_electrons,0,0.0,100011,100011,100011,100011,1.0,1.0,2.9930929584100356,4.4200791987991686,9.266459242900476,109.64464268916166,209.59476941280576,11.037420562870649,65.2847811398821,extraction,100,3
extraction_electrons,0,0.0,100011,100011,100011,100011,1.0,1.0,3.9907906112133946,5.147396979637507,11.05182237180664,114.70701435164882,176.9331555695514,13.884756503112134,69.6336037781166,extraction,100,4
extraction_electrons,0,0.0,100011,100011,100011,100011,1.0,1.0,4.988488264016753,5.953555360438092,12.979010857908433,118.00437002996765,160.17924010224442,17.10264744486846,73.19274297653709,extraction,100,5
extraction_electrons,0,0.0,100011,100011,100011,100011,1.0,1.0,5.98618591682011,6.810603837898806,14.588679793506786,114.20537944558609,143.7057584949911,19.999342669346376,72.1941396254525,extraction,100,6
extraction_electrons,0,0.0,100011,100011,100011,100011,1.0,1.0,6.983883569623469,7.70160197809706,15.587424111230717,102.39197189832075,123.19135128524348,22.077135460967888,69.99497303765081,extraction,100,7
extraction_electrons,0,0.0,100011,100011,100011,100011,1.0,1.0,7.981581222426829,8.616052084190134,15.766045184362573,82.98456219052098,97.5303482480737,23.004500848745206,66.7762368461767,extraction,100,8
extraction_electrons,0,0.0,100011,100011,100011,100011,1.0,1.0,8.979278875230186,9.547242672992667,15.106308738072395,58.226927454198574,68.23521073327996,22.961904247656804,64.0268317401542,extraction,100,9
extraction_electrons,0,0.0,100011,100011,100011,100011,1.0,1.0,9.976976528033545,10.490615502178484,13.991807319437065,33.37451283512891,40.24095656757891,22.415885359823555,60.6108435367329,extraction,100,10
extraction_electrons,0,0.0,100011,100011,100011,100011,1.0,1.0,10.974674180836905,11.443185249922472,12.729879637646121,11.244197831476743,15.99323522400342,21.655953719177152,56.8376007918059,extraction,100,11
extraction_electrons,0,0.0,100011,100011,100011,100011,1.0,1.0,11.972371833640263,12.402892754990198,11.494124762582402,-7.327064825600149,-3.994589190038944,20.823142593801194,54.584899377837495,extraction,100,12
extraction_electrons,0,0.0,100011,100011,100011,100011,1.0,1.0,12.97006948644362,13.368218755474034,10.392197402988138,-22.2619139237774,-19.875545664191595,19.984947182189135,52.6932841585816,extraction,100,13
extraction_electrons,0,0.0,100011,100011,100011,100011,1.0,1.0,13.967767139246977,14.337909281675849,9.501196094165179,-33.73374103916316,-31.977702667533137,19.172976249922755,50.5555027393149,extraction,100,14
extraction_electrons,0,0.0,100011,100011,100011,100011,1.0,1.0,14.965464792050337,15.31118975208629,8.881885045713071,-41.99088908487446,-40.65079054256214,18.400268966710378,48.8939294885488,extraction,100,15
extraction_electrons,0,0.0,100011,100011,100011,100011,1.0,1.0,15.963162444853696,16.287474790600015,8.576720846144422,-47.341617062122474,-46.271793726502864,17.673712217056217,46.7191995057719,extraction,100,16
extraction_electrons,0,0.0,100011,100011,100011,100011,1.0,1.0,16.96086009765705,17.266255021970988,8.594864387992864,-50.22160638160354,-49.325303442717825,16.993024500947847,45.0112489232689,extraction,100,17
extraction_electrons,0,0.0,100011,100011,100011,100011,1.0,1.0,17.95855775046041,18.247056284719513,8.912973840325721,-51.15390832772494,-50.369211357759426,16.356829553889,42.9222514087321,extraction,100,18
extraction_electrons,0,0.0,100011,100011,100011,100011,1.0,1.0,18.95625540326377,19.229530630102683,9.480311936196271,-50.69920260375254,-49.98847749981249,15.762678591667283,41.385964299037695,extraction,100,19
extraction_electrons,0,0.0,100011,100011,100011,100011,1.0,1.0,19.95395305606713,20.21360535164132,10.2391049205317,-49.345479233370426,-48.68633352117448,15.20801369187278,39.86110723670029,extraction,100,20
extraction_electrons,100,0.01,100011,100011,100011,100011,1.0,1.0,2.9930929584100356,2.9949582053150277,3.383523478228944,12.973979811282366,13.04438336009146,2.410984411389345,11.8158306206986,extraction,100,3
extraction_electrons,100,0.01,100011,100011,100011,100011,1.0,1.0,3.9907906112133946,3.9924349031773354,4.1764336800906285,4.608685711240024,4.651786750114395,2.5580703566815433,12.3540613853436,extraction,100,4
extraction_electrons,100,0.01,100011,100011,100011,100011,1.0,1.0,4.988488264016753,4.990090450475543,4.963939349229372,-0.5240606659480118,-0.4921113068353411,2.588616845512802,12.147613550017399,extraction,100,5
extraction_electrons,100,0.01,100011,100011,100011,100011,1.0,1.0,5.98618591682011,5.987742649118268,6.002793324959834,0.25135809475347326,0.27742887325066246,2.48678868603535,11.654642765212099,extraction,100,6
extraction_electrons,100,0.01,100011,100011,100011,100011,1.0,1.0,6.983883569623469,6.985508557858341,7.258092965354076,3.902141200429732,3.9263168264042303,2.33910177276073,12.006184754609501,extraction,100,7
extraction_electrons,100,0.01,100011,100011,100011,100011,1.0,1.0,7.981581222426829,7.98327606069838,8.647034056329153,8.314356043610328,8.33735591178999,2.200294778903547,9.419410205064299,extraction,100,8
extraction_electrons,100,0.01,100011,100011,100011,100011,1.0,1.0,8.979278875230186,8.98109870192654,10.009197197390735,11.44735771853458,11.469944707939007,2.088223481778453,8.6670865883081,extraction,100,9
extraction_electrons,100,0.01,100011,100011,100011,100011,1.0,1.0,9.976976528033545,9.978854071383525,11.252280071490103,12.761244838306606,12.782465107271545,2.0266044308066014,8.5101851972695,extraction,100,10
extraction_electrons,100,0.01,100011,100011,100011,100011,1.0,1.0,10.974674180836905,10.9766502153055,12.386570043392785,12.844718565608805,12.865036713538336,1.9955499586818017,8.9924580927811,extraction,100,11
extraction_electrons,100,0.01,100011,100011,100011,100011,1.0,1.0,11.972371833640263,11.974443862503815,13.440089426671186,12.239779826074603,12.259204887931174,1.9639763377824455,8.7808375232683,extraction,100,12
extraction_electrons,100,0.01,100011,100011,100011,100011,1.0,1.0,12.97006948644362,12.972305073724009,14.438872022942567,11.305368944715589,11.324554105389684,1.918071767048018,8.396611320355,extraction,100,13
extraction_electrons,100,0.01,100011,100011,100011,100011,1.0,1.0,13.967767139246977,13.970099469394873,15.40241382915236,10.25271411198856,10.27112405013022,1.8569686898652744,7.7291391627561,extraction,100,14
extraction_electrons,100,0.01,100011,100011,100011,100011,1.0,1.0,14.965464792050337,14.96786980475745,16.344641464679416,9.198180354858287,9.215728958593372,1.7839972424684805,7.0952074915883,extraction,100,15
extraction_electrons,100,0.01,100011,100011,100011,100011,1.0,1.0,15.963162444853696,15.965701412871738,17.27417768591623,8.195545182810339,8.212753867484368,1.7030934768578867,6.469735758053501,extraction,100,16
extraction_electrons,100,0.01,100011,100011,100011,100011,1.0,1.0,16.96086009765705,16.963583413786743,18.19746150672654,7.2736877748188045,7.290912146845141,1.6179577276075836,5.9465118472526,extraction,100,17
extraction_electrons,100,0.01,100011,100011,100011,100011,1.0,1.0,17.95855775046041,17.96139592966978,19.11847740835781,6.442046504730103,6.458868657577255,1.5316736114471527,5.671255556658801,extraction,100,18
extraction_electrons,100,0.01,100011,100011,100011,100011,1.0,1.0,18.95625540326377,18.95915369963183,20.039752831173487,5.699616916775363,5.715777746501383,1.4461518782671594,5.341197212800299,extraction,100,19
extraction_electrons,100,0.01,100011,100011,100011,100011,1.0,1.0,19.95395305606713,19.957040553959974,20.962722439431044,5.039233561468692,5.055486401764342,1.3625867208647306,5.1062199050704,extraction,100,20
extraction_electrons,200,0.02,100011,100011,100011,100011,1.0,1.0,2.9930929584100356,2.9950385336329104,3.13841627341305,4.787175128802956,4.8552890612596045,1.147064018725197,5.1843205309411,extraction,100,3
extraction_electrons,200,0.02,100011,100011,100011,100011,1.0,1.0,3.9907906112133946,3.9925117524459215,4.075643917572151,2.08220213942516,2.1262279739842516,1.0532529942684175,4.9258168933972,extraction,100,4
extraction_electrons,200,0.02,100011,100011,100011,100011,1.0,1.0,4.988488264016753,4.990152379856644,5.04122667345495,1.023501683124417,1.0572022353668276,0.9548239269275741,4.436160272194,extraction,100,5
extraction_electrons,200,0.02,100011,100011,100011,100011,1.0,1.0,5.98618591682011,5.987801515124968,6.04223501954128,0.9090732930745249,0.9363074167757057,0.8545367754461028,4.6890318895937995,extraction,100,6
extraction_electrons,200,0.02,100011,100011,100011,100011,1.0,1.0,6.983883569623469,6.985555039080844,7.044660378193548,0.8461079868677279,0.870243725631803,0.7641238687842465,4.586067124487201,extraction,100,7
extraction_electrons,200,0.02,100011,100011,100011,100011,1.0,1.0,7.981581222426829,7.983311128637077,8.046796007171407,0.7952198969999102,0.817065978873166,0.6923073043171897,4.2544711341171,extraction,100,8
extraction_electrons,200,0.02,100011,100011,100011,100011,1.0,1.0,8.979278875230186,8.981103881464778,9.051342315305128,0.7820690503904437,0.8025526445529119,0.634965272201228,4.0765223873283,extraction,100,9
extraction_electrons,200,0.02,100011,100011,100011,100011,1.0,1.0,9.976976528033545,9.978822246867573,10.064996402887335,0.863570408289549,0.8822299481858975,0.591923870190829,4.209354828375702,extraction,100,10
extraction_electrons,200,0.02,100011,100011,100011,100011,1.0,1.0,10.974674180836905,10.97659794010222,11.080805770528324,0.9493636461383792,0.9670591394570716,0.5544595653339156,4.176714523430201,extraction,100,11
extraction_electrons,200,0.02,100011,100011,100011,100011,1.0,1.0,11.972371833640263,11.974379795414233,12.092985511359585,0.9904956913991736,1.0074334425566267,0.5213809171158308,4.025168006237399,extraction,100,12
extraction_electrons,200,0.02,100011,100011,100011,100011,1.0,1.0,12.97006948644362,12.972165632535503,13.100450393844783,0.9889232449170171,1.0052444787395975,0.49319834749492425,4.2380548750034,extraction,100,13
extraction_electrons,200,0.02,100011,100011,100011,100011,1.0,1.0,13.967767139246977,13.969935206310524,14.103629742785484,0.9570161529064869,0.9726866304690773,0.4692509210572303,4.597829701379,extraction,100,14
extraction_electrons,200,0.02,100011,100011,100011,100011,1.0,1.0,14.965464792050337,14.967656417639262,15.103407007808189,0.9069595558657051,0.9217369301562028,0.4484662699381478,4.7688188346791005,extraction,100,15
extraction_electrons,200,0.02,100011,100011,100011,100011,1.0,1.0,15.963162444853696,15.965432448456681,16.10058197067223,0.8465133822830762,0.8608540212083016,0.42958295435385774,4.6741749878926,extraction,100,16
extraction_electrons,200,0.02,100011,100011,100011,100011,1.0,1.0,16.96086009765705,16.9632404266336,17.09580354576128,0.7814728542050675,0.7956167748997212,0.4124504476602277,4.486948118515,extraction,100,17
extraction_electrons,200,0.02,100011,100011,100011,100011,1.0,1.0,17.95855775046041,17.96100895029455,18.089628518903996,0.7161043623183483,0.7298513069081247,0.3962374937866209,4.2153315696188,extraction,100,18
extraction_electrons,200,0.02,100011,100011,100011,100011,1.0,1.0,18.95625540326377,18.95869962905045,19.082424231623918,0.6526006793413419,0.6655788586728217,0.38104506204933924,3.8830641786439,extraction,100,19
extraction_electrons,200,0.02,100011,100011,100011,100011,1.0,1.0,19.95395305606713,19.95649572339189,20.074526980492262,0.5914428000604488,0.6042608403775462,0.36662747313996064,3.4729335110047,extraction,100,20
extraction_electrons,300,0.030000000000000002,100011,100011,100011,100011,1.0,1.0,2.9930929584100356,2.995111666292577,3.040988143193579,1.531711736069874,1.6001903532252948,0.6203124742078585,2.9570532985055,extraction,100,3
extraction_electrons,300,0.030000000000000002,100011,100011,100011,100011,1.0,1.0,3.9907906112133946,3.992567778425373,4.009408031690207,0.4217900408813202,0.4665095789416096,0.5339508085023195,2.8178867837683983,extraction,100,4
extraction_electrons,300,0.030000000000000002,100011,100011,100011,100011,1.0,1.0,4.988488264016753,4.990179134487103,4.9856447671768205,-0.09086582240996899,-0.05700117329017207,0.4821596009014013,2.9266839484497,extraction,100,5
extraction_electrons,300,0.030000000000000002,100011,100011,100011,100011,1.0,1.0,5.98618591682011,5.987815039253918,5.9695196197562,-0.3055441655725799,-0.2784126202475701,0.44461686933182376,2.8309820950131996,extraction,100,6
extraction_electrons,300,0.030000000000000002,100011,100011,100011,100011,1.0,1.0,6.983883569623469,6.9855357208253945,6.961556825236767,-0.34326494841535604,-0.31968952752610136,0.4168752078919043,2.8376864386394995,extraction,100,7
extraction_electrons,300,0.030000000000000002,100011,100011,100011,100011,1.0,1.0,7.981581222426829,7.9832632532866175,7.958377885612965,-0.31171924166985,-0.29071102789340886,0.39342575847439754,2.8231709389140995,extraction,100,8
extraction_electrons,300,0.030000000000000002,100011,100011,100011,100011,1.0,1.0,8.979278875230186,8.981008019220534,8.961698100598905,-0.21500836632483145,-0.19579272317489238,0.3756717187335292,3.210621179551,extraction,100,9
extraction_electrons,300,0.030000000000000002,100011,100011,100011,100011,1.0,1.0,9.976976528033545,9.978679855685334,9.967765711122356,-0.10937463392775015,-0.09232072347076237,0.35964559900064924,2.9455172027231007,extraction,100,10
extraction_electrons,300,0.030000000000000002,100011,100011,100011,100011,1.0,1.0,10.974674180836905,10.97642485024379,10.977763000410015,0.012191129484162566,0.028144977447297492,0.3476002310575968,2.9957417659627996,extraction,100,11
extraction_electrons,300,0.030000000000000002,100011,100011,100011,100011,1.0,1.0,11.972371833640263,11.974181510506714,11.989729673115326,0.129847393702609,0.1449824622577367,0.33877633368014637,2.8586571085428005,extraction,100,12
extraction_electrons,300,0.030000000000000002,100011,100011,100011,100011,1.0,1.0,12.97006948644362,12.97188773881633,13.000627399174903,0.22155341564185083,0.2356033077788977,0.33017179792562984,2.7986451574733024,extraction,100,13
extraction_electrons,300,0.030000000000000002,100011,100011,100011,100011,1.0,1.0,13.967767139246977,13.969639131048156,14.00854833992544,0.27852694341119477,0.29196649881049197,0.3210583142012439,2.6378080476627996,extraction,100,14
extraction_electrons,300,0.030000000000000002,100011,100011,100011,100011,1.0,1.0,14.965464792050337,14.96732062298612,15.013191473739056,0.306473362256221,0.31891212436028216,0.3118551332201136,2.7616799815638,extraction,100,15
extraction_electrons,300,0.030000000000000002,100011,100011,100011,100011,1.0,1.0,15.963162444853696,15.965038319796735,16.014587978610905,0.31036354452547155,0.3221512901022239,0.30245644014175815,2.7710870829989003,extraction,100,16
extraction_electrons,300,0.030000000000000002,100011,100011,100011,100011,1.0,1.0,16.96086009765705,16.962794655850473,17.0133270968451,0.29790162540932474,0.3093416187973652,0.29302137531097433,2.9921965478911003,extraction,100,17
extraction_electrons,300,0.030000000000000002,100011,100011,100011,100011,1.0,1.0,17.95855775046041,17.96053487776833,18.010120834733524,0.27608285222380236,0.2871226352895162,0.2834064148227156,3.0217968450933,extraction,100,18
extraction_electrons,300,0.030000000000000002,100011,100011,100011,100011,1.0,1.0,18.95625540326377,18.958182455148386,19.00554351237234,0.2498185537353148,0.2600097332518647,0.273890011003404,2.9978521558311004,extraction,100,19
extraction_electrons,300,0.030000000000000002,100011,100011,100011,100011,1.0,1.0,19.95395305606713,19.955906815895652,20.00005367959377,0.22122203769237014,0.23103504051102952,0.2642576162795384,2.7499981090492,extraction,100,20
extraction_electrons,1000,0.1,100011,100011,100011,100011,1.0,1.0,2.9930929584100356,2.9942425433407185,2.994316034684264,0.0024544218606648016,0.040863290623560644,0.12361838319636309,0.7133101442692,extraction,100,3
extraction_electrons,1000,0.1,100011,100011,100011,100011,1.0,1.0,3.9907906112133946,3.9916404666215586,3.9914072239725433,-0.005843277994743712,0.015450892297286245,0.12511783110041352,0.8433334912107,extraction,100,4
extraction_electrons,1000,0.1,100011,100011,100011,100011,1.0,1.0,4.988488264016753,4.989139828302883,4.989470566142879,0.006629155553428134,0.01969137891357775,0.12450046334141195,0.8342715749108001,extraction,100,5
extraction_electrons,1000,0.1,100011,100011,100011,100011,1.0,1.0,5.98618591682011,5.986702407156195,5.986287910709912,-0.0069236186817644985,0.0017038209507491686,0.12130401176053572,0.8668558596557006,extraction,100,6
extraction_electrons,1000,0.1,100011,100011,100011,100011,1.0,1.0,6.983883569623469,6.98424355940838,6.98406319966866,-0.0025823804422953067,0.002572065290040726,0.11683832266700775,0.8887850651559,extraction,100,7
extraction_electrons,1000,0.1,100011,100011,100011,100011,1.0,1.0,7.981581222426829,7.981898928529661,7.981811547857204,-0.001094735391171664,0.0028857117901237572,0.11245638868589346,0.8109926675964001,extraction,100,8
extraction_electrons,1000,0.1,100011,100011,100011,100011,1.0,1.0,8.979278875230186,8.97956068913965,8.979087883108285,-0.005265358158734745,-0.002127031853615957,0.10870004418560296,0.8372365351084996,extraction,100,9
extraction_electrons,1000,0.1,100011,100011,100011,100011,1.0,1.0,9.976976528033545,9.977210832273157,9.976611667234526,-0.006005336047354426,-0.0036570277377467875,0.1053476449279245,0.9111677137444993,extraction,100,10
extraction_electrons,1000,0.1,100011,100011,100011,100011,1.0,1.0,10.974674180836905,10.974979350799789,10.974248625329917,-0.006658103368717416,-0.003877614040981303,0.10291802996552994,0.7577302921650997,extraction,100,11
extraction_electrons,1000,0.1,100011,100011,100011,100011,1.0,1.0,11.972371833640263,11.97267200333431,11.971699958750907,-0.00811886087860314,-0.005611877902655937,0.10061430561817904,0.7268382978152985,extraction,100,12
extraction_electrons,1000,0.1,100011,100011,100011,100011,1.0,1.0,12.97006948644362,12.970366321505534,12.969009294290764,-0.010462520341614212,-0.008174143970196557,0.09879340326443858,0.796900483712399,extraction,100,13
extraction_electrons,1000,0.1,100011,100011,100011,100011,1.0,1.0,13.967767139246977,13.96810676561891,13.96648365449374,-0.01162012255780942,-0.009188904285428734,0.09665174581389936,0.7870004851566996,extraction,100,14
extraction_electrons,1000,0.1,100011,100011,100011,100011,1.0,1.0,14.965464792050337,14.965788252442895,14.964069986702441,-0.011481291272263938,-0.009320160564851854,0.09441172272646198,0.7496206356743995,extraction,100,15
extraction_electrons,1000,0.1,100011,100011,100011,100011,1.0,1.0,15.963162444853696,15.96347000243085,15.961620886693323,-0.011583419753002921,-0.009656972205218661,0.09272804397219038,0.7496415925573015,extraction,100,16
extraction_electrons,1000,0.1,100011,100011,100011,100011,1.0,1.0,16.96086009765705,16.961133411848873,16.95927995996711,-0.010927641666147458,-0.009316377122647879,0.0915220331751011,0.7443452726847024,extraction,100,17
extraction_electrons,1000,0.1,100011,100011,100011,100011,1.0,1.0,17.95855775046041,17.958854658866766,17.957101981849885,-0.009759403092091112,-0.008106266832530462,0.0903099584419926,0.6905340296546001,extraction,100,18
extraction_electrons,1000,0.1,100011,100011,100011,100011,1.0,1.0,18.95625540326377,18.95655591882046,18.95511118228698,-0.0076213028340488265,-0.006036112894924894,0.08892168089079146,0.8795017088602002,extraction,100,19
extraction_electrons,1000,0.1,100011,100011,100011,100011,1.0,1.0,19.95395305606713,19.95425724979482,19.953035293698488,-0.006123786423306576,-0.004599401261817793,0.08714617249856393,0.8597307684624997,extraction,100,20
extraction_electrons,0,0.0,100011,100011,100011,100011,1.0,1.0,2.9930929584100356,4.4200791987991686,8.654165123739098,95.79208277739075,189.13786654779634,10.02805205737547,60.141486099526205,extraction,200,3
extraction_electrons,0,0.0,100011,100011,100011,100011,1.0,1.0,3.9907906112133946,5.147396979637507,10.493421762395064,103.85880094163707,162.94092536226935,12.290404532404963,66.6359047369059,extraction,200,4
extraction_electrons,0,0.0,100011,100011,100011,100011,1.0,1.0,4.988488264016753,5.953555360438092,12.070176024227985,102.73895669863732,141.96059778857787,14.563387531924363,83.6677723067721,extraction,200,5
extraction_electrons,0,0.0,100011,100011,100011,100011,1.0,1.0,5.98618591682011,6.810603837898806,13.634777878832624,100.19925109957941,127.77070522519756,16.984605981370223,91.4930593810147,extraction,200,6
extraction_electrons,0,0.0,100011,100011,100011,100011,1.0,1.0,6.983883569623469,7.70160197809706,14.999075912391314,94.75267554786491,114.7669811912397,19.39080277819154,102.1716006483442,extraction,200,7
extraction_electrons,0,0.0,100011,100011,100011,100011,1.0,1.0,7.981581222426829,8.616052084190134,16.25700076210165,88.68271225904188,103.68145495309071,21.86722280024966,102.5471677789607,extraction,200,8
extraction_electrons,0,0.0,100011,100011,100011,100011,1.0,1.0,8.979278875230186,9.547242672992667,17.51514241039687,83.45760142814716,95.06179342211225,24.395657473946148,106.0866729458294,extraction,200,9
extraction_electrons,0,0.0,100011,100011,100011,100011,1.0,1.0,9.976976528033545,10.490615502178484,18.602880449503868,77.32877966636742,86.4580957691246,26.735862211557713,104.81083267323609,extraction,200,10
extraction_electrons,0,0.0,100011,100011,100011,100011,1.0,1.0,10.974674180836905,11.443185249922472,19.497657095605422,70.3866246134355,77.66046421360433,28.816860020664972,103.7159075607453,extraction,200,11
extraction_electrons,0,0.0,100011,100011,100011,100011,1.0,1.0,11.972371833640263,12.402892754990198,20.11877678498263,62.21035836085909,68.04336738399985,30.55897743472594,102.40493634781438,extraction,200,12
extraction_electrons,0,0.0,100011,100011,100011,100011,1.0,1.0,12.97006948644362,13.368218755474034,20.43450136072804,52.85881937233032,57.55120959133087,31.870788881069892,98.6363341109975,extraction,200,13
extraction_electrons,0,0.0,100011,100011,100011,100011,1.0,1.0,13.967767139246977,14.337909281675849,20.40250472808896,42.297627410460706,46.06847697769459,32.67062112193689,96.8507604016181,extraction,200,14
extraction_electrons,0,0.0,100011,100011,100011,100011,1.0,1.0,14.965464792050337,15.31118975208629,20.029588442690628,30.816669161594135,33.838732849315555,32.93196895049824,93.4414342619862,extraction,200,15
extraction_electrons,0,0.0,100011,100011,100011,100011,1.0,1.0,15.963162444853696,16.287474790600015,19.296470309645073,18.474291182213463,20.881250042443746,32.71701181807326,90.36082827911929,extraction,200,16
extraction_electrons,0,0.0,100011,100011,100011,100011,1.0,1.0,16.96086009765705,17.266255021970988,18.307332104578464,6.029547700313276,7.938701216617039,32.181272898803876,86.7088878182025,extraction,200,17
extraction_electrons,0,0.0,100011,100011,100011,100011,1.0,1.0,17.95855775046041,18.247056284719513,17.200878302236536,-5.733406891275217,-4.219043971971804,31.458835098207558,82.9247553226798,extraction,200,18
extraction_electrons,0,0.0,100011,100011,100011,100011,1.0,1.0,18.95625540326377,19.229530630102683,16.08652460128,-16.344684065780022,-15.13870087174326,30.639560392166132,79.6209692399476,extraction,200,19
extraction_electrons,0,0.0,100011,100011,100011,100011,1.0,1.0,19.95395305606713,20.21360535164132,15.043952659575384,-25.57511439514756,-24.606655045722025,29.77901103688519,77.61203820786389,extraction,200,20
extraction_electrons,100,0.01,100011,100011,100011,100011,1.0,1.0,2.9930929584100356,2.9949582053150277,3.7569366595315614,25.442039653985237,25.52021309512846,2.7839623482863605,13.1124737677724,extraction,200,3
extraction_electrons,100,0.01,100011,100011,100011,100011,1.0,1.0,3.9907906112133946,3.9924349031773354,4.7136558647713045,18.06468932079501,18.113334523910886,3.1482778332512003,15.612521105817398,extraction,200,4
extraction_electrons,100,0.01,100011,100011,100011,100011,1.0,1.0,4.988488264016753,4.990090450475543,5.6420875565172635,13.065837433459503,13.102151551905816,3.3411415129927144,17.547744356714897,extraction,200,5
extraction_electrons,100,0.01,100011,100011,100011,100011,1.0,1.0,5.98618591682011,5.987742649118268,6.567842412241346,9.688121168809772,9.71664601640394,3.4782517629365803,16.626677911693697,extraction,200,6
extraction_electrons,100,0.01,100011,100011,100011,100011,1.0,1.0,6.983883569623469,6.985508557858341,7.418984840075306,6.205364700746463,6.2300762335775195,3.479068092257929,15.1038084852442,extraction,200,7
extraction_electrons,100,0.01,100011,100011,100011,100011,1.0,1.0,7.981581222426829,7.98327606069838,8.288710955986497,3.825934277680454,3.847981057897254,3.4531034969549497,15.179175391508702,extraction,200,8
extraction_electrons,100,0.01,100011,100011,100011,100011,1.0,1.0,8.979278875230186,8.98109870192654,9.21898391407019,2.648731742505195,2.6695355180608393,3.392968699696149,14.812246861194001,extraction,200,9
extraction_electrons,100,0.01,100011,100011,100011,100011,1.0,1.0,9.976976528033545,9.978854071383525,10.310907794200489,3.3275736917448118,3.3470186607000185,3.2948720432362513,13.323259648658198,extraction,200,10
extraction_electrons,100,0.01,100011,100011,100011,100011,1.0,1.0,10.974674180836905,10.9766502153055,11.417134552587802,4.012921325197216,4.031649272317228,3.183861171586997,12.6560061836486,extraction,200,11
extraction_electrons,100,0.01,100011,100011,100011,100011,1.0,1.0,11.972371833640263,11.974443862503815,12.575239148964725,5.017312648165739,5.035487735441957,3.0735206290071324,13.733024312071999,extraction,200,12
extraction_electrons,100,0.01,100011,100011,100011,100011,1.0,1.0,12.97006948644362,12.972305073724009,13.73945411316353,5.913744975003832,5.93200080789138,2.9620432965594023,13.147613968659702,extraction,200,13
extraction_electrons,100,0.01,100011,100011,100011,100011,1.0,1.0,13.967767139246977,13.970099469394873,14.905835493201083,6.698134296439218,6.71595069277966,2.855880607912268,11.566900721358802,extraction,200,14
extraction_electrons,100,0.01,100011,100011,100011,100011,1.0,1.0,14.965464792050337,14.96786980475745,16.054264614001767,7.258179175897239,7.27541601333892,2.751484305562419,10.9977681475816,extraction,200,15
extraction_electrons,100,0.01,100011,100011,100011,100011,1.0,1.0,15.963162444853696,15.965701412871738,17.185126971486405,7.6377825632612195,7.654902534846109,2.649673098353336,10.380159587200605,extraction,200,16
extraction_electrons,100,0.01,100011,100011,100011,100011,1.0,1.0,16.96086009765705,16.963583413786743,18.292640767459527,7.834767697682454,7.852082159361995,2.5493474979331134,9.437056063099199,extraction,200,17
extraction_electrons,100,0.01,100011,100011,100011,100011,1.0,1.0,17.95855775046041,17.96139592966978,19.366615851330963,7.823556293528111,7.840596780854803,2.449829060700831,9.023024107058099,extraction,200,18
extraction_electrons,100,0.01,100011,100011,100011,100011,1.0,1.0,18.95625540326377,18.95915369963183,20.406198741568733,7.632434785129694,7.64889113097369,2.354464224126842,9.1275402666911,extraction,200,19
extraction_electrons,100,0.01,100011,100011,100011,100011,1.0,1.0,19.95395305606713,19.957040553959974,21.415320933029555,7.307097338038049,7.323701087479928,2.2644582837353555,9.6622018288294,extraction,200,20
extraction_electrons,200,0.02,100011,100011,100011,100011,1.0,1.0,2.9930929584100356,2.9950385336329104,3.2783696141380076,9.460014531479954,9.531165910714456,1.5435512718554028,7.943350927164701,extraction,200,3
extraction_electrons,200,0.02,100011,100011,100011,100011,1.0,1.0,3.9907906112133946,3.9925117524459215,4.203281047132061,5.27911519751989,5.3245197911814035,1.529690601994018,7.844455864773399,extraction,200,4
extraction_electrons,200,0.02,100011,100011,100011,100011,1.0,1.0,4.988488264016753,4.990152379856644,5.108930516968653,2.3802507031943865,2.4144038549851032,1.4667855888061858,7.646953280895802,extraction,200,5
extraction_electrons,200,0.02,100011,100011,100011,100011,1.0,1.0,5.98618591682011,5.987801515124968,6.103791718045085,1.937108346479599,1.9646199242580042,1.3638895320418538,6.133019571858199,extraction,200,6
extraction_electrons,200,0.02,100011,100011,100011,100011,1.0,1.0,6.983883569623469,6.985555039080844,7.048602874273783,0.9025458226328054,0.9266950687982778,1.2346497757192134,5.075014782177998,extraction,200,7
extraction_electrons,200,0.02,100011,100011,100011,100011,1.0,1.0,7.981581222426829,7.983311128637077,8.033171442880699,0.6245568216020958,0.6463659144244405,1.1694822084740115,4.868769145594602,extraction,200,8
extraction_electrons,200,0.02,100011,100011,100011,100011,1.0,1.0,8.979278875230186,8.981103881464778,9.000555750980535,0.21658662200647605,0.23695528389302556,1.0966489088803557,5.0541411726477,extraction,200,9
extraction_electrons,200,0.02,100011,100011,100011,100011,1.0,1.0,9.976976528033545,9.978822246867573,9.982982619763439,0.041692023296358016,0.060199517489278875,1.030617885455597,4.779648046785901,extraction,200,10
extraction_electrons,200,0.02,100011,100011,100011,100011,1.0,1.0,10.974674180836905,10.97659794010222,10.963332361399564,-0.12085328054324274,-0.10334538639101831,0.9739966241693626,4.966972485341202,extraction,200,11
extraction_electrons,200,0.02,100011,100011,100011,100011,1.0,1.0,11.972371833640263,11.974379795414233,11.954968104439674,-0.16211019949436967,-0.1453657591195756,0.9242404829457256,4.975448612197001,extraction,200,12
extraction_electrons,200,0.02,100011,100011,100011,100011,1.0,1.0,12.97006948644362,12.972165632535503,12.946058114294583,-0.20125797789259936,-0.18512909413579415,0.8778980739315347,4.768360024237001,extraction,200,13
extraction_electrons,200,0.02,100011,100011,100011,100011,1.0,1.0,13.967767139246977,13.969935206310524,13.942160301410214,-0.19881913903053716,-0.1833280694149897,0.8317068380253237,4.772054037857398,extraction,200,14
extraction_electrons,200,0.02,100011,100011,100011,100011,1.0,1.0,14.965464792050337,14.967656417639262,14.94409255894402,-0.15743185197297782,-0.1428103530581315,0.7936362287777865,4.401648737106901,extraction,200,15
extraction_electrons,200,0.02,100011,100011,100011,100011,1.0,1.0,15.963162444853696,15.965432448456681,15.951467738789095,-0.08746840846729498,-0.0732605842044265,0.7603809927028076,5.2239141142919,extraction,200,16
extraction_electrons,200,0.02,100011,100011,100011,100011,1.0,1.0,16.96086009765705,16.9632404266336,16.961169945876403,-0.012205691277866748,0.0018268426103862367,0.7296442355465329,4.580809869145099,extraction,200,17
extraction_electrons,200,0.02,100011,100011,100011,100011,1.0,1.0,17.95855775046041,17.96100895029455,17.97378322250911,0.0711222417956181,0.08478115147252385,0.7010604859201752,4.494230158189705,extraction,200,18
extraction_electrons,200,0.02,100011,100011,100011,100011,1.0,1.0,18.95625540326377,18.95869962905045,18.98991831926832,0.1646668327928591,0.1775820977741871,0.6767742509863143,4.6981272841468,extraction,200,19
extraction_electrons,200,0.02,100011,100011,100011,100011,1.0,1.0,19.95395305606713,19.95649572339189,20.00781447704875,0.2571531313321218,0.26992857420420346,0.6555590659423921,4.619451372917201,extraction,200,20
extraction_electrons,300,0.030000000000000002,100011,100011,100011,100011,1.0,1.0,2.9930929584100356,2.995111666292577,3.11177482083722,3.8951186981636354,3.9651913280444706,0.9357663336432649,4.9775076184438,extraction,200,3
extraction_electrons,300,0.030000000000000002,100011,100011,100011,100011,1.0,1.0,3.9907906112133946,3.992567778425373,4.077572028140646,2.1290621583085034,2.1745419737986715,0.8750157026627445,4.786861012424501,extraction,200,4
extraction_electrons,300,0.030000000000000002,100011,100011,100011,100011,1.0,1.0,4.988488264016753,4.990179134487103,5.028079754205666,0.7595041920766432,0.7936570779267349,0.7471080843129535,4.399097614649,extraction,200,5
extraction_electrons,300,0.030000000000000002,100011,100011,100011,100011,1.0,1.0,5.98618591682011,5.987815039253918,5.999450600418513,0.19432065099400653,0.22158823302047548,0.6973557620548211,3.6692808215628006,extraction,200,6
extraction_electrons,300,0.030000000000000002,100011,100011,100011,100011,1.0,1.0,6.983883569623469,6.9855357208253945,6.983373956609659,-0.03094629105239166,-0.007296986107074854,0.6529372200446412,3.4464318049328995,extraction,200,7
extraction_electrons,300,0.030000000000000002,100011,100011,100011,100011,1.0,1.0,7.981581222426829,7.9832632532866175,7.969324629768018,-0.1745980694406124,-0.15356095887832932,0.6316743789799912,3.141955425147298,extraction,200,8
extraction_electrons,300,0.030000000000000002,100011,100011,100011,100011,1.0,1.0,8.979278875230186,8.981008019220534,8.961927157972825,-0.21245790235208117,-0.19324176805808335,0.6158666694563633,3.199810371301899,extraction,200,9
extraction_electrons,300,0.030000000000000002,100011,100011,100011,100011,1.0,1.0,9.976976528033545,9.978679855685334,9.95445960680051,-0.24271997132991885,-0.22568882636704313,0.6002081300651912,3.1828659155067,extraction,200,10
extraction_electrons,300,0.030000000000000002,100011,100011,100011,100011,1.0,1.0,10.974674180836905,10.97642485024379,10.950146760947959,-0.23940481217112897,-0.2234910985491778,0.5861843591017509,3.3825793832680997,extraction,200,11
extraction_electrons,300,0.030000000000000002,100011,100011,100011,100011,1.0,1.0,11.972371833640263,11.974181510506714,11.947467914425124,-0.2230932950043396,-0.20801157499271694,0.5661883550205977,2.7191345801752007,extraction,200,12
extraction_electrons,300,0.030000000000000002,100011,100011,100011,100011,1.0,1.0,12.97006948644362,12.97188773881633,12.948067133681073,-0.18363252608158964,-0.16963943628477418,0.5485285279304315,3.3681512311972,extraction,200,13
extraction_electrons,300,0.030000000000000002,100011,100011,100011,100011,1.0,1.0,13.967767139246977,13.969639131048156,13.947759557386624,-0.15662232543218746,-0.14324108972388894,0.5302500192562102,2.6488514008868,extraction,200,14
extraction_electrons,300,0.030000000000000002,100011,100011,100011,100011,1.0,1.0,14.965464792050337,14.96732062298612,14.94779911434549,-0.1304275436623592,-0.11804296057835728,0.5108993638054177,3.3067138304998,extraction,200,15
extraction_electrons,300,0.030000000000000002,100011,100011,100011,100011,1.0,1.0,15.963162444853696,15.965038319796735,15.947323055714419,-0.11096286602926275,-0.09922463167305606,0.49298602784890394,2.6739236717781,extraction,200,16
extraction_electrons,300,0.030000000000000002,100011,100011,100011,100011,1.0,1.0,16.96086009765705,16.962794655850473,16.947834694939072,-0.0881927843549124,-0.07679682895196382,0.4763542251862246,2.7639471559567994,extraction,200,17
extraction_electrons,300,0.030000000000000002,100011,100011,100011,100011,1.0,1.0,17.95855775046041,17.96053487776833,17.948942700211365,-0.06454249628897735,-0.05354021398962239,0.46162446984237687,2.7466989567143,extraction,200,18
extraction_electrons,300,0.030000000000000002,100011,100011,100011,100011,1.0,1.0,18.95625540326377,18.958182455148386,18.949376452178665,-0.04644961609876486,-0.03628855456295765,0.44752102214638406,3.2958417935184,extraction,200,19
extraction_electrons,300,0.030000000000000002,100011,100011,100011,100011,1.0,1.0,19.95395305606713,19.955906815895652,19.949805499903164,-0.030573985180304408,-0.020785636571929444,0.43314827584574866,2.9817510381843,extraction,200,20
extraction_electrons,1000,0.1,100011,100011,100011,100011,1.0,1.0,2.9930929584100356,2.9942425433407185,2.995589074641515,0.04497068227793388,0.08339588065469083,0.15231492273498715,1.0382708721371001,extraction,200,3
extraction_electrons,1000,0.1,100011,100011,100011,100011,1.0,1.0,3.9907906112133946,3.9916404666215586,3.992198143622405,0.013971123038514222,0.03526951288939095,0.1522083726374508,0.9260145498525999,extraction,200,4
extraction_electrons,1000,0.1,100011,100011,100011,100011,1.0,1.0,4.988488264016753,4.989139828302883,4.989187523212808,0.0009559746081633236,0.014017456973869358,0.15793673428814034,0.9389256269718,extraction,200,5
extraction_electrons,1000,0.1,100011,100011,100011,100011,1.0,1.0,5.98618591682011,5.986702407156195,5.9866667752543234,-0.0005951841172024963,0.00803280153498509,0.16298206133198345,0.932609494948,extraction,200,6
extraction_electrons,1000,0.1,100011,100011,100011,100011,1.0,1.0,6.983883569623469,6.98424355940838,6.9843144170725635,0.0010145359848889868,0.006169167123126762,0.16651843508387829,0.9492784616348999,extraction,200,7
extraction_electrons,1000,0.1,100011,100011,100011,100011,1.0,1.0,7.981581222426829,7.981898928529661,7.98184227938149,-0.0007097201891292926,0.0032707423176736583,0.16815609691191807,0.9256131441287998,extraction,200,8
extraction_electrons,1000,0.1,100011,100011,100011,100011,1.0,1.0,8.979278875230186,8.97956068913965,8.978902344397348,-0.007331591879522481,-0.00419333042297465,0.16758994298915497,0.8778431749164994,extraction,200,9
extraction_electrons,1000,0.1,100011,100011,100011,100011,1.0,1.0,9.976976528033545,9.977210832273157,9.976574820346173,-0.0063746465588043755,-0.004026346922270108,0.16595386271563414,0.8356584167173988,extraction,200,10
extraction_electrons,1000,0.1,100011,100011,100011,100011,1.0,1.0,10.974674180836905,10.974979350799789,10.973972298528063,-0.009175892177437639,-0.00639547286122033,0.1630114481934686,0.7990732169225998,extraction,200,11
extraction_electrons,1000,0.1,100011,100011,100011,100011,1.0,1.0,11.972371833640263,11.97267200333431,11.971216733568765,-0.01215492886750269,-0.009648047083310463,0.1591872053010846,0.8236034511670001,extraction,200,12
extraction_electrons,1000,0.1,100011,100011,100011,100011,1.0,1.0,12.97006948644362,12.970366321505534,12.96868938201501,-0.01292900639008332,-0.010640686467044969,0.1545546649199732,0.8759263212615984,extraction,200,13
extraction_electrons,1000,0.1,100011,100011,100011,100011,1.0,1.0,13.967767139246977,13.96810676561891,13.966120974940477,-0.01421660581317763,-0.011785450674317577,0.14986173276831125,0.7469749362105,extraction,200,14
extraction_electrons,1000,0.1,100011,100011,100011,100011,1.0,1.0,14.965464792050337,14.965788252442895,14.963594721022487,-0.014656972178195282,-0.012495910109278086,0.14540452920411326,0.8409665376070006,extraction,200,15
extraction_electrons,1000,0.1,100011,100011,100011,100011,1.0,1.0,15.963162444853696,15.96347000243085,15.96099853663857,-0.01548200856018589,-0.013555636125373027,0.14105622969863407,0.7757276596003031,extraction,200,16
extraction_electrons,1000,0.1,100011,100011,100011,100011,1.0,1.0,16.96086009765705,16.961133411848873,16.958311645202382,-0.016636663234548266,-0.015025490688536092,0.13691999812087488,0.7935089470965,extraction,200,17
extraction_electrons,1000,0.1,100011,100011,100011,100011,1.0,1.0,17.95855775046041,17.958854658866766,17.955436046811695,-0.019035802226863296,-0.017382819333788824,0.13345512438858284,0.8006161935212006,extraction,200,18
extraction_electrons,1000,0.1,100011,100011,100011,100011,1.0,1.0,18.95625540326377,18.95655591882046,18.952874118409266,-0.019422306599159445,-0.01783730374260717,0.13042212219831184,0.8125619886938997,extraction,200,19
extraction_electrons,1000,0.1,100011,100011,100011,100011,1.0,1.0,19.95395305606713,19.95425724979482,19.950268408504297,-0.019989926162577998,-0.018465752387419876,0.12714618485294457,0.7978205621334995,extraction,200,20
extraction_electrons,0,0.0,100011,100011,100011,100011,1.0,1.0,2.9930929584100356,4.4200791987991686,8.007864480542429,81.17015827947102,167.544797031506,9.340141255970666,59.906528825395405,extraction,300,3
extraction_electrons,0,0.0,100011,100011,100011,100011,1.0,1.0,3.9907906112133946,5.147396979637507,9.877006877847464,91.88352708990067,147.4949913456966,11.491803751111942,70.71685065771089,extraction,300,4
extraction_electrons,0,0.0,100011,100011,100011,100011,1.0,1.0,4.988488264016753,5.953555360438092,11.472782671876097,92.70472813797555,129.9851591239018,13.53695575792157,81.9778442438712,extraction,300,5
extraction_electrons,0,0.0,100011,100011,100011,100011,1.0,1.0,5.98618591682011,6.810603837898806,12.868334499350413,88.94557377926311,114.96717071871588,15.501686346796609,84.8616471027377,extraction,300,6
extraction_electrons,0,0.0,100011,100011,100011,100011,1.0,1.0,6.983883569623469,7.70160197809706,14.302507559048026,85.7082149885645,104.79304124222585,17.692982958941304,102.9829088623947,extraction,300,7
extraction_electrons,0,0.0,100011,100011,100011,100011,1.0,1.0,7.981581222426829,8.616052084190134,15.654004245817731,81.68418775626667,96.12660461103562,19.89525199400478,113.6584221662241,extraction,300,8
extraction_electrons,0,0.0,100011,100011,100011,100011,1.0,1.0,8.979278875230186,9.547242672992667,16.967128347942612,77.717576991516,88.95869683641668,22.28680731287505,124.6699501197354,extraction,300,9
extraction_electrons,0,0.0,100011,100011,100011,100011,1.0,1.0,9.976976528033545,10.490615502178484,18.133536851270595,72.8548420014534,81.75382893122536,24.47835909229224,131.4552416150795,extraction,300,10
extraction_electrons,0,0.0,100011,100011,100011,100011,1.0,1.0,10.974674180836905,11.443185249922472,19.209179069581413,67.86566545981205,75.03188480185534,26.706978302368782,129.6158722292535,extraction,300,11
extraction_electrons,0,0.0,100011,100011,100011,100011,1.0,1.0,11.972371833640263,12.402892754990198,20.235698044657184,63.1530518274902,69.0199596691311,28.94550561327235,133.0122944140814,extraction,300,12
extraction_electrons,0,0.0,100011,100011,100011,100011,1.0,1.0,12.97006948644362,13.368218755474034,21.229203641901087,58.80353269359935,63.678411006895175,31.095828927682366,134.2977275744979,extraction,300,13
extraction_electrons,0,0.0,100011,100011,100011,100011,1.0,1.0,13.967767139246977,14.337909281675849,22.036760164501818,53.69577064255291,57.768667996922616,33.098771850650714,130.0485066668511,extraction,300,14
extraction_electrons,0,0.0,100011,100011,100011,100011,1.0,1.0,14.965464792050337,15.31118975208629,22.702821758368437,48.276013333810106,51.70141438191875,34.896256319736565,129.5094288886906,extraction,300,15
extraction_electrons,0,0.0,100011,100011,100011,100011,1.0,1.0,15.963162444853696,16.287474790600015,23.202169976062045,42.454065313136844,45.348204381282265,36.49054055264149,129.311550633948,extraction,300,16
extraction_electrons,0,0.0,100011,100011,100011,100011,1.0,1.0,16.96086009765705,17.266255021970988,23.521262519883663,36.22677581185552,38.67965648235527,37.84526078310728,126.2400889346028,extraction,300,17
extraction_electrons,0,0.0,100011,100011,100011,100011,1.0,1.0,17.95855775046041,18.247056284719513,23.660127697488207,29.665450296778673,31.74848462918256,38.93793597329421,123.4909212566024,extraction,300,18
extraction_electrons,0,0.0,100011,100011,100011,100011,1.0,1.0,18.95625540326377,19.229530630102683,23.59222405975343,22.687467071199396,24.456141563124678,39.72188242351674,120.9804981344237,extraction,300,19
extraction_electrons,0,0.0,100011,100011,100011,100011,1.0,1.0,19.95395305606713,20.21360535164132,23.326136454001052,15.398198630146887,16.899826257276796,40.183164972054946,117.5389635242179,extraction,300,20
extraction_electrons,100,0.01,100011,100011,100011,100011,1.0,1.0,2.9930929584100356,2.9949582053150277,3.874379516764973,29.363391779199887,29.444008943280075,2.8736251599961804,15.608577397914702,extraction,300,3
extraction_electrons,100,0.01,100011,100011,100011,100011,1.0,1.0,3.9907906112133946,3.9924349031773354,4.946849460726189,23.90557593786422,23.956627712474887,3.40497842215814,16.108610743882902,extraction,300,4
extraction_electrons,100,0.01,100011,100011,100011,100011,1.0,1.0,4.988488264016753,4.990090450475543,5.917840917392287,18.59185672332515,18.629945670699332,3.756207929547669,18.315851913446,extraction,300,5
extraction_electrons,100,0.01,100011,100011,100011,100011,1.0,1.0,5.98618591682011,5.987742649118268,6.865952656738156,14.666796138094051,14.696615710615646,3.9309709487222175,19.1099065552209,extraction,300,6
extraction_electrons,100,0.01,100011,100011,100011,100011,1.0,1.0,6.983883569623469,6.985508557858341,7.838470544879865,12.210449388999534,12.236558166196199,4.064679637309516,19.330769266342998,extraction,300,7
extraction_electrons,100,0.01,100011,100011,100011,100011,1.0,1.0,7.981581222426829,7.98327606069838,8.746275874580647,9.55747750774285,9.580741344899945,4.154306532400552,19.6253954290626,extraction,300,8
extraction_electrons,100,0.01,100011,100011,100011,100011,1.0,1.0,8.979278875230186,8.98109870192654,9.624067392724927,7.159131773715655,7.180849670160305,4.1315652260626194,18.056821751601497,extraction,300,9
extraction_electrons,100,0.01,100011,100011,100011,100011,1.0,1.0,9.976976528033545,9.978854071383525,10.531856611164292,5.54174392996305,5.561605578319573,4.103133739278247,17.8857846948694,extraction,300,10
extraction_electrons,100,0.01,100011,100011,100011,100011,1.0,1.0,10.974674180836905,10.9766502153055,11.428710934588546,4.118385030186222,4.137131966472807,4.0417976270289975,16.5847190625343,extraction,300,11
extraction_electrons,100,0.01,100011,100011,100011,100011,1.0,1.0,11.972371833640263,11.974443862503815,12.387624384286505,3.4505195107766395,3.4684234370290445,3.9490244530503684,16.4854748664548,extraction,300,12
extraction_electrons,100,0.01,100011,100011,100011,100011,1.0,1.0,12.97006948644362,12.972305073724009,13.398957489577699,3.2889483667624564,3.3067517763289977,3.852872648850763,15.362601490841396,extraction,300,13
extraction_electrons,100,0.01,100011,100011,100011,100011,1.0,1.0,13.967767139246977,13.970099469394873,14.520263974830367,3.9381573956633,3.9555129325643756,3.7394680790130463,14.688256650281797,extraction,300,14
extraction_electrons,100,0.01,100011,100011,100011,100011,1.0,1.0,14.965464792050337,14.96786980475745,15.586525372759862,4.133223872683445,4.14995851675406,3.645130758713462,14.016846834975698,extraction,300,15
extraction_electrons,100,0.01,100011,100011,100011,100011,1.0,1.0,15.963162444853696,15.965701412871738,16.671372222689335,4.419917368921089,4.436525533597857,3.523032260452055,13.276062360518601,extraction,300,16
extraction_electrons,100,0.01,100011,100011,100011,100011,1.0,1.0,16.96086009765705,16.963583413786743,17.771286019658124,4.761391424025074,4.778212409835425,3.41637558983405,14.807600327250398,extraction,300,17
extraction_electrons,100,0.01,100011,100011,100011,100011,1.0,1.0,17.95855775046041,17.96139592966978,18.850329524311313,4.949134232786068,4.965720445050992,3.288769507947515,13.737948012860404,extraction,300,18
extraction_electrons,100,0.01,100011,100011,100011,100011,1.0,1.0,18.95625540326377,18.95915369963183,19.92227314935152,5.0799706831766045,5.0960367727553635,3.174667688805319,12.639328528685994,extraction,300,19
extraction_electrons,100,0.01,100011,100011,100011,100011,1.0,1.0,19.95395305606713,19.957040553959974,20.984555540805548,5.148634057576684,5.164903825535738,3.0599012435136004,11.876233231866697,extraction,300,20
extraction_electrons,200,0.02,100011,100011,100011,100011,1.0,1.0,2.9930929584100356,2.9950385336329104,3.432889624690126,14.619213948012643,14.693718918563615,1.8121979280726321,9.5710570008668,extraction,300,3
extraction_electrons,200,0.02,100011,100011,100011,100011,1.0,1.0,3.9907906112133946,3.9925117524459215,4.339647705163966,8.694675789128969,8.741553439820837,1.838499593290556,9.531379948356399,extraction,300,4
extraction_electrons,200,0.02,100011,100011,100011,100011,1.0,1.0,4.988488264016753,4.990152379856644,5.19519748956291,4.108994958429624,4.143724804109561,1.810663666201509,9.2461904922261,extraction,300,5
extraction_electrons,200,0.02,100011,100011,100011,100011,1.0,1.0,5.98618591682011,5.987801515124968,6.128952693604907,2.3573122476320707,2.3849372332998664,1.7531522179516057,9.443328089991402,extraction,300,6
extraction_electrons,200,0.02,100011,100011,100011,100011,1.0,1.0,6.983883569623469,6.985555039080844,7.105313804153609,1.714377231340558,1.7387207750470424,1.6636696456490754,8.646670525731597,extraction,300,7
extraction_electrons,200,0.02,100011,100011,100011,100011,1.0,1.0,7.981581222426829,7.983311128637077,8.060149407712165,0.9624863397777572,0.9843686745249602,1.5624084501647044,7.5052342356833,extraction,300,8
extraction_electrons,200,0.02,100011,100011,100011,100011,1.0,1.0,8.979278875230186,8.981103881464778,9.037715310004659,0.6303393133745505,0.6507920690120628,1.4226456433745864,7.148905055649401,extraction,300,9
extraction_electrons,200,0.02,100011,100011,100011,100011,1.0,1.0,9.976976528033545,9.978822246867573,10.0099316861603,0.311754619163529,0.3303120743459509,1.3648443406000808,6.2181082397993,extraction,300,10
extraction_electrons,200,0.02,100011,100011,100011,100011,1.0,1.0,10.974674180836905,10.97659794010222,10.989502016308835,0.11755988765400627,0.1351095734379193,1.2931121348215953,4.872868985312801,extraction,300,11
extraction_electrons,200,0.02,100011,100011,100011,100011,1.0,1.0,11.972371833640263,11.974379795414233,11.963259448886522,-0.09286782879536215,-0.07611177534712077,1.239725047995602,5.3384235241907,extraction,300,12
extraction_electrons,200,0.02,100011,100011,100011,100011,1.0,1.0,12.97006948644362,12.972165632535503,12.932545634031921,-0.30542316237630596,-0.2893111131819226,1.1930101784544902,5.373170735745301,extraction,300,13
extraction_electrons,200,0.02,100011,100011,100011,100011,1.0,1.0,13.967767139246977,13.969935206310524,13.921686789842264,-0.3453732301239687,-0.3299049085321304,1.152913731001048,5.190871847675599,extraction,300,14
extraction_electrons,200,0.02,100011,100011,100011,100011,1.0,1.0,14.965464792050337,14.967656417639262,14.908286753291161,-0.39665304100736654,-0.38206657496898666,1.1133574648009226,4.914602119683202,extraction,300,15
extraction_electrons,200,0.02,100011,100011,100011,100011,1.0,1.0,15.963162444853696,15.965432448456681,15.900404304112865,-0.40730587507576965,-0.39314353254021883,1.0764303160027229,4.7854282000953,extraction,300,16
extraction_electrons,200,0.02,100011,100011,100011,100011,1.0,1.0,16.96086009765705,16.9632404266336,16.8976135642996,-0.3868769214103729,-0.3728969698074902,1.0445676906846144,5.3595235168752975,extraction,300,17
extraction_electrons,200,0.02,100011,100011,100011,100011,1.0,1.0,17.95855775046041,17.96100895029455,17.90154776097967,-0.33105706633425047,-0.3174530509237439,1.0096424187816826,4.679077506788897,extraction,300,18
extraction_electrons,200,0.02,100011,100011,100011,100011,1.0,1.0,18.95625540326377,18.95869962905045,18.90305702607845,-0.2934937736274845,-0.2806375840249675,0.9769993207472677,5.123631117449499,extraction,300,19
extraction_electrons,200,0.02,100011,100011,100011,100011,1.0,1.0,19.95395305606713,19.95649572339189,19.90882353070201,-0.23888057979037924,-0.22616834488041748,0.9429763163018794,5.006745245572102,extraction,300,20
extraction_electrons,300,0.030000000000000002,100011,100011,100011,100011,1.0,1.0,2.9930929584100356,2.995111666292577,3.1793385620925756,6.150919108403019,6.222513175183031,1.1556668508781918,6.6693151082435005,extraction,300,3
extraction_electrons,300,0.030000000000000002,100011,100011,100011,100011,1.0,1.0,3.9907906112133946,3.992567778425373,4.13107373821293,3.4690947649280046,3.515171319822308,1.1225493714009052,6.6891474608031,extraction,300,4
extraction_electrons,300,0.030000000000000002,100011,100011,100011,100011,1.0,1.0,4.988488264016753,4.990179134487103,5.094426972760071,2.089060041001578,2.1236635857696973,1.0625642363003933,6.9332199335269,extraction,300,5
extraction_electrons,300,0.030000000000000002,100011,100011,100011,100011,1.0,1.0,5.98618591682011,5.987815039253918,6.04246582497479,0.9126999642206979,0.940163051009546,0.9422395597838613,5.244051148274499,extraction,300,6
extraction_electrons,300,0.030000000000000002,100011,100011,100011,100011,1.0,1.0,6.983883569623469,6.9855357208253945,7.004267710608142,0.2681539474045369,0.29187400937400465,0.8634171029554131,5.2807161697324,extraction,300,7
extraction_electrons,300,0.030000000000000002,100011,100011,100011,100011,1.0,1.0,7.981581222426829,7.9832632532866175,7.987285356799611,0.05038169712539009,0.07146621971036993,0.8055292891490046,4.072917678698199,extraction,300,8
extraction_electrons,300,0.030000000000000002,100011,100011,100011,100011,1.0,1.0,8.979278875230186,8.981008019220534,8.971501010750075,-0.10585680861339153,-0.08662014609621682,0.7675280982664415,3.3033561901414004,extraction,300,9
extraction_electrons,300,0.030000000000000002,100011,100011,100011,100011,1.0,1.0,9.976976528033545,9.978679855685334,9.962110766216849,-0.16604490481818557,-0.14900066944053547,0.7504897002996028,3.3472954432131985,extraction,300,10
extraction_electrons,300,0.030000000000000002,100011,100011,100011,100011,1.0,1.0,10.974674180836905,10.97642485024379,10.952324655485878,-0.21956324656453585,-0.20364636783524181,0.7405098615100838,3.4452469041864013,extraction,300,11
extraction_electrons,300,0.030000000000000002,100011,100011,100011,100011,1.0,1.0,11.972371833640263,11.974181510506714,11.95291182590133,-0.17762954893176808,-0.1625409568741798,0.7335479596538927,3.278228963506603,extraction,300,12
extraction_electrons,300,0.030000000000000002,100011,100011,100011,100011,1.0,1.0,12.97006948644362,12.97188773881633,12.95091308976076,-0.1616931126593557,-0.14769694721282756,0.7240674663207457,3.419275414713404,extraction,300,13
extraction_electrons,300,0.030000000000000002,100011,100011,100011,100011,1.0,1.0,13.967767139246977,13.969639131048156,13.94553029968087,-0.1725802015436706,-0.1592011045460917,0.7116762480962261,3.4869327580688,extraction,300,14
extraction_electrons,300,0.030000000000000002,100011,100011,100011,100011,1.0,1.0,14.965464792050337,14.96732062298612,14.940752917766217,-0.17750475111157904,-0.16512600595771643,0.6972476849918318,3.4100088784211,extraction,300,15
extraction_electrons,300,0.030000000000000002,100011,100011,100011,100011,1.0,1.0,15.963162444853696,15.965038319796735,15.93713454523502,-0.17478050476780194,-0.16304976979713004,0.683060919355041,3.3873045844846956,extraction,300,16
extraction_electrons,300,0.030000000000000002,100011,100011,100011,100011,1.0,1.0,16.96086009765705,16.962794655850473,16.932977749830492,-0.17577826428322174,-0.16439229889296803,0.6657957565301209,3.4027421389203,extraction,300,17
extraction_electrons,300,0.030000000000000002,100011,100011,100011,100011,1.0,1.0,17.95855775046041,17.96053487776833,17.929858712595742,-0.17079761477792887,-0.1598070305168786,0.6459061258616489,3.0049399911369,extraction,300,18
extraction_electrons,300,0.030000000000000002,100011,100011,100011,100011,1.0,1.0,18.95625540326377,18.958182455148386,18.92703984322171,-0.16427002957880577,-0.1541209454111403,0.6284765630358926,2.9700630650505992,extraction,300,19
extraction_electrons,300,0.030000000000000002,100011,100011,100011,100011,1.0,1.0,19.95395305606713,19.955906815895652,19.92566855893878,-0.15152534653440908,-0.14174884068773874,0.6104540765564113,2.8097557498005,extraction,300,20
extraction_electrons,1000,0.1,100011,100011,100011,100011,1.0,1.0,2.9930929584100356,2.9942425433407185,2.9975353208935247,0.10997030150845521,0.1484204648908971,0.19082403427343095,1.5746740996447,extraction,300,3
extraction_electrons,1000,0.1,100011,100011,100011,100011,1.0,1.0,3.9907906112133946,3.9916404666215586,3.992993807380353,0.03390437515882194,0.05520700987839966,0.17168715796913525,0.9943984401563997,extraction,300,4
extraction_electrons,1000,0.1,100011,100011,100011,100011,1.0,1.0,4.988488264016753,4.989139828302883,4.989611081253171,0.009445575119282346,0.02250816634206121,0.17240749530262214,0.7988153428022997,extraction,300,5
extraction_electrons,1000,0.1,100011,100011,100011,100011,1.0,1.0,5.98618591682011,5.986702407156195,5.987956488642194,0.02094778395029806,0.02957762833775135,0.1786408660445162,0.8665085056909989,extraction,300,6
extraction_electrons,1000,0.1,100011,100011,100011,100011,1.0,1.0,6.983883569623469,6.98424355940838,6.984425285050347,0.002601937352575412,0.007756650314649782,0.1854445067564591,0.8732384695805,extraction,300,7
extraction_electrons,1000,0.1,100011,100011,100011,100011,1.0,1.0,7.981581222426829,7.981898928529661,7.981538045641072,-0.00452126607741743,-0.0005409552888635538,0.19058353917113946,0.9843029850451002,extraction,300,8
extraction_electrons,1000,0.1,100011,100011,100011,100011,1.0,1.0,8.979278875230186,8.97956068913965,8.9787353571589,-0.009191228940053087,-0.006053025848040683,0.19505133801056335,0.9268439177226,extraction,300,9
extraction_electrons,1000,0.1,100011,100011,100011,100011,1.0,1.0,9.976976528033545,9.977210832273157,9.976352094361635,-0.008606993737603208,-0.006258746526610626,0.19795925139409187,0.8502575733450994,extraction,300,10
extraction_electrons,1000,0.1,100011,100011,100011,100011,1.0,1.0,10.974674180836905,10.974979350799789,10.973811208779134,-0.010643683084188282,-0.007863304582456099,0.19937559659819112,0.8193488300569552,extraction,300,11
extraction_electrons,1000,0.1,100011,100011,100011,100011,1.0,1.0,11.972371833640263,11.97267200333431,11.971233846591295,-0.012011994838034834,-0.009505109470220319,0.19947419664764054,0.988610887261899,extraction,300,12
extraction_electrons,1000,0.1,100011,100011,100011,100011,1.0,1.0,12.97006948644362,12.970366321505534,12.968962288400796,-0.010824930228914287,-0.008536562151661986,0.19877834669302866,0.7782420587140004,extraction,300,13
extraction_electrons,1000,0.1,100011,100011,100011,100011,1.0,1.0,13.967767139246977,13.96810676561891,13.965885537012964,-0.015902145102530962,-0.013471030947576068,0.1970204733572728,0.9564552249375993,extraction,300,14
extraction_electrons,1000,0.1,100011,100011,100011,100011,1.0,1.0,14.965464792050337,14.965788252442895,14.963437692381694,-0.015706222896860744,-0.013545183506225023,0.19437503776137133,0.823195054196102,extraction,300,15
extraction_electrons,1000,0.1,100011,100011,100011,100011,1.0,1.0,15.963162444853696,15.96347000243085,15.960670859084862,-0.01753467977552159,-0.015608346888917879,0.19114539888975424,0.8684300957149009,extraction,300,16
extraction_electrons,1000,0.1,100011,100011,100011,100011,1.0,1.0,16.96086009765705,16.961133411848873,16.958268745053758,-0.016889595321001316,-0.01527842685083991,0.1867848371769171,0.8257266828352003,extraction,300,17
extraction_electrons,1000,0.1,100011,100011,100011,100011,1.0,1.0,17.95855775046041,17.958854658866766,17.955814260051703,-0.016929803558274337,-0.015276785846773944,0.18287759299987372,0.9096789585686977,extraction,300,18
extraction_electrons,1000,0.1,100011,100011,100011,100011,1.0,1.0,18.95625540326377,18.95655591882046,18.952827159193852,-0.019670026784268657,-0.018085027854863878,0.17803098304007117,0.9254371802765,extraction,300,19
extraction_electrons,1000,0.1,100011,100011,100011,100011,1.0,1.0,19.95395305606713,19.95425724979482,19.950086032581083,-0.020903896153690038,-0.01937973631180867,0.17303290854368764,0.9843294917161005,extraction,300,20
extraction_electrons,0,0.0,100011,100011,100011,100011,1.0,1.0,2.9930929584100356,4.4200791987991686,7.641105796277155,72.87259916865435,155.29129574165302,8.984856077979472,63.5510403540899,extraction,400,3
extraction_electrons,0,0.0,100011,100011,100011,100011,1.0,1.0,3.9907906112133946,5.147396979637507,9.37307185901897,82.09343277966966,134.86754310492626,10.936145557527583,70.4510069819237,extraction,400,4
extraction_electrons,0,0.0,100011,100011,100011,100011,1.0,1.0,4.988488264016753,5.953555360438092,10.93255589491581,83.63070859412211,119.1556903877101,12.896116952147425,79.0020435501702,extraction,400,5
extraction_electrons,0,0.0,100011,100011,100011,100011,1.0,1.0,5.98618591682011,6.810603837898806,12.396848399438408,82.02275003067949,107.09093522480622,14.779996765991902,91.4041222305528,extraction,400,6
extraction_electrons,0,0.0,100011,100011,100011,100011,1.0,1.0,6.983883569623469,7.70160197809706,13.787531021941994,79.02159915759069,97.41925655678334,16.71930438364413,95.1853537397081,extraction,400,7
extraction_electrons,0,0.0,100011,100011,100011,100011,1.0,1.0,7.981581222426829,8.616052084190134,15.136376271710928,75.6764713561231,89.64132356606724,18.755095894525127,105.0881216322365,extraction,400,8
extraction_electrons,0,0.0,100011,100011,100011,100011,1.0,1.0,8.979278875230186,9.547242672992667,16.419324519125652,71.9797545900116,82.85794157055557,20.79375451984664,122.9540822426257,extraction,400,9
extraction_electrons,0,0.0,100011,100011,100011,100011,1.0,1.0,9.976976528033545,10.490615502178484,17.645794437274272,68.2055207686331,76.86514935354114,22.883105178553034,135.6278517944536,extraction,400,10
extraction_electrons,0,0.0,100011,100011,100011,100011,1.0,1.0,10.974674180836905,11.443185249922472,18.778371144324016,64.10091014170412,71.10641131481881,25.03917537509643,138.2198138296937,extraction,400,11
extraction_electrons,0,0.0,100011,100011,100011,100011,1.0,1.0,11.972371833640263,12.402892754990198,19.825221116397568,59.84352608725945,65.59142492293948,27.14266745091535,156.2997396454414,extraction,400,12
extraction_electrons,0,0.0,100011,100011,100011,100011,1.0,1.0,12.97006948644362,13.368218755474034,20.849620145818598,55.96408562121316,60.75179988519508,29.270911037953823,156.1992805571419,extraction,400,13
extraction_electrons,0,0.0,100011,100011,100011,100011,1.0,1.0,13.967767139246977,14.337909281675849,21.807670354854604,52.09797974328983,56.128536060562425,31.312981488768614,155.30897307027578,extraction,400,14
extraction_electrons,0,0.0,100011,100011,100011,100011,1.0,1.0,14.965464792050337,15.31118975208629,22.732733009789598,48.47136883462668,51.901282891429055,33.40643486125051,158.2158599660241,extraction,400,15
extraction_electrons,0,0.0,100011,100011,100011,100011,1.0,1.0,15.963162444853696,16.287474790600015,23.577008974853417,44.755459504750284,47.69635438029587,35.44177456227197,160.3684165361185,extraction,400,16
extraction_electrons,0,0.0,100011,100011,100011,100011,1.0,1.0,16.96086009765705,17.266255021970988,24.34058872238321,40.972021387441934,43.510344299966164,37.30361666345672,157.77439572124382,extraction,400,17
extraction_electrons,0,0.0,100011,100011,100011,100011,1.0,1.0,17.95855775046041,18.247056284719513,24.998945997890342,37.00262446619958,39.20352817446844,39.08781689854796,153.91568489538201,extraction,400,18
extraction_electrons,0,0.0,100011,100011,100011,100011,1.0,1.0,18.95625540326377,19.229530630102683,25.491330864992836,32.56345854374458,34.47450629201745,40.64445027653692,154.407856288088,extraction,400,19
extraction_electrons,0,0.0,100011,100011,100011,100011,1.0,1.0,19.95395305606713,20.21360535164132,25.853830648113593,27.903113761020837,29.567462524687894,42.07823869332444,152.71551765943332,extraction,400,20
extraction_electrons,100,0.01,100011,100011,100011,100011,1.0,1.0,2.9930929584100356,2.9949582053150277,3.9609281221597947,32.25320190213341,32.335619948933484,2.9369428557325628,14.529800891904198,extraction,400,3
extraction_electrons,100,0.01,100011,100011,100011,100011,1.0,1.0,3.9907906112133946,3.9924349031773354,5.081249831345706,27.271951943458085,27.324390737722972,3.537752134187097,18.498494660675,extraction,400,4
extraction_electrons,100,0.01,100011,100011,100011,100011,1.0,1.0,4.988488264016753,4.990090450475543,6.121899741225127,22.681137786625193,22.720540116009925,3.9661574064434113,19.606971139113604,extraction,400,5
extraction_electrons,100,0.01,100011,100011,100011,100011,1.0,1.0,5.98618591682011,5.987742649118268,7.061616627401883,17.93453795883744,17.96520732107576,4.272641537768034,21.8343190108092,extraction,400,6
extraction_electrons,100,0.01,100011,100011,100011,100011,1.0,1.0,6.983883569623469,6.985508557858341,8.071823291618644,15.55097563424004,15.57786167465891,4.440167690351428,22.491238936553295,extraction,400,7
extraction_electrons,100,0.01,100011,100011,100011,100011,1.0,1.0,7.981581222426829,7.98327606069838,9.037850847263494,13.209799818357526,13.233839203048303,4.547077505948231,21.7093321668188,extraction,400,8
extraction_electrons,100,0.01,100011,100011,100011,100011,1.0,1.0,8.979278875230186,8.98109870192654,9.934184074967146,10.612124470207185,10.634542183238294,4.6431883680640285,23.761471323515998,extraction,400,9
extraction_electrons,100,0.01,100011,100011,100011,100011,1.0,1.0,9.976976528033545,9.978854071383525,10.864720445315484,8.877435901907504,8.897925286157937,4.667221641981135,21.5667321314814,extraction,400,10
extraction_electrons,100,0.01,100011,100011,100011,100011,1.0,1.0,10.974674180836905,10.9766502153055,11.730080404591034,6.863935485845873,6.883176769595201,4.659576341996459,21.001396050331394,extraction,400,11
extraction_electrons,100,0.01,100011,100011,100011,100011,1.0,1.0,11.972371833640263,11.974443862503815,12.663776765075658,5.756700774475099,5.775003825830649,4.602792075041101,20.2281408120031,extraction,400,12
extraction_electrons,100,0.01,100011,100011,100011,100011,1.0,1.0,12.97006948644362,12.972305073724009,13.57185373234807,4.621758856399949,4.639791995975329,4.558654959537295,19.1734195655997,extraction,400,13
extraction_electrons,100,0.01,100011,100011,100011,100011,1.0,1.0,13.967767139246977,13.970099469394873,14.512339674630333,3.881434104484205,3.898780169761018,4.456709310051135,18.502033077914703,extraction,400,14
extraction_electrons,100,0.01,100011,100011,100011,100011,1.0,1.0,14.965464792050337,14.96786980475745,15.454175866452367,3.2489998111845386,3.2655923567548317,4.34488161519442,17.483698220931807,extraction,400,15
extraction_electrons,100,0.01,100011,100011,100011,100011,1.0,1.0,15.963162444853696,15.965701412871738,16.48329248936496,3.241893751538738,3.2583145495643784,4.228262328462612,16.8002616133464,extraction,400,16
extraction_electrons,100,0.01,100011,100011,100011,100011,1.0,1.0,16.96086009765705,16.963583413786743,17.53621812797906,3.37567069541993,3.392269183338681,4.0926065475871045,16.4637917934053,extraction,400,17
extraction_electrons,100,0.01,100011,100011,100011,100011,1.0,1.0,17.95855775046041,17.96139592966978,18.627046500317686,3.706006889744806,3.7223966375592443,4.012141714014473,15.358607613854694,extraction,400,18
extraction_electrons,100,0.01,100011,100011,100011,100011,1.0,1.0,18.95625540326377,18.95915369963183,19.647161268385595,3.628893882363138,3.6447381111085253,3.8966040400917823,14.280352884979798,extraction,400,19
extraction_electrons,100,0.01,100011,100011,100011,100011,1.0,1.0,19.95395305606713,19.957040553959974,20.681622188030605,3.630706828056507,3.6467417254057333,3.77271176255835,13.478654521245197,extraction,400,20
extraction_electrons,200,0.02,100011,100011,100011,100011,1.0,1.0,2.9930929584100356,2.9950385336329104,3.5475528234805145,18.447652130118584,18.524645668372884,1.9947375756209034,8.7363436404312,extraction,400,3
extraction_electrons,200,0.02,100011,100011,100011,100011,1.0,1.0,3.9907906112133946,3.9925117524459215,4.480788020435531,12.229801645304562,12.278203918926067,2.0780141822550973,10.561466749665101,extraction,400,4
extraction_electrons,200,0.02,100011,100011,100011,100011,1.0,1.0,4.988488264016753,4.990152379856644,5.368194489657809,7.575762842978073,7.611649171954049,2.080901233855901,11.0289783962873,extraction,400,5
extraction_electrons,200,0.02,100011,100011,100011,100011,1.0,1.0,5.98618591682011,5.987801515124968,6.22370290221501,3.939699512319561,3.967751564940869,2.037136424433658,10.309030408728301,extraction,400,6
extraction_electrons,200,0.02,100011,100011,100011,100011,1.0,1.0,6.983883569623469,6.985555039080844,7.171052714531022,2.655446480807999,2.68001525285515,1.997638349263019,10.718559731618399,extraction,400,7
extraction_electrons,200,0.02,100011,100011,100011,100011,1.0,1.0,7.981581222426829,7.983311128637077,8.13576441970498,1.9096498759898717,1.9317374963863543,1.9203384006737119,10.9582317151554,extraction,400,8
extraction_electrons,200,0.02,100011,100011,100011,100011,1.0,1.0,8.979278875230186,8.981103881464778,9.07340184178128,1.0276905994483165,1.048224115309937,1.822991293662044,9.521517216734102,extraction,400,9
extraction_electrons,200,0.02,100011,100011,100011,100011,1.0,1.0,9.976976528033545,9.978822246867573,10.01032808739687,0.3157270442329718,0.3342852343053426,1.6551745381806793,8.568180306074902,extraction,400,10
extraction_electrons,200,0.02,100011,100011,100011,100011,1.0,1.0,10.974674180836905,10.97659794010222,11.008974393825806,0.2949589107687167,0.31253969296687334,1.5594955217624777,8.1020036410577,extraction,400,11
extraction_electrons,200,0.02,100011,100011,100011,100011,1.0,1.0,11.972371833640263,11.974379795414233,11.980096433348002,0.04774057639260754,0.06452021216074577,1.5111716302016585,7.4022858853035025,extraction,400,12
extraction_electrons,200,0.02,100011,100011,100011,100011,1.0,1.0,12.97006948644362,12.972165632535503,12.953252792985754,-0.14579554474939416,-0.1296576974814445,1.4472843076554776,6.2239806931721,extraction,400,13
extraction_electrons,200,0.02,100011,100011,100011,100011,1.0,1.0,13.967767139246977,13.969935206310524,13.931176342869273,-0.27744483327125646,-0.26196596788108373,1.385890606988068,6.733832628061396,extraction,400,14
extraction_electrons,200,0.02,100011,100011,100011,100011,1.0,1.0,14.965464792050337,14.967656417639262,14.918184828733736,-0.33052327983172924,-0.3159271293846855,1.3531986456309282,5.950632238568698,extraction,400,15
extraction_electrons,200,0.02,100011,100011,100011,100011,1.0,1.0,15.963162444853696,15.965432448456681,15.89574201402153,-0.4365082791220387,-0.42235008924500494,1.309277757868333,5.437207310937,extraction,400,16
extraction_electrons,200,0.02,100011,100011,100011,100011,1.0,1.0,16.96086009765705,16.9632404266336,16.881757678185846,-0.48034895691168034,-0.46638212340500695,1.2794648153149546,5.374066156818699,extraction,400,17
extraction_electrons,200,0.02,100011,100011,100011,100011,1.0,1.0,17.95855775046041,17.96100895029455,17.87498006043951,-0.4789758197499827,-0.4653919940690088,1.2496564959661927,5.2082508440878,extraction,400,18
extraction_electrons,200,0.02,100011,100011,100011,100011,1.0,1.0,18.95625540326377,18.95869962905045,18.875153524414706,-0.4406742354192139,-0.427837023313693,1.221851699526491,5.643554405232397,extraction,400,19
extraction_electrons,200,0.02,100011,100011,100011,100011,1.0,1.0,19.95395305606713,19.95649572339189,19.870009465812977,-0.4333739689455496,-0.4206865176954566,1.1882645598190937,5.218089226677099,extraction,400,20
extraction_electrons,300,0.030000000000000002,100011,100011,100011,100011,1.0,1.0,2.9930929584100356,2.995111666292577,3.2499946128851467,8.509964735574282,8.583149873553552,1.3128562046166814,7.093145359667899,extraction,400,3
extraction_electrons,300,0.030000000000000002,100011,100011,100011,100011,1.0,1.0,3.9907906112133946,3.992567778425373,4.153808255426393,4.038515710924551,4.084845838690421,1.3038782842907486,7.0437665220137,extraction,400,4
extraction_electrons,300,0.030000000000000002,100011,100011,100011,100011,1.0,1.0,4.988488264016753,4.990179134487103,5.11396922824055,2.4806743489013128,2.515410633095483,1.2805800230191309,7.9890621796778,extraction,400,5
extraction_electrons,300,0.030000000000000002,100011,100011,100011,100011,1.0,1.0,5.98618591682011,5.987815039253918,6.072584651622725,1.415701918197021,1.4433018954498111,1.2119827695428556,7.971235958804499,extraction,400,6
extraction_electrons,300,0.030000000000000002,100011,100011,100011,100011,1.0,1.0,6.983883569623469,6.9855357208253945,7.023573542802807,0.544522617843235,0.5683080593148926,1.079068694610461,6.999575382050399,extraction,400,7
extraction_electrons,300,0.030000000000000002,100011,100011,100011,100011,1.0,1.0,7.981581222426829,7.9832632532866175,8.008445666493486,0.3154400952079417,0.33658047594846696,0.9863317069560602,6.197770956363998,extraction,400,8
extraction_electrons,300,0.030000000000000002,100011,100011,100011,100011,1.0,1.0,8.979278875230186,8.981008019220534,8.987826291325948,0.07591878429260568,0.09519045142190041,0.9200763676075229,5.487873858367198,extraction,400,9
extraction_electrons,300,0.030000000000000002,100011,100011,100011,100011,1.0,1.0,9.976976528033545,9.978679855685334,9.977036753615652,-0.016466126716607743,0.0006036456228875053,0.8817751529252893,4.705898702745898,extraction,400,10
extraction_electrons,300,0.030000000000000002,100011,100011,100011,100011,1.0,1.0,10.974674180836905,10.97642485024379,10.96386794938031,-0.11439882324890682,-0.09846516879256084,0.8515018255811123,3.7269074492406986,extraction,400,11
extraction_electrons,300,0.030000000000000002,100011,100011,100011,100011,1.0,1.0,11.972371833640263,11.974181510506714,11.955656543249292,-0.15470758682893937,-0.1396155300155688,0.8419584720178471,3.899724062123198,extraction,400,12
extraction_electrons,300,0.030000000000000002,100011,100011,100011,100011,1.0,1.0,12.97006948644362,12.97188773881633,12.951809726201779,-0.15478096186779533,-0.14078382741840034,0.8344072268695771,3.510537257139303,extraction,400,13
extraction_electrons,300,0.030000000000000002,100011,100011,100011,100011,1.0,1.0,13.967767139246977,13.969639131048156,13.946912618647396,-0.16268503565171066,-0.14930461248157112,0.8259515920590768,3.6329421090916005,extraction,400,14
extraction_electrons,300,0.030000000000000002,100011,100011,100011,100011,1.0,1.0,14.965464792050337,14.96732062298612,14.940159094738041,-0.1814722149157788,-0.1690939617574605,0.8194213283546112,3.1546817253984996,extraction,400,15
extraction_electrons,300,0.030000000000000002,100011,100011,100011,100011,1.0,1.0,15.963162444853696,15.965038319796735,15.939413364513232,-0.16050669450462518,-0.14877428217940913,0.8115801682278796,3.430405959109102,extraction,400,16
extraction_electrons,300,0.030000000000000002,100011,100011,100011,100011,1.0,1.0,16.96086009765705,16.962794655850473,16.932855491622206,-0.176499007596842,-0.16511312441468418,0.7979433490149513,3.3255836976255004,extraction,400,17
extraction_electrons,300,0.030000000000000002,100011,100011,100011,100011,1.0,1.0,17.95855775046041,17.96053487776833,17.92837953034773,-0.17903335084079597,-0.1680436732838797,0.7874938233168106,3.5119266596262015,extraction,400,18
extraction_electrons,300,0.030000000000000002,100011,100011,100011,100011,1.0,1.0,18.95625540326377,18.958182455148386,18.92126540345619,-0.19472885536119255,-0.1845828675718142,0.7757558794082998,3.4184549469727994,extraction,400,19
extraction_electrons,300,0.030000000000000002,100011,100011,100011,100011,1.0,1.0,19.95395305606713,19.955906815895652,19.917696191477944,-0.19147525978259194,-0.18170266556862824,0.7583511857232986,2.989492743988201,extraction,400,20
extraction_electrons,1000,0.1,100011,100011,100011,100011,1.0,1.0,2.9930929584100356,2.9942425433407185,2.9992610391836654,0.1676048539924757,0.20607715361122825,0.23697003790429919,1.8295194745138001,extraction,400,3
extraction_electrons,1000,0.1,100011,100011,100011,100011,1.0,1.0,3.9907906112133946,3.9916404666215586,3.9940588360416327,0.06058585286667917,0.08189416951756012,0.20020225219580157,1.6361212132330003,extraction,400,4
extraction_electrons,1000,0.1,100011,100011,100011,100011,1.0,1.0,4.988488264016753,4.989139828302883,4.989735728352795,0.011943943654024736,0.025006861197640617,0.188013434981391,0.8996022768459007,extraction,400,5
extraction_electrons,1000,0.1,100011,100011,100011,100011,1.0,1.0,5.98618591682011,5.986702407156195,5.987246221422336,0.00908370299967931,0.01771252374982435,0.18917094362019177,0.9113019459210996,extraction,400,6
extraction_electrons,1000,0.1,100011,100011,100011,100011,1.0,1.0,6.983883569623469,6.98424355940838,6.984159947393456,-0.001197152049647876,0.00395736508536082,0.194591141387547,0.9289377605362001,extraction,400,7
extraction_electrons,1000,0.1,100011,100011,100011,100011,1.0,1.0,7.981581222426829,7.981898928529661,7.9816633131672585,-0.0029518710336073894,0.0010285022245870579,0.20151471040237742,1.0093505237535005,extraction,400,8
extraction_electrons,1000,0.1,100011,100011,100011,100011,1.0,1.0,8.979278875230186,8.97956068913965,8.97922046307383,-0.003788894330114534,-0.0006505216862962016,0.20714526619854576,0.9159522346712023,extraction,400,9
extraction_electrons,1000,0.1,100011,100011,100011,100011,1.0,1.0,9.976976528033545,9.977210832273157,9.97651729037556,-0.006951260319709718,-0.004602974224654499,0.21328315174727333,1.0023446259147,extraction,400,10
extraction_electrons,1000,0.1,100011,100011,100011,100011,1.0,1.0,10.974674180836905,10.974979350799789,10.97358599519362,-0.012695746949786813,-0.00991542550926594,0.21688287704221285,0.9283843698166998,extraction,400,11
extraction_electrons,1000,0.1,100011,100011,100011,100011,1.0,1.0,11.972371833640263,11.97267200333431,11.97103342075902,-0.013686022425341005,-0.011179179028519837,0.22037409326892454,0.8809501719843995,extraction,400,12
extraction_electrons,1000,0.1,100011,100011,100011,100011,1.0,1.0,12.97006948644362,12.970366321505534,12.968405859895748,-0.015114928608728206,-0.012826658713049888,0.2225502795354099,0.9323096423713997,extraction,400,13
extraction_electrons,1000,0.1,100011,100011,100011,100011,1.0,1.0,13.967767139246977,13.96810676561891,13.965736219561949,-0.01697113357406188,-0.014540045411559621,0.22367923329354086,0.9859229947796999,extraction,400,14
extraction_electrons,1000,0.1,100011,100011,100011,100011,1.0,1.0,14.965464792050337,14.965788252442895,14.963291380711611,-0.016683863817701372,-0.014522845557596309,0.22294813982404155,0.8945600711686996,extraction,400,15
extraction_electrons,1000,0.1,100011,100011,100011,100011,1.0,1.0,15.963162444853696,15.96347000243085,15.960691746103775,-0.01740383717732108,-0.015477501769811663,0.22269965649543033,0.9249437578021995,extraction,400,16
extraction_electrons,1000,0.1,100011,100011,100011,100011,1.0,1.0,16.96086009765705,16.961133411848873,16.958263735683353,-0.016919129729364712,-0.01530796173512261,0.22096818718209174,1.0212596918391004,extraction,400,17
extraction_electrons,1000,0.1,100011,100011,100011,100011,1.0,1.0,17.95855775046041,17.958854658866766,17.955138849513293,-0.02069068113783601,-0.0190377256048313,0.2190297179481064,0.9765463788143975,extraction,400,18
extraction_electrons,1000,0.1,100011,100011,100011,100011,1.0,1.0,18.95625540326377,18.95655591882046,18.952803120287356,-0.01979683730090054,-0.0182118403818321,0.21610428221436317,0.9560017654877999,extraction,400,19
extraction_electrons,1000,0.1,100011,100011,100011,100011,1.0,1.0,19.95395305606713,19.95425724979482,19.95015447515843,-0.020560898784804937,-0.01903673371400627,0.21260423908981257,0.907677136734101,extraction,400,20
extraction_electrons,0,0.0,100011,100011,100011,100011,1.0,1.0,2.9930929584100356,4.4200791987991686,7.394685467385604,67.2975785002804,147.05832963215894,8.71686561930127,60.8623434609206,extraction,500,3
extraction_electrons,0,0.0,100011,100011,100011,100011,1.0,1.0,3.9907906112133946,5.147396979637507,9.001104240527757,74.86710809628751,125.546893270629,10.58362097553411,68.7100616625792,extraction,500,4
extraction_electrons,0,0.0,100011,100011,100011,100011,1.0,1.0,4.988488264016753,5.953555360438092,10.54902549273135,77.18866885542992,111.46738118688542,12.427938152711459,82.9058512892334,extraction,500,5
extraction_electrons,0,0.0,100011,100011,100011,100011,1.0,1.0,5.98618591682011,6.810603837898806,12.013102691653234,76.38821722097835,100.68041418323754,14.29656453404605,87.9398816549946,extraction,500,6
extraction_electrons,0,0.0,100011,100011,100011,100011,1.0,1.0,6.983883569623469,7.70160197809706,13.403496865983088,74.03518000672989,91.92039403809432,16.14366801681313,108.2656358577429,extraction,500,7
extraction_electrons,0,0.0,100011,100011,100011,100011,1.0,1.0,7.981581222426829,8.616052084190134,14.767468654348562,71.39483965569168,85.01933693106562,18.05546223335834,104.95990371004962,extraction,500,8
extraction_electrons,0,0.0,100011,100011,100011,100011,1.0,1.0,8.979278875230186,9.547242672992667,16.14785821481409,69.13635452561931,79.8346887227081,19.98532826508287,118.8552421916132,extraction,500,9
extraction_electrons,0,0.0,100011,100011,100011,100011,1.0,1.0,9.976976528033545,10.490615502178484,17.368494621813024,65.5622076531761,74.08575206136464,21.913848719091547,124.2836796489483,extraction,500,10
extraction_electrons,0,0.0,100011,100011,100011,100011,1.0,1.0,10.974674180836905,11.443185249922472,18.549012515625385,62.09658508981191,69.01652121950173,23.91690880033172,143.8822241360732,extraction,500,11
extraction_electrons,0,0.0,100011,100011,100011,100011,1.0,1.0,11.972371833640263,12.402892754990198,19.629016373472354,58.26159881592774,63.95261228287501,25.888583626525875,155.4339130440745,extraction,500,12
extraction_electrons,0,0.0,100011,100011,100011,100011,1.0,1.0,12.97006948644362,13.368218755474034,20.632184729631444,54.337575611432534,59.07536001404081,27.887876817032513,155.4516654689304,extraction,500,13
extraction_electrons,0,0.0,100009,100011,100011,100011,0.999980002199758,1.0,13.96598927550627,14.337909281675849,21.667927192990668,51.12333860755234,55.14781492058105,28.092625839856826,170.8900307059964,extraction,500,14
extraction_electrons,0,0.0,100007,100011,100011,100011,0.999960004399516,1.0,14.961203302615127,15.31118975208629,22.561253942256176,47.351409704670374,50.79839158600703,29.670663276745227,164.6355163656992,extraction,500,15
extraction_electrons,0,0.0,100010,100011,100011,100011,0.999990001099879,1.0,15.962218974108236,16.287474790600015,23.45758204935651,44.02221554255039,46.95689920935331,31.381548880291476,177.0955874867534,extraction,500,16
extraction_electrons,0,0.0,100005,100011,100011,100011,0.9999400065992741,1.0,16.954663599541984,17.266255021970988,24.265982409244437,40.5399281915298,43.12275950966058,32.05397865071462,166.5563954999836,extraction,500,17
extraction_electrons,0,0.0,100001,100011,100011,100011,0.9999000109987901,1.0,17.94833130231865,18.247056284719513,25.03803880600278,37.21686619101507,39.50064986135089,33.71211220759413,171.9713322858872,extraction,500,18
extraction_electrons,0,0.0,100000,100011,100011,100011,0.9998900120986691,1.0,18.945066620676556,19.229530630102683,25.76989057006759,34.012062310696045,36.02428054775197,35.20746234639302,173.3541427440568,extraction,500,19
extraction_electrons,0,0.0,100006,100011,100011,100011,0.9999500054993951,1.0,19.94874675673018,20.21360535164132,26.460196555967908,30.90290473005288,32.64089658685418,36.56775152074914,172.6633249274021,extraction,500,20
extraction_electrons,100,0.01,100011,100011,100011,100011,1.0,1.0,2.9930929584100356,2.9949582053150277,4.030318452639502,34.57010670422926,34.65396860846086,2.9904770212143665,16.2268572319797,extraction,500,3
extraction_electrons,100,0.01,100011,100011,100011,100011,1.0,1.0,3.9907906112133946,3.9924349031773354,5.172899730030631,29.567540998948672,29.620925625507,3.6244971823887693,17.9192554727665,extraction,500,4
extraction_electrons,100,0.01,100011,100011,100011,100011,1.0,1.0,4.988488264016753,4.990090450475543,6.230353199117566,24.854514381073578,24.894614748494128,4.137422008402338,22.497133410711598,extraction,500,5
extraction_electrons,100,0.01,100011,100011,100011,100011,1.0,1.0,5.98618591682011,5.987742649118268,7.233314033907422,20.802019354866076,20.833434417449425,4.490863642480386,20.8198288646379,extraction,500,6
extraction_electrons,100,0.01,100011,100011,100011,100011,1.0,1.0,6.983883569623469,6.985508557858341,8.220358919328474,17.677315133784923,17.70469592424302,4.759517635121031,23.7548036089749,extraction,500,7
extraction_electrons,100,0.01,100011,100011,100011,100011,1.0,1.0,7.981581222426829,7.98327606069838,9.218352571020178,15.470797964786321,15.495317458127733,4.897883555662629,22.885432256050798,extraction,500,8
extraction_electrons,100,0.01,100011,100011,100011,100011,1.0,1.0,8.979278875230186,8.98109870192654,10.157451775194207,13.09809759707159,13.1210191412372,5.008147162157756,24.770029838945703,extraction,500,9
extraction_electrons,100,0.01,100011,100011,100011,100011,1.0,1.0,9.976976528033545,9.978854071383525,11.049997937449788,10.734136990117893,10.754975782505284,5.085475355560724,22.9759596087532,extraction,500,10
extraction_electrons,100,0.01,100011,100011,100011,100011,1.0,1.0,10.974674180836905,10.9766502153055,11.965397877080495,9.007735897389857,9.027363181072957,5.081669753490991,25.1963051912446,extraction,500,11
extraction_electrons,100,0.01,100011,100011,100011,100011,1.0,1.0,11.972371833640263,11.974443862503815,12.898982206825314,7.720929296904999,7.739572292446173,5.080926600017496,24.185632597709294,extraction,500,12
extraction_electrons,100,0.01,100011,100011,100011,100011,1.0,1.0,12.97006948644362,12.972305073724009,13.736331759389083,5.889675592140087,5.907927276306135,5.056147579073573,23.1601468942405,extraction,500,13
extraction_electrons,100,0.01,100011,100011,100011,100011,1.0,1.0,13.967767139246977,13.970099469394873,14.798031386526212,5.9264568512567894,5.944144393317807,5.023409744583591,21.991981311013802,extraction,500,14
extraction_electrons,100,0.01,100011,100011,100011,100011,1.0,1.0,14.965464792050337,14.96786980475745,15.655250317354476,4.59237367483345,4.609182106195275,4.981182068584016,20.938352359067594,extraction,500,15
extraction_electrons,100,0.01,100011,100011,100011,100011,1.0,1.0,15.963162444853696,15.965701412871738,16.574053511283942,3.8103687566256594,3.826879971563457,4.888123692892495,19.792564292021005,extraction,500,16
extraction_electrons,100,0.01,100011,100011,100011,100011,1.0,1.0,16.96086009765705,16.963583413786743,17.54115788668338,3.404790478568498,3.4213936420977253,4.76541810310781,18.83362749645829,extraction,500,17
extraction_electrons,100,0.01,100011,100011,100011,100011,1.0,1.0,17.95855775046041,17.96139592966978,18.493063892193046,2.960059254887981,2.976331112775088,4.6041915388919685,18.337410371542795,extraction,500,18
extraction_electrons,100,0.01,100011,100011,100011,100011,1.0,1.0,18.95625540326377,18.95915369963183,19.475769316792206,2.724887541633292,2.740593553297388,4.454972470812695,17.337583587313702,extraction,500,19
extraction_electrons,100,0.01,100011,100011,100011,100011,1.0,1.0,19.95395305606713,19.957040553959974,20.533783625722144,2.8899228330110827,2.9058431080086766,4.323282789450023,17.328613888616,extraction,500,20
extraction_electrons,200,0.02,100011,100011,100011,100011,1.0,1.0,2.9930929584100356,2.9950385336329104,3.6810681298941472,22.90553488903193,22.98542614759187,2.125322588603238,9.979408098194002,extraction,500,3
extraction_electrons,200,0.02,100011,100011,100011,100011,1.0,1.0,3.9907906112133946,3.9925117524459215,4.570204823734999,14.469414421514637,14.518782591438285,2.269390270439922,10.3829833731448,extraction,500,4
extraction_electrons,200,0.02,100011,100011,100011,100011,1.0,1.0,4.988488264016753,4.990152379856644,5.465878963636501,9.533307754291931,9.569847103045026,2.3091254332516673,11.6262483748935,extraction,500,5
extraction_electrons,200,0.02,100011,100011,100011,100011,1.0,1.0,5.98618591682011,5.987801515124968,6.336835614611999,5.829085994340066,5.857647969245772,2.2992380351472357,11.855341630111301,extraction,500,6
extraction_electrons,200,0.02,100011,100011,100011,100011,1.0,1.0,6.983883569623469,6.985555039080844,7.242048924367893,3.6717753113687968,3.6965873238110625,2.2578376654159906,11.503249891278598,extraction,500,7
extraction_electrons,200,0.02,100011,100011,100011,100011,1.0,1.0,7.981581222426829,7.983311128637077,8.219295114335718,2.9559662888765548,2.978280685047152,2.2013839664783874,12.829020974186198,extraction,500,8
extraction_electrons,200,0.02,100011,100011,100011,100011,1.0,1.0,8.979278875230186,8.981103881464778,9.167031110227578,2.0702046342712555,2.090950037372341,2.1300591267916906,12.504340759181703,extraction,500,9
extraction_electrons,200,0.02,100011,100011,100011,100011,1.0,1.0,9.976976528033545,9.978822246867573,10.104730196709953,1.2617516048239352,1.2804848073706854,2.0472104983340724,11.627315298075398,extraction,500,10
extraction_electrons,200,0.02,100011,100011,100011,100011,1.0,1.0,10.974674180836905,10.97659794010222,11.04413415247476,0.6152745389880865,0.6329114695645455,1.8970250596811238,11.579266275918899,extraction,500,11
extraction_electrons,200,0.02,100011,100011,100011,100011,1.0,1.0,11.972371833640263,11.974379795414233,12.032817719181187,0.48802463898240944,0.5048781175596373,1.7706350115524423,10.1603890383921,extraction,500,12
extraction_electrons,200,0.02,100011,100011,100011,100011,1.0,1.0,12.97006948644362,12.972165632535503,12.974259974525797,0.016144890911973242,0.03230891003749292,1.6814017048115069,9.118996909205,extraction,500,13
extraction_electrons,200,0.02,100011,100011,100011,100011,1.0,1.0,13.967767139246977,13.969935206310524,13.957344665748842,-0.09012597679046719,-0.07461803589816629,1.6381277262083598,8.025268854541899,extraction,500,14
extraction_electrons,200,0.02,100011,100011,100011,100011,1.0,1.0,14.965464792050337,14.967656417639262,14.928765953174048,-0.2598300186753444,-0.24522351551542476,1.557392634757026,6.888524645436302,extraction,500,15
extraction_electrons,200,0.02,100011,100011,100011,100011,1.0,1.0,15.963162444853696,15.965432448456681,15.912075057743039,-0.3342057340814497,-0.32003299651396366,1.5030418512883377,6.048263743802403,extraction,500,16
extraction_electrons,200,0.02,100011,100011,100011,100011,1.0,1.0,16.96086009765705,16.9632404266336,16.888925801534786,-0.4380921523822523,-0.42411938845130503,1.465534934339966,5.859550607747597,extraction,500,17
extraction_electrons,200,0.02,100011,100011,100011,100011,1.0,1.0,17.95855775046041,17.96100895029455,17.883721412305725,-0.43030732963114104,-0.4167168610896277,1.4327827874267798,6.577282652400495,extraction,500,18
extraction_electrons,200,0.02,100011,100011,100011,100011,1.0,1.0,18.95625540326377,18.95869962905045,18.86405020520574,-0.4992400623283211,-0.48641040171972794,1.4072237190262251,5.688149427591096,extraction,500,19
extraction_electrons,200,0.02,100011,100011,100011,100011,1.0,1.0,19.95395305606713,19.95649572339189,19.85868679089094,-0.49011075820443173,-0.47743053673882097,1.3729622553182501,6.555320000269997,extraction,500,20
extraction_electrons,300,0.030000000000000002,100011,100011,100011,100011,1.0,1.0,2.9930929584100356,2.995111666292577,3.304795162169171,10.339631051550334,10.414050217963,1.4296556297069238,7.0573662583097,extraction,500,3
extraction_electrons,300,0.030000000000000002,100011,100011,100011,100011,1.0,1.0,3.9907906112133946,3.992567778425373,4.187069561203017,4.871596265157296,4.9182973779209105,1.45085731109864,7.510170833676801,extraction,500,4
extraction_electrons,300,0.030000000000000002,100011,100011,100011,100011,1.0,1.0,4.988488264016753,4.990179134487103,5.165755076133922,3.5184296377942736,3.5535176737979013,1.4431139414183514,8.587550834567299,extraction,500,5
extraction_electrons,300,0.030000000000000002,100011,100011,100011,100011,1.0,1.0,5.98618591682011,5.987815039253918,6.135676825919991,2.4693779900806234,2.4972647220968813,1.4172364384462337,9.901577041416502,extraction,500,6
extraction_electrons,300,0.030000000000000002,100011,100011,100011,100011,1.0,1.0,6.983883569623469,6.9855357208253945,7.0875612990720676,1.4605261833034788,1.484528320310874,1.3281287538440676,8.4867693980679,extraction,500,7
extraction_electrons,300,0.030000000000000002,100011,100011,100011,100011,1.0,1.0,7.981581222426829,7.9832632532866175,8.036572631366987,0.6677642511465853,0.688978880345692,1.1961060565591315,8.4855473384516,extraction,500,8
extraction_electrons,300,0.030000000000000002,100011,100011,100011,100011,1.0,1.0,8.979278875230186,8.981008019220534,9.000560808158626,0.217712631992395,0.23701160443014846,1.0756941568591105,7.213275758924799,extraction,500,9
extraction_electrons,300,0.030000000000000002,100011,100011,100011,100011,1.0,1.0,9.976976528033545,9.978679855685334,9.986712784245064,0.08050091470921394,0.09758724182784562,1.0149550776009637,6.006161153360798,extraction,500,10
extraction_electrons,300,0.030000000000000002,100011,100011,100011,100011,1.0,1.0,10.974674180836905,10.97642485024379,10.97325203841357,-0.028905694463432496,-0.012958402225904386,0.972812399156376,4.759958712930398,extraction,500,11
extraction_electrons,300,0.030000000000000002,100011,100011,100011,100011,1.0,1.0,11.972371833640263,11.974181510506714,11.967584583934789,-0.05509292277001698,-0.039985808760323316,0.9381367286399813,3.746156169162102,extraction,500,12
extraction_electrons,300,0.030000000000000002,100011,100011,100011,100011,1.0,1.0,12.97006948644362,12.97188773881633,12.955943703312938,-0.12291222237208466,-0.10891062029734222,0.9198900143109026,3.713484974102503,extraction,500,13
extraction_electrons,300,0.030000000000000002,100011,100011,100011,100011,1.0,1.0,13.967767139246977,13.969639131048156,13.952185459498043,-0.12494003163847633,-0.11155454979737689,0.9118375889940384,3.5984313565389003,extraction,500,14
extraction_electrons,300,0.030000000000000002,100011,100011,100011,100011,1.0,1.0,14.965464792050337,14.96732062298612,14.942756237326696,-0.16412012729719594,-0.15173972234864275,0.9086901192254543,3.9368696004428045,extraction,500,15
extraction_electrons,300,0.030000000000000002,100011,100011,100011,100011,1.0,1.0,15.963162444853696,15.965038319796735,15.939866390067303,-0.15766908431543714,-0.14593633853486887,0.8980151850288252,3.6414749938917,extraction,500,16
extraction_electrons,300,0.030000000000000002,100011,100011,100011,100011,1.0,1.0,16.96086009765705,16.962794655850473,16.932395441299175,-0.1792111215637049,-0.16782554772566405,0.8891713043675392,3.5317007037581014,extraction,500,17
extraction_electrons,300,0.030000000000000002,100011,100011,100011,100011,1.0,1.0,17.95855775046041,17.96053487776833,17.926061689832206,-0.19193853730266053,-0.18095028052780293,0.8844500881974449,3.5610640278052,extraction,500,18
extraction_electrons,300,0.030000000000000002,100011,100011,100011,100011,1.0,1.0,18.95625540326377,18.958182455148386,18.92204765333017,-0.1906026693418661,-0.18045626209335364,0.875271309080412,3.7136369014414967,extraction,500,19
extraction_electrons,300,0.030000000000000002,100011,100011,100011,100011,1.0,1.0,19.95395305606713,19.955906815895652,19.918257656122567,-0.18866173369328498,-0.1788888639973618,0.8636307099455884,3.5741867959674005,extraction,500,20
extraction_electrons,1000,0.1,100011,100011,100011,100011,1.0,1.0,2.9930929584100356,2.9942425433407185,3.0030112483660325,0.2928521954514318,0.33137259997650936,0.28146116818006256,2.4768960017053,extraction,500,3
extraction_electrons,1000,0.1,100011,100011,100011,100011,1.0,1.0,3.9907906112133946,3.9916404666215586,3.995584275212974,0.0988016988101581,0.12011815368389023,0.23505527102597887,2.0080221377977,extraction,500,4
extraction_electrons,1000,0.1,100011,100011,100011,100011,1.0,1.0,4.988488264016753,4.989139828302883,4.990949614196863,0.0362745073552162,0.049340602800751476,0.2088085211328669,1.5700896295582991,extraction,500,5
extraction_electrons,1000,0.1,100011,100011,100011,100011,1.0,1.0,5.98618591682011,5.986702407156195,5.987427841678775,0.012117430819880148,0.020746513321201476,0.2009478503350012,0.9390480446508999,extraction,500,6
extraction_electrons,1000,0.1,100011,100011,100011,100011,1.0,1.0,6.983883569623469,6.98424355940838,6.985207728351203,0.013804915802584361,0.018960206231022347,0.2031969459964576,0.9810005120268999,extraction,500,7
extraction_electrons,1000,0.1,100011,100011,100011,100011,1.0,1.0,7.981581222426829,7.981898928529661,7.982634813513557,0.00921942247684715,0.013200280212233295,0.2087735968224238,0.9651633030380999,extraction,500,8
extraction_electrons,1000,0.1,100011,100011,100011,100011,1.0,1.0,8.979278875230186,8.97956068913965,8.978736988042014,-0.009173066769641025,-0.006034863107629018,0.21420156015271782,0.8563624186698,extraction,500,9
extraction_electrons,1000,0.1,100011,100011,100011,100011,1.0,1.0,9.976976528033545,9.977210832273157,9.97645770986673,-0.007548426299563982,-0.00520015422864617,0.22086707229853578,0.9986490834215971,extraction,500,10
extraction_electrons,1000,0.1,100011,100011,100011,100011,1.0,1.0,10.974674180836905,10.974979350799789,10.974275992158065,-0.006408746834429824,-0.0036282505728957304,0.22635515197005393,0.9387695180222977,extraction,500,11
extraction_electrons,1000,0.1,100011,100011,100011,100011,1.0,1.0,11.972371833640263,11.97267200333431,11.970871344945886,-0.015039737060551506,-0.012532927603881028,0.23159898708169807,1.1000912510259973,extraction,500,12
extraction_electrons,1000,0.1,100011,100011,100011,100011,1.0,1.0,12.97006948644362,12.970366321505534,12.968442502423963,-0.014832419022592358,-0.012544142661363722,0.23498981013616294,0.9076044853466001,extraction,500,13
extraction_electrons,1000,0.1,100011,100011,100011,100011,1.0,1.0,13.967767139246977,13.96810676561891,13.965492837731777,-0.01871354458405916,-0.016282498788300348,0.23782665485202753,0.8798020706630005,extraction,500,14
extraction_electrons,1000,0.1,100011,100011,100011,100011,1.0,1.0,14.965464792050337,14.965788252442895,14.96273683604322,-0.020389279523425063,-0.01822834135138951,0.24005996706574306,0.9459304749283994,extraction,500,15
extraction_electrons,1000,0.1,100011,100011,100011,100011,1.0,1.0,15.963162444853696,15.96347000243085,15.960098598166265,-0.021119495097687846,-0.01919323127866912,0.24122913325963308,0.9754076579299005,extraction,500,16
extraction_electrons,1000,0.1,100011,100011,100011,100011,1.0,1.0,16.96086009765705,16.961133411848873,16.957363236212945,-0.022228323687933926,-0.02061724124821085,0.24148928700508102,1.056652616183401,extraction,500,17
extraction_electrons,1000,0.1,100011,100011,100011,100011,1.0,1.0,17.95855775046041,17.958854658866766,17.954963981350097,-0.02166439670331366,-0.020011457268731547,0.24130831520922755,0.8986974208395999,extraction,500,18
extraction_electrons,1000,0.1,100011,100011,100011,100011,1.0,1.0,18.95625540326377,18.95655591882046,18.952542548885983,-0.021171408728792862,-0.019586433600959907,0.2407035087856215,1.059183377438,extraction,500,19
extraction_electrons,1000,0.1,100011,100011,100011,100011,1.0,1.0,19.95395305606713,19.95425724979482,19.94973745230419,-0.022650792931300234,-0.021126659720482888,0.23826797927955817,1.1549675836233,extraction,500,20
