family,b_gs,b_t,n_sc_on,n_sc_off,n_all_on,n_all_off,detected_frac_on,detected_frac_off,sigma_initial_mm,sigma_sc_off_mm,sigma_sc_on_mm,expansion_vs_no_sc_pct,expansion_vs_initial_pct,rms_particle_dx_mm,max_abs_particle_dx_mm,voltage_kv,power_kw
injection_electrons_s10x10,0,0.0,100031,100031,100031,100031,1.0,1.0,9.998651729884015,11.94312092121535,18.842350286522073,57.767391043082974,88.44891086871216,27.473750657854257,109.8875954498848,5,100
injection_electrons_s10x10,0,0.0,100031,100031,100031,100031,1.0,1.0,9.998651729884015,11.94312092121535,15.37581606470237,28.742027868019804,53.77889419577504,20.089360961648406,136.9849703494179,5,500
injection_electrons_s10x10,25,0.0025,100031,100031,100031,100031,1.0,1.0,9.998651729884015,10.789724393560842,14.014380861833578,29.886365496019216,40.162706337168785,6.322567546887601,32.82845447226,5,100
injection_electrons_s10x10,25,0.0025,100031,100031,100031,100031,1.0,1.0,9.998651729884015,10.789724393560842,13.709932252940115,27.064712247163712,37.1178097139218,9.084808780981652,43.53741629378249,5,500
injection_electrons_s10x10,50,0.005,100031,100031,100031,100031,1.0,1.0,9.998651729884015,10.019099074130056,9.724678591299476,-2.938592388918404,-2.740100825451164,2.6545368751447724,15.834941363464,5,100
injection_electrons_s10x10,50,0.005,100031,100031,100031,100031,1.0,1.0,9.998651729884015,10.019099074130056,11.33526890794156,13.136608631907198,13.367974144580486,5.754397166524977,27.007333813897702,5,500
injection_electrons_s10x10,75,0.007500000000000001,100031,100031,100031,100031,1.0,1.0,9.998651729884015,10.071305107868312,10.199679148534976,1.2746514904644402,2.010545262319008,1.3285404887617716,10.9144764075271,5,100
injection_electrons_s10x10,75,0.007500000000000001,100031,100031,100031,100031,1.0,1.0,9.998651729884015,10.071305107868312,10.55002781710213,4.753333397275505,5.514504376326657,3.6237516813861124,18.240477812739197,5,500
injection_electrons_s10x10,100,0.01,100031,100031,100031,100031,1.0,1.0,9.998651729884015,10.014251312985074,9.966585071948254,-0.4759840705716445,-0.3207098197041902,0.8300038164927817,8.3194103490471,5,100
injection_electrons_s10x10,100,0.01,100031,100031,100031,100031,1.0,1.0,9.998651729884015,10.014251312985074,10.300131638776737,2.8547348858818156,3.015205620090322,2.6776060468531893,15.193308541532398,5,500
injection_electrons_s10x10,125,0.0125,100031,100031,100031,100031,1.0,1.0,9.998651729884015,10.018834350771106,10.037464643096715,0.18595269343060217,0.38818146947448007,0.6288675063633702,6.366413514133999,5,100
injection_electrons_s10x10,125,0.0125,100031,100031,100031,100031,1.0,1.0,9.998651729884015,10.018834350771106,10.216912152969126,1.9770543684333397,2.1828985445384808,2.1159733320820773,13.9614725977722,5,500
injection_electrons_s10x10,150,0.015000000000000001,100031,100031,100031,100031,1.0,1.0,9.998651729884015,10.008930316865388,9.990585089060554,-0.1832885955247665,-0.08067728571194976,0.5177877670314825,5.171970415366898,5,100
injection_electrons_s10x10,150,0.015000000000000001,100031,100031,100031,100031,1.0,1.0,9.998651729884015,10.008930316865388,10.098328064378585,0.893179837235536,0.9968977536906953,1.567449806393179,9.413132786627,5,500
injection_electrons_s10x10,200,0.02,100031,100031,100031,100031,1.0,1.0,9.998651729884015,10.005331307217372,10.006429717427554,0.010978249259885331,0.07779036367765446,0.3828480066300658,3.4116347335413,5,100
injection_electrons_s10x10,200,0.02,100031,100031,100031,100031,1.0,1.0,9.998651729884015,10.005331307217372,10.022282628456287,0.169422887842674,0.236340850853356,0.834659973340107,6.4040732751344995,5,500
injection_electrons_s10x10,250,0.025,100031,100031,100031,100031,1.0,1.0,9.998651729884015,10.003192714574336,10.003503791665112,0.0031097780443856138,0.048527160583011764,0.3077899900298852,3.1300771935535012,5,100
injection_electrons_s10x10,250,0.025,100031,100031,100031,100031,1.0,1.0,9.998651729884015,10.003192714574336,10.01091189198779,0.07716713687029308,0.12261815327692105,0.5764983355509093,5.5758822431452,5,500
injection_electrons_s10x10,300,0.030000000000000002,100031,100031,100031,100031,1.0,1.0,9.998651729884015,10.001690643723114,10.001105274002208,-0.005852707724696149,0.024538749668212567,0.25942885003369015,3.4718114160092997,5,100
injection_electrons_s10x10,300,0.030000000000000002,100031,100031,100031,100031,1.0,1.0,9.998651729884015,10.001690643723114,10.004795122217393,0.03103953726291131,0.06144220740298412,0.42257125120030686,3.2480418832787996,5,500
injection_electrons_s10x10,1000,0.1,100031,100031,100031,100031,1.0,1.0,9.998651729884015,9.99885661001668,9.999039997308792,0.0018340826282825518,0.0038831978077302765,0.10918879877028641,1.2653631763523991,5,100
injection_electrons_s10x10,1000,0.1,100031,100031,100031,100031,1.0,1.0,9.998651729884015,9.99885661001668,9.999239036580741,0.003824702953303394,0.005873858922100794,0.11769055742168771,1.2072691321024003,5,500
injection_electrons_s10x10,0,0.0,100031,100031,100031,100031,1.0,1.0,9.998651729884015,11.640482370977768,18.821157758272218,61.68709473069107,88.23695700910812,27.955810374073,101.346671170613,6,100
injection_electrons_s10x10,0,0.0,100031,100031,100031,100031,1.0,1.0,9.998651729884015,11.640482370977768,15.960550980087332,37.112453517222164,59.62703183654619,20.63056243619101,133.6574320584805,6,500
injection_electrons_s10x10,25,0.0025,100031,100031,100031,100031,1.0,1.0,9.998651729884015,10.809511156475084,13.29954859848014,23.035615634787334,33.013419786693746,5.909740303103785,32.6402051945845,6,100
injection_electrons_s10x10,25,0.0025,100031,100031,100031,100031,1.0,1.0,9.998651729884015,10.809511156475084,13.764846732291169,27.34014085406431,37.667028556967665,9.20951668713312,46.6116566386312,6,500
injection_electrons_s10x10,50,0.005,100031,100031,100031,100031,1.0,1.0,9.998651729884015,10.004456507872412,10.232383668810794,2.2782563026690017,2.3376345655504727,2.706365401946009,17.2125453585076,6,100
injection_electrons_s10x10,50,0.005,100031,100031,100031,100031,1.0,1.0,9.998651729884015,10.004456507872412,11.466207186977194,14.610995389450121,14.677533498911078,5.849573733125659,28.336415337551202,6,500
injection_electrons_s10x10,75,0.007500000000000001,100031,100031,100031,100031,1.0,1.0,9.998651729884015,10.086235912053503,10.020131399432547,-0.6553932824628683,0.21482565978703239,1.3778228835693105,10.985970344224299,6,100
injection_electrons_s10x10,75,0.007500000000000001,100031,100031,100031,100031,1.0,1.0,9.998651729884015,10.086235912053503,10.679971503406103,5.886592347528374,6.814116462180153,3.6684137838840947,17.7253651755695,6,500
injection_electrons_s10x10,100,0.01,100031,100031,100031,100031,1.0,1.0,9.998651729884015,10.004184683253332,9.982839586211552,-0.21336168531065347,-0.15814275864017846,0.829481879403091,8.418291263662601,6,100
injection_electrons_s10x10,100,0.01,100031,100031,100031,100031,1.0,1.0,9.998651729884015,10.004184683253332,10.36178262152556,3.5744835745669112,3.631798580964851,2.6461615437600083,18.967355425417,6,500
injection_electrons_s10x10,125,0.0125,100031,100031,100031,100031,1.0,1.0,9.998651729884015,10.02706096599873,10.06123392799524,0.3408073623206942,0.6259063701976819,0.6278602854410461,7.19062370258,6,100
injection_electrons_s10x10,125,0.0125,100031,100031,100031,100031,1.0,1.0,9.998651729884015,10.02706096599873,10.198268029814779,1.7074501132146702,1.9964321722912848,2.086616547859431,12.680449576435299,6,500
injection_electrons_s10x10,150,0.015000000000000001,100031,100031,100031,100031,1.0,1.0,9.998651729884015,10.003574636809875,9.968261501568769,-0.35300516588505637,-0.30394326291429685,0.5107663699931974,6.388264614797501,6,100
injection_electrons_s10x10,150,0.015000000000000001,100031,100031,100031,100031,1.0,1.0,9.998651729884015,10.003574636809875,10.087241017294021,0.8363648347889718,0.8860123324950786,1.5588553415240263,10.797951181998501,6,500
injection_electrons_s10x10,200,0.02,100031,100031,100031,100031,1.0,1.0,9.998651729884015,10.002897490791389,9.98959182423601,-0.13301812367494392,-0.09061127332725682,0.3811346570616978,4.515280213931998,6,100
injection_electrons_s10x10,200,0.02,100031,100031,100031,100031,1.0,1.0,9.998651729884015,10.002897490791389,10.024350671620974,0.21446966590765726,0.2570240711570193,0.8250847702731233,5.469392032521301,6,500
injection_electrons_s10x10,250,0.025,100031,100031,100031,100031,1.0,1.0,9.998651729884015,10.002500044679815,9.99479819629752,-0.07699923367050499,-0.038540532169728525,0.30497018431861744,2.9686327292886,6,100
injection_electrons_s10x10,250,0.025,100031,100031,100031,100031,1.0,1.0,9.998651729884015,10.002500044679815,10.005403357560189,0.029025872205989955,0.06752538100707195,0.5658924125910643,4.3938079292057,6,500
injection_electrons_s10x10,300,0.030000000000000002,100031,100031,100031,100031,1.0,1.0,9.998651729884015,10.002542887098901,9.996600951155322,-0.05940425360477786,-0.020510552663444148,0.2575140751543257,3.077719808640501,6,100
injection_electrons_s10x10,300,0.030000000000000002,100031,100031,100031,100031,1.0,1.0,9.998651729884015,10.002542887098901,10.000639529340635,-0.019028738789228505,0.01988067501819124,0.42294176682309703,3.111770204222001,6,500
injection_electrons_s10x10,1000,0.1,100031,100031,100031,100031,1.0,1.0,9.998651729884015,9.999146056905117,9.998498646591083,-0.006474656039123783,-0.0015310393547851575,0.10864030190151877,1.2810788515164,6,100
injection_electrons_s10x10,1000,0.1,100031,100031,100031,100031,1.0,1.0,9.998651729884015,9.999146056905117,9.998814007048006,-0.0033207821470093712,0.001622990462868401,0.11902954097291471,1.3767047118673998,6,500
injection_electrons_s10x10,0,0.0,100031,100031,100031,100031,1.0,1.0,9.998651729884015,11.419723131362016,18.336262120328353,60.566608396760756,83.38734677121367,27.59556230712521,89.4812196650021,7,100
injection_electrons_s10x10,0,0.0,100031,100031,100031,100031,1.0,1.0,9.998651729884015,11.419723131362016,16.44896813502723,44.03999068815763,64.5118619929973,21.046902449310625,137.0488625483345,7,500
injection_electrons_s10x10,25,0.0025,100031,100031,100031,100031,1.0,1.0,9.998651729884015,10.797914020953788,11.4129420493528,5.695804089618828,14.144810297189858,5.498029851715172,30.167906762176493,7,100
injection_electrons_s10x10,25,0.0025,100031,100031,100031,100031,1.0,1.0,9.998651729884015,10.797914020953788,13.744298354997515,27.28660673094958,37.46151707553223,9.36463298174924,46.079851800878096,7,500
injection_electrons_s10x10,50,0.005,100031,100031,100031,100031,1.0,1.0,9.998651729884015,10.014283506751656,11.238285391079247,12.22256074039012,12.398008198347465,2.8959230060256465,15.7989952518229,7,100
injection_electrons_s10x10,50,0.005,100031,100031,100031,100031,1.0,1.0,9.998651729884015,10.014283506751656,11.54089409341383,15.244331615266615,15.424503274980106,5.958262435872427,26.1281056707783,7,500
injection_electrons_s10x10,75,0.007500000000000001,100031,100031,100031,100031,1.0,1.0,9.998651729884015,10.074568577686675,9.632546283728047,-4.3875059318929654,-3.661548137152837,1.462865351602425,10.606256620580801,7,100
injection_electrons_s10x10,75,0.007500000000000001,100031,100031,100031,100031,1.0,1.0,9.998651729884015,10.074568577686675,10.718195866159899,6.388633751511108,7.196411633433608,3.7254771017547434,21.691304637511298,7,500
injection_electrons_s10x10,100,0.01,100031,100031,100031,100031,1.0,1.0,9.998651729884015,10.013624712317023,10.138548552879982,1.2475386700811608,1.3991568740997495,0.8337675766411108,7.3266857706702,7,100
injection_electrons_s10x10,100,0.01,100031,100031,100031,100031,1.0,1.0,9.998651729884015,10.013624712317023,10.35122270747282,3.3713865343939053,3.526185200901022,2.591106411509974,16.376989559333204,7,500
injection_electrons_s10x10,125,0.0125,100031,100031,100031,100031,1.0,1.0,9.998651729884015,10.017294168391313,9.96661491798293,-0.5059175617333489,-0.320411319111491,0.6123814050481808,6.1577920676160005,7,100
injection_electrons_s10x10,125,0.0125,100031,100031,100031,100031,1.0,1.0,9.998651729884015,10.017294168391313,10.157980812261567,1.404437580700968,1.5935056713831441,2.023810366660435,11.789156880669402,7,500
injection_electrons_s10x10,150,0.015000000000000001,100031,100031,100031,100031,1.0,1.0,9.998651729884015,10.011610047888029,10.043394216196921,0.31747309530496537,0.4474851962207982,0.5062218311013995,4.8820681672599004,7,100
injection_electrons_s10x10,150,0.015000000000000001,100031,100031,100031,100031,1.0,1.0,9.998651729884015,10.011610047888029,10.074700134304685,0.6301692346673438,0.7605865918239418,1.5354576149824175,11.155489637095599,7,500
injection_electrons_s10x10,200,0.02,100031,100031,100031,100031,1.0,1.0,9.998651729884015,10.008498463642713,10.02677840170589,0.18264416115545412,0.2813046456834778,0.3819557012929999,4.0693287810711,7,100
injection_electrons_s10x10,200,0.02,100031,100031,100031,100031,1.0,1.0,9.998651729884015,10.008498463642713,10.026416556065934,0.17902877727673516,0.2776857013524703,0.8323737183976123,5.0199938553877,7,500
injection_electrons_s10x10,250,0.025,100031,100031,100031,100031,1.0,1.0,9.998651729884015,10.005165389666928,10.013589676221173,0.08419937328518756,0.14939960647404327,0.30452825607035705,3.0979838236417,7,100
injection_electrons_s10x10,250,0.025,100031,100031,100031,100031,1.0,1.0,9.998651729884015,10.005165389666928,10.006652252638993,0.014860953459105986,0.080016015870088,0.5511071521200682,4.171316188716001,7,500
injection_electrons_s10x10,300,0.030000000000000002,100031,100031,100031,100031,1.0,1.0,9.998651729884015,10.002171494183845,10.00445910138526,0.022871105566890648,0.0580815459737094,0.2562290192676209,3.1232152706826994,7,100
injection_electrons_s10x10,300,0.030000000000000002,100031,100031,100031,100031,1.0,1.0,9.998651729884015,10.002171494183845,10.001634860232196,-0.005365174471971823,0.02983532608966666,0.42394315898199036,3.0894886009429996,7,500
injection_electrons_s10x10,1000,0.1,100031,100031,100031,100031,1.0,1.0,9.998651729884015,9.999300265752145,9.998770839960434,-0.005294628400398516,0.0011912613784081927,0.10878572471753908,1.3692837286883,7,100
injection_electrons_s10x10,1000,0.1,100031,100031,100031,100031,1.0,1.0,9.998651729884015,9.999300265752145,9.998661217169014,-0.006390933026789725,9.488564314263925e-05,0.11881136962517945,1.1850083276973997,7,500
injection_electrons_s10x10,0,0.0,100031,100031,100031,100031,1.0,1.0,9.998651729884015,11.251511658448814,17.360373990837033,54.29370308478545,73.62714953807492,26.38197965725525,82.8841713122012,8,100
injection_electrons_s10x10,0,0.0,100031,100031,100031,100031,1.0,1.0,9.998651729884015,11.251511658448814,16.869014384746663,49.92664894125261,68.71289090236515,21.43551835359152,140.222154961375,8,500
injection_electrons_s10x10,25,0.0025,100031,100031,100031,100031,1.0,1.0,9.998651729884015,10.77130650124121,8.751859414573701,-18.748394973579117,-12.469604392599209,5.485253667081312,30.494170631413304,8,100
injection_electrons_s10x10,25,0.0025,100031,100031,100031,100031,1.0,1.0,9.998651729884015,10.77130650124121,13.768627678670514,27.826904536454467,37.70484311918554,9.462044649985494,46.70058200465701,8,500
injection_electrons_s10x10,50,0.005,100031,100031,100031,100031,1.0,1.0,9.998651729884015,10.035341124507246,12.314549234879692,22.711814995570066,23.162097926402538,3.21617783675749,15.193889988827099,8,100
injection_electrons_s10x10,50,0.005,100031,100031,100031,100031,1.0,1.0,9.998651729884015,10.035341124507246,11.643339338797109,16.023353808700925,16.449093871301113,6.067237769927567,29.237704515794096,8,500
injection_electrons_s10x10,75,0.007500000000000001,100031,100031,100031,100031,1.0,1.0,9.998651729884015,10.05339935496361,9.278696924055813,-7.705875431331655,-7.200518882724937,1.5389402336988522,10.4580654437525,8,100
injection_electrons_s10x10,75,0.007500000000000001,100031,100031,100031,100031,1.0,1.0,9.998651729884015,10.05339935496361,10.553726495936704,4.976696173181172,5.5514961521629935,3.748259001934462,19.3222885144759,8,500
injection_electrons_s10x10,100,0.01,100031,100031,100031,100031,1.0,1.0,9.998651729884015,10.029205054003045,10.250369915512902,2.2052082923718963,2.517521286160518,0.8501533453830663,8.7059111179654,8,100
injection_electrons_s10x10,100,0.01,100031,100031,100031,100031,1.0,1.0,9.998651729884015,10.029205054003045,10.284884012051561,2.5493442069614902,2.862708792146984,2.559962543453128,15.4688094093684,8,500
injection_electrons_s10x10,125,0.0125,100031,100031,100031,100031,1.0,1.0,9.998651729884015,10.006182005187679,9.893395177972735,-1.127171454171727,-1.0527074525127134,0.6121251317501095,6.9704195263648,8,100
injection_electrons_s10x10,125,0.0125,100031,100031,100031,100031,1.0,1.0,9.998651729884015,10.006182005187679,10.112408615433898,1.0616098147240072,1.1377222511899765,1.964971619329653,12.169783675714495,8,500
injection_electrons_s10x10,150,0.015000000000000001,100031,100031,100031,100031,1.0,1.0,9.998651729884015,10.018451132903394,10.08962079842566,0.7103859127338019,0.9098133528319119,0.5077630225736911,6.0223317685008,8,100
injection_electrons_s10x10,150,0.015000000000000001,100031,100031,100031,100031,1.0,1.0,9.998651729884015,10.018451132903394,10.079196149336187,0.6063314141772969,0.8055528047990812,1.4880622183068999,10.068444065653999,8,500
injection_electrons_s10x10,200,0.02,100031,100031,100031,100031,1.0,1.0,9.998651729884015,10.007799518747811,10.018348417727458,0.1054067775826617,0.19699343847103812,0.37377742571717754,3.9608131814645002,8,100
injection_electrons_s10x10,200,0.02,100031,100031,100031,100031,1.0,1.0,9.998651729884015,10.007799518747811,10.014946055843698,0.07140967484908778,0.16296523171202004,0.8415796599918499,5.6386325902681,8,500
injection_electrons_s10x10,250,0.025,100031,100031,100031,100031,1.0,1.0,9.998651729884015,10.001748860382284,9.992165783068204,-0.09581401660702094,-0.06486821414557475,0.29973705646941057,3.1499770725195995,8,100
injection_electrons_s10x10,250,0.025,100031,100031,100031,100031,1.0,1.0,9.998651729884015,10.001748860382284,10.002361403819455,0.006124363306070357,0.037101741671352606,0.5360146170279578,3.9515972209061,8,500
injection_electrons_s10x10,300,0.030000000000000002,100031,100031,100031,100031,1.0,1.0,9.998651729884015,10.00052598254046,9.989608179702257,-0.10917228611038166,-0.09044769661021856,0.2518332513468208,3.0388434592717757,8,100
injection_electrons_s10x10,300,0.030000000000000002,100031,100031,100031,100031,1.0,1.0,9.998651729884015,10.00052598254046,9.999805854338035,-0.0072009032692998964,0.011542800821540133,0.42009399891319865,3.3495807896564003,8,500
injection_electrons_s10x10,1000,0.1,100031,100031,100031,100031,1.0,1.0,9.998651729884015,9.99922367621231,9.998514226541143,-0.007095047517080566,-0.0013752188453675096,0.10892874247876178,1.1685271999139992,8,100
injection_electrons_s10x10,1000,0.1,100031,100031,100031,100031,1.0,1.0,9.998651729884015,9.99922367621231,9.998713647680109,-0.00510068130002983,0.0006192614541156161,0.11941260983244488,1.2225864060817,8,500
injection_electrons_s10x10,0,0.0,100031,100031,100031,100031,1.0,1.0,9.998651729884015,11.119060197011907,15.968447166973522,43.61328101510613,59.70600435303648,24.699921156797412,75.5488166436863,9,100
injection_electrons_s10x10,0,0.0,100031,100031,100031,100031,1.0,1.0,9.998651729884015,11.119060197011907,17.09411024557212,53.737006030113285,70.96415304156626,21.790504905520212,137.6590207746851,9,500
injection_electrons_s10x10,25,0.0025,100031,100031,100031,100031,1.0,1.0,9.998651729884015,10.738482692319781,6.622221402965446,-38.33187059376934,-33.76885622315536,6.24659826887432,26.944842012768696,9,100
injection_electrons_s10x10,25,0.0025,100031,100031,100031,100031,1.0,1.0,9.998651729884015,10.738482692319781,13.706486471850123,27.63894923118957,37.08334725655176,9.67469249375268,47.7844244300544,9,500
injection_electrons_s10x10,50,0.005,100031,100031,100031,100031,1.0,1.0,9.998651729884015,10.060072869327087,13.014423046583827,29.3670852650032,30.16177978963166,3.522971396406938,13.604316277962699,9,100
injection_electrons_s10x10,50,0.005,100031,100031,100031,100031,1.0,1.0,9.998651729884015,10.060072869327087,11.901306234881618,18.302385971461565,19.02911068810349,6.154547355811472,26.4688373121545,9,500
injection_electrons_s10x10,75,0.007500000000000001,100031,100031,100031,100031,1.0,1.0,9.998651729884015,10.033342516873164,9.201803523024335,-8.28775647248584,-7.969556580094261,1.534110417489101,10.1992147645015,9,100
injection_electrons_s10x10,75,0.007500000000000001,100031,100031,100031,100031,1.0,1.0,9.998651729884015,10.033342516873164,10.554293669644983,5.1921994280144546,5.557168654052247,3.79419739356057,18.593787997179604,9,500
injection_electrons_s10x10,100,0.01,100031,100031,100031,100031,1.0,1.0,9.998651729884015,10.04185284296828,10.190947487339539,1.4847324164450448,1.9232168761392998,0.8626642367505001,9.015966295178702,9,100
injection_electrons_s10x10,100,0.01,100031,100031,100031,100031,1.0,1.0,9.998651729884015,10.04185284296828,10.27714055450985,2.3430706984152616,2.7852637750496623,2.5656848276663595,15.244132674140701,9,500
injection_electrons_s10x10,125,0.0125,100031,100031,100031,100031,1.0,1.0,9.998651729884015,10.001690675531457,9.946613804643976,-0.5506756074972752,-0.5204494230407919,0.6066315481322334,7.505292390278501,9,100
injection_electrons_s10x10,125,0.0125,100031,100031,100031,100031,1.0,1.0,9.998651729884015,10.001690675531457,10.109664767227672,1.0795583986652257,1.110280069180325,1.9018857712757937,11.182655927729,9,500
injection_electrons_s10x10,150,0.015000000000000001,100031,100031,100031,100031,1.0,1.0,9.998651729884015,10.017719183086554,10.026854290968137,0.09118949847393143,0.28206364063896316,0.4927932089533273,5.4181296829141,9,100
injection_electrons_s10x10,150,0.015000000000000001,100031,100031,100031,100031,1.0,1.0,9.998651729884015,10.017719183086554,10.100751793656915,0.828857438033892,1.021138314756409,1.4516361898091332,8.974474538252798,9,500
injection_electrons_s10x10,200,0.02,100031,100031,100031,100031,1.0,1.0,9.998651729884015,10.003470469135165,9.956526190043753,-0.4692799287632554,-0.4213122026678562,0.37096833175936567,4.389908297921401,9,100
injection_electrons_s10x10,200,0.02,100031,100031,100031,100031,1.0,1.0,9.998651729884015,10.003470469135165,10.010804482385177,0.073314688863646,0.12154391241410156,0.843678802202473,5.2559308033451995,9,500
injection_electrons_s10x10,250,0.025,100031,100031,100031,100031,1.0,1.0,9.998651729884015,10.00099476280169,9.977789142780999,-0.23203311841542007,-0.20865400322587213,0.2949839740691294,3.337327034823701,9,100
injection_electrons_s10x10,250,0.025,100031,100031,100031,100031,1.0,1.0,9.998651729884015,10.00099476280169,10.000213425862027,-0.007812592229028414,0.015619065652061614,0.5277530685379921,3.3701318239514,9,500
injection_electrons_s10x10,300,0.030000000000000002,100031,100031,100031,100031,1.0,1.0,9.998651729884015,10.002628622444805,10.004494753556532,0.018656407052253243,0.058438115761672016,0.25129801150194264,2.9480661972815003,9,100
injection_electrons_s10x10,300,0.030000000000000002,100031,100031,100031,100031,1.0,1.0,9.998651729884015,10.002628622444805,10.003081180229971,0.004524388560733783,0.04430047636039269,0.41787239101649215,2.7936691518621997,9,500
injection_electrons_s10x10,1000,0.1,100031,100031,100031,100031,1.0,1.0,9.998651729884015,9.998736235620473,9.998557900314493,-0.0017835784621000883,-0.0009384222198871583,0.10889890725565234,1.3533740117089,9,100
injection_electrons_s10x10,1000,0.1,100031,100031,100031,100031,1.0,1.0,9.998651729884015,9.998736235620473,9.998669760008852,-0.000664840136344047,0.00018032556112768106,0.12132338176145846,1.2283820908048,9,500
injection_electrons_s10x10,0,0.0,100031,100031,100031,100031,1.0,1.0,9.998651729884015,11.011897101186639,14.491284889088499,31.59662459547432,44.932389691870966,22.971475895672498,68.4901653526623,10,100
injection_electrons_s10x10,0,0.0,100031,100031,100031,100031,1.0,1.0,9.998651729884015,11.011897101186639,17.216634243019744,56.34576027017619,72.18955823376257,21.996276008890806,128.9149784641553,10,500
injection_electrons_s10x10,25,0.0025,100031,100031,100031,100031,1.0,1.0,9.998651729884015,10.70414980153808,5.493501298533966,-48.678770379833395,-45.05757929226634,7.226566310698548,25.483590622757305,10,100
injection_electrons_s10x10,25,0.0025,100031,100031,100031,100031,1.0,1.0,9.998651729884015,10.70414980153808,13.645665396033694,27.48014227223303,36.47505448409076,9.840784495609649,48.657229749736295,10,500
injection_electrons_s10x10,50,0.005,100031,100031,100031,100031,1.0,1.0,9.998651729884015,10.084553519080732,13.201209128616277,30.90524140348503,32.02989248200778,3.6449164703036687,12.8718603822441,10,100
injection_electrons_s10x10,50,0.005,100031,100031,100031,100031,1.0,1.0,9.998651729884015,10.084553519080732,12.072680160509298,19.71457276385,20.743081033879985,6.210423877677755,27.015425069094896,10,500
injection_electrons_s10x10,75,0.007500000000000001,100031,100031,100031,100031,1.0,1.0,9.998651729884015,10.018357482184092,9.499279565533882,-5.181267663619504,-4.994395022857001,1.41771108197855,9.4726155097553,10,100
injection_electrons_s10x10,75,0.007500000000000001,100031,100031,100031,100031,1.0,1.0,9.998651729884015,10.018357482184092,10.525178972101354,5.058927981144179,5.26598241884606,3.8621062220816134,20.3300261113909,10,500
injection_electrons_s10x10,100,0.01,100031,100031,100031,100031,1.0,1.0,9.998651729884015,10.047945083204418,9.938687375268001,-1.0873637050330398,-0.5997244052094786,0.8741918404460702,7.8348987170025,10,100
injection_electrons_s10x10,100,0.01,100031,100031,100031,100031,1.0,1.0,9.998651729884015,10.047945083204418,10.221511095794957,1.7273781967684476,2.2288941742500956,2.553951180071577,13.5189896062782,10,500
injection_electrons_s10x10,125,0.0125,100031,100031,100031,100031,1.0,1.0,9.998651729884015,10.003570682058353,10.102774155445758,0.9916806362485042,1.0413646597024817,0.6078034366473106,5.437352262699709,10,100
injection_electrons_s10x10,125,0.0125,100031,100031,100031,100031,1.0,1.0,9.998651729884015,10.003570682058353,10.145144643873385,1.415234282984068,1.4651266785453698,1.8738947505713892,12.7584054614942,10,500
injection_electrons_s10x10,150,0.015000000000000001,100031,100031,100031,100031,1.0,1.0,9.998651729884015,10.011906767856747,9.915052953944715,-0.9673862947164213,-0.8361004883232437,0.48515207638468666,5.138515302372399,10,100
injection_electrons_s10x10,150,0.015000000000000001,100031,100031,100031,100031,1.0,1.0,9.998651729884015,10.011906767856747,10.07564273115291,0.63660164615984,0.7700138313527338,1.3969439247414088,9.4910431132063,10,500
injection_electrons_s10x10,200,0.02,100031,100031,100031,100031,1.0,1.0,9.998651729884015,10.00109242656167,9.939343558421001,-0.6174212326712558,-0.5931616888480429,0.3659576971075516,4.404186775194501,10,100
injection_electrons_s10x10,200,0.02,100031,100031,100031,100031,1.0,1.0,9.998651729884015,10.00109242656167,10.00199104561608,0.008985208976008963,0.033397660227363346,0.8336148732679949,5.697292099890299,10,500
injection_electrons_s10x10,250,0.025,100031,100031,100031,100031,1.0,1.0,9.998651729884015,10.0035334642357,10.015256693055557,0.11719087922053006,0.16607202270995103,0.29496313158942056,2.9987451432409,10,100
injection_electrons_s10x10,250,0.025,100031,100031,100031,100031,1.0,1.0,9.998651729884015,10.0035334642357,10.006640607825574,0.031060460795995226,0.07989955203342447,0.5249879677290549,3.3045134774725007,10,500
injection_electrons_s10x10,300,0.030000000000000002,100031,100031,100031,100031,1.0,1.0,9.998651729884015,10.002976849164302,10.018195449247585,0.1521407108380446,0.19546354740167526,0.2501894260319827,2.835499052964799,10,100
injection_electrons_s10x10,300,0.030000000000000002,100031,100031,100031,100031,1.0,1.0,9.998651729884015,10.002976849164302,10.0050345521741,0.020570906449424164,0.06383682982984418,0.41813070436319605,3.3046616356949006,10,500
injection_electrons_s10x10,1000,0.1,100031,100031,100031,100031,1.0,1.0,9.998651729884015,9.999231188946965,9.999270643294011,0.0003945738057398174,0.006189968674941149,0.10900591141839899,1.3157863930906002,10,100
injection_electrons_s10x10,1000,0.1,100031,100031,100031,100031,1.0,1.0,9.998651729884015,9.999231188946965,9.999064198875063,-0.0016700291126992006,0.004125246105091129,0.12195390519385677,1.2136214593196,10,500
injection_electrons_s10x10,0,0.0,100031,100031,100031,100031,1.0,1.0,9.998651729884015,10.923637499874564,13.10553547195682,19.974097200747565,31.07302690408684,21.35985274710145,62.7582594816831,11,100
injection_electrons_s10x10,0,0.0,100031,100031,100031,100031,1.0,1.0,9.998651729884015,10.923637499874564,17.297480135439038,58.349085967358995,72.99812617475465,22.195272657607102,128.673946816056,11,500
injection_electrons_s10x10,25,0.0025,100031,100031,100031,100031,1.0,1.0,9.998651729884015,10.670008393611505,5.043685243008734,-52.73025983720352,-49.55634640284404,7.988750367338889,26.1496460563134,11,100
injection_electrons_s10x10,25,0.0025,100031,100031,100031,100031,1.0,1.0,9.998651729884015,10.670008393611505,13.644380061171516,27.876001197345524,36.46219940225672,10.098034021273227,51.0496814622595,11,500
injection_electrons_s10x10,50,0.005,100031,100031,100031,100031,1.0,1.0,9.998651729884015,10.107307999629246,13.002773169957244,28.64724385992996,30.045265314067258,3.4710702264099886,12.788048612328202,11,100
injection_electrons_s10x10,50,0.005,100031,100031,100031,100031,1.0,1.0,9.998651729884015,10.107307999629246,12.25399899156847,21.238998475340498,22.556513844198236,6.291386625747849,29.8544881538228,11,500
injection_electrons_s10x10,75,0.007500000000000001,100031,100031,100031,100031,1.0,1.0,9.998651729884015,10.008388742836646,9.983646644085724,-0.2472136063722652,-0.1500710916197301,1.2322573835716413,12.0503079566207,11,100
injection_electrons_s10x10,75,0.007500000000000001,100031,100031,100031,100031,1.0,1.0,9.998651729884015,10.008388742836646,10.563847754686268,5.549934421234237,5.652722387689457,3.9235577436306945,17.740708806441603,11,500
injection_electrons_s10x10,100,0.01,100031,100031,100031,100031,1.0,1.0,9.998651729884015,10.048242662310532,9.62880076210473,-4.174281158426507,-3.699008404041848,0.8945709142563792,8.523284261178599,11,100
injection_electrons_s10x10,100,0.01,100031,100031,100031,100031,1.0,1.0,9.998651729884015,10.048242662310532,10.168853866542769,1.2003213724588013,1.7022508759861443,2.571722170147938,14.8020849589998,11,500
injection_electrons_s10x10,125,0.0125,100031,100031,100031,100031,1.0,1.0,9.998651729884015,10.0088713379192,10.24141126689677,2.3233381779679707,2.4279227196922326,0.6128468113706915,5.8250989506371,11,100
injection_electrons_s10x10,125,0.0125,100031,100031,100031,100031,1.0,1.0,9.998651729884015,10.0088713379192,10.15421250554389,1.4521234484657475,1.5558175228259419,1.8377444142513384,11.3080706410089,11,500
injection_electrons_s10x10,150,0.015000000000000001,100031,100031,100031,100031,1.0,1.0,9.998651729884015,10.005925642030155,9.857483289063856,-1.4835444343376136,-1.4118747670571863,0.4938733458120337,5.494086406681898,11,100
injection_electrons_s10x10,150,0.015000000000000001,100031,100031,100031,100031,1.0,1.0,9.998651729884015,10.005925642030155,10.060550362757866,0.5459237124275429,0.6190697960690716,1.351796946693734,8.6801073030139,11,500
injection_electrons_s10x10,200,0.02,100031,100031,100031,100031,1.0,1.0,9.998651729884015,10.00220104883029,9.9962715125931,-0.059282314045094875,-0.02380538251772757,0.35675351659008486,3.899093394265,11,100
injection_electrons_s10x10,200,0.02,100031,100031,100031,100031,1.0,1.0,9.998651729884015,10.00220104883029,10.00637372342358,0.041717563693421944,0.07723034813269525,0.8247049836038057,5.8097879661623,11,500
injection_electrons_s10x10,250,0.025,100031,100031,100031,100031,1.0,1.0,9.998651729884015,10.005445183961024,10.044712954295283,0.39246399947507893,0.4606743554593562,0.2953896166847729,3.6812918360980973,11,100
injection_electrons_s10x10,250,0.025,100031,100031,100031,100031,1.0,1.0,9.998651729884015,10.005445183961024,10.007748214333569,0.023017770126187997,0.09097711066750058,0.5322355350424497,3.4647765415453993,11,500
injection_electrons_s10x10,300,0.030000000000000002,100031,100031,100031,100031,1.0,1.0,9.998651729884015,10.001257525632395,9.992722386801676,-0.0853406565008874,-0.05930142625748536,0.24642077621123082,2.9276426908491997,11,100
injection_electrons_s10x10,300,0.030000000000000002,100031,100031,100031,100031,1.0,1.0,9.998651729884015,10.001257525632395,10.0006994531929,-0.0055800226928082175,0.02047999434526826,0.4158249712951397,2.7995196688716995,11,500
injection_electrons_s10x10,1000,0.1,100031,100031,100031,100031,1.0,1.0,9.998651729884015,9.999265405475093,9.998345118769715,-0.009203543141023118,-0.003066524593353659,0.10889836234099207,1.4356687815399996,11,100
injection_electrons_s10x10,1000,0.1,100031,100031,100031,100031,1.0,1.0,9.998651729884015,9.999265405475093,9.998825487058769,-0.0043995073486402525,0.0017378060507278192,0.12279753271119892,1.1916975056633998,11,500
injection_electrons_s10x10,0,0.0,100031,100031,100031,100031,1.0,1.0,9.998651729884015,10.849046783916087,11.867316307550654,9.385797148042263,18.689165581010947,19.910055614665293,58.305547032151004,12,100
injection_electrons_s10x10,0,0.0,100031,100031,100031,100031,1.0,1.0,9.998651729884015,10.849046783916087,17.343000313355986,59.857364972075764,73.45338933569563,22.498063516721142,130.97292319056848,12,500
injection_electrons_s10x10,25,0.0025,100031,100031,100031,100031,1.0,1.0,9.998651729884015,10.637246628207853,4.920588850686211,-53.74189371864527,-50.78747631563631,8.488428110454258,25.968558711292197,12,100
injection_electrons_s10x10,25,0.0025,100031,100031,100031,100031,1.0,1.0,9.998651729884015,10.637246628207853,13.598099640494391,27.834768862413583,35.99933278856318,10.271831993114612,54.6210654862735,12,500
injection_electrons_s10x10,50,0.005,100031,100031,100031,100031,1.0,1.0,9.998651729884015,10.127584768803176,12.58834469310151,24.29759888930687,25.90042170863307,3.081024319932777,12.9016575039125,12,100
injection_electrons_s10x10,50,0.005,100031,100031,100031,100031,1.0,1.0,9.998651729884015,10.127584768803176,12.425696640225558,22.691608353666346,24.27372185679375,6.39343477799463,28.4050416149013,12,500
injection_electrons_s10x10,75,0.007500000000000001,100031,100031,100031,100031,1.0,1.0,9.998651729884015,10.002612078015623,10.480909295098021,4.781723147432948,4.823225953281596,1.1640709359140762,11.0241084824583,12,100
injection_electrons_s10x10,75,0.007500000000000001,100031,100031,100031,100031,1.0,1.0,9.998651729884015,10.002612078015623,10.49397688475838,4.912364919386514,4.953919470901602,3.9633832738489745,19.097480612522897,12,500
injection_electrons_s10x10,100,0.01,100031,100031,100031,100031,1.0,1.0,9.998651729884015,10.044405773718777,9.40675770796869,-6.348290581992366,-5.919738359785742,0.9539482592844072,9.1220771166546,12,100
injection_electrons_s10x10,100,0.01,100031,100031,100031,100031,1.0,1.0,9.998651729884015,10.044405773718777,10.127389521878074,0.8261688150475122,1.2875515166638651,2.6094283884392397,13.209748274629,12,500
injection_electrons_s10x10,125,0.0125,100031,100031,100031,100031,1.0,1.0,9.998651729884015,10.015584198690728,10.264868221227065,2.488961378497767,2.6625238935703788,0.6191996755789735,6.284531032851199,12,100
injection_electrons_s10x10,125,0.0125,100031,100031,100031,100031,1.0,1.0,9.998651729884015,10.015584198690728,10.182512839990897,1.666689011730238,1.8388590289364348,1.8206603912694324,9.7285658241,12,500
injection_electrons_s10x10,150,0.015000000000000001,100031,100031,100031,100031,1.0,1.0,9.998651729884015,10.001754755195726,9.911022955394495,-0.907158813848119,-0.876405908084732,0.4869226126279884,5.8075175804293,12,100
injection_electrons_s10x10,150,0.015000000000000001,100031,100031,100031,100031,1.0,1.0,9.998651729884015,10.001754755195726,10.04384966877514,0.42087528248526684,0.4520403361588876,1.3202999043783687,8.711389838994702,12,500
injection_electrons_s10x10,200,0.02,100031,100031,100031,100031,1.0,1.0,9.998651729884015,10.005329376964037,10.07877578483999,0.7340728636585858,0.8013485929957875,0.36141652435557503,4.1673052694715995,12,100
injection_electrons_s10x10,200,0.02,100031,100031,100031,100031,1.0,1.0,9.998651729884015,10.005329376964037,10.014354249524423,0.09020065427496338,0.15704637049689385,0.8097318867420837,5.085537861358101,12,500
injection_electrons_s10x10,250,0.025,100031,100031,100031,100031,1.0,1.0,9.998651729884015,10.005168760462816,10.02188386476625,0.16706469129723622,0.23235267623933353,0.2924277460415706,3.2838726242749994,12,100
injection_electrons_s10x10,250,0.025,100031,100031,100031,100031,1.0,1.0,9.998651729884015,10.005168760462816,10.007574710587466,0.024047071891053484,0.08924183924501339,0.5365022621517145,3.7600706916114,12,500
injection_electrons_s10x10,300,0.030000000000000002,100031,100031,100031,100031,1.0,1.0,9.998651729884015,10.000031514379621,9.969049800167905,-0.30981616575073145,-0.29605921394016965,0.24350260595235074,3.116388050561,12,100
injection_electrons_s10x10,300,0.030000000000000002,100031,100031,100031,100031,1.0,1.0,9.998651729884015,10.000031514379621,9.994597820124268,-0.05433677131457815,-0.04054456409988694,0.4140292552839998,3.5281795314543,12,500
injection_electrons_s10x10,1000,0.1,100031,100031,100031,100031,1.0,1.0,9.998651729884015,9.998823737148337,9.999825807456357,0.010021881916943975,0.011742358910571404,0.10786146676176141,1.552402487220101,12,100
injection_electrons_s10x10,1000,0.1,100031,100031,100031,100031,1.0,1.0,9.998651729884015,9.998823737148337,9.997894233275371,-0.009296132199154705,-0.007575987534202966,0.12384375406288067,1.2731003141446005,12,500
injection_electrons_s10x10,0,0.0,100031,100031,100031,100031,1.0,1.0,9.998651729884015,10.786138420384214,10.783907263438953,-0.020685409905774055,7.853614214884219,18.62093442568629,52.94854899844201,13,100
injection_electrons_s10x10,0,0.0,100031,100031,100031,100031,1.0,1.0,9.998651729884015,10.786138420384214,17.493487763591737,62.1848995608254,74.9584667631449,22.864379938560717,130.768362436176,13,500
injection_electrons_s10x10,25,0.0025,100031,100031,100031,100031,1.0,1.0,9.998651729884015,10.606413965200035,4.920848591401472,-53.60497329684731,-50.78487855823583,8.776638346983551,25.716976329029706,13,100
injection_electrons_s10x10,25,0.0025,100031,100031,100031,100031,1.0,1.0,9.998651729884015,10.606413965200035,13.58724697519735,28.104060616316872,35.89079150129537,10.554209932783323,50.914973282458504,13,500
injection_electrons_s10x10,50,0.005,100031,100031,100031,100031,1.0,1.0,9.998651729884015,10.144925205721801,12.082631876213881,19.100255854022485,20.842611610335982,2.589887183013542,11.434461833571,13,100
injection_electrons_s10x10,50,0.005,100031,100031,100031,100031,1.0,1.0,9.998651729884015,10.144925205721801,12.638498460758356,24.57951344609386,26.402027015146,6.462478906231224,30.0027396023244,13,500
injection_electrons_s10x10,75,0.007500000000000001,100031,100031,100031,100031,1.0,1.0,9.998651729884015,10.000508832691237,10.912604420386971,9.120491796518726,9.140759326293256,1.294767316506056,9.3413547897554,13,100
injection_electrons_s10x10,75,0.007500000000000001,100031,100031,100031,100031,1.0,1.0,9.998651729884015,10.000508832691237,10.48037684118995,4.798435924880584,4.817900696212396,4.036481510199026,19.611096938477395,13,500
injection_electrons_s10x10,100,0.01,100031,100031,100031,100031,1.0,1.0,9.998651729884015,10.03795794410156,9.32458981643357,-7.106705682973857,-6.7415280745883654,1.0008428888504814,7.1530876008067,13,100
injection_electrons_s10x10,100,0.01,100031,100031,100031,100031,1.0,1.0,9.998651729884015,10.03795794410156,10.113488630909497,0.7524507198430674,1.1485238622949145,2.6483681685389393,12.700298608454597,13,500
injection_electrons_s10x10,125,0.0125,100031,100031,100031,100031,1.0,1.0,9.998651729884015,10.022009210782207,10.173301538102253,1.5096007610657436,1.7467335890522406,0.5908060176526765,6.1041828500021005,13,100
injection_electrons_s10x10,125,0.0125,100031,100031,100031,100031,1.0,1.0,9.998651729884015,10.022009210782207,10.18378320380631,1.6141872315389438,1.8515643801151116,1.8211223285791045,9.7009914049823,13,500
injection_electrons_s10x10,150,0.015000000000000001,100031,100031,100031,100031,1.0,1.0,9.998651729884015,10.000308007089302,10.028546291249151,0.28237414427467744,0.29898592503014854,0.4521921929795609,6.377250089212228,13,100
injection_electrons_s10x10,150,0.015000000000000001,100031,100031,100031,100031,1.0,1.0,9.998651729884015,10.000308007089302,10.03747471939649,0.37165567581358694,0.3882822460596458,1.294224475191425,7.326524500924901,13,500
injection_electrons_s10x10,200,0.02,100031,100031,100031,100031,1.0,1.0,9.998651729884015,10.008554111121102,10.110464709224118,1.0182349715207817,1.1182805678281227,0.3748904166516511,4.1176799135097,13,100
injection_electrons_s10x10,200,0.02,100031,100031,100031,100031,1.0,1.0,9.998651729884015,10.008554111121102,10.024806940776593,0.1623893868688997,0.26158737797021825,0.7990899128624235,5.0177434717996,13,500
injection_electrons_s10x10,250,0.025,100031,100031,100031,100031,1.0,1.0,9.998651729884015,10.003329852484237,9.962933443959459,-0.40382961594279676,-0.35723102363692805,0.2886989752364367,3.2379846500072,13,100
injection_electrons_s10x10,250,0.025,100031,100031,100031,100031,1.0,1.0,9.998651729884015,10.003329852484237,9.99861703561625,-0.04711248091869846,-0.00034698946119737784,0.5358320793286081,2.9818635301215997,13,500
injection_electrons_s10x10,300,0.030000000000000002,100031,100031,100031,100031,1.0,1.0,9.998651729884015,10.00042478433589,9.984988973263874,-0.15435155410791213,-0.13664598977185527,0.2423610721205114,2.6833815754609005,13,100
injection_electrons_s10x10,300,0.030000000000000002,100031,100031,100031,100031,1.0,1.0,9.998651729884015,10.00042478433589,9.994638973160463,-0.05785565413670701,-0.04013297824504436,0.4122155338525058,3.1221482659776,13,500
injection_electrons_s10x10,1000,0.1,100031,100031,100031,100031,1.0,1.0,9.998651729884015,9.998879857011207,9.99861719210652,-0.0026269433020864597,-0.0003454243474809715,0.1072151294816878,1.1272529009805,13,100
injection_electrons_s10x10,1000,0.1,100031,100031,100031,100031,1.0,1.0,9.998651729884015,9.998879857011207,9.99868029368944,-0.0019958567821776185,0.00028567657115452505,0.12483724247416629,1.3530067788094,13,500
injection_electrons_s10x10,0,0.0,100031,100031,100031,100031,1.0,1.0,9.998651729884015,10.731859572489821,9.843217265636165,-8.28041310875529,-1.5545542383808342,17.47431729814531,49.978205694204,14,100
injection_electrons_s10x10,0,0.0,100031,100031,100031,100031,1.0,1.0,9.998651729884015,10.731859572489821,17.54368931280374,63.472967516043965,75.46054994964054,23.1873025819449,130.4515314827127,14,500
injection_electrons_s10x10,25,0.0025,100031,100031,100031,100031,1.0,1.0,9.998651729884015,10.577766183654369,4.956051419736876,-53.146521357265655,-50.43280280556019,8.914402035655058,24.968241295264598,14,100
injection_electrons_s10x10,25,0.0025,100031,100031,100031,100031,1.0,1.0,9.998651729884015,10.577766183654369,13.498528074565327,27.612275032363254,35.0034828618029,10.78157899968627,56.863991703281094,14,500
injection_electrons_s10x10,50,0.005,100031,100031,100031,100031,1.0,1.0,9.998651729884015,10.159158450327945,11.561648150014337,13.805175955702499,15.632071826832728,2.0808262799991124,10.6708026631142,14,100
injection_electrons_s10x10,50,0.005,100031,100031,100031,100031,1.0,1.0,9.998651729884015,10.159158450327945,12.818885121146739,26.180580643792737,28.20613686176905,6.546998327040942,31.178137755782103,14,500
injection_electrons_s10x10,75,0.007500000000000001,100031,100031,100031,100031,1.0,1.0,9.998651729884015,10.001066816886453,11.248691936663626,12.474920352202833,12.502087686917672,1.515889157141276,9.1696456572944,14,100
injection_electrons_s10x10,75,0.007500000000000001,100031,100031,100031,100031,1.0,1.0,9.998651729884015,10.001066816886453,10.490041517790031,4.889225418211995,4.914560494564957,4.077611939110604,17.9164426857143,14,500
injection_electrons_s10x10,100,0.01,100031,100031,100031,100031,1.0,1.0,9.998651729884015,10.030918985931965,9.363622338654427,-6.652397932965071,-6.3511502189001146,0.9810591462944825,5.856510995907799,14,100
injection_electrons_s10x10,100,0.01,100031,100031,100031,100031,1.0,1.0,9.998651729884015,10.030918985931965,10.071677323061264,0.4063270492610016,0.7303544032740916,2.6892037707224468,12.6031108562678,14,500
injection_electrons_s10x10,125,0.0125,100031,100031,100031,100031,1.0,1.0,9.998651729884015,10.026595483154443,10.017791986494519,-0.08780145438912479,0.19142837582089012,0.5384463126039828,6.8154612279868,14,100
injection_electrons_s10x10,125,0.0125,100031,100031,100031,100031,1.0,1.0,9.998651729884015,10.026595483154443,10.191174723204629,1.641426946232083,1.9254895412068374,1.8224268073321237,8.940014450576362,14,500
injection_electrons_s10x10,150,0.015000000000000001,100031,100031,100031,100031,1.0,1.0,9.998651729884015,10.001366739178911,10.141269247675156,1.3988339008527362,1.4263674907776247,0.4328183661727707,5.9077341035815,14,100
injection_electrons_s10x10,150,0.015000000000000001,100031,100031,100031,100031,1.0,1.0,9.998651729884015,10.001366739178911,10.033752752794207,0.3238158789681034,0.35105756114379716,1.2794185894157462,8.214214595739499,14,500
injection_electrons_s10x10,200,0.02,100031,100031,100031,100031,1.0,1.0,9.998651729884015,10.010145104055852,10.073522742625729,0.6331340646021033,0.7488110873782983,0.3643936796024946,4.6237690971305,14,100
injection_electrons_s10x10,200,0.02,100031,100031,100031,100031,1.0,1.0,9.998651729884015,10.010145104055852,10.022720933837176,0.12563084401473468,0.24072449569598753,0.7912998415938963,5.711180781152899,14,500
injection_electrons_s10x10,250,0.025,100031,100031,100031,100031,1.0,1.0,9.998651729884015,10.001367758612725,9.926097990737833,-0.7525947419548928,-0.725635226690946,0.29590845006391187,3.2548582174047,14,100
injection_electrons_s10x10,250,0.025,100031,100031,100031,100031,1.0,1.0,9.998651729884015,10.001367758612725,9.987294295332944,-0.14071538632964842,-0.11358966046517427,0.5362226268149753,3.9681706168716997,14,500
injection_electrons_s10x10,300,0.030000000000000002,100031,100031,100031,100031,1.0,1.0,9.998651729884015,10.00202836755598,10.026895804151348,0.24862393588116483,0.28247882844960603,0.24316979619768458,2.739124532850301,14,100
injection_electrons_s10x10,300,0.030000000000000002,100031,100031,100031,100031,1.0,1.0,9.998651729884015,10.00202836755598,9.999184567790234,-0.028432230556052485,0.005329097568496088,0.41606320926786455,2.5864247490820986,14,500
injection_electrons_s10x10,1000,0.1,100031,100031,100031,100031,1.0,1.0,9.998651729884015,9.999653990101189,9.99843307640687,-0.01220955940602897,-0.0021868296151472677,0.10677009518723223,1.3550372411348999,14,100
injection_electrons_s10x10,1000,0.1,100031,100031,100031,100031,1.0,1.0,9.998651729884015,9.999653990101189,9.99849725487489,-0.011567752518681917,-0.0015449583933735411,0.1258035259456477,1.2031721327527993,14,500
injection_electrons_s10x10,0,0.0,100031,100031,100031,100031,1.0,1.0,9.998651729884015,10.684431909167126,9.035995078067401,-15.428399423701544,-9.627864614380165,16.459291696164048,46.2007524607263,15,100
injection_electrons_s10x10,0,0.0,100031,100031,100031,100031,1.0,1.0,9.998651729884015,10.684431909167126,17.672442430586198,65.40366938389523,76.74825474485448,23.532192324746056,126.2720820830011,15,500
injection_electrons_s10x10,25,0.0025,100031,100031,100031,100031,1.0,1.0,9.998651729884015,10.550911303988768,4.996049617406108,-52.6481696844769,-50.03276689322129,8.94501599285438,24.7772767481556,15,100
injection_electrons_s10x10,25,0.0025,100031,100031,100031,100031,1.0,1.0,9.998651729884015,10.550911303988768,13.330604470642845,26.345526813434738,33.324020385671346,11.026555872500708,56.34827097197579,15,500
injection_electrons_s10x10,50,0.005,100031,100031,100031,100031,1.0,1.0,9.998651729884015,10.171248839563594,11.065761301870667,8.794519497228759,10.672534665821697,1.613964097855193,10.337309707569,15,100
injection_electrons_s10x10,50,0.005,100031,100031,100031,100031,1.0,1.0,9.998651729884015,10.171248839563594,12.98673595619838,27.68083999364219,29.884871551066894,6.616778489498851,30.7075929312975,15,500
injection_electrons_s10x10,75,0.007500000000000001,100031,100031,100031,100031,1.0,1.0,9.998651729884015,10.003204088013243,11.485684252873831,14.820053173133108,14.872330421764435,1.720090424617907,7.274018934184,15,100
injection_electrons_s10x10,75,0.007500000000000001,100031,100031,100031,100031,1.0,1.0,9.998651729884015,10.003204088013243,10.594171872461523,5.907784938192262,5.956004456056951,4.155994278483877,19.425376112234495,15,500
injection_electrons_s10x10,100,0.01,100031,100031,100031,100031,1.0,1.0,9.998651729884015,10.023911371848065,9.484207850373693,-5.384160947293671,-5.145132497942195,0.8912219222315292,5.4868352158283,15,100
injection_electrons_s10x10,100,0.01,100031,100031,100031,100031,1.0,1.0,9.998651729884015,10.023911371848065,10.039243138670038,0.1529519391505474,0.40596882342349705,2.726103980679813,13.016114828163705,15,500
injection_electrons_s10x10,125,0.0125,100031,100031,100031,100031,1.0,1.0,9.998651729884015,10.029714309079251,9.849657968915617,-1.7952290026909457,-1.4901385206075868,0.5143286119098956,5.953085296965,15,100
injection_electrons_s10x10,125,0.0125,100031,100031,100031,100031,1.0,1.0,9.998651729884015,10.029714309079251,10.202853524775701,1.726262686662161,2.042293305220011,1.8343052602290146,8.472960924372199,15,500
injection_electrons_s10x10,150,0.015000000000000001,100031,100031,100031,100031,1.0,1.0,9.998651729884015,10.00370708521415,10.209112566959174,2.053293643999443,2.1048921670722143,0.4398715806269107,5.3377984537244,15,100
injection_electrons_s10x10,150,0.015000000000000001,100031,100031,100031,100031,1.0,1.0,9.998651729884015,10.00370708521415,10.045545266422343,0.4182267718537025,0.4689985990628198,1.281883284046307,6.898190635501297,15,500
injection_electrons_s10x10,200,0.02,100031,100031,100031,100031,1.0,1.0,9.998651729884015,10.01033323016052,9.999673657214064,-0.10648569534467134,0.010220651320369534,0.3337035972612978,4.048402824052399,15,100
injection_electrons_s10x10,200,0.02,100031,100031,100031,100031,1.0,1.0,9.998651729884015,10.01033323016052,10.03186892761827,0.21513467097042938,0.3322167691367284,0.7864356448523578,4.895771645034501,15,500
injection_electrons_s10x10,250,0.025,100031,100031,100031,100031,1.0,1.0,9.998651729884015,10.000246488727852,9.941090876973224,-0.5915415367141907,-0.5756861471507557,0.2936837932848566,3.7441839711928004,15,100
injection_electrons_s10x10,250,0.025,100031,100031,100031,100031,1.0,1.0,9.998651729884015,10.000246488727852,9.9873479641296,-0.1289820667199515,-0.1130529001288183,0.5338585926461754,3.6868987985665003,15,500
injection_electrons_s10x10,300,0.030000000000000002,100031,100031,100031,100031,1.0,1.0,9.998651729884015,10.003311765386275,10.050128418643038,0.4680115381263894,0.5148363014302104,0.2538494390904574,3.000828571255699,15,100
injection_electrons_s10x10,300,0.030000000000000002,100031,100031,100031,100031,1.0,1.0,9.998651729884015,10.003311765386275,10.006170021281545,0.02857309621357995,0.07519305202978721,0.4230329111278439,3.220475367484699,15,500
injection_electrons_s10x10,1000,0.1,100031,100031,100031,100031,1.0,1.0,9.998651729884015,9.998731013816013,10.00092654976055,0.021958145903755444,0.022751266250575775,0.10718615459705176,1.3557529088750995,15,100
injection_electrons_s10x10,1000,0.1,100031,100031,100031,100031,1.0,1.0,9.998651729884015,9.998731013816013,9.998770238991025,0.00039230153263680734,0.0011852508739362833,0.12623832512401814,1.2794865151317993,15,500
injection_electrons_s10x10,0,0.0,100031,100031,100031,100031,1.0,1.0,9.998651729884015,10.642732821849958,8.335171600984834,-21.68203655481802,-16.6370444119717,15.54381768727526,42.5882138365865,16,100
injection_electrons_s10x10,0,0.0,100031,100031,100031,100031,1.0,1.0,9.998651729884015,10.642732821849958,17.724509806310053,66.54096370737525,77.26899871244599,23.785668509910384,126.0965783103276,16,500
injection_electrons_s10x10,25,0.0025,100031,100031,100031,100031,1.0,1.0,9.998651729884015,10.526106223372487,5.0315033255567405,-52.199766762901966,-49.678182004094005,8.90469477944938,24.5663088701698,16,100
injection_electrons_s10x10,25,0.0025,100031,100031,100031,100031,1.0,1.0,9.998651729884015,10.526106223372487,13.107982737946166,24.528315217271903,31.097502864000838,11.314616316993027,55.4146687856819,16,500
injection_electrons_s10x10,50,0.005,100031,100031,100031,100031,1.0,1.0,9.998651729884015,10.181087221386191,10.610322204374537,4.216003395852486,6.117529553133227,1.22972902416997,10.417727699830401,16,100
injection_electrons_s10x10,50,0.005,100031,100031,100031,100031,1.0,1.0,9.998651729884015,10.181087221386191,13.265758249952274,30.298051293446182,32.675470736754605,6.681808894850208,30.3804662440374,16,500
injection_electrons_s10x10,75,0.007500000000000001,100031,100031,100031,100031,1.0,1.0,9.998651729884015,10.006426645178975,11.63435409918576,16.268819147253822,16.359229359023985,1.8655319438741638,5.6399875337569,16,100
injection_electrons_s10x10,75,0.007500000000000001,100031,100031,100031,100031,1.0,1.0,9.998651729884015,10.006426645178975,10.705300618589982,6.984251203677383,7.067441769113048,4.21179061213577,19.153180148647703,16,500
injection_electrons_s10x10,100,0.01,100031,100031,100031,100031,1.0,1.0,9.998651729884015,10.017752006019485,9.650850560873439,-3.662512756610292,-3.478480683261198,0.7595957279899633,6.4384403269923,16,100
injection_electrons_s10x10,100,0.01,100031,100031,100031,100031,1.0,1.0,9.998651729884015,10.017752006019485,9.97800974966063,-0.3967183090075932,-0.2064476369517898,2.768616893051886,11.7188466631707,16,500
injection_electrons_s10x10,125,0.0125,100031,100031,100031,100031,1.0,1.0,9.998651729884015,10.031105730545258,9.70601617520458,-3.240814762332367,-2.926750151771018,0.543212110638539,6.6475371918854,16,100
injection_electrons_s10x10,125,0.0125,100031,100031,100031,100031,1.0,1.0,9.998651729884015,10.031105730545258,10.192847736803014,1.6124045603989723,1.942221933169086,1.8667707939438074,9.0305886972137,16,500
injection_electrons_s10x10,150,0.015000000000000001,100031,100031,100031,100031,1.0,1.0,9.998651729884015,10.006655097518733,10.220302030252302,2.135048431783626,2.2168018884567875,0.4434795096966314,4.8075110783626,16,100
injection_electrons_s10x10,150,0.015000000000000001,100031,100031,100031,100031,1.0,1.0,9.998651729884015,10.006655097518733,10.08212784632,0.7542255435583289,0.8348737278896401,1.2900334769400803,6.5316297523938,16,500
injection_electrons_s10x10,200,0.02,100031,100031,100031,100031,1.0,1.0,9.998651729884015,10.009287325690336,9.931395860857064,-0.7781919161552242,-0.6726493815754853,0.3141734117193291,4.6012278119119,16,100
injection_electrons_s10x10,200,0.02,100031,100031,100031,100031,1.0,1.0,9.998651729884015,10.009287325690336,10.029059268800028,0.19753597300522507,0.3041163922644641,0.776217079100658,4.970813958070398,16,500
injection_electrons_s10x10,250,0.025,100031,100031,100031,100031,1.0,1.0,9.998651729884015,10.00023016291665,9.99121239179757,-0.09017563568206599,-0.07440341245421589,0.2736287540224264,3.6520461801826998,16,100
injection_electrons_s10x10,250,0.025,100031,100031,100031,100031,1.0,1.0,9.998651729884015,10.00023016291665,9.97848371350827,-0.217459488972771,-0.20170735935792772,0.5324806160106441,3.6378614356145,16,500
injection_electrons_s10x10,300,0.030000000000000002,100031,100031,100031,100031,1.0,1.0,9.998651729884015,10.003666075051548,10.03396077865968,0.30283601412570693,0.3531381003113898,0.2513514516936148,2.8295206317396993,16,100
injection_electrons_s10x10,300,0.030000000000000002,100031,100031,100031,100031,1.0,1.0,9.998651729884015,10.003666075051548,10.005756134929099,0.02089293926716973,0.07105363039949797,0.4260986600594137,3.3130625121217987,16,500
injection_electrons_s10x10,1000,0.1,100031,100031,100031,100031,1.0,1.0,9.998651729884015,9.998667179650871,9.997807260541004,-0.00860033736913568,-0.008445832156422917,0.1066464824260217,1.0960826623180004,16,100
injection_electrons_s10x10,1000,0.1,100031,100031,100031,100031,1.0,1.0,9.998651729884015,9.998667179650871,9.998013800679503,-0.006534660666546177,-0.006380152261975525,0.12706687152358973,1.2591587505131976,16,500
injection_electrons_s10x10,0,0.0,100031,100031,100031,100031,1.0,1.0,9.998651729884015,10.606070173099457,7.74163948232487,-27.007465008479215,-22.57316594809855,14.729538868171465,40.3199095370393,17,100
injection_electrons_s10x10,0,0.0,100031,100031,100031,100031,1.0,1.0,9.998651729884015,10.606070173099457,17.85212517887173,68.31988557034718,78.5453245212574,24.153185087119102,125.26005696758389,17,500
injection_electrons_s10x10,25,0.0025,100031,100031,100031,100031,1.0,1.0,9.998651729884015,10.503051458761252,5.061903170112127,-51.805404458057026,-49.37414256581126,8.814113389479745,23.886681607545,17,100
injection_electrons_s10x10,25,0.0025,100031,100031,100031,100031,1.0,1.0,9.998651729884015,10.503051458761252,12.904762764505735,22.866795570548824,29.065029097232408,11.645783225053933,60.89022307189991,17,500
injection_electrons_s10x10,50,0.005,100031,100031,100031,100031,1.0,1.0,9.998651729884015,10.188939120364196,10.207982399717071,0.1869014931575652,2.0935889706749977,0.9897855202022844,10.110810815559201,17,100
injection_electrons_s10x10,50,0.005,100031,100031,100031,100031,1.0,1.0,9.998651729884015,10.188939120364196,13.38476181736262,31.365607932734328,33.86566688144745,6.74724288550337,30.9552893847532,17,500
injection_electrons_s10x10,75,0.007500000000000001,100031,100031,100031,100031,1.0,1.0,9.998651729884015,10.010655722810498,11.708643624993403,16.961804992592388,17.102224792954402,1.944907270408498,5.504585088458402,17,100
injection_electrons_s10x10,75,0.007500000000000001,100031,100031,100031,100031,1.0,1.0,9.998651729884015,10.010655722810498,10.884138891819017,8.725534002914337,8.856065656216972,4.285120037995075,19.3067528037027,17,500
injection_electrons_s10x10,100,0.01,100031,100031,100031,100031,1.0,1.0,9.998651729884015,10.012381057383196,9.839107510537033,-1.7305928115709301,-1.595657331179312,0.6251353660128579,6.322765219444601,17,100
injection_electrons_s10x10,100,0.01,100031,100031,100031,100031,1.0,1.0,9.998651729884015,10.012381057383196,9.913534651506994,-0.9872417490873642,-0.8512855600582903,2.802005635733768,12.825823917206602,17,500
injection_electrons_s10x10,125,0.0125,100031,100031,100031,100031,1.0,1.0,9.998651729884015,10.030876073806619,9.601764266041371,-4.277909572482674,-3.969409822090564,0.5984239296295976,5.851176520310499,17,100
injection_electrons_s10x10,125,0.0125,100031,100031,100031,100031,1.0,1.0,9.998651729884015,10.030876073806619,10.134517720398165,1.03322626886182,1.3588431138977786,1.890356128359959,10.010498950212096,17,500
injection_electrons_s10x10,150,0.015000000000000001,100031,100031,100031,100031,1.0,1.0,9.998651729884015,10.010162637369687,10.18423237596329,1.7389301742588126,1.856056707371967,0.42246528006409584,3.7644719269728,17,100
injection_electrons_s10x10,150,0.015000000000000001,100031,100031,100031,100031,1.0,1.0,9.998651729884015,10.010162637369687,10.118724644843416,1.0845179185046128,1.2008910621471802,1.307718028511447,6.3784710754658,17,500
injection_electrons_s10x10,200,0.02,100031,100031,100031,100031,1.0,1.0,9.998651729884015,10.007192184426751,9.891647794113528,-1.1546134838205102,-1.070183647367906,0.31149763393153496,4.163777269564299,17,100
injection_electrons_s10x10,200,0.02,100031,100031,100031,100031,1.0,1.0,9.998651729884015,10.007192184426751,10.01121622109983,0.040211445917281985,0.12566185477049796,0.7682719737028464,4.382395744410202,17,500
injection_electrons_s10x10,250,0.025,100031,100031,100031,100031,1.0,1.0,9.998651729884015,10.001218620522408,10.045217945731297,0.43993964014148457,0.4657249507761474,0.2602966824922483,3.4084727040882,17,100
injection_electrons_s10x10,250,0.025,100031,100031,100031,100031,1.0,1.0,9.998651729884015,10.001218620522408,9.97979862622054,-0.21417384335460365,-0.1885564591386668,0.5327925616034146,4.06454115899,17,500
injection_electrons_s10x10,300,0.030000000000000002,100031,100031,100031,100031,1.0,1.0,9.998651729884015,10.003141919511663,9.993731465382757,-0.09407498368637635,-0.049209279752715496,0.23583765113522,2.7563182138185183,17,100
injection_electrons_s10x10,300,0.030000000000000002,100031,100031,100031,100031,1.0,1.0,9.998651729884015,10.003141919511663,10.009129787000857,0.0598598674034001,0.10479470032469518,0.4297265822689243,3.4540564674142997,17,500
injection_electrons_s10x10,1000,0.1,100031,100031,100031,100031,1.0,1.0,9.998651729884015,9.99957819505062,9.996979739284297,-0.025985653750970616,-0.01672216059611653,0.10648806307439554,1.2809052097007996,17,100
injection_electrons_s10x10,1000,0.1,100031,100031,100031,100031,1.0,1.0,9.998651729884015,9.99957819505062,9.997595658224828,-0.019826204537043424,-0.010562140653735952,0.12797335587037856,1.1977208219042002,17,500
injection_electrons_s10x10,0,0.0,100031,100031,100031,100031,1.0,1.0,9.998651729884015,10.573064062990852,7.235426529957824,-31.567363189596477,-27.635978075598445,13.99376153480609,38.1486261111312,18,100
injection_electrons_s10x10,0,0.0,100031,100031,100031,100031,1.0,1.0,9.998651729884015,10.573064062990852,17.978115104668777,70.03694480200873,79.80539367058567,24.559112037321174,127.1654402742324,18,500
injection_electrons_s10x10,25,0.0025,100031,100031,100031,100031,1.0,1.0,9.998651729884015,10.482063380312264,5.089488756122534,-51.445735715720154,-49.098249507870676,8.691252506726878,23.4721365767168,18,100
injection_electrons_s10x10,25,0.0025,100031,100031,100031,100031,1.0,1.0,9.998651729884015,10.482063380312264,12.713712612869818,21.290171138910562,27.154269958928733,11.941118781708507,64.8254104618954,18,500
injection_electrons_s10x10,50,0.005,100031,100031,100031,100031,1.0,1.0,9.998651729884015,10.194863600185863,9.85312315138478,-3.352084561433988,-1.4554820232839827,0.9293447620390399,8.6878913282182,18,100
injection_electrons_s10x10,50,0.005,100031,100031,100031,100031,1.0,1.0,9.998651729884015,10.194863600185863,13.513100132933419,32.54812092519865,35.149223095203965,6.781413864566768,32.4329118799765,18,500
injection_electrons_s10x10,75,0.007500000000000001,100031,100031,100031,100031,1.0,1.0,9.998651729884015,10.01520989895506,11.724633039690492,17.06827074002497,17.262140500882282,1.96693458534167,5.6576252803283005,18,100
injection_electrons_s10x10,75,0.007500000000000001,100031,100031,100031,100031,1.0,1.0,9.998651729884015,10.01520989895506,11.05538855737793,10.385989598993795,10.568793233747042,4.3548144767,18.7765524164262,18,500
injection_electrons_s10x10,100,0.01,100031,100031,100031,100031,1.0,1.0,9.998651729884015,10.008327039909885,10.029763697311932,0.21418821863599113,0.31116162727149455,0.5335889110657569,6.2627571545115,18,100
injection_electrons_s10x10,100,0.01,100031,100031,100031,100031,1.0,1.0,9.998651729884015,10.008327039909885,9.858308274462829,-1.4989394815819956,-1.4036238006143065,2.847626545921829,11.8799214735983,18,500
injection_electrons_s10x10,125,0.0125,100031,100031,100031,100031,1.0,1.0,9.998651729884015,10.029509020613354,9.54159617676226,-4.864772969926056,-4.571171848657407,0.6463035392547164,4.9672445306421,18,100
injection_electrons_s10x10,125,0.0125,100031,100031,100031,100031,1.0,1.0,9.998651729884015,10.029509020613354,10.06502275385817,0.35409244033606235,0.6637997378764915,1.9037398018870715,9.2221885023461,18,500
injection_electrons_s10x10,150,0.015000000000000001,100031,100031,100031,100031,1.0,1.0,9.998651729884015,10.01321140246785,10.115260393571418,1.0191434795675747,1.16624387805091,0.3814030674428364,4.6945395278569,18,100
injection_electrons_s10x10,150,0.015000000000000001,100031,100031,100031,100031,1.0,1.0,9.998651729884015,10.01321140246785,10.143693783716545,1.3031022316829954,1.4506161205618096,1.3251984008813822,6.2523045312200995,18,500
injection_electrons_s10x10,200,0.02,100031,100031,100031,100031,1.0,1.0,9.998651729884015,10.00513838365436,9.886577836636786,-1.1849965734733847,-1.1208900587292403,0.30703421200328807,3.4407709012096,18,100
injection_electrons_s10x10,200,0.02,100031,100031,100031,100031,1.0,1.0,9.998651729884015,10.00513838365436,9.99409111024384,-0.11041599812920966,-0.045612346178081076,0.763792618573797,5.119641812724897,18,500
injection_electrons_s10x10,250,0.025,100031,100031,100031,100031,1.0,1.0,9.998651729884015,10.002464346591967,10.07989882693849,0.7741540250818746,0.8125805283490717,0.2623870116478514,3.1352791259586,18,100
injection_electrons_s10x10,250,0.025,100031,100031,100031,100031,1.0,1.0,9.998651729884015,10.002464346591967,9.98984288890789,-0.12618348085766673,-0.0881002880598003,0.5344212900252707,3.3992786476737002,18,500
injection_electrons_s10x10,300,0.030000000000000002,100031,100031,100031,100031,1.0,1.0,9.998651729884015,10.002279097996121,9.955557675810562,-0.4671077634188392,-0.43099865099465173,0.22889501589470015,2.424589740644503,18,100
injection_electrons_s10x10,300,0.030000000000000002,100031,100031,100031,100031,1.0,1.0,9.998651729884015,10.002279097996121,10.003715214270324,0.014357890438088106,0.05064167172834644,0.4282778592642399,2.9114487862426994,18,500
injection_electrons_s10x10,1000,0.1,100031,100031,100031,100031,1.0,1.0,9.998651729884015,9.999680587729472,10.001286757048016,0.016062206232003717,0.026353824847458185,0.10598847424368679,1.3313832505496999,18,100
injection_electrons_s10x10,1000,0.1,100031,100031,100031,100031,1.0,1.0,9.998651729884015,9.999680587729472,9.998755878505097,-0.009247387616651004,0.0010416266502222271,0.12905078120589572,1.1002819466639995,18,500
injection_electrons_s10x10,0,0.0,100031,100031,100031,100031,1.0,1.0,9.998651729884015,10.543509194058096,6.806039051867467,-35.44806642077876,-31.930431864872876,13.326263527861915,36.070154965493096,19,100
injection_electrons_s10x10,0,0.0,100031,100031,100031,100031,1.0,1.0,9.998651729884015,10.543509194058096,18.13877961707799,72.03740503494119,81.41225544304862,24.918615693080735,127.70692556463061,19,500
injection_electrons_s10x10,25,0.0025,100031,100031,100031,100031,1.0,1.0,9.998651729884015,10.462447137456264,5.116205064249519,-51.09934609912473,-48.83105040094373,8.546538581774213,23.0071704881336,19,100
injection_electrons_s10x10,25,0.0025,100031,100031,100031,100031,1.0,1.0,9.998651729884015,10.462447137456264,12.38014853376239,18.329377163021697,23.8181793727303,12.264127340752733,67.2664530720022,19,500
injection_electrons_s10x10,50,0.005,100031,100031,100031,100031,1.0,1.0,9.998651729884015,10.199804524943625,9.542218117474782,-6.44704911609546,-4.564951602875045,1.0264459459811324,8.0235115542533,19,100
injection_electrons_s10x10,50,0.005,100031,100031,100031,100031,1.0,1.0,9.998651729884015,10.199804524943625,13.664638470570551,33.96961125238895,36.6648108137382,6.787493080726259,31.4831319909812,19,500
injection_electrons_s10x10,75,0.007500000000000001,100031,100031,100031,100031,1.0,1.0,9.998651729884015,10.019887003233835,11.694528435214846,16.713176819664067,16.96105386151401,1.9404632995580804,5.6919491851214,19,100
injection_electrons_s10x10,75,0.007500000000000001,100031,100031,100031,100031,1.0,1.0,9.998651729884015,10.019887003233835,11.290658814094659,12.682496423868784,12.921813051544607,4.428942436459467,19.777489412811697,19,500
injection_electrons_s10x10,100,0.01,100031,100031,100031,100031,1.0,1.0,9.998651729884015,10.004891740916623,10.213868348854229,2.08874431977073,2.152456398965996,0.523316632337469,5.844416748329921,19,100
injection_electrons_s10x10,100,0.01,100031,100031,100031,100031,1.0,1.0,9.998651729884015,10.004891740916623,9.83336580259105,-1.7144207330509142,-1.6530821530562734,2.877631913895602,12.788205463864799,19,500
injection_electrons_s10x10,125,0.0125,100031,100031,100031,100031,1.0,1.0,9.998651729884015,10.027522820141975,9.522169166583053,-5.039665953627493,-4.7654681468387246,0.6679665895889798,4.044990373697701,19,100
injection_electrons_s10x10,125,0.0125,100031,100031,100031,100031,1.0,1.0,9.998651729884015,10.027522820141975,10.010817602188496,-0.16659366678203336,0.12167512813872072,1.9372992122431836,9.3982622812058,19,500
injection_electrons_s10x10,150,0.015000000000000001,100031,100031,100031,100031,1.0,1.0,9.998651729884015,10.016229980673312,10.029555206423906,0.13303633978358764,0.30907643725128775,0.3398354514938535,5.1431251308782,19,100
injection_electrons_s10x10,150,0.015000000000000001,100031,100031,100031,100031,1.0,1.0,9.998651729884015,10.016229980673312,10.15401343232844,1.375601917298086,1.5538265222307945,1.3395536738275964,6.6572601628651995,19,500
injection_electrons_s10x10,200,0.02,100031,100031,100031,100031,1.0,1.0,9.998651729884015,10.002914225346174,9.909642914172869,-0.9324413773034945,-0.8902081812202423,0.2889987356002731,4.194688322286099,19,100
injection_electrons_s10x10,200,0.02,100031,100031,100031,100031,1.0,1.0,9.998651729884015,10.002914225346174,9.976766283508825,-0.26140323957886125,-0.21888397522417113,0.7649814094072023,4.0569376560291,19,500
injection_electrons_s10x10,250,0.025,100031,100031,100031,100031,1.0,1.0,9.998651729884015,10.004140746269893,10.08726115574958,0.8308600567287883,0.88621374420641,0.26287628427646403,3.1025545597026,19,100
injection_electrons_s10x10,250,0.025,100031,100031,100031,100031,1.0,1.0,9.998651729884015,10.004140746269893,10.007967199151391,0.03824869100250705,0.09316725413621718,0.5365907728121198,3.614138514062301,19,500
injection_electrons_s10x10,300,0.030000000000000002,100031,100031,100031,100031,1.0,1.0,9.998651729884015,10.000913785134143,9.937391717564894,-0.6351626354750839,-0.6126827293726711,0.22960918598919494,2.680367325789,19,100
injection_electrons_s10x10,300,0.030000000000000002,100031,100031,100031,100031,1.0,1.0,9.998651729884015,10.000913785134143,9.993154361376803,-0.07758714777518216,-0.05498109800926576,0.42799813051410407,3.158698723679599,19,500
injection_electrons_s10x10,1000,0.1,100031,100031,100031,100031,1.0,1.0,9.998651729884015,9.998427234623376,10.001157555587433,0.027307504470330812,0.02506163601967426,0.10349622380951759,1.1485356935623017,19,100
injection_electrons_s10x10,1000,0.1,100031,100031,100031,100031,1.0,1.0,9.998651729884015,9.998427234623376,9.998705619522008,0.002784286889312426,0.0005389690475254838,0.1292738241422972,1.264910201518699,19,500
injection_electrons_s10x10,0,0.0,100031,100031,100031,100031,1.0,1.0,9.998651729884015,10.516847471738828,6.449955549321632,-38.67025677938055,-35.49174705181524,12.724780386080072,34.1812708606824,20,100
injection_electrons_s10x10,0,0.0,100031,100031,100031,100031,1.0,1.0,9.998651729884015,10.516847471738828,18.289115054313342,73.90301707294293,82.9158125355117,25.266931332920425,127.102361596993,20,500
injection_electrons_s10x10,25,0.0025,100031,100031,100031,100031,1.0,1.0,9.998651729884015,10.444149176420426,5.1442280177046555,-50.74536057643939,-48.55078307878687,8.388952786180367,22.4963302776067,20,100
injection_electrons_s10x10,25,0.0025,100031,100031,100031,100031,1.0,1.0,9.998651729884015,10.444149176420426,12.057661222510236,15.448956337511976,20.59287140157351,12.642910268379197,67.9250669465175,20,500
injection_electrons_s10x10,50,0.005,100031,100031,100031,100031,1.0,1.0,9.998651729884015,10.203073108157119,9.276361238827839,-9.082674009151182,-7.223878884563916,1.1996666224056818,7.2485199447348,20,100
injection_electrons_s10x10,50,0.005,100031,100031,100031,100031,1.0,1.0,9.998651729884015,10.203073108157119,13.776393460507201,35.02200086651634,37.78251140933586,6.776456295504341,32.184666286567506,20,500
injection_electrons_s10x10,75,0.007500000000000001,100031,100031,100031,100031,1.0,1.0,9.998651729884015,10.024962967536013,11.632010561903805,16.030459160516774,16.33579082605707,1.8784786095691468,6.2666545227566015,20,100
injection_electrons_s10x10,75,0.007500000000000001,100031,100031,100031,100031,1.0,1.0,9.998651729884015,10.024962967536013,11.527570415182012,14.988658337311733,15.291248526322377,4.5230535778910514,20.046964539287902,20,500
injection_electrons_s10x10,100,0.01,100031,100031,100031,100031,1.0,1.0,9.998651729884015,10.002718392651676,10.380705132049133,3.778840156843155,3.8210492022962894,0.5876147237710171,5.6739221519162,20,100
injection_electrons_s10x10,100,0.01,100031,100031,100031,100031,1.0,1.0,9.998651729884015,10.002718392651676,9.821168387714097,-1.8150066592992453,-1.7750727494533547,2.8848355006046456,13.849624354843899,20,500
injection_electrons_s10x10,125,0.0125,100031,100031,100031,100031,1.0,1.0,9.998651729884015,10.024684301303255,9.536733063282385,-4.86749730320618,-4.6198095411308815,0.6596411903086432,3.415913403226801,20,100
injection_electrons_s10x10,125,0.0125,100031,100031,100031,100031,1.0,1.0,9.998651729884015,10.024684301303255,9.922932549353124,-1.0150120332158785,-0.7572939089835584,1.9684760977511246,8.9822022488721,20,500
injection_electrons_s10x10,150,0.015000000000000001,100031,100031,100031,100031,1.0,1.0,9.998651729884015,10.018289166606506,9.940707318961401,-0.7744021594396022,-0.5795222444785142,0.31956534731279296,4.365986856872599,20,100
injection_electrons_s10x10,150,0.015000000000000001,100031,100031,100031,100031,1.0,1.0,9.998651729884015,10.018289166606506,10.171785273152686,1.5321588745693449,1.7315688949461894,1.3611067509472308,7.2940298460258,20,500
injection_electrons_s10x10,200,0.02,100031,100031,100031,100031,1.0,1.0,9.998651729884015,10.001482865935104,9.950713126497675,-0.5076221208192067,-0.47945067676535835,0.2623056891313245,4.0585247755274,20,100
injection_electrons_s10x10,200,0.02,100031,100031,100031,100031,1.0,1.0,9.998651729884015,10.001482865935104,9.955916478606275,-0.4555963144628028,-0.42741013920920556,0.7650335932607105,4.518552683486701,20,500
injection_electrons_s10x10,250,0.025,100031,100031,100031,100031,1.0,1.0,9.998651729884015,10.005229070546106,10.070128080915152,0.6486509195486434,0.7148598927344096,0.25097470694481533,3.2586805567882995,20,100
injection_electrons_s10x10,250,0.025,100031,100031,100031,100031,1.0,1.0,9.998651729884015,10.005229070546106,10.023004998471393,0.17766637625136195,0.24356552508564278,0.543557461868468,3.946023760491401,20,500
injection_electrons_s10x10,300,0.030000000000000002,100031,100031,100031,100031,1.0,1.0,9.998651729884015,10.000201000901502,9.943505921044506,-0.5669394030368369,-0.5515324498670982,0.22333468971986745,2.836040209835,20,100
injection_electrons_s10x10,300,0.030000000000000002,100031,100031,100031,100031,1.0,1.0,9.998651729884015,10.000201000901502,9.980836798110387,-0.19363813576716016,-0.17817334031530185,0.42485934700180683,3.3225492768044997,20,500
injection_electrons_s10x10,1000,0.1,100031,100031,100031,100031,1.0,1.0,9.998651729884015,9.998677622530378,9.996173445969642,-0.025045077511975933,-0.024786180990443718,0.10290546677806457,1.301948333682799,20,100
injection_electrons_s10x10,1000,0.1,100031,100031,100031,100031,1.0,1.0,9.998651729884015,9.998677622530378,9.997783209576463,-0.00894531244711727,-0.008686374233402017,0.1288080685993398,1.1271165282208997,20,500
injection_electrons_s10x10,0,0.0,100031,100031,100031,100031,1.0,1.0,9.998651729884015,10.492858765980403,6.157234178844138,-41.31976503098548,-38.41935547728532,12.181125156397089,32.5066574887748,21,100
injection_electrons_s10x10,0,0.0,100031,100031,100031,100031,1.0,1.0,9.998651729884015,10.492858765980403,18.390374335141406,75.26562346160672,83.92854188706436,25.632176962689872,125.8937031836648,21,500
injection_electrons_s10x10,25,0.0025,100031,100031,100031,100031,1.0,1.0,9.998651729884015,10.4269502024085,5.174071386127415,-50.37790259195574,-48.25230915221172,8.224932088637273,21.9430537563188,21,100
injection_electrons_s10x10,25,0.0025,100031,100031,100031,100031,1.0,1.0,9.998651729884015,10.4269502024085,11.800966478147608,13.177547116526235,18.025577817425376,13.047067168245903,68.1118040103144,21,500
injection_electrons_s10x10,50,0.005,100031,100031,100031,100031,1.0,1.0,9.998651729884015,10.20548026485136,9.052592424826955,-11.296752432073776,-9.461868766060466,1.3857821485008608,5.994725120886499,21,100
injection_electrons_s10x10,50,0.005,100031,100031,100031,100031,1.0,1.0,9.998651729884015,10.20548026485136,13.839561536606354,35.60911566573808,38.414277349441114,6.7830566721494865,34.6371745424587,21,500
injection_electrons_s10x10,75,0.007500000000000001,100031,100031,100031,100031,1.0,1.0,9.998651729884015,10.030192208525008,11.551545836242935,15.167741515709698,15.531035066634269,1.7957007468761574,5.688914872425199,21,100
injection_electrons_s10x10,75,0.007500000000000001,100031,100031,100031,100031,1.0,1.0,9.998651729884015,10.030192208525008,11.779204573746133,17.43747606087327,17.80792942852878,4.60681266800194,19.632918598011397,21,500
injection_electrons_s10x10,100,0.01,100031,100031,100031,100031,1.0,1.0,9.998651729884015,10.001009064018954,10.521891529160465,5.20829910069287,5.233103556478413,0.6795316698904693,4.8994929839759,21,100
injection_electrons_s10x10,100,0.01,100031,100031,100031,100031,1.0,1.0,9.998651729884015,10.001009064018954,9.842267620802778,-1.58725426804468,-1.564051967265101,2.895183871976916,14.6229553416827,21,500
injection_electrons_s10x10,125,0.0125,100031,100031,100031,100031,1.0,1.0,9.998651729884015,10.021573244066941,9.573130614765404,-4.474772756533296,-4.255784945952379,0.6288793309063971,3.2230282519388007,21,100
injection_electrons_s10x10,125,0.0125,100031,100031,100031,100031,1.0,1.0,9.998651729884015,10.021573244066941,9.836948545763638,-1.842272603381967,-1.6172498901734667,2.013051543224591,8.888583136417,21,500
injection_electrons_s10x10,150,0.015000000000000001,100031,100031,100031,100031,1.0,1.0,9.998651729884015,10.020064275739264,9.860287067273722,-1.5945726900414847,-1.3838332041984036,0.32620619719388205,4.3101617257235,21,100
injection_electrons_s10x10,150,0.015000000000000001,100031,100031,100031,100031,1.0,1.0,9.998651729884015,10.020064275739264,10.15711858495536,1.3677987031274208,1.58488223564901,1.36945908492213,6.1629591912504,21,500
injection_electrons_s10x10,200,0.02,100031,100031,100031,100031,1.0,1.0,9.998651729884015,10.00023400227306,9.99765157596752,-0.025823658775925296,-0.010002887824422935,0.23770394007034026,3.9840725497188996,21,100
injection_electrons_s10x10,200,0.02,100031,100031,100031,100031,1.0,1.0,9.998651729884015,10.00023400227306,9.948611351181203,-0.5162144313835437,-0.5004712640730435,0.7685499194926176,5.4471660543225,21,500
injection_electrons_s10x10,250,0.025,100031,100031,100031,100031,1.0,1.0,9.998651729884015,10.006204172104573,10.039344823085901,0.3312010269960197,0.4069858046986674,0.23037673310291543,3.5549204758492996,21,100
injection_electrons_s10x10,250,0.025,100031,100031,100031,100031,1.0,1.0,9.998651729884015,10.006204172104573,10.039541865682953,0.33317023123833334,0.40895649637164855,0.548030623755317,3.5938718893739,21,500
injection_electrons_s10x10,300,0.030000000000000002,100031,100031,100031,100031,1.0,1.0,9.998651729884015,9.999606850909776,9.96610085686191,-0.3350731138476504,-0.3255526235083961,0.20796873249505907,3.2919464011915003,21,100
injection_electrons_s10x10,300,0.030000000000000002,100031,100031,100031,100031,1.0,1.0,9.998651729884015,9.999606850909776,9.97044207430413,-0.29165923261266213,-0.28213459516319706,0.4228889204038369,2.9889297592816,21,500
injection_electrons_s10x10,1000,0.1,100031,100031,100031,100031,1.0,1.0,9.998651729884015,9.999140897705267,9.995122737595773,-0.04018505340209755,-0.03529468155886173,0.1038126152445759,1.2596815298444,21,100
injection_electrons_s10x10,1000,0.1,100031,100031,100031,100031,1.0,1.0,9.998651729884015,9.999140897705267,9.997650805598452,-0.014902201319688668,-0.01001059255391068,0.13095267463177027,1.1223052164466,21,500
injection_electrons_s10x10,0,0.0,100031,100031,100031,100031,1.0,1.0,9.998651729884015,10.470587839709502,5.908804866997866,-43.567591834826715,-40.9039835907315,11.670374316324816,30.870275572773096,22,100
injection_electrons_s10x10,0,0.0,100031,100031,100031,100031,1.0,1.0,9.998651729884015,10.470587839709502,18.511661169003602,76.7967706531097,85.14157377515077,25.94513449663521,120.3500399185082,22,500
injection_electrons_s10x10,25,0.0025,100031,100031,100031,100031,1.0,1.0,9.998651729884015,10.411172553394183,5.206683278039449,-49.98946322965322,-47.926146257522994,8.055303538825045,21.3500732900987,22,100
injection_electrons_s10x10,25,0.0025,100031,100031,100031,100031,1.0,1.0,9.998651729884015,10.411172553394183,11.604000799142543,11.457194082903598,16.05565542862597,13.444292160966157,67.92594859339411,22,500
injection_electrons_s10x10,50,0.005,100031,100031,100031,100031,1.0,1.0,9.998651729884015,10.207428241274693,8.853697239313021,-13.262214242052995,-11.45108882179533,1.5828162762735296,5.8538067255926975,22,100
injection_electrons_s10x10,50,0.005,100031,100031,100031,100031,1.0,1.0,9.998651729884015,10.207428241274693,13.847072016866747,35.656814719253305,38.4893922795666,6.746815607683092,33.502488741273694,22,500
injection_electrons_s10x10,75,0.007500000000000001,100031,100031,100031,100031,1.0,1.0,9.998651729884015,10.034937351581357,11.451311431443392,14.114428722754656,14.528555857362857,1.690180541296399,5.7179268619074,22,100
injection_electrons_s10x10,75,0.007500000000000001,100031,100031,100031,100031,1.0,1.0,9.998651729884015,10.034937351581357,12.046662320033068,20.047210041970942,20.482867545310633,4.695126579619253,20.1852273959051,22,500
injection_electrons_s10x10,100,0.01,100031,100031,100031,100031,1.0,1.0,9.998651729884015,9.999672611753034,10.646339962350424,6.466885224195584,6.477755701107135,0.7856611283937648,3.5953189036774007,22,100
injection_electrons_s10x10,100,0.01,100031,100031,100031,100031,1.0,1.0,9.998651729884015,9.999672611753034,9.893944515129435,-1.057315581505458,-1.0472133401909667,2.9107126213871295,14.457960430540599,22,500
injection_electrons_s10x10,125,0.0125,100031,100031,100031,100031,1.0,1.0,9.998651729884015,10.018728716786597,9.62822688604851,-3.8977183810136706,-3.704747938448316,0.5773730287921263,3.9727413431503003,22,100
injection_electrons_s10x10,125,0.0125,100031,100031,100031,100031,1.0,1.0,9.998651729884015,10.018728716786597,9.753374863825334,-2.6485780827327665,-2.4530994046486954,2.0404205363202697,9.086881006360695,22,500
injection_electrons_s10x10,150,0.015000000000000001,100031,100031,100031,100031,1.0,1.0,9.998651729884015,10.021467432346203,9.790633292224497,-2.3033966001490436,-2.080464879457622,0.3562330606454818,3.4948993105287,22,100
injection_electrons_s10x10,150,0.015000000000000001,100031,100031,100031,100031,1.0,1.0,9.998651729884015,10.021467432346203,10.126597182940937,1.0490454746717948,1.2796270588615322,1.3911510741662063,7.1770113605992005,22,500
injection_electrons_s10x10,200,0.02,100031,100031,100031,100031,1.0,1.0,9.998651729884015,9.999290000354613,10.043111160744687,0.43824271911825363,0.44465426001178976,0.22492055940951627,3.0588734184171997,22,100
injection_electrons_s10x10,200,0.02,100031,100031,100031,100031,1.0,1.0,9.998651729884015,9.999290000354613,9.956031342472485,-0.43261729463385246,-0.4262613456586961,0.7722065463849201,5.5303807221243,22,500
injection_electrons_s10x10,250,0.025,100031,100031,100031,100031,1.0,1.0,9.998651729884015,10.006973164375811,10.004154309809273,-0.028168903026271064,0.05503321921707105,0.21023254404307423,3.0012682356678977,22,100
injection_electrons_s10x10,250,0.025,100031,100031,100031,100031,1.0,1.0,9.998651729884015,10.006973164375811,10.047706712571228,0.407051638155953,0.49061597515791533,0.552036205773848,4.3762374066931,22,500
injection_electrons_s10x10,300,0.030000000000000002,100031,100031,100031,100031,1.0,1.0,9.998651729884015,9.999187788146354,9.9956593310838,-0.035287436712982956,-0.0299280231080723,0.1909570601710004,2.7281071863458033,22,100
injection_electrons_s10x10,300,0.030000000000000002,100031,100031,100031,100031,1.0,1.0,9.998651729884015,9.999187788146354,9.959874347865973,-0.3931663362396809,-0.38782610961579644,0.4240977949403603,3.4738539362908,22,500
injection_electrons_s10x10,1000,0.1,100031,100031,100031,100031,1.0,1.0,9.998651729884015,9.999853584275087,9.999706978999244,-0.0014660742240546476,0.010553914104982631,0.1049925381004943,1.2592023607877998,22,100
injection_electrons_s10x10,1000,0.1,100031,100031,100031,100031,1.0,1.0,9.998651729884015,9.999853584275087,9.997795583086303,-0.020580313215989854,-0.008562622449925783,0.1307879244984798,1.3737500586900993,22,500
injection_electrons_s10x10,0,0.0,100031,100031,100031,100031,1.0,1.0,9.998651729884015,10.450766665578154,5.709743630109527,-45.365313255765294,-42.89486438412272,11.19829765807241,29.925194498567297,23,100
injection_electrons_s10x10,0,0.0,100031,100031,100031,100031,1.0,1.0,9.998651729884015,10.450766665578154,18.625777518229395,78.22403000898868,86.28289114781933,26.296770775690135,115.9668255696781,23,500
injection_electrons_s10x10,25,0.0025,100031,100031,100031,100031,1.0,1.0,9.998651729884015,10.396536893090763,5.241792982299518,-49.58135544362795,-47.57500187117405,7.882423054659449,21.028004417460497,23,100
injection_electrons_s10x10,25,0.0025,100031,100031,100031,100031,1.0,1.0,9.998651729884015,10.396536893090763,11.396945776244849,9.62252039733469,13.984825995905092,13.862021333811866,67.3129049290887,23,500
injection_electrons_s10x10,50,0.005,100031,100031,100031,100031,1.0,1.0,9.998651729884015,10.207820093337126,8.67768796837782,-14.989803023253302,-13.21141887118733,1.7729090565218317,6.04652067,23,100
injection_electrons_s10x10,50,0.005,100031,100031,100031,100031,1.0,1.0,9.998651729884015,10.207820093337126,13.792670876050575,35.118671272952405,37.94530751408192,6.688706479817456,32.9386641617726,23,500
injection_electrons_s10x10,75,0.007500000000000001,100031,100031,100031,100031,1.0,1.0,9.998651729884015,10.039706200196058,11.334231403292852,12.894054639482523,13.357597699068279,1.5664002761877036,5.4732612810259,23,100
injection_electrons_s10x10,75,0.007500000000000001,100031,100031,100031,100031,1.0,1.0,9.998651729884015,10.039706200196058,12.338662839684797,22.89864457830295,23.40326649049038,4.785832576595488,20.081047461672703,23,500
injection_electrons_s10x10,100,0.01,100031,100031,100031,100031,1.0,1.0,9.998651729884015,9.999616416105852,10.754096083954783,7.545086095839948,7.555462221100195,0.889698546231774,3.2237451876968,23,100
injection_electrons_s10x10,100,0.01,100031,100031,100031,100031,1.0,1.0,9.998651729884015,9.999616416105852,9.988381381565656,-0.11235465514557452,-0.10271733225454271,2.929274428460823,14.1687884688097,23,500
injection_electrons_s10x10,125,0.0125,100031,100031,100031,100031,1.0,1.0,9.998651729884015,10.015858849314544,9.703737489943174,-3.1162715456271695,-2.949540077082591,0.5096315711902806,3.5470512112247,23,100
injection_electrons_s10x10,125,0.0125,100031,100031,100031,100031,1.0,1.0,9.998651729884015,10.015858849314544,9.677520743718373,-3.378023898762561,-3.211742891352476,2.067660752383814,8.758854413275799,23,500
injection_electrons_s10x10,150,0.015000000000000001,100031,100031,100031,100031,1.0,1.0,9.998651729884015,10.021454778578825,9.73408137337492,-2.8675817189553587,-2.646060325497146,0.39509958115118143,4.2428017367161,23,100
injection_electrons_s10x10,150,0.015000000000000001,100031,100031,100031,100031,1.0,1.0,9.998651729884015,10.021454778578825,10.097157953104343,0.7554110276218218,0.9851950631094786,1.4080179995306061,7.503328218325398,23,500
injection_electrons_s10x10,200,0.02,100031,100031,100031,100031,1.0,1.0,9.998651729884015,9.999599332894766,10.082878580360944,0.8328258432537705,0.8423820806278348,0.22638414657848727,3.7436637273358,23,100
injection_electrons_s10x10,200,0.02,100031,100031,100031,100031,1.0,1.0,9.998651729884015,9.999599332894766,9.9643062516179,-0.3529449541119667,-0.34350109588738853,0.7739048638612563,4.5576855008975,23,500
injection_electrons_s10x10,250,0.025,100031,100031,100031,100031,1.0,1.0,9.998651729884015,10.006449792231226,9.969310587004687,-0.37115266650689094,-0.2934509939138463,0.1987855566774875,3.5485892913794,23,100
injection_electrons_s10x10,250,0.025,100031,100031,100031,100031,1.0,1.0,9.998651729884015,10.006449792231226,10.043786151066586,0.3731229318149065,0.4514050734227837,0.5497586198539635,3.791434082952799,23,500
injection_electrons_s10x10,300,0.030000000000000002,100031,100031,100031,100031,1.0,1.0,9.998651729884015,9.999897646941498,10.026906731653765,0.27009361161338674,0.282588118209004,0.18289278166125325,3.0126544858247626,23,100
injection_electrons_s10x10,300,0.030000000000000002,100031,100031,100031,100031,1.0,1.0,9.998651729884015,9.999897646941498,9.96255083982985,-0.3734718937155379,-0.36105758085629436,0.42369166674441555,3.068158286515401,23,500
injection_electrons_s10x10,1000,0.1,100031,100031,100031,100031,1.0,1.0,9.998651729884015,9.99921465701846,10.00371661663358,0.04502313201129038,0.05065569725193342,0.1057146520601681,1.1966861443583996,23,100
injection_electrons_s10x10,1000,0.1,100031,100031,100031,100031,1.0,1.0,9.998651729884015,9.99921465701846,9.998964878224628,-0.002497984115745755,0.0031319056716050397,0.13168612858541573,1.2949370838305994,23,500
injection_electrons_s10x10,0,0.0,100031,100031,100031,100031,1.0,1.0,9.998651729884015,10.431926900717933,5.564302361784651,-46.66083826371798,-44.34947318792955,10.790945730944625,28.2073943118356,24,100
injection_electrons_s10x10,0,0.0,100031,100031,100031,100031,1.0,1.0,9.998651729884015,10.431926900717933,18.717061286134367,79.42093981550278,87.1958519186415,26.57184721789909,113.1812523786592,24,500
injection_electrons_s10x10,25,0.0025,100031,100031,100031,100031,1.0,1.0,9.998651729884015,10.38263421968787,5.280984551082333,-49.13637098889251,-47.183033335399585,7.71978678892982,20.4228368558842,24,100
injection_electrons_s10x10,25,0.0025,100031,100031,100031,100031,1.0,1.0,9.998651729884015,10.38263421968787,11.123351610137846,7.134195183775294,11.248515406255443,14.300429411688867,66.4117064102368,24,500
injection_electrons_s10x10,50,0.005,100031,100031,100031,100031,1.0,1.0,9.998651729884015,10.208462583106508,8.543656903872387,-16.3080940511956,-14.551910250688426,1.915444411744146,6.334049310970599,24,100
injection_electrons_s10x10,50,0.005,100031,100031,100031,100031,1.0,1.0,9.998651729884015,10.208462583106508,13.707650991255331,34.277330005984076,37.09499402090226,6.614169341106351,32.2648867722977,24,500
injection_electrons_s10x10,75,0.007500000000000001,100031,100031,100031,100031,1.0,1.0,9.998651729884015,10.04433549939093,11.2296767030697,11.80109130913285,12.311909709850099,1.4552016118362194,5.319456353044701,24,100
injection_electrons_s10x10,75,0.007500000000000001,100031,100031,100031,100031,1.0,1.0,9.998651729884015,10.04433549939093,12.58752254522369,25.31961468219548,25.892199121227975,4.881278677130317,19.8407626533378,24,500
injection_electrons_s10x10,100,0.01,100031,100031,100031,100031,1.0,1.0,9.998651729884015,9.999220299057242,10.832457658321275,8.333023319254117,8.339183631580816,0.9677276965453928,3.409484986424869,24,100
injection_electrons_s10x10,100,0.01,100031,100031,100031,100031,1.0,1.0,9.998651729884015,9.999220299057242,10.0747026472256,0.7548823399307736,0.7606117244216337,2.942379816747815,13.101540281114902,24,500
injection_electrons_s10x10,125,0.0125,100031,100031,100031,100031,1.0,1.0,9.998651729884015,10.012999822529242,9.774467197713872,-2.3822293922214244,-2.2421476237651117,0.4449165361236568,3.898020861298883,24,100
injection_electrons_s10x10,125,0.0125,100031,100031,100031,100031,1.0,1.0,9.998651729884015,10.012999822529242,9.601337490127746,-4.111278734623125,-3.9736781567136226,2.099473077682618,8.760107135017998,24,500
injection_electrons_s10x10,150,0.015000000000000001,100031,100031,100031,100031,1.0,1.0,9.998651729884015,10.021828718077145,9.694876381079734,-3.262401964699946,-3.038163114496295,0.4283849276654445,3.809089836661,24,100
injection_electrons_s10x10,150,0.015000000000000001,100031,100031,100031,100031,1.0,1.0,9.998651729884015,10.021828718077145,10.051053666647809,0.2916129320584826,0.5240900291303641,1.4200620287410188,6.970325255072199,24,500
injection_electrons_s10x10,200,0.02,100031,100031,100031,100031,1.0,1.0,9.998651729884015,9.999451349452073,10.110625401880373,1.111801523334499,1.1198877110769834,0.23450489012506953,2.846733577759,24,100
injection_electrons_s10x10,200,0.02,100031,100031,100031,100031,1.0,1.0,9.998651729884015,9.999451349452073,9.976512718630163,-0.2293988942020042,-0.2214199659308358,0.7774638055647699,5.1107421514447005,24,500
injection_electrons_s10x10,250,0.025,100031,100031,100031,100031,1.0,1.0,9.998651729884015,10.006405146830852,9.944952161408796,-0.6141364907807922,-0.5370680960386065,0.19552740757514453,2.767013806762,24,100
injection_electrons_s10x10,250,0.025,100031,100031,100031,100031,1.0,1.0,9.998651729884015,10.006405146830852,10.037187405369652,0.30762554670844544,0.38540871836210133,0.5473679743134681,3.6651364273063,24,500
injection_electrons_s10x10,300,0.030000000000000002,100031,100031,100031,100031,1.0,1.0,9.998651729884015,10.000177512460048,10.047596274140194,0.4741791995298339,0.48951144192663776,0.18172663475067977,2.4431058869611997,24,100
injection_electrons_s10x10,300,0.030000000000000002,100031,100031,100031,100031,1.0,1.0,9.998651729884015,10.000177512460048,9.97264482411008,-0.27532199619119124,-0.26010412680146366,0.42215398321084796,2.8553301472385,24,500
injection_electrons_s10x10,1000,0.1,100031,100031,100031,100031,1.0,1.0,9.998651729884015,9.998960361303734,10.001997529121532,0.030374836063473687,0.03346250402458395,0.10562032935089775,1.1564838643834996,24,100
injection_electrons_s10x10,1000,0.1,100031,100031,100031,100031,1.0,1.0,9.998651729884015,9.998960361303734,9.998899466643492,-0.0006090099174516084,0.0024777016558674703,0.13232208585497873,1.1575725573272004,24,500
injection_electrons_s10x10,0,0.0,100031,100031,100031,100031,1.0,1.0,9.998651729884015,10.415262351080944,5.428391013297002,-47.880419807825405,-45.70876994272535,10.36987368721731,27.421398191565196,25,100
injection_electrons_s10x10,0,0.0,100031,100031,100031,100031,1.0,1.0,9.998651729884015,10.415262351080944,18.789321801302332,80.40181003556084,87.91855451015182,26.813225192893,107.75382918849111,25,500
injection_electrons_s10x10,25,0.0025,100031,100031,100031,100031,1.0,1.0,9.998651729884015,10.369764598229818,5.3208243585847805,-48.689053563539154,-46.78458153831004,7.545982820018116,19.7814144413997,25,100
injection_electrons_s10x10,25,0.0025,100031,100031,100031,100031,1.0,1.0,9.998651729884015,10.369764598229818,10.871466988590747,4.838127091588684,8.729329536481977,14.71862635648127,66.26298556608339,25,500
injection_electrons_s10x10,50,0.005,100031,100031,100031,100031,1.0,1.0,9.998651729884015,10.207852074437625,8.407490608837236,-17.637025423877684,-15.913756814742431,2.0797154414339163,6.434572224055103,25,100
injection_electrons_s10x10,50,0.005,100031,100031,100031,100031,1.0,1.0,9.998651729884015,10.207852074437625,13.590056655435898,33.13336200735066,35.91889209239958,6.535514948652503,30.8695659912579,25,500
injection_electrons_s10x10,75,0.007500000000000001,100031,100031,100031,100031,1.0,1.0,9.998651729884015,10.048602845686727,11.101348954136148,10.47654210855098,11.028459176714666,1.3149723503349717,5.108748457197201,25,100
injection_electrons_s10x10,75,0.007500000000000001,100031,100031,100031,100031,1.0,1.0,9.998651729884015,10.048602845686727,12.846158953579549,27.840249543683072,28.478911963548946,4.984118526839489,20.4845596966723,25,500
injection_electrons_s10x10,100,0.01,100031,100031,100031,100031,1.0,1.0,9.998651729884015,9.999928557309948,10.902331138260724,9.024090280036257,9.038012652003747,1.0431522849349817,3.0127171633413994,25,100
injection_electrons_s10x10,100,0.01,100031,100031,100031,100031,1.0,1.0,9.998651729884015,9.999928557309948,10.193096568424611,1.9316939116875709,1.9447105849225377,2.960683485158061,13.9320925286597,25,500
injection_electrons_s10x10,125,0.0125,100031,100031,100031,100031,1.0,1.0,9.998651729884015,10.010662365741197,9.861066862605089,-1.4943616882740818,-1.3760341993682257,0.3739430554882259,2.9486506896613003,25,100
injection_electrons_s10x10,125,0.0125,100031,100031,100031,100031,1.0,1.0,9.998651729884015,10.010662365741197,9.528814433960289,-4.813347151032721,-4.6990065122427875,2.1160837349724773,9.472652668642699,25,500
injection_electrons_s10x10,150,0.015000000000000001,100031,100031,100031,100031,1.0,1.0,9.998651729884015,10.02093328452994,9.668845696823059,-3.513520923748936,-3.298505058189305,0.45470730301458906,2.7900399490179995,25,100
injection_electrons_s10x10,150,0.015000000000000001,100031,100031,100031,100031,1.0,1.0,9.998651729884015,10.02093328452994,9.997272653522531,-0.23611205000173552,-0.013792623233011003,1.444371484264373,6.817541871095202,25,500
injection_electrons_s10x10,200,0.02,100031,100031,100031,100031,1.0,1.0,9.998651729884015,10.000411327493904,10.12857506755616,1.2815846855208646,1.2994085720960724,0.2421750718304509,2.6763715584392997,25,100
injection_electrons_s10x10,200,0.02,100031,100031,100031,100031,1.0,1.0,9.998651729884015,10.000411327493904,9.99641250157758,-0.03998661440384188,-0.022395302556066365,0.7778980216302268,4.531200650847278,25,500
injection_electrons_s10x10,250,0.025,100031,100031,100031,100031,1.0,1.0,9.998651729884015,10.005311765668937,9.92742491983087,-0.7784549613468306,-0.712364146460498,0.19570837890632947,2.749770214599,25,100
injection_electrons_s10x10,250,0.025,100031,100031,100031,100031,1.0,1.0,9.998651729884015,10.005311765668937,10.025368591497342,0.20046177768517914,0.2672046425367114,0.5428396214248036,3.9976247875948,25,500
injection_electrons_s10x10,300,0.030000000000000002,100031,100031,100031,100031,1.0,1.0,9.998651729884015,10.001144232759604,10.061877224396063,0.6072604316366581,0.6323402016601865,0.18386901952014653,2.4395684889063,25,100
injection_electrons_s10x10,300,0.030000000000000002,100031,100031,100031,100031,1.0,1.0,9.998651729884015,10.001144232759604,9.986592052911165,-0.14550514930853353,-0.12061303162311798,0.42252067755569556,3.0151956177741006,25,500
injection_electrons_s10x10,1000,0.1,100031,100031,100031,100031,1.0,1.0,9.998651729884015,9.998798806214241,9.996580258936097,-0.02218813800678454,-0.020717502758160755,0.10585273788127952,1.3976130262282993,25,100
injection_electrons_s10x10,1000,0.1,100031,100031,100031,100031,1.0,1.0,9.998651729884015,9.998798806214241,9.9988992001442,0.0010040599066396538,0.002475036303595246,0.13210341011206644,1.4207984988823004,25,500
injection_electrons_s10x10,0,0.0,100031,100031,100031,100031,1.0,1.0,9.998651729884015,10.399332033813577,5.359120429435837,-48.46668601396147,-46.40156918938907,10.031135760618595,26.2307540709862,26,100
injection_electrons_s10x10,0,0.0,100031,100031,100031,100031,1.0,1.0,9.998651729884015,10.399332033813577,18.850031992051612,81.26194962099933,88.52573828241815,27.03729020194388,105.2355606028554,26,500
injection_electrons_s10x10,25,0.0025,100031,100031,100031,100031,1.0,1.0,9.998651729884015,10.357516337395673,5.366550442504893,-48.18689859914548,-46.327259039683085,7.390440812589244,19.5193112741218,26,100
injection_electrons_s10x10,25,0.0025,100031,100031,100031,100031,1.0,1.0,9.998651729884015,10.357516337395673,10.675469311026568,3.069780083116358,6.769088467394835,15.159245572048626,66.2870490888666,26,500
injection_electrons_s10x10,50,0.005,100031,100031,100031,100031,1.0,1.0,9.998651729884015,10.207384127070384,8.310587769038534,-18.582590156487512,-16.882915881550186,2.1886812564848332,6.615224001272701,26,100
injection_electrons_s10x10,50,0.005,100031,100031,100031,100031,1.0,1.0,9.998651729884015,10.207384127070384,13.422035123593522,31.49338710588698,34.23845020501797,6.470332702406692,30.2252130191166,26,500
injection_electrons_s10x10,75,0.007500000000000001,100031,100031,100031,100031,1.0,1.0,9.998651729884015,10.052833049657751,10.992402145271333,9.346311541954533,9.938844178532502,1.2021551100704801,5.182984716766601,26,100
injection_electrons_s10x10,75,0.007500000000000001,100031,100031,100031,100031,1.0,1.0,9.998651729884015,10.052833049657751,13.09958271462835,30.30737355251636,31.01349130379507,5.065013686605904,21.878051528855604,26,500
injection_electrons_s10x10,100,0.01,100031,100031,100031,100031,1.0,1.0,9.998651729884015,10.000440374113902,10.947855113953496,9.473730199841723,9.493313795824076,1.0916991070420385,3.0658059111108003,26,100
injection_electrons_s10x10,100,0.01,100031,100031,100031,100031,1.0,1.0,9.998651729884015,10.000440374113902,10.352912390656703,3.524564952711229,3.5430843111964094,2.9997024718784226,13.9030885196314,26,500
injection_electrons_s10x10,125,0.0125,100031,100031,100031,100031,1.0,1.0,9.998651729884015,10.008178623260905,9.939586418547805,-0.6853615157675019,-0.5907327600948031,0.3263221675990693,3.9045459293884996,26,100
injection_electrons_s10x10,125,0.0125,100031,100031,100031,100031,1.0,1.0,9.998651729884015,10.008178623260905,9.472721512785071,-5.350195381518574,-5.260011362602435,2.1283307742900166,9.918726484341802,26,500
injection_electrons_s10x10,150,0.015000000000000001,100031,100031,100031,100031,1.0,1.0,9.998651729884015,10.020275787654802,9.657658989914689,-3.6188305134960963,-3.410387212009458,0.46720071472069624,2.2743508165812,26,100
injection_electrons_s10x10,150,0.015000000000000001,100031,100031,100031,100031,1.0,1.0,9.998651729884015,10.020275787654802,9.930323753266125,-0.8977001860517642,-0.6833719031704155,1.4699896407558959,7.0550524969468,26,500
injection_electrons_s10x10,200,0.02,100031,100031,100031,100031,1.0,1.0,9.998651729884015,10.001107598406382,10.133460810333322,1.323385541297739,1.3482725880569424,0.24425822693660476,2.0852377290082984,26,100
injection_electrons_s10x10,200,0.02,100031,100031,100031,100031,1.0,1.0,9.998651729884015,10.001107598406382,10.025698568296988,0.24588246500343303,0.2705048554910272,0.7879068855298804,4.329369591427399,26,500
injection_electrons_s10x10,250,0.025,100031,100031,100031,100031,1.0,1.0,9.998651729884015,10.004433317092413,9.922677224183493,-0.8171986390197783,-0.7598475049735876,0.19350366760198726,2.0886292517693996,26,100
injection_electrons_s10x10,250,0.025,100031,100031,100031,100031,1.0,1.0,9.998651729884015,10.004433317092413,10.009472633003806,0.05037082812859861,0.10822362266553753,0.5411296922061456,3.4100543984817984,26,500
injection_electrons_s10x10,300,0.030000000000000002,100031,100031,100031,100031,1.0,1.0,9.998651729884015,10.002082440775213,10.06288395193091,0.6078885223723907,0.6424088345323264,0.1816440791841732,2.4234959747913,26,100
injection_electrons_s10x10,300,0.030000000000000002,100031,100031,100031,100031,1.0,1.0,9.998651729884015,10.002082440775213,10.00005290086117,-0.02029117362369881,0.01401359918324907,0.42337802535972435,2.5856357112587,26,500
injection_electrons_s10x10,1000,0.1,100031,100031,100031,100031,1.0,1.0,9.998651729884015,9.998461716125936,9.994368365119149,-0.040939807772488734,-0.04283942356012593,0.1067272619276097,1.1530451254540997,26,100
injection_electrons_s10x10,1000,0.1,100031,100031,100031,100031,1.0,1.0,9.998651729884015,9.998461716125936,9.998346247848263,-0.0011548604270550378,-0.0030552322853649727,0.1307907806489692,1.1291118565678007,26,500
injection_electrons_s10x10,0,0.0,100031,100031,100031,100031,1.0,1.0,9.998651729884015,10.38490281339008,5.2741323130237046,-49.21346489421791,-47.25156495589946,9.659633913834165,24.6694049719597,27,100
injection_electrons_s10x10,0,0.0,100031,100031,100031,100031,1.0,1.0,9.998651729884015,10.38490281339008,18.875656033356133,81.76054578978102,88.78201324825115,27.21639680290718,101.68989006761589,27,500
injection_electrons_s10x10,25,0.0025,100031,100031,100031,100031,1.0,1.0,9.998651729884015,10.346291500088753,5.410101911884755,-47.70974786629252,-45.891685618821796,7.223095479746433,18.8655535308709,27,100
injection_electrons_s10x10,25,0.0025,100031,100031,100031,100031,1.0,1.0,9.998651729884015,10.346291500088753,10.551305845088153,1.9815249260823675,5.527286379546181,15.592764859806348,65.960421078859,27,500
injection_electrons_s10x10,50,0.005,100031,100031,100031,100031,1.0,1.0,9.998651729884015,10.206147490945744,8.209346940965883,-19.564684438974624,-17.895460680666076,2.3185720783452006,6.9166764538760965,27,100
injection_electrons_s10x10,50,0.005,100031,100031,100031,100031,1.0,1.0,9.998651729884015,10.206147490945744,13.234896857291913,29.675735815429725,32.3668151950467,6.419257404870039,31.584141719014205,27,500
injection_electrons_s10x10,75,0.007500000000000001,100031,100031,100031,100031,1.0,1.0,9.998651729884015,10.056556845971322,10.86697511185357,8.058605726540534,8.68440471203038,1.0614011818862688,4.6353769996966,27,100
injection_electrons_s10x10,75,0.007500000000000001,100031,100031,100031,100031,1.0,1.0,9.998651729884015,10.056556845971322,13.329135880570465,32.54174450284288,33.30933250462444,5.122352552961328,22.419820845647603,27,500
injection_electrons_s10x10,100,0.01,100031,100031,100031,100031,1.0,1.0,9.998651729884015,10.001465558204758,10.985382611546626,9.837728757009078,9.868639375781685,1.1351856838931633,3.2656573969258,27,100
injection_electrons_s10x10,100,0.01,100031,100031,100031,100031,1.0,1.0,9.998651729884015,10.001465558204758,10.531309730706818,5.297665321332823,5.327298271933922,3.055514758933547,13.568951692473002,27,500
injection_electrons_s10x10,125,0.0125,100031,100031,100031,100031,1.0,1.0,9.998651729884015,10.006474751668254,10.023580941936435,0.1709512160147142,0.24932573636815558,0.289248075139425,2.8838449101927,27,100
injection_electrons_s10x10,125,0.0125,100031,100031,100031,100031,1.0,1.0,9.998651729884015,10.006474751668254,9.42618749133455,-5.799117818560018,-5.725414325998379,2.1337797789323005,10.428303754821698,27,500
injection_electrons_s10x10,150,0.015000000000000001,100031,100031,100031,100031,1.0,1.0,9.998651729884015,10.019032391371978,9.657057801413654,-3.6128697444879343,-3.4163999076935903,0.4709331658555446,2.4365505488581993,27,100
injection_electrons_s10x10,150,0.015000000000000001,100031,100031,100031,100031,1.0,1.0,9.998651729884015,10.019032391371978,9.853433894507582,-1.6528392203522868,-1.4523741730338102,1.495061757288691,7.609113195635899,27,500
injection_electrons_s10x10,200,0.02,100031,100031,100031,100031,1.0,1.0,9.998651729884015,10.002161170704635,10.13046302947192,1.282741365366813,1.3182907370795638,0.2409403839786164,2.2028899857784987,27,100
injection_electrons_s10x10,200,0.02,100031,100031,100031,100031,1.0,1.0,9.998651729884015,10.002161170704635,10.058051294135439,0.5587804723093281,0.5940757399709229,0.7956499435012622,4.4299731020810995,27,500
injection_electrons_s10x10,250,0.025,100031,100031,100031,100031,1.0,1.0,9.998651729884015,10.003481398056959,9.924079476613846,-0.7937428809387859,-0.7458230898000684,0.18881822424843048,1.9341827544441,27,100
injection_electrons_s10x10,250,0.025,100031,100031,100031,100031,1.0,1.0,9.998651729884015,10.003481398056959,9.989887116493572,-0.1358955049991617,-0.08765795256422404,0.5424875678178983,3.3302243103907,27,500
injection_electrons_s10x10,300,0.030000000000000002,100031,100031,100031,100031,1.0,1.0,9.998651729884015,10.002617834703043,10.058099449823253,0.5546709475165779,0.5945573617846867,0.17616664574879276,2.1017807297459,27,100
injection_electrons_s10x10,300,0.030000000000000002,100031,100031,100031,100031,1.0,1.0,9.998651729884015,10.002617834703043,10.016729692139014,0.14108164151800384,0.1808039998129729,0.42754912872568596,2.91749228482,27,500
injection_electrons_s10x10,1000,0.1,100031,100031,100031,100031,1.0,1.0,9.998651729884015,9.999132471875495,9.994225561922812,-0.04907335677853952,-0.04426764808672656,0.1047189333191486,1.2741978971134982,27,100
injection_electrons_s10x10,1000,0.1,100031,100031,100031,100031,1.0,1.0,9.998651729884015,9.999132471875495,9.997426547577927,-0.017060723041384396,-0.012253475160317606,0.13165999756461833,1.3781783341857998,27,500
injection_electrons_s10x10,0,0.0,100031,100031,100031,100031,1.0,1.0,9.998651729884015,10.371216588186535,5.2565431165718515,-49.31604145111208,-47.42748063860378,9.37510594292461,24.3901961499109,28,100
injection_electrons_s10x10,0,0.0,100031,100031,100031,100031,1.0,1.0,9.998651729884015,10.371216588186535,18.90030148770201,82.23803665647709,89.02850102492022,27.376885629897945,99.8711390473344,28,500
injection_electrons_s10x10,25,0.0025,100031,100031,100031,100031,1.0,1.0,9.998651729884015,10.335508928669707,5.4612057717430265,-47.16074641864836,-45.380578109140956,7.078508219858089,18.6343225741935,28,100
injection_electrons_s10x10,25,0.0025,100031,100031,100031,100031,1.0,1.0,9.998651729884015,10.335508928669707,10.460714464906037,1.211411427346576,4.621250419604128,16.0364154031742,65.4198450308561,28,500
injection_electrons_s10x10,50,0.005,100031,100031,100031,100031,1.0,1.0,9.998651729884015,10.205103798204872,8.141796018960935,-20.218390915405315,-18.571060989886277,2.3949823117692257,6.90851938388,28,100
injection_electrons_s10x10,50,0.005,100031,100031,100031,100031,1.0,1.0,9.998651729884015,10.205103798204872,12.963087685661327,27.025534889136527,29.648356957140454,6.366607897517884,30.0018736277694,28,500
injection_electrons_s10x10,75,0.007500000000000001,100031,100031,100031,100031,1.0,1.0,9.998651729884015,10.060218908148858,10.765939570476773,7.01496328033453,7.673913056692272,0.9618045169944809,5.297312331699399,28,100
injection_electrons_s10x10,75,0.007500000000000001,100031,100031,100031,100031,1.0,1.0,9.998651729884015,10.060218908148858,13.542492988767894,34.61429728729228,35.44319128840172,5.174325189321938,22.759683180234898,28,500
injection_electrons_s10x10,100,0.01,100031,100031,100031,100031,1.0,1.0,9.998651729884015,10.002433769663105,11.00424189112521,10.01564363765688,10.05725760239935,1.156368928141248,3.2607410709800995,28,100
injection_electrons_s10x10,100,0.01,100031,100031,100031,100031,1.0,1.0,9.998651729884015,10.002433769663105,10.738688547596094,7.3607563407819265,7.401366081191263,3.108854864469155,13.554550622734599,28,500
injection_electrons_s10x10,125,0.0125,100031,100031,100031,100031,1.0,1.0,9.998651729884015,10.00459730904216,10.096183846057809,0.9154445120232113,0.9754526791076135,0.2909270814328893,3.5709012298467,28,100
injection_electrons_s10x10,125,0.0125,100031,100031,100031,100031,1.0,1.0,9.998651729884015,10.00459730904216,9.397027720999459,-6.072903978789624,-6.017051349897706,2.1397526966850986,10.356077322772897,28,500
injection_electrons_s10x10,150,0.015000000000000001,100031,100031,100031,100031,1.0,1.0,9.998651729884015,10.017857788163681,9.66710437796522,-3.5012815874955194,-3.3159205948524506,0.4628349133849671,2.3644204289028004,28,100
injection_electrons_s10x10,150,0.015000000000000001,100031,100031,100031,100031,1.0,1.0,9.998651729884015,10.017857788163681,9.768025949033628,-2.4938649001908897,-2.306568796281716,1.5207536806143875,7.366142249193604,28,500
injection_electrons_s10x10,200,0.02,100031,100031,100031,100031,1.0,1.0,9.998651729884015,10.003210231668795,10.11715219339835,1.1390539545877987,1.1851644273213502,0.23054938046241358,2.4314083899243997,28,100
injection_electrons_s10x10,200,0.02,100031,100031,100031,100031,1.0,1.0,9.998651729884015,10.003210231668795,10.09114168468936,0.8790323404599176,0.9250242663109365,0.806801892991245,4.122421945242699,28,500
injection_electrons_s10x10,250,0.025,100031,100031,100031,100031,1.0,1.0,9.998651729884015,10.002414075873665,9.93555538825643,-0.6684255131818695,-0.6310484986590925,0.17906407737378896,2.9939610647830004,28,100
injection_electrons_s10x10,250,0.025,100031,100031,100031,100031,1.0,1.0,9.998651729884015,10.002414075873665,9.967416752818343,-0.3498887647506721,-0.3123918895216349,0.5443181090645777,3.823339193418801,28,500
injection_electrons_s10x10,300,0.030000000000000002,100031,100031,100031,100031,1.0,1.0,9.998651729884015,10.003538570713156,10.044387167166139,0.4083414700131627,0.4574160448596265,0.16696510799267347,2.8205952849403,28,100
injection_electrons_s10x10,300,0.030000000000000002,100031,100031,100031,100031,1.0,1.0,9.998651729884015,10.003538570713156,10.035329862145897,0.31780045838794013,0.3668307813168292,0.43097591803417395,2.5953154759795005,28,500
injection_electrons_s10x10,1000,0.1,100031,100031,100031,100031,1.0,1.0,9.998651729884015,9.999197584633379,9.998778989857382,-0.004186283673801583,0.0012727713376126104,0.10517667648005917,1.2341533871138992,28,100
injection_electrons_s10x10,1000,0.1,100031,100031,100031,100031,1.0,1.0,9.998651729884015,9.999197584633379,9.996150235656682,-0.030475935202844973,-0.02501831541803501,0.13211379197791082,1.3787666442775999,28,500
injection_electrons_s10x10,0,0.0,100031,100031,100031,100031,1.0,1.0,9.998651729884015,10.35865550706654,5.210040648818775,-49.70350500347702,-47.892568022476645,9.037482009618534,22.9109111423459,29,100
injection_electrons_s10x10,0,0.0,100031,100031,100031,100031,1.0,1.0,9.998651729884015,10.35865550706654,18.893848946000446,82.39673028137008,88.96396690696233,27.499583454168167,98.33640708004071,29,500
injection_electrons_s10x10,25,0.0025,100031,100031,100031,100031,1.0,1.0,9.998651729884015,10.325483976817864,5.507377345129943,-46.6622837486866,-44.91880011512484,6.915188119782072,17.9670638542021,29,100
injection_electrons_s10x10,25,0.0025,100031,100031,100031,100031,1.0,1.0,9.998651729884015,10.325483976817864,10.367089851518962,0.40294357915338086,3.684878037443351,16.450245107198057,64.6869689961662,29,500
injection_electrons_s10x10,50,0.005,100031,100031,100031,100031,1.0,1.0,9.998651729884015,10.20340179949779,8.061923130444525,-20.98788924649295,-19.369897579800554,2.5038305117020156,6.9345730054139025,29,100
injection_electrons_s10x10,50,0.005,100031,100031,100031,100031,1.0,1.0,9.998651729884015,10.20340179949779,12.65475316270091,24.02484398216853,26.564595953255644,6.303821404906135,29.2360899194649,29,500
injection_electrons_s10x10,75,0.007500000000000001,100031,100031,100031,100031,1.0,1.0,9.998651729884015,10.063448829629431,10.640830694269036,5.737415417064984,6.422655591310122,0.8203054266531923,4.3665365465405,29,100
injection_electrons_s10x10,75,0.007500000000000001,100031,100031,100031,100031,1.0,1.0,9.998651729884015,10.063448829629431,13.720758135619727,36.34250412465177,37.22608313890026,5.219010704125078,21.9424682966125,29,500
injection_electrons_s10x10,100,0.01,100031,100031,100031,100031,1.0,1.0,9.998651729884015,10.003800700219342,11.01701012648658,10.128244820441324,10.184957173364584,1.1727634910345872,3.6611368908822985,29,100
injection_electrons_s10x10,100,0.01,100031,100031,100031,100031,1.0,1.0,9.998651729884015,10.003800700219342,10.95836235992656,9.541989972733944,9.598400424070764,3.165119232326047,13.1528770531953,29,500
injection_electrons_s10x10,125,0.0125,100031,100031,100031,100031,1.0,1.0,9.998651729884015,10.003341878090033,10.17730002516684,1.7390003180619118,1.7867238514656991,0.31529129072257195,3.2566117747169003,29,100
injection_electrons_s10x10,125,0.0125,100031,100031,100031,100031,1.0,1.0,9.998651729884015,10.003341878090033,9.393758455935414,-6.093797748628072,-6.049748408984923,2.1420367831545275,10.655901784820498,29,500
injection_electrons_s10x10,150,0.015000000000000001,100031,100031,100031,100031,1.0,1.0,9.998651729884015,10.016387406424196,9.68706493667262,-3.2878367857493096,-3.1162880919246683,0.4435706680292282,2.6776149916679994,29,100
injection_electrons_s10x10,150,0.015000000000000001,100031,100031,100031,100031,1.0,1.0,9.998651729884015,10.016387406424196,9.67963695180685,-3.3619951081501065,-3.190577956862839,1.5479575837511674,7.6777494861085,29,500
injection_electrons_s10x10,200,0.02,100031,100031,100031,100031,1.0,1.0,9.998651729884015,10.004327736765223,10.098161989467936,0.9379366127508781,0.9952367806401741,0.2136590722823642,2.0670530777282003,29,100
injection_electrons_s10x10,200,0.02,100031,100031,100031,100031,1.0,1.0,9.998651729884015,10.004327736765223,10.125938579407972,1.2155823543828603,1.273040135436676,0.8152922761051256,4.334627782958901,29,500
injection_electrons_s10x10,250,0.025,100031,100031,100031,100031,1.0,1.0,9.998651729884015,10.001614996740638,9.949654034296866,-0.5195257212030735,-0.49004302690836,0.16590740630379835,2.3331463736416,29,100
injection_electrons_s10x10,250,0.025,100031,100031,100031,100031,1.0,1.0,9.998651729884015,10.001614996740638,9.945840105394135,-0.5576588517422376,-0.5281874588354385,0.5435927441960645,3.8267775213913007,29,500
injection_electrons_s10x10,300,0.030000000000000002,100031,100031,100031,100031,1.0,1.0,9.998651729884015,10.00383677363708,10.028304009833633,0.24457852272272707,0.29656278417011794,0.15371044908339943,2.5508230582776,29,100
injection_electrons_s10x10,300,0.030000000000000002,100031,100031,100031,100031,1.0,1.0,9.998651729884015,10.00383677363708,10.050081734062713,0.46227224086163865,0.5143693926750625,0.4370744448976189,2.6874192977318003,29,500
injection_electrons_s10x10,1000,0.1,100031,100031,100031,100031,1.0,1.0,9.998651729884015,9.999327356943738,10.003600442941462,0.04273373443222095,0.049493803676115,0.10459315836876919,1.2547358109678992,29,100
injection_electrons_s10x10,1000,0.1,100031,100031,100031,100031,1.0,1.0,9.998651729884015,9.999327356943738,9.996341834097274,-0.02985723679094221,-0.023102072650826866,0.13352718790873744,1.2529663656784003,29,500
injection_electrons_s10x10,0,0.0,100031,100031,100031,100031,1.0,1.0,9.998651729884015,10.346814680611102,5.226082946870535,-49.49090026069866,-47.73212340969138,8.804714652489423,22.685691713617302,30,100
injection_electrons_s10x10,0,0.0,100031,100031,100031,100031,1.0,1.0,9.998651729884015,10.346814680611102,18.881751674061636,82.4885460589543,88.84297787498461,27.59889633459918,95.4277190900531,30,500
injection_electrons_s10x10,25,0.0025,100031,100031,100031,100031,1.0,1.0,9.998651729884015,10.315737735483266,5.560530766334946,-46.09662528344175,-44.38719422824173,6.786245417207622,17.763180751783,30,100
injection_electrons_s10x10,25,0.0025,100031,100031,100031,100031,1.0,1.0,9.998651729884015,10.315737735483266,10.281689836091754,-0.3300578229552764,2.830762725356184,16.852686694761566,64.4673197114705,30,500
injection_electrons_s10x10,50,0.005,100031,100031,100031,100031,1.0,1.0,9.998651729884015,10.201748076385188,8.019248913844356,-21.393384214150903,-19.79669728993172,2.5493907534455875,7.0792202197213,30,100
injection_electrons_s10x10,50,0.005,100031,100031,100031,100031,1.0,1.0,9.998651729884015,10.201748076385188,12.30941895674817,20.65989930923484,23.11078822715389,6.24588514816556,27.557272710364703,30,500
injection_electrons_s10x10,75,0.007500000000000001,100031,100031,100031,100031,1.0,1.0,9.998651729884015,10.066818470184531,10.557082683883507,4.870100868025196,5.585062557289122,0.7446749652867268,4.2167267365326,30,100
injection_electrons_s10x10,75,0.007500000000000001,100031,100031,100031,100031,1.0,1.0,9.998651729884015,10.066818470184531,13.879275976434798,37.87152333720767,38.811475300738365,5.252473193083139,21.369250705420807,30,500
injection_electrons_s10x10,100,0.01,100031,100031,100031,100031,1.0,1.0,9.998651729884015,10.005177840406542,11.017671386366661,10.11969564270112,10.191570663842553,1.1752778158830797,3.431502464636801,30,100
injection_electrons_s10x10,100,0.01,100031,100031,100031,100031,1.0,1.0,9.998651729884015,10.005177840406542,11.187954904279032,11.82164957723959,11.894635462103565,3.228013584819193,12.719845203338103,30,500
injection_electrons_s10x10,125,0.0125,100031,100031,100031,100031,1.0,1.0,9.998651729884015,10.001904052380853,10.233687022319586,2.3173884564865244,2.3506698581479357,0.3468053559944557,2.4352045942954,30,100
injection_electrons_s10x10,125,0.0125,100031,100031,100031,100031,1.0,1.0,9.998651729884015,10.001904052380853,9.41331408110286,-5.884779219991476,-5.854165787490084,2.137598428505151,10.296532691943199,30,500
injection_electrons_s10x10,150,0.015000000000000001,100031,100031,100031,100031,1.0,1.0,9.998651729884015,10.014810796944705,9.707663668013081,-3.0669289231637475,-2.9102730021211443,0.4257773941915339,2.1734661327785005,30,100
injection_electrons_s10x10,150,0.015000000000000001,100031,100031,100031,100031,1.0,1.0,9.998651729884015,10.014810796944705,9.590588962030255,-4.235944577643647,-4.081177931561919,1.5737358624530866,6.9615350536763,30,500
injection_electrons_s10x10,200,0.02,100031,100031,100031,100031,1.0,1.0,9.998651729884015,10.005646502867405,10.076987586538557,0.7130082364063872,0.7834641986820268,0.199840588561974,2.0658072271271006,30,100
injection_electrons_s10x10,200,0.02,100031,100031,100031,100031,1.0,1.0,9.998651729884015,10.005646502867405,10.158032962558845,1.5230046319122836,1.59402724467812,0.8216846259308723,3.9049855631557007,30,500
injection_electrons_s10x10,250,0.025,100031,100031,100031,100031,1.0,1.0,9.998651729884015,10.000572911538757,9.967358588465578,-0.33212420295297695,-0.31297361148112657,0.15664995849242114,2.3328736670989003,30,100
injection_electrons_s10x10,250,0.025,100031,100031,100031,100031,1.0,1.0,9.998651729884015,10.000572911538757,9.926044358945038,-0.7452428301155334,-0.7261716169387866,0.545169726386065,4.0590507181497,30,500
injection_electrons_s10x10,300,0.030000000000000002,100031,100031,100031,100031,1.0,1.0,9.998651729884015,10.004460982612477,10.011940359076515,0.07476041414962165,0.13290421100260463,0.14727055114425416,2.1377652467818002,30,100
injection_electrons_s10x10,300,0.030000000000000002,100031,100031,100031,100031,1.0,1.0,9.998651729884015,10.004460982612477,10.0620058884164,0.5751924656804075,0.6336270153607826,0.4384396009555756,2.986351640418901,30,500
injection_electrons_s10x10,1000,0.1,100031,100031,100031,100031,1.0,1.0,9.998651729884015,9.999598866070768,10.004294032746792,0.04695355022645842,0.056430637001914086,0.10433105776880175,1.3422412401907997,30,100
injection_electrons_s10x10,1000,0.1,100031,100031,100031,100031,1.0,1.0,9.998651729884015,9.999598866070768,9.998317213072625,-0.012817044116564258,-0.0033456191937397683,0.1327425129454735,1.2234583805893,30,500
injection_electrons_s10x10,5,0.0005,100031,100031,100031,100031,1.0,1.0,9.998651729884015,11.002435736835286,13.652284345840473,24.084199829804078,36.54125290749415,22.082967494900412,65.8482069171279,10,100
injection_electrons_s10x10,5,0.0005,100031,100031,100031,100031,1.0,1.0,9.998651729884015,11.002435736835286,16.512512054545535,50.080513529044744,65.14738687410089,20.718882647528744,123.13893764002378,10,500
injection_electrons_s10x10,10,0.001,100031,100031,100031,100031,1.0,1.0,9.998651729884015,10.972483941784052,11.319353831238422,3.161270422401463,13.208801916833313,19.56536358280912,59.473858986729994,10,100
injection_electrons_s10x10,10,0.001,100031,100031,100031,100031,1.0,1.0,9.998651729884015,10.972483941784052,14.889586271654514,35.6993215998598,48.91594060779667,17.527563782955266,107.7146997171079,10,500
injection_electrons_s10x10,15,0.0015,100031,100031,100031,100031,1.0,1.0,9.998651729884015,10.915256344544522,8.074792864210064,-26.022874687264043,-19.24118288792791,15.829928795234594,47.558353431921205,10,100
injection_electrons_s10x10,15,0.0015,100031,100031,100031,100031,1.0,1.0,9.998651729884015,10.915256344544522,13.722747009411265,25.720794603875106,37.24597455871632,14.03920900875955,82.8795812933734,10,500
injection_electrons_s10x10,20,0.002,100031,100031,100031,100031,1.0,1.0,9.998651729884015,10.825410959272237,5.271862595149068,-51.30103960964563,-47.27426519525126,11.481022613170023,36.2191801213839,10,100
injection_electrons_s10x10,20,0.002,100031,100031,100031,100031,1.0,1.0,9.998651729884015,10.825410959272237,13.414565386968489,23.917377709144393,34.16374276618692,11.271703502807087,61.3542233909281,10,500
injection_electrons_s10x10,30,0.003,100031,100031,100031,100031,1.0,1.0,9.998651729884015,10.561227556444775,8.10250805417591,-23.280622343644907,-18.96399361566822,3.8892948778292764,19.639496752688398,10,100
injection_electrons_s10x10,30,0.003,100031,100031,100031,100031,1.0,1.0,9.998651729884015,10.561227556444775,13.895689477818477,31.572673759300972,38.97563244739266,9.040679578024461,42.8847170446632,10,500
injection_electrons_s10x10,35,0.0035,100031,100031,100031,100031,1.0,1.0,9.998651729884015,10.412797037213485,10.67470352845584,2.5152366871873832,6.761429609066583,2.6984909713772365,18.1361348256222,10,100
injection_electrons_s10x10,35,0.0035,100031,100031,100031,100031,1.0,1.0,9.998651729884015,10.412797037213485,13.511201517496522,29.755736803568624,35.13023438064336,8.165058386048713,40.356205961911,10,500
injection_electrons_s10x10,40,0.004,100031,100031,100031,100031,1.0,1.0,9.998651729884015,10.276269821733043,12.41937085706481,20.854853682406937,24.2104554951718,3.330296068589073,16.348573932666,10,100
injection_electrons_s10x10,40,0.004,100031,100031,100031,100031,1.0,1.0,9.998651729884015,10.276269821733043,12.97927776035155,26.30339593557556,29.810279535580044,7.330565729028707,36.4070627906459,10,500
injection_electrons_s10x10,45,0.0045000000000000005,100031,100031,100031,100031,1.0,1.0,9.998651729884015,10.164872988599546,13.215088763106662,30.007416501200733,32.168707542931465,3.7950043113470144,15.802814837363599,10,100
injection_electrons_s10x10,45,0.0045000000000000005,100031,100031,100031,100031,1.0,1.0,9.998651729884015,10.164872988599546,12.52083478749067,23.177483885272963,25.22523161866257,6.735086036360305,29.584964431174903,10,500
injection_electrons_s10x10,55,0.0055000000000000005,100031,100031,100031,100031,1.0,1.0,9.998651729884015,10.034291310558059,12.626873306886239,25.83722074722179,26.285759800463726,3.0484131905717264,12.285981374502299,10,100
injection_electrons_s10x10,55,0.0055000000000000005,100031,100031,100031,100031,1.0,1.0,9.998651729884015,10.034291310558059,11.520516053840668,14.81145700562636,15.22069540044182,5.631805794661139,25.6664598453309,10,500
injection_electrons_s10x10,60,0.006,100031,100031,100031,100031,1.0,1.0,9.998651729884015,10.00880066198037,11.763281444675943,17.52938081143107,17.64867666625285,2.303736357046094,13.676242742551999,10,100
injection_electrons_s10x10,60,0.006,100031,100031,100031,100031,1.0,1.0,9.998651729884015,10.00880066198037,11.08318008511459,10.734347295129766,10.846745986652696,5.077180772751491,23.4022148031546,10,500
injection_electrons_s10x10,65,0.006500000000000001,100031,100031,100031,100031,1.0,1.0,9.998651729884015,10.001536725695125,10.847629728599538,8.45963001596244,8.490924793170795,1.7101131989790728,13.346113344102001,10,100
injection_electrons_s10x10,65,0.006500000000000001,100031,100031,100031,100031,1.0,1.0,9.998651729884015,10.001536725695125,10.623744301381047,6.221119741403314,6.251768622250853,4.667337003293311,22.126184206492102,10,500
injection_electrons_s10x10,70,0.007,100031,100031,100031,100031,1.0,1.0,9.998651729884015,10.006458048294197,10.055030047008339,0.4854065092734894,0.5638591946934168,1.4489448791345167,13.1874202921998,10,100
injection_electrons_s10x10,70,0.007,100031,100031,100031,100031,1.0,1.0,9.998651729884015,10.006458048294197,10.535998791997015,5.291989844429401,5.374195207809618,4.250165157972944,20.380581771264,10,500
injection_electrons_s10x10,80,0.008,100031,100031,100031,100031,1.0,1.0,9.998651729884015,10.032572420155724,9.225561591060675,-8.043907337999778,-7.7319438631183175,1.3964786247482728,8.9853684906725,10,100
injection_electrons_s10x10,80,0.008,100031,100031,100031,100031,1.0,1.0,9.998651729884015,10.032572420155724,10.432100713005026,3.98231157590887,4.335074316325227,3.524111897727683,18.337938649682506,10,500
injection_electrons_s10x10,85,0.0085,100031,100031,100031,100031,1.0,1.0,9.998651729884015,10.044949577632032,9.214435467781017,-8.267976891595286,-7.843220098957227,1.2972306745173454,9.9074644377776,10,100
injection_electrons_s10x10,85,0.0085,100031,100031,100031,100031,1.0,1.0,9.998651729884015,10.044949577632032,10.415263726845096,3.686570513381926,4.166681750859547,3.2499740376719854,16.276325025817798,10,500
injection_electrons_s10x10,90,0.009000000000000001,100031,100031,100031,100031,1.0,1.0,9.998651729884015,10.052331482408983,9.393663052110817,-6.552394650443016,-6.050702575878352,1.1424372184306715,9.1208949802639,10,100
injection_electrons_s10x10,90,0.009000000000000001,100031,100031,100031,100031,1.0,1.0,9.998651729884015,10.052331482408983,10.297583839380376,2.4397559650770617,2.9897241905417316,2.9866086407884773,14.8624844892313,10,500
injection_electrons_s10x10,95,0.0095,100031,100031,100031,100031,1.0,1.0,9.998651729884015,10.053201790489316,9.665684486811525,-3.8546655260058182,-3.330121421044363,0.987873029993228,9.3492039556703,10,100
injection_electrons_s10x10,95,0.0095,100031,100031,100031,100031,1.0,1.0,9.998651729884015,10.053201790489316,10.2311056014485,1.7696233962744667,2.3248521685151236,2.763303492240067,16.823672513123704,10,500
injection_electrons_s10x10,105,0.0105,100031,100031,100031,100031,1.0,1.0,9.998651729884015,10.038462035213124,10.147361374098653,1.0848209467100522,1.487296969952201,0.8034573884476522,7.457461203418601,10,100
injection_electrons_s10x10,105,0.0105,100031,100031,100031,100031,1.0,1.0,9.998651729884015,10.038462035213124,10.262871338774866,2.2354948673866115,2.642552376348406,2.390347944859164,14.0563487962221,10,500
injection_electrons_s10x10,110,0.011000000000000001,100031,100031,100031,100031,1.0,1.0,9.998651729884015,10.027319634085252,10.259095866095267,2.3114475300273885,2.604792558509006,0.7513648945475904,7.0304470378505,10,100
injection_electrons_s10x10,110,0.011000000000000001,100031,100031,100031,100031,1.0,1.0,9.998651729884015,10.027319634085252,10.25172762047682,2.237965823177235,2.5311001665995647,2.228804505646774,12.7807861581907,10,500
injection_electrons_s10x10,115,0.0115,100031,100031,100031,100031,1.0,1.0,9.998651729884015,10.016870234487055,10.272095820876276,2.5479574000120797,2.7348096361331287,0.7002778863410496,6.613590496811199,10,100
injection_electrons_s10x10,115,0.0115,100031,100031,100031,100031,1.0,1.0,9.998651729884015,10.016870234487055,10.24349623594693,2.2624432198355304,2.448775221674371,2.092529538243781,12.066938751131799,10,500
injection_electrons_s10x10,120,0.012,100031,100031,100031,100031,1.0,1.0,9.998651729884015,10.00870937703743,10.208217404053263,1.9933441915453765,2.095939330928953,0.6497957205636086,5.7908968066968,10,100
injection_electrons_s10x10,120,0.012,100031,100031,100031,100031,1.0,1.0,9.998651729884015,10.00870937703743,10.192309987289574,1.8344084470408584,1.936843712905345,1.9817762479779861,11.7824505236142,10,500
injection_electrons_s10x10,130,0.013000000000000001,100031,100031,100031,100031,1.0,1.0,9.998651729884015,10.001502987251923,9.992676940164747,-0.08824720742898196,-0.05975595390936839,0.5781762536884769,6.197089978606209,10,100
injection_electrons_s10x10,130,0.013000000000000001,100031,100031,100031,100031,1.0,1.0,9.998651729884015,10.001502987251923,10.093870847343144,0.9235397940585033,0.9523195729933986,1.7676860002404957,11.209444157742,10,500
injection_electrons_s10x10,135,0.0135,100031,100031,100031,100031,1.0,1.0,9.998651729884015,10.002100695982337,9.908467468210826,-0.9361356240806584,-0.9019642258730309,0.5560485387606295,6.6119751923557,10,100
injection_electrons_s10x10,135,0.0135,100031,100031,100031,100031,1.0,1.0,9.998651729884015,10.002100695982337,10.078434462604045,0.7631773458586677,0.7979349103797162,1.6777840464489828,10.351570767553998,10,500
injection_electrons_s10x10,140,0.014,100031,100031,100031,100031,1.0,1.0,9.998651729884015,10.004657728953989,9.867968223079798,-1.3662586924748532,-1.3070112884683294,0.5337697966897051,5.6411541644104,10,100
injection_electrons_s10x10,140,0.014,100031,100031,100031,100031,1.0,1.0,9.998651729884015,10.004657728953989,10.071481223249183,0.6679238421300804,0.7283931407221056,1.5719458265353876,9.787929413459599,10,500
injection_electrons_s10x10,145,0.0145,100031,100031,100031,100031,1.0,1.0,9.998651729884015,10.008261035380253,9.873458232341314,-1.346915338862531,-1.2521037928396206,0.508918710955151,6.1407710152255,10,100
injection_electrons_s10x10,145,0.0145,100031,100031,100031,100031,1.0,1.0,9.998651729884015,10.008261035380253,10.079446637675117,0.7112684415725656,0.808058025959868,1.4902920492385894,9.490246322053098,10,500
injection_electrons_s10x10,155,0.0155,100031,100031,100031,100031,1.0,1.0,9.998651729884015,10.014681404359463,9.975508819666182,-0.39115158147945417,-0.23146030928014039,0.46808090837175664,4.657107637730238,10,100
injection_electrons_s10x10,155,0.0155,100031,100031,100031,100031,1.0,1.0,9.998651729884015,10.014681404359463,10.067881840498902,0.5312244492998053,0.6923944596247011,1.3155945590614064,8.8216141169856,10,500
injection_electrons_s10x10,160,0.016,100031,100031,100031,100031,1.0,1.0,9.998651729884015,10.0159641236031,10.03610750322995,0.20111273740868185,0.3746082407689588,0.45840248110773757,5.1867888756778,10,100
injection_electrons_s10x10,160,0.016,100031,100031,100031,100031,1.0,1.0,9.998651729884015,10.0159641236031,10.05403068271657,0.38005886047220994,0.5538642041810427,1.234683653552656,8.553626611815497,10,500
injection_electrons_s10x10,165,0.0165,100031,100031,100031,100031,1.0,1.0,9.998651729884015,10.015559326424766,10.08162068313347,0.6595872936862479,0.829801412139175,0.45070063218337414,5.4965602753578,10,100
injection_electrons_s10x10,165,0.0165,100031,100031,100031,100031,1.0,1.0,9.998651729884015,10.015559326424766,10.051454747785899,0.358396572684927,0.5281013813499102,1.1947671144542107,8.209609819515201,10,500
injection_electrons_s10x10,170,0.017,100031,100031,100031,100031,1.0,1.0,9.998651729884015,10.013694757507176,10.102952358935594,0.8913553247816175,1.0431469348996858,0.439050673585336,5.1265978722166,10,100
injection_electrons_s10x10,170,0.017,100031,100031,100031,100031,1.0,1.0,9.998651729884015,10.013694757507176,10.04206590813353,0.28332350159849806,0.43420032442733625,1.149491901537245,7.697903301268804,10,500
injection_electrons_s10x10,175,0.0175,100031,100031,100031,100031,1.0,1.0,9.998651729884015,10.010892666581878,10.09824680148913,0.8725908649371172,0.996085015217063,0.4217448549825541,5.1379419700434,10,100
injection_electrons_s10x10,175,0.0175,100031,100031,100031,100031,1.0,1.0,9.998651729884015,10.010892666581878,10.050897187350463,0.39960992591727695,0.5225250251521096,1.0945979593001367,8.3159190449036,10,500
injection_electrons_s10x10,180,0.018000000000000002,100031,100031,100031,100031,1.0,1.0,9.998651729884015,10.007782060537519,10.072142102593618,0.6430999562818451,0.7350028253304774,0.40266409291695987,4.7785009901949005,10,100
injection_electrons_s10x10,180,0.018000000000000002,100031,100031,100031,100031,1.0,1.0,9.998651729884015,10.007782060537519,10.03871996945634,0.309138515723828,0.4007364258179713,1.0341647565690522,7.746802832910101,10,500
injection_electrons_s10x10,185,0.018500000000000003,100031,100031,100031,100031,1.0,1.0,9.998651729884015,10.004931835174188,10.033506366914803,0.2856044619929943,0.3485933701102395,0.3874171062311493,4.015207382824699,10,100
injection_electrons_s10x10,185,0.018500000000000003,100031,100031,100031,100031,1.0,1.0,9.998651729884015,10.004931835174188,10.037704197680855,0.3275620768494303,0.39057733834371167,0.9879611608186772,7.431992161243899,10,500
injection_electrons_s10x10,190,0.019,100031,100031,100031,100031,1.0,1.0,9.998651729884015,10.00275129372061,9.992734488412031,-0.10014050149249609,-0.059180393835489564,0.3781678099099738,4.0130136577397,10,100
injection_electrons_s10x10,190,0.019,100031,100031,100031,100031,1.0,1.0,9.998651729884015,10.00275129372061,10.018609767607241,0.1585411195476505,0.19960728968662078,0.933393219477365,7.1324293212004015,10,500
injection_electrons_s10x10,195,0.0195,100031,100031,100031,100031,1.0,1.0,9.998651729884015,10.001458795399287,9.959197143672306,-0.42255487515903134,-0.3945990647297726,0.37243485245820157,4.7679095801514,10,100
injection_electrons_s10x10,195,0.0195,100031,100031,100031,100031,1.0,1.0,9.998651729884015,10.001458795399287,10.009403027784584,0.07943073653366994,0.10752747661402218,0.8830287038969178,5.938012623329602,10,500
injection_electrons_s10x10,205,0.0205,100031,100031,100031,100031,1.0,1.0,9.998651729884015,10.001537567471631,9.935635081666486,-0.6589235441106789,-0.6302514570957984,0.3567324831624289,4.244848753616299,10,100
injection_electrons_s10x10,205,0.0205,100031,100031,100031,100031,1.0,1.0,9.998651729884015,10.001537567471631,10.006412144842345,0.04873827986775492,0.07761461412978399,0.7933031087768367,4.797931551240199,10,500
injection_electrons_s10x10,210,0.021,100031,100031,100031,100031,1.0,1.0,9.998651729884015,10.002562007333394,9.946581227050967,-0.5596644163903708,-0.5207752429001955,0.34645307414901455,4.071730584250501,10,100
injection_electrons_s10x10,210,0.021,100031,100031,100031,100031,1.0,1.0,9.998651729884015,10.002562007333394,10.009058454567636,0.0649478326600672,0.10408127980412463,0.7543624294255578,4.9047626835799,10,500
injection_electrons_s10x10,215,0.021500000000000002,100031,100031,100031,100031,1.0,1.0,9.998651729884015,10.003861100064118,9.967619766619901,-0.36227345703534475,-0.3103614777517083,0.338084450003752,3.791034664985,10,100
injection_electrons_s10x10,215,0.021500000000000002,100031,100031,100031,100031,1.0,1.0,9.998651729884015,10.003861100064118,10.012374836981621,0.0851045094723446,0.13724957592622378,0.7146807912519133,4.7384539020542995,10,500
injection_electrons_s10x10,220,0.022000000000000002,100031,100031,100031,100031,1.0,1.0,9.998651729884015,10.005114496106641,9.992918699455087,-0.12189562304658619,-0.05733803500519441,0.3327490768523231,3.4582715377122,10,100
injection_electrons_s10x10,220,0.022000000000000002,100031,100031,100031,100031,1.0,1.0,9.998651729884015,10.005114496106641,10.008892399131604,0.03775971805652922,0.10242050152602378,0.6819915526259493,4.9793727651549,10,500
injection_electrons_s10x10,225,0.022500000000000003,100031,100031,100031,100031,1.0,1.0,9.998651729884015,10.006046771992425,10.016437160370856,0.10384109344276915,0.17787828766635538,0.3287696687734647,4.1245757228728,10,100
injection_electrons_s10x10,225,0.022500000000000003,100031,100031,100031,100031,1.0,1.0,9.998651729884015,10.006046771992425,10.010101047357415,0.0405182531860504,0.11450861358817122,0.6517157699239724,4.276555885128501,10,500
injection_electrons_s10x10,230,0.023,100031,100031,100031,100031,1.0,1.0,9.998651729884015,10.00647714734897,10.033437645838088,0.26943047080520977,0.347906066676007,0.3237732193557793,4.0269920410484,10,100
injection_electrons_s10x10,230,0.023,100031,100031,100031,100031,1.0,1.0,9.998651729884015,10.00647714734897,10.009411157216054,0.029321106957813647,0.10760878189086664,0.6190182480988333,4.0665629530258,10,500
injection_electrons_s10x10,235,0.0235,100031,100031,100031,100031,1.0,1.0,9.998651729884015,10.006344893234997,10.04131147105897,0.3494440597146653,0.42665493635960505,0.31689309726139736,3.5159911435758016,10,100
injection_electrons_s10x10,235,0.0235,100031,100031,100031,100031,1.0,1.0,9.998651729884015,10.006344893234997,10.008392589573539,0.020463979209095484,0.09742173197622161,0.595335085308445,3.910896529338701,10,500
injection_electrons_s10x10,240,0.024,100031,100031,100031,100031,1.0,1.0,9.998651729884015,10.005705706934481,10.039613131320875,0.33888088836047103,0.409669248849176,0.3089795657885042,3.6125200080202,10,100
injection_electrons_s10x10,240,0.024,100031,100031,100031,100031,1.0,1.0,9.998651729884015,10.005705706934481,10.006366622409315,0.006605385908708961,0.07715932841465545,0.5671373887072633,3.7395621530284977,10,500
injection_electrons_s10x10,245,0.0245,100031,100031,100031,100031,1.0,1.0,9.998651729884015,10.004704205878026,10.029939999072335,0.25223927339583785,0.3129248826099662,0.30148517340892644,3.5512851634130005,10,100
injection_electrons_s10x10,245,0.0245,100031,100031,100031,100031,1.0,1.0,9.998651729884015,10.004704205878026,10.005288279430108,0.005837989210499828,0.06637444452892716,0.5457556242910866,3.7902359264517997,10,500
injection_electrons_s10x10,255,0.025500000000000002,100031,100031,100031,100031,1.0,1.0,9.998651729884015,10.002392833453223,9.999283681934063,-0.031084077289600387,0.006320372657442341,0.28912455323670133,3.2674246796767,10,100
injection_electrons_s10x10,255,0.025500000000000002,100031,100031,100031,100031,1.0,1.0,9.998651729884015,10.002392833453223,10.001494191692236,-0.008984267824208025,0.028428451005302335,0.5074332918143635,3.32178931958,10,500
injection_electrons_s10x10,260,0.026000000000000002,100031,100031,100031,100031,1.0,1.0,9.998651729884015,10.001452204911194,9.985396626715527,-0.16053246935262555,-0.13256890555424228,0.2834830280330439,3.3515129766335,10,100
injection_electrons_s10x10,260,0.026000000000000002,100031,100031,100031,100031,1.0,1.0,9.998651729884015,10.001452204911194,10.000224179724563,-0.012278468781046215,0.0157266187784888,0.49529386447993035,3.4357799587801985,10,500
injection_electrons_s10x10,265,0.026500000000000003,100031,100031,100031,100031,1.0,1.0,9.998651729884015,10.000827208189515,9.976296405250265,-0.24528773898985223,-0.2235833914180141,0.27802306944194544,3.2045208337766997,10,100
injection_electrons_s10x10,265,0.026500000000000003,100031,100031,100031,100031,1.0,1.0,9.998651729884015,10.000827208189515,9.994936470379516,-0.05890250563648225,-0.03715760489382269,0.483308050011958,3.543084438917999,10,500
injection_electrons_s10x10,270,0.027,100031,100031,100031,100031,1.0,1.0,9.998651729884015,10.000567091077919,9.973272753856048,-0.27292789472130874,-0.2538239826087252,0.2729527179464125,3.0331710599875,10,100
injection_electrons_s10x10,270,0.027,100031,100031,100031,100031,1.0,1.0,9.998651729884015,10.000567091077919,9.99574487160965,-0.04821946020011625,-0.029072502502280884,0.47242971505857295,2.9305123746367006,10,500
injection_electrons_s10x10,275,0.0275,100031,100031,100031,100031,1.0,1.0,9.998651729884015,10.00065512076562,9.976297846609159,-0.2435567856538201,-0.22356897588546865,0.26842424782795715,3.5304226910790995,10,100
injection_electrons_s10x10,275,0.0275,100031,100031,100031,100031,1.0,1.0,9.998651729884015,10.00065512076562,9.99586860390607,-0.04786203305432446,-0.027835012691035388,0.461408600828774,2.9485654790093996,10,500
injection_electrons_s10x10,280,0.028,100031,100031,100031,100031,1.0,1.0,9.998651729884015,10.001019677883559,9.983979677351684,-0.17038263177860946,-0.14674030988077735,0.26428490406997784,3.3954308028335,10,100
injection_electrons_s10x10,280,0.028,100031,100031,100031,100031,1.0,1.0,9.998651729884015,10.001019677883559,9.996164950778894,-0.04854232129349878,-0.024871144353277863,0.45218058992583454,2.8957084203551986,10,500
injection_electrons_s10x10,285,0.0285,100031,100031,100031,100031,1.0,1.0,9.998651729884015,10.001552679835747,9.994195846565537,-0.07355691166874845,-0.04456484172921105,0.2604424969984642,2.7295027750675,10,100
injection_electrons_s10x10,285,0.0285,100031,100031,100031,100031,1.0,1.0,9.998651729884015,10.001552679835747,9.998200600228403,-0.03351559217502631,-0.004511904882775752,0.44392731401959384,2.6760323314983,10,500
injection_electrons_s10x10,290,0.029,100031,100031,100031,100031,1.0,1.0,9.998651729884015,10.00213107971957,10.004635190884247,0.025035776323245607,0.059842678411814454,0.25684815440189,2.8528295701213002,10,100
injection_electrons_s10x10,290,0.029,100031,100031,100031,100031,1.0,1.0,9.998651729884015,10.00213107971957,10.003275906935311,0.011445832959156022,0.046248005993398955,0.43636521546943524,2.9001414292649996,10,500
injection_electrons_s10x10,295,0.029500000000000002,100031,100031,100031,100031,1.0,1.0,9.998651729884015,10.002637441366957,10.013135782751979,0.1049557323911765,0.14486005972857985,0.2534721025483856,2.7253186411995998,10,100
injection_electrons_s10x10,295,0.029500000000000002,100031,100031,100031,100031,1.0,1.0,9.998651729884015,10.002637441366957,10.003801730299061,0.011639819386921602,0.05150694867843697,0.42698528405111735,2.9580362182478,10,500
injection_electrons_s10x10,5,0.0005,100031,100031,100031,100031,1.0,1.0,9.998651729884015,10.842275714059092,11.334514301919116,4.539993271170384,13.360427066806114,19.32296953515434,56.7608797777075,12,100
injection_electrons_s10x10,5,0.0005,100031,100031,100031,100031,1.0,1.0,9.998651729884015,10.842275714059092,16.660846282132514,53.66558388225202,66.63092917154523,21.316428608960127,124.46849083849159,12,500
injection_electrons_s10x10,10,0.001,100031,100031,100031,100031,1.0,1.0,9.998651729884015,10.821530667339399,9.836939569647393,-9.098445755586248,-1.6173396634397763,17.63352083493774,51.8963957227028,12,100
injection_electrons_s10x10,10,0.001,100031,100031,100031,100031,1.0,1.0,9.998651729884015,10.821530667339399,15.051919697868613,39.09233509171679,50.539493768758526,18.425136373811,104.8552771673451,12,500
injection_electrons_s10x10,15,0.0015,100031,100031,100031,100031,1.0,1.0,9.998651729884015,10.78257386242126,7.69526403792083,-28.63240135326247,-23.03698292719617,15.047327670883188,44.172277325773905,12,100
injection_electrons_s10x10,15,0.0015,100031,100031,100031,100031,1.0,1.0,9.998651729884015,10.78257386242126,13.746398668971098,27.487173696803225,37.48252304744049,14.943927434000186,85.3134590532865,12,500
injection_electrons_s10x10,20,0.002,100031,100031,100031,100031,1.0,1.0,9.998651729884015,10.721408726000911,5.603277986568496,-47.73748366686399,-43.959664383334875,11.874524736829127,34.3945708130664,12,100
injection_electrons_s10x10,20,0.002,100031,100031,100031,100031,1.0,1.0,9.998651729884015,10.721408726000911,13.38308283611882,24.82578715297905,33.84887480498398,12.046774432153072,66.8285291440743,12,500
injection_electrons_s10x10,30,0.003,100031,100031,100031,100031,1.0,1.0,9.998651729884015,10.53423357411716,6.309045583137705,-40.10911625655267,-36.90103672396948,5.291422746734737,18.035253295939604,12,100
injection_electrons_s10x10,30,0.003,100031,100031,100031,100031,1.0,1.0,9.998651729884015,10.53423357411716,13.892286367714862,31.877523599329628,38.94159675742615,9.232917882234277,45.88120731675719,12,500
injection_electrons_s10x10,35,0.0035,100031,100031,100031,100031,1.0,1.0,9.998651729884015,10.421137313032071,8.470177033612991,-18.721183886324212,-15.286808037354794,2.7671380294818264,14.523337006741,12,100
injection_electrons_s10x10,35,0.0035,100031,100031,100031,100031,1.0,1.0,9.998651729884015,10.421137313032071,13.695308552230804,31.41855961445057,36.97155298747135,8.28319589853368,42.829821050677594,12,500
injection_electrons_s10x10,40,0.004,100031,100031,100031,100031,1.0,1.0,9.998651729884015,10.309160347324294,10.43051830365918,1.1771856508797418,4.319248089063854,1.8661578387172726,14.8210453799947,12,100
injection_electrons_s10x10,40,0.004,100031,100031,100031,100031,1.0,1.0,9.998651729884015,10.309160347324294,13.223019710898036,28.264759353850046,32.24802771534703,7.477691962201385,37.64386230943779,12,500
injection_electrons_s10x10,45,0.0045000000000000005,100031,100031,100031,100031,1.0,1.0,9.998651729884015,10.208871409078778,11.832159533333005,15.900759831401468,18.337550431614623,2.5226813070598664,12.372460301805699,12,100
injection_electrons_s10x10,45,0.0045000000000000005,100031,100031,100031,100031,1.0,1.0,9.998651729884015,10.208871409078778,12.826018061370762,25.636003701295994,28.277475882436253,6.87482486643442,32.976154815669396,12,500
injection_electrons_s10x10,55,0.0055000000000000005,100031,100031,100031,100031,1.0,1.0,9.998651729884015,10.06819842035296,12.754832092142824,26.684353641251324,27.56552019929972,3.1481607423127222,11.2487213307962,12,100
injection_electrons_s10x10,55,0.0055000000000000005,100031,100031,100031,100031,1.0,1.0,9.998651729884015,10.06819842035296,11.86107125049993,17.807285427774833,18.62670658934451,5.801152422019069,26.368518745437402,12,500
injection_electrons_s10x10,60,0.006,100031,100031,100031,100031,1.0,1.0,9.998651729884015,10.02969134103569,12.463186405714287,24.26291081084564,24.64867006482745,2.7961283018331096,9.070708373929499,12,100
injection_electrons_s10x10,60,0.006,100031,100031,100031,100031,1.0,1.0,9.998651729884015,10.02969134103569,11.386225946187297,13.525187954702588,13.877613240154108,5.232785693650075,24.5295931608709,12,500
injection_electrons_s10x10,65,0.006500000000000001,100031,100031,100031,100031,1.0,1.0,9.998651729884015,10.008660604045717,11.880662338846644,18.70381871120921,18.82264389045243,2.203463115928116,10.313108598438301,12,100
injection_electrons_s10x10,65,0.006500000000000001,100031,100031,100031,100031,1.0,1.0,9.998651729884015,10.008660604045717,10.934197729139933,9.24736247645459,9.356721531361622,4.781488126944867,22.892946755141,12,500
injection_electrons_s10x10,70,0.007,100031,100031,100031,100031,1.0,1.0,9.998651729884015,10.000941020083799,11.173822767894384,11.727713876676349,11.7532950417506,1.584643008377098,10.933532706521,12,100
injection_electrons_s10x10,70,0.007,100031,100031,100031,100031,1.0,1.0,9.998651729884015,10.000941020083799,10.518988968685846,5.179992038366277,5.204074037768969,4.3691532963037645,22.5345456458018,12,500
injection_electrons_s10x10,80,0.008,100031,100031,100031,100031,1.0,1.0,9.998651729884015,10.010263917330184,9.903537391270614,-1.0661709515450424,-0.9512716432468871,1.0673309367177006,10.4918284021639,12,100
injection_electrons_s10x10,80,0.008,100031,100031,100031,100031,1.0,1.0,9.998651729884015,10.010263917330184,10.417977138030398,4.072951762983634,4.193819521617104,3.6284178035482646,17.4305453941941,12,500
injection_electrons_s10x10,85,0.0085,100031,100031,100031,100031,1.0,1.0,9.998651729884015,10.020849948808271,9.501920468723544,-5.1784976597363475,-4.967982429829398,1.133903543922955,7.700573741761899,12,100
injection_electrons_s10x10,85,0.0085,100031,100031,100031,100031,1.0,1.0,9.998651729884015,10.020849948808271,10.337168677055773,3.156605775592114,3.385625945546211,3.3320850557815027,15.222344402807598,12,500
injection_electrons_s10x10,90,0.009000000000000001,100031,100031,100031,100031,1.0,1.0,9.998651729884015,10.031563894710404,9.298569180976218,-7.306883766355621,-7.001769516737822,1.1612030689777688,7.0316274301641,12,100
injection_electrons_s10x10,90,0.009000000000000001,100031,100031,100031,100031,1.0,1.0,9.998651729884015,10.031563894710404,10.272341864405696,2.4002037192052628,2.7372704032052164,3.0818616768863576,15.350955752915699,12,500
injection_electrons_s10x10,95,0.0095,100031,100031,100031,100031,1.0,1.0,9.998651729884015,10.039980909306005,9.280332518542098,-7.566233418430035,-7.18416073234156,1.0916701930252122,8.5072446734486,12,100
injection_electrons_s10x10,95,0.0095,100031,100031,100031,100031,1.0,1.0,9.998651729884015,10.039980909306005,10.163577335681008,1.2310424441190237,1.6494784522203432,2.8202395679709467,13.7656797189644,12,500
injection_electrons_s10x10,105,0.0105,100031,100031,100031,100031,1.0,1.0,9.998651729884015,10.044187383817839,9.619075012869589,-4.23242174506967,-3.7962790110985245,0.8088999826241549,7.9223727103936,12,100
injection_electrons_s10x10,105,0.0105,100031,100031,100031,100031,1.0,1.0,9.998651729884015,10.044187383817839,10.151756515191229,1.070959025980489,1.531254307514418,2.411027759846679,12.0032625920845,12,500
injection_electrons_s10x10,110,0.011000000000000001,100031,100031,100031,100031,1.0,1.0,9.998651729884015,10.039775213991174,9.854527611391747,-1.84513695427434,-1.4414355293675185,0.7103185690520086,8.4773765837401,12,100
injection_electrons_s10x10,110,0.011000000000000001,100031,100031,100031,100031,1.0,1.0,9.998651729884015,10.039775213991174,10.205795002556666,1.6536205744341004,2.0717120494710306,2.2369977218170276,11.0511325613924,12,500
injection_electrons_s10x10,115,0.0115,100031,100031,100031,100031,1.0,1.0,9.998651729884015,10.032454681151089,10.060196914861388,0.276524884407614,0.615534840496812,0.6672491364038536,7.0643167772246995,12,100
injection_electrons_s10x10,115,0.0115,100031,100031,100031,100031,1.0,1.0,9.998651729884015,10.032454681151089,10.232746883264523,1.9964426302342853,2.3412671998650048,2.074115175765371,12.525265540878298,12,500
injection_electrons_s10x10,120,0.012,100031,100031,100031,100031,1.0,1.0,9.998651729884015,10.023876696343123,10.201843447440663,1.775428374557575,2.0321911698288897,0.6473850008760578,6.2888366721471,12,100
injection_electrons_s10x10,120,0.012,100031,100031,100031,100031,1.0,1.0,9.998651729884015,10.023876696343123,10.215197530245181,1.9086511107210047,2.16575000521273,1.9405600433786436,9.8112038419446,12,500
injection_electrons_s10x10,130,0.013000000000000001,100031,100031,100031,100031,1.0,1.0,9.998651729884015,10.008702895939697,10.253965340822871,2.450491811308253,2.553480387518392,0.5767442974725091,6.0952907628860995,12,100
injection_electrons_s10x10,130,0.013000000000000001,100031,100031,100031,100031,1.0,1.0,9.998651729884015,10.008702895939697,10.133824582069868,1.2501288871401117,1.3519107959510945,1.7049849870934877,8.8896042120797,12,500
injection_electrons_s10x10,135,0.0135,100031,100031,100031,100031,1.0,1.0,9.998651729884015,10.003849801732084,10.187285305219161,1.8336491163163604,1.8865901166589927,0.5335444950788194,5.6863554017133,12,100
injection_electrons_s10x10,135,0.0135,100031,100031,100031,100031,1.0,1.0,9.998651729884015,10.003849801732084,10.086224176947258,0.8234267491792124,0.8758425578671458,1.5966646818560786,8.4300695437427,12,500
injection_electrons_s10x10,140,0.014,100031,100031,100031,100031,1.0,1.0,9.998651729884015,10.001202058008863,10.090799742134683,0.8958691525892348,0.9216043796710593,0.5049947852733065,6.682837498145299,12,100
injection_electrons_s10x10,140,0.014,100031,100031,100031,100031,1.0,1.0,9.998651729884015,10.001202058008863,10.042215732286046,0.4100874478817129,0.4356987679831503,1.4978084177880664,8.539096584246,12,500
injection_electrons_s10x10,145,0.0145,100031,100031,100031,100031,1.0,1.0,9.998651729884015,10.000621335588109,9.991120513953414,-0.09500231351512456,-0.07532231478862839,0.4931805184200651,6.2794522503566,12,100
injection_electrons_s10x10,145,0.0145,100031,100031,100031,100031,1.0,1.0,9.998651729884015,10.000621335588109,10.043292117198158,0.42668130487253375,0.4464640685575727,1.40840096690641,8.602530946475298,12,500
injection_electrons_s10x10,155,0.0155,100031,100031,100031,100031,1.0,1.0,9.998651729884015,10.004094447699991,9.865063300024001,-1.3897424539804693,-1.336064436175366,0.47508884729810424,5.237435913603201,12,100
injection_electrons_s10x10,155,0.0155,100031,100031,100031,100031,1.0,1.0,9.998651729884015,10.004094447699991,10.028581620635457,0.24477150894046673,0.2993392665331829,1.2368824857660514,7.258197658794801,12,500
injection_electrons_s10x10,160,0.016,100031,100031,100031,100031,1.0,1.0,9.998651729884015,10.00702525918275,9.858338124551448,-1.4858275139743693,-1.4033252594767065,0.4552312468894337,5.1055740082091,12,100
injection_electrons_s10x10,160,0.016,100031,100031,100031,100031,1.0,1.0,9.998651729884015,10.00702525918275,10.037757611018854,0.30710776719486965,0.39111154374904533,1.1805546545863321,8.5427230340572,12,500
injection_electrons_s10x10,165,0.0165,100031,100031,100031,100031,1.0,1.0,9.998651729884015,10.009896415200004,9.886421538092941,-1.2335280205254318,-1.122453254928757,0.43341045197823164,4.869038862497803,12,100
injection_electrons_s10x10,165,0.0165,100031,100031,100031,100031,1.0,1.0,9.998651729884015,10.009896415200004,10.021729095714717,0.11820981980137368,0.23080477702537294,1.1271983596604231,8.4697880450817,12,500
injection_electrons_s10x10,170,0.017,100031,100031,100031,100031,1.0,1.0,9.998651729884015,10.01212484557659,9.9381861412088,-0.7384916339757575,-0.6047374216915258,0.4180152347699933,4.2213311029958005,12,100
injection_electrons_s10x10,170,0.017,100031,100031,100031,100031,1.0,1.0,9.998651729884015,10.01212484557659,10.032717629620974,0.20567845848906696,0.3407049335976131,1.081534293815507,7.292031844965598,12,500
injection_electrons_s10x10,175,0.0175,100031,100031,100031,100031,1.0,1.0,9.998651729884015,10.013303383670907,9.999041701591686,-0.14242734423165482,0.0039002429348178325,0.4119554342163906,4.4786345976304,12,100
injection_electrons_s10x10,175,0.0175,100031,100031,100031,100031,1.0,1.0,9.998651729884015,10.013303383670907,10.029270187027539,0.15945590326034154,0.30622585895268006,1.0322433357618372,6.837949992345502,12,500
injection_electrons_s10x10,180,0.018000000000000002,100031,100031,100031,100031,1.0,1.0,9.998651729884015,10.01327241317312,10.054733355635127,0.4140598672564222,0.5608918808872598,0.4109102463863327,4.5271255052861,12,100
injection_electrons_s10x10,180,0.018000000000000002,100031,100031,100031,100031,1.0,1.0,9.998651729884015,10.01327241317312,10.045437096484509,0.3212204959996301,0.4679167538225393,0.9938860172943161,6.778417713271901,12,500
injection_electrons_s10x10,185,0.018500000000000003,100031,100031,100031,100031,1.0,1.0,9.998651729884015,10.01212657806092,10.094144694124935,0.8191877662008018,0.9550584100805448,0.40732121057794146,4.8640702481979,12,100
injection_electrons_s10x10,185,0.018500000000000003,100031,100031,100031,100031,1.0,1.0,9.998651729884015,10.01212657806092,10.043703289844185,0.31538466415772515,0.4505763494643933,0.9464691479635547,6.1648382547964005,12,500
injection_electrons_s10x10,190,0.019,100031,100031,100031,100031,1.0,1.0,9.998651729884015,10.010157385939586,10.111079373116192,1.0081958083732356,1.124428035593561,0.39663148833413164,4.2930092406435,12,100
injection_electrons_s10x10,190,0.019,100031,100031,100031,100031,1.0,1.0,9.998651729884015,10.010157385939586,10.038999108702383,0.28812456838398504,0.40352819468425505,0.8963036894398995,6.3328690644847,12,500
injection_electrons_s10x10,195,0.0195,100031,100031,100031,100031,1.0,1.0,9.998651729884015,10.007758486740112,10.104664508635215,0.9683089577301462,1.060270740647451,0.3796339848370638,4.5643033410778,12,100
injection_electrons_s10x10,195,0.0195,100031,100031,100031,100031,1.0,1.0,9.998651729884015,10.007758486740112,10.028301521756273,0.20527109085795026,0.2965379000414714,0.8525017898581098,5.126259303900602,12,500
injection_electrons_s10x10,205,0.0205,100031,100031,100031,100031,1.0,1.0,9.998651729884015,10.003204208575657,10.040670522354969,0.3745431263633803,0.420244585031071,0.34759823500404596,3.9323948914584994,12,100
injection_electrons_s10x10,205,0.0205,100031,100031,100031,100031,1.0,1.0,9.998651729884015,10.003204208575657,10.005225045536863,0.02020189650306925,0.06574202032860743,0.7713128143518655,4.737909966550699,12,500
injection_electrons_s10x10,210,0.021,100031,100031,100031,100031,1.0,1.0,9.998651729884015,10.001614555188352,9.999154761570598,-0.024593965346109137,0.005030995179877706,0.34044480587095083,3.485042467154599,12,100
injection_electrons_s10x10,210,0.021,100031,100031,100031,100031,1.0,1.0,9.998651729884015,10.001614555188352,9.994704401718948,-0.06909037967094411,-0.03947860443292983,0.7348522787609882,4.7704201191845,12,500
injection_electrons_s10x10,215,0.021500000000000002,100031,100031,100031,100031,1.0,1.0,9.998651729884015,10.000680044058146,9.962501627903096,-0.3817582003109221,-0.3615497664837486,0.3373738702441879,3.7648217799364994,12,100
injection_electrons_s10x10,215,0.021500000000000002,100031,100031,100031,100031,1.0,1.0,9.998651729884015,10.000680044058146,9.992386330851113,-0.08293149236346942,-0.06266243891839274,0.699453986919092,4.839105867797501,12,500
injection_electrons_s10x10,220,0.022000000000000002,100031,100031,100031,100031,1.0,1.0,9.998651729884015,10.000415254757135,9.937149828095267,-0.6326279964401826,-0.615101950245267,0.33420749156327734,4.054488341645801,12,100
injection_electrons_s10x10,220,0.022000000000000002,100031,100031,100031,100031,1.0,1.0,9.998651729884015,10.000415254757135,9.994344048565189,-0.0607095409268843,-0.043082621889423134,0.6722474672259287,4.9216389701682,12,500
injection_electrons_s10x10,225,0.022500000000000003,100031,100031,100031,100031,1.0,1.0,9.998651729884015,10.000744258036297,9.92656376465002,-0.7417497285431396,-0.7209768594953592,0.32777912912917945,4.143270429122399,12,100
injection_electrons_s10x10,225,0.022500000000000003,100031,100031,100031,100031,1.0,1.0,9.998651729884015,10.000744258036297,9.993245787290506,-0.07497912707612464,-0.054066715588774183,0.6434337164581835,4.702475912282699,12,500
injection_electrons_s10x10,230,0.023,100031,100031,100031,100031,1.0,1.0,9.998651729884015,10.001520007452458,9.930885803198802,-0.7062346943367048,-0.67775064594634,0.31797377117688114,4.0764776953371005,12,100
injection_electrons_s10x10,230,0.023,100031,100031,100031,100031,1.0,1.0,9.998651729884015,10.001520007452458,9.99598291059106,-0.055362553464588515,-0.026691791704058776,0.6185672473493867,4.0709964790829005,12,500
injection_electrons_s10x10,235,0.0235,100031,100031,100031,100031,1.0,1.0,9.998651729884015,10.002549177653528,9.947485831216788,-0.5504931338878638,-0.5117279814267572,0.30729637628513173,3.5751198326950995,12,100
injection_electrons_s10x10,235,0.0235,100031,100031,100031,100031,1.0,1.0,9.998651729884015,10.002549177653528,9.997505165521796,-0.050427266511221536,-0.011467189709113423,0.5922840479173741,3.327444447845499,12,500
injection_electrons_s10x10,240,0.024,100031,100031,100031,100031,1.0,1.0,9.998651729884015,10.003622237082297,9.971694266588804,-0.31916409613249597,-0.2696109837953542,0.2989034229079292,3.535889047846501,12,100
injection_electrons_s10x10,240,0.024,100031,100031,100031,100031,1.0,1.0,9.998651729884015,10.003622237082297,10.003288722498604,-0.0033339382054631272,0.04637617890750345,0.5715405155919564,3.3496782144762003,12,500
injection_electrons_s10x10,245,0.0245,100031,100031,100031,100031,1.0,1.0,9.998651729884015,10.004545405137948,9.99820236338237,-0.06340159896041087,-0.004494270965571534,0.29434184170680305,3.015234221476801,12,100
injection_electrons_s10x10,245,0.0245,100031,100031,100031,100031,1.0,1.0,9.998651729884015,10.004545405137948,10.006473352454691,0.019270713847263643,0.07822677278876977,0.5524668135470345,3.3126815035280988,12,500
injection_electrons_s10x10,255,0.025500000000000002,100031,100031,100031,100031,1.0,1.0,9.998651729884015,10.00540499552978,10.03891176727347,0.33488671131913783,0.4026546626194172,0.29039516502551016,3.4488766955303998,12,100
injection_electrons_s10x10,255,0.025500000000000002,100031,100031,100031,100031,1.0,1.0,9.998651729884015,10.00540499552978,10.009561940398292,0.04154699255423111,0.10911681703713594,0.5208547621798673,3.300972291302699,12,500
injection_electrons_s10x10,260,0.026000000000000002,100031,100031,100031,100031,1.0,1.0,9.998651729884015,10.005235880660532,10.04707435320245,0.4181657788077775,0.4842915287639249,0.28583601432887823,3.5721018963419993,12,100
injection_electrons_s10x10,260,0.026000000000000002,100031,100031,100031,100031,1.0,1.0,9.998651729884015,10.005235880660532,10.005743661455604,0.0050751506623925025,0.07092887884465604,0.5056753509229669,3.9031549617675996,12,500
injection_electrons_s10x10,265,0.026500000000000003,100031,100031,100031,100031,1.0,1.0,9.998651729884015,10.004706785990281,10.045951797133581,0.412256071322914,0.47306445436232636,0.27817143631467206,3.378107713232996,12,100
injection_electrons_s10x10,265,0.026500000000000003,100031,100031,100031,100031,1.0,1.0,9.998651729884015,10.004706785990281,10.0040609817257,-0.006455004413374876,0.05409981253290397,0.4881699177627434,3.686188702603598,12,500
injection_electrons_s10x10,270,0.027,100031,100031,100031,100031,1.0,1.0,9.998651729884015,10.00391205890358,10.036885878180065,0.32960924768563604,0.38239303987133155,0.2690097736989266,3.0717107681286,12,100
injection_electrons_s10x10,270,0.027,100031,100031,100031,100031,1.0,1.0,9.998651729884015,10.00391205890358,10.00046484094221,-0.03445869916762767,0.018133555475041696,0.4744957388602213,3.223806961306999,12,500
injection_electrons_s10x10,275,0.0275,100031,100031,100031,100031,1.0,1.0,9.998651729884015,10.002975084201845,10.022387965197387,0.19407107217732644,0.2373943603058981,0.26084692803808235,3.2672960009317986,12,100
injection_electrons_s10x10,275,0.0275,100031,100031,100031,100031,1.0,1.0,9.998651729884015,10.002975084201845,9.998626507067666,-0.043472837806490805,-0.00025226217524876304,0.4612577703688817,3.1742274088885996,12,500
injection_electrons_s10x10,280,0.028,100031,100031,100031,100031,1.0,1.0,9.998651729884015,10.002026802690304,10.005607487171359,0.03579958894022184,0.06956695237771982,0.2553560747091784,2.908865244609399,12,100
injection_electrons_s10x10,280,0.028,100031,100031,100031,100031,1.0,1.0,9.998651729884015,10.002026802690304,9.995813485148263,-0.06212058480357108,-0.028386274594094374,0.44910939586311344,2.5663896056070996,12,500
injection_electrons_s10x10,285,0.0285,100031,100031,100031,100031,1.0,1.0,9.998651729884015,10.001185948653054,9.989741188495595,-0.11443403028619237,-0.08911742932088407,0.2525323238359428,2.5497796191348003,12,100
injection_electrons_s10x10,285,0.0285,100031,100031,100031,100031,1.0,1.0,9.998651729884015,10.001185948653054,9.996019459888991,-0.05165876117680934,-0.02632624943977868,0.4384011434549302,2.865178258850218,12,500
injection_electrons_s10x10,290,0.029,100031,100031,100031,100031,1.0,1.0,9.998651729884015,10.00054361756319,9.977384864309181,-0.23157494371942589,-0.2126973330941362,0.2506610999990622,2.9248774837619003,12,100
injection_electrons_s10x10,290,0.029,100031,100031,100031,100031,1.0,1.0,9.998651729884015,10.00054361756319,9.995433239502827,-0.05110100266337847,-0.03218924379143617,0.4293003465685079,2.9815808977036,12,500
injection_electrons_s10x10,295,0.029500000000000002,100031,100031,100031,100031,1.0,1.0,9.998651729884015,10.000153942399216,9.970299020992845,-0.298544618196217,-0.28356532117654876,0.24792373720359748,3.154102664967601,12,100
injection_electrons_s10x10,295,0.029500000000000002,100031,100031,100031,100031,1.0,1.0,9.998651729884015,10.000153942399216,9.993704056022915,-0.0644978708673083,-0.049483410311335074,0.42162416773274153,3.2355631249785004,12,500
injection_electrons_s10x10,5,0.0005,100031,100031,100031,100031,1.0,1.0,9.998651729884015,10.679970316994106,8.739292750322576,-18.17118876803898,-12.595287980653048,16.098332477985522,45.2891483639772,15,100
injection_electrons_s10x10,5,0.0005,100031,100031,100031,100031,1.0,1.0,9.998651729884015,10.679970316994106,16.91613664800787,58.39123280231122,69.18417707708375,22.416907608869987,122.58983233233681,15,500
injection_electrons_s10x10,10,0.001,100031,100031,100031,100031,1.0,1.0,9.998651729884015,10.666734694540073,7.9064557505742705,-25.877450063314058,-20.92478101879056,15.048514515924646,42.399490907413806,15,100
injection_electrons_s10x10,10,0.001,100031,100031,100031,100031,1.0,1.0,9.998651729884015,10.666734694540073,15.28372266677211,43.28398619115661,52.85783603295285,19.73093485185102,111.5550391355167,15,500
injection_electrons_s10x10,15,0.0015,100031,100031,100031,100031,1.0,1.0,9.998651729884015,10.642339498383906,6.719531355582999,-36.86039280551617,-32.79562547918702,13.403613078753725,37.7483443382583,15,100
injection_electrons_s10x10,15,0.0015,100031,100031,100031,100031,1.0,1.0,9.998651729884015,10.642339498383906,13.797316781409913,29.645523745085423,37.99177283245532,16.35819418187871,94.44247107985561,15,500
injection_electrons_s10x10,20,0.002,100031,100031,100031,100031,1.0,1.0,9.998651729884015,10.60417969097039,5.546033288579495,-47.699553853260134,-44.53218855494801,11.308764973057592,31.7095834563368,15,100
injection_electrons_s10x10,20,0.002,100031,100031,100031,100031,1.0,1.0,9.998651729884015,10.60417969097039,13.123926135157381,23.76182333398773,31.256958335017625,13.2780695431597,72.06325067736779,15,500
injection_electrons_s10x10,30,0.003,100031,100031,100031,100031,1.0,1.0,9.998651729884015,10.483563597786274,5.543315111177885,-47.12375177131162,-44.55937399429565,6.511249277760125,18.8925143632676,15,100
injection_electrons_s10x10,30,0.003,100031,100031,100031,100031,1.0,1.0,9.998651729884015,10.483563597786274,13.646878577755807,30.174042924082634,36.487187937229116,9.529697883581822,52.59209387665571,15,500
injection_electrons_s10x10,35,0.0035,100031,100031,100031,100031,1.0,1.0,9.998651729884015,10.405851819377894,6.897538130029941,-33.71481499299011,-31.015317701140155,4.212472396029698,13.6444590902736,15,100
injection_electrons_s10x10,35,0.0035,100031,100031,100031,100031,1.0,1.0,9.998651729884015,10.405851819377894,13.63147895227972,30.998203596317087,36.33317091681365,8.40312624066379,39.90344128531401,15,500
injection_electrons_s10x10,40,0.004,100031,100031,100031,100031,1.0,1.0,9.998651729884015,10.323583064585328,8.483953462746088,-17.819681309583512,-15.149025169171459,2.282514434063229,10.2171622167579,15,100
injection_electrons_s10x10,40,0.004,100031,100031,100031,100031,1.0,1.0,9.998651729884015,10.323583064585328,13.52346945837695,30.995889448196667,35.25293033217611,7.621543568456062,37.62896334747491,15,500
injection_electrons_s10x10,45,0.0045000000000000005,100031,100031,100031,100031,1.0,1.0,9.998651729884015,10.243388304160735,9.934056266451007,-3.0198214548215585,-0.6460417382070149,1.2374045300512624,11.0001363966036,15,100
injection_electrons_s10x10,45,0.0045000000000000005,100031,100031,100031,100031,1.0,1.0,9.998651729884015,10.243388304160735,13.32461398643553,30.080141363217084,33.26410746571824,7.064106079612726,34.202353286526105,15,500
injection_electrons_s10x10,55,0.0055000000000000005,100031,100031,100031,100031,1.0,1.0,9.998651729884015,10.111330596742107,11.806736625846435,16.767387960300617,18.083287075180433,2.2150986220897066,9.5130126487471,15,100
injection_electrons_s10x10,55,0.0055000000000000005,100031,100031,100031,100031,1.0,1.0,9.998651729884015,10.111330596742107,12.519794331482897,23.819453945228553,25.21482565557993,6.101234900598803,28.9784073105605,15,500
injection_electrons_s10x10,60,0.006,100031,100031,100031,100031,1.0,1.0,9.998651729884015,10.065476803738667,12.157438746884155,20.783535484066306,21.590781190507393,2.5087981425418584,9.243666941895102,15,100
injection_electrons_s10x10,60,0.006,100031,100031,100031,100031,1.0,1.0,9.998651729884015,10.065476803738667,11.966094935541955,18.88254445231381,19.677085059154887,5.531083156987798,25.1965304387511,15,500
injection_electrons_s10x10,65,0.006500000000000001,100031,100031,100031,100031,1.0,1.0,9.998651729884015,10.033413017562603,12.165989091433104,21.254742231159174,21.67629616572544,2.4702282982462926,7.671799780315701,15,100
injection_electrons_s10x10,65,0.006500000000000001,100031,100031,100031,100031,1.0,1.0,9.998651729884015,10.033413017562603,11.430229084645314,13.921644256423082,14.31770396085097,4.9936310988339665,22.876061808452803,15,500
injection_electrons_s10x10,70,0.007,100031,100031,100031,100031,1.0,1.0,9.998651729884015,10.013433820313134,11.911070950654254,18.950912987426904,19.126771013079626,2.1723186986823504,6.455879607011,15,100
injection_electrons_s10x10,70,0.007,100031,100031,100031,100031,1.0,1.0,9.998651729884015,10.013433820313134,10.942007113370561,9.27327537905862,9.434825904247091,4.562812400395192,20.755980267907,15,500
injection_electrons_s10x10,80,0.008,100031,100031,100031,100031,1.0,1.0,9.998651729884015,10.000362736587906,10.98125378446207,9.808554686575711,9.827345537411292,1.2335642239798068,8.105927792464499,15,100
injection_electrons_s10x10,80,0.008,100031,100031,100031,100031,1.0,1.0,9.998651729884015,10.000362736587906,10.428031807888647,4.276535587414698,4.294379778438517,3.781955097426605,17.3171517250566,15,500
injection_electrons_s10x10,85,0.0085,100031,100031,100031,100031,1.0,1.0,9.998651729884015,10.00279776926004,10.477840251948152,4.749096139361941,4.792531383325782,0.8540361108533536,7.7428883771682,15,100
injection_electrons_s10x10,85,0.0085,100031,100031,100031,100031,1.0,1.0,9.998651729884015,10.00279776926004,10.271871669634436,2.689986407615841,2.7325678214575655,3.4456063782163104,15.608226792807299,15,500
injection_electrons_s10x10,90,0.009000000000000001,100031,100031,100031,100031,1.0,1.0,9.998651729884015,10.008651563157505,10.036941111978592,0.28265095095549864,0.38294545233672483,0.7248466087247027,7.518359540950099,15,100
injection_electrons_s10x10,90,0.009000000000000001,100031,100031,100031,100031,1.0,1.0,9.998651729884015,10.008651563157505,10.171252077757758,1.624599613386457,1.7262362220085592,3.198140807519148,15.1634765385054,15,500
injection_electrons_s10x10,95,0.0095,100031,100031,100031,100031,1.0,1.0,9.998651729884015,10.016221195648406,9.699249936765641,-3.164579262890821,-2.994421660107638,0.7999961767169974,7.0605947899463,15,100
injection_electrons_s10x10,95,0.0095,100031,100031,100031,100031,1.0,1.0,9.998651729884015,10.016221195648406,10.09252833596055,0.7618356146656957,0.938892648855405,2.958043870842756,13.967281449837198,15,500
injection_electrons_s10x10,105,0.0105,100031,100031,100031,100031,1.0,1.0,9.998651729884015,10.03031040947936,9.393594593627412,-6.347917361063981,-6.051387253025375,0.9076074222352551,5.150881240436001,15,100
injection_electrons_s10x10,105,0.0105,100031,100031,100031,100031,1.0,1.0,9.998651729884015,10.03031040947936,10.044652306349139,0.14298557356933195,0.4600677942170561,2.5184897417839553,12.132331200199701,15,500
injection_electrons_s10x10,110,0.011000000000000001,100031,100031,100031,100031,1.0,1.0,9.998651729884015,10.03435684299751,9.413546446066565,-6.18684791306957,-5.851841824520044,0.8424487748897871,6.476245230103499,15,100
injection_electrons_s10x10,110,0.011000000000000001,100031,100031,100031,100031,1.0,1.0,9.998651729884015,10.03435684299751,10.077396340197183,0.42892133370469043,0.7875522864529305,2.328376348652609,11.2891115429256,15,500
injection_electrons_s10x10,115,0.0115,100031,100031,100031,100031,1.0,1.0,9.998651729884015,10.035502065264026,9.5184325034463,-5.152403521568328,-4.8028398169168485,0.7249955235355627,7.21451828006,15,100
injection_electrons_s10x10,115,0.0115,100031,100031,100031,100031,1.0,1.0,9.998651729884015,10.035502065264026,10.127248106548949,0.9142147616359342,1.2861371726808457,2.141790217742947,10.1895590831484,15,500
injection_electrons_s10x10,120,0.012,100031,100031,100031,100031,1.0,1.0,9.998651729884015,10.033776017713366,9.675288483276242,-3.5728078223418502,-3.2340685058696805,0.6003778568614255,7.1896766319785,15,100
injection_electrons_s10x10,120,0.012,100031,100031,100031,100031,1.0,1.0,9.998651729884015,10.033776017713366,10.17766177329004,1.4340140274475166,1.790341820497643,1.9786241259961839,8.640837605945297,15,500
injection_electrons_s10x10,130,0.013000000000000001,100031,100031,100031,100031,1.0,1.0,9.998651729884015,10.02417100092304,10.010684733737616,-0.13453748129578225,0.12034626446320029,0.48587172443895166,6.1616265147291,15,100
injection_electrons_s10x10,130,0.013000000000000001,100031,100031,100031,100031,1.0,1.0,9.998651729884015,10.02417100092304,10.190598539419645,1.6602623646511994,1.9197269264008554,1.707867844808576,8.3460688223137,15,500
injection_electrons_s10x10,135,0.0135,100031,100031,100031,100031,1.0,1.0,9.998651729884015,10.018086910579484,10.135051798364021,1.1675371638173448,1.364184613734798,0.49039736728019273,5.4002403081512,15,100
injection_electrons_s10x10,135,0.0135,100031,100031,100031,100031,1.0,1.0,9.998651729884015,10.018086910579484,10.15169509169828,1.333669614881261,1.5306399897582867,1.5831282817325072,7.8939344392973005,15,500
injection_electrons_s10x10,140,0.014,100031,100031,100031,100031,1.0,1.0,9.998651729884015,10.012290641816838,10.210010152019901,1.9747679854325906,2.1138692280297855,0.49234548764172203,4.042182237427999,15,100
injection_electrons_s10x10,140,0.014,100031,100031,100031,100031,1.0,1.0,9.998651729884015,10.012290641816838,10.113824704465584,1.0140942395807429,1.1518850510348289,1.4768701422779098,7.165731286181001,15,500
injection_electrons_s10x10,145,0.0145,100031,100031,100031,100031,1.0,1.0,9.998651729884015,10.007382277424343,10.232672041230007,2.2512357133982475,2.3405186785989462,0.4745270653432766,4.8258076605791995,15,100
injection_electrons_s10x10,145,0.0145,100031,100031,100031,100031,1.0,1.0,9.998651729884015,10.007382277424343,10.068938488184473,0.6151080177979829,0.702962361319015,1.3753734572655778,7.3667575890144,15,500
injection_electrons_s10x10,155,0.0155,100031,100031,100031,100031,1.0,1.0,9.998651729884015,10.001391528171638,10.15179737557559,1.5038492091854705,1.5316629664563042,0.4034376789378803,5.7853881819307,15,100
injection_electrons_s10x10,155,0.0155,100031,100031,100031,100031,1.0,1.0,9.998651729884015,10.001391528171638,10.023100926553813,0.21706377878543126,0.24452493526425645,1.2108112059422291,7.207358588802001,15,500
injection_electrons_s10x10,160,0.016,100031,100031,100031,100031,1.0,1.0,9.998651729884015,10.0004008028653,10.07632903569689,0.7592518972822981,0.7768778022412048,0.38097560242947864,5.2104028810757,15,100
injection_electrons_s10x10,160,0.016,100031,100031,100031,100031,1.0,1.0,9.998651729884015,10.0004008028653,10.00827232800636,0.07871209660721412,0.0962189541374947,1.144395311461535,6.9843392255826995,15,500
injection_electrons_s10x10,165,0.0165,100031,100031,100031,100031,1.0,1.0,9.998651729884015,10.000586593943876,9.998610896651895,-0.019755814055710808,-0.00040838738285531306,0.3769587199856776,5.4924668749020995,15,100
injection_electrons_s10x10,165,0.0165,100031,100031,100031,100031,1.0,1.0,9.998651729884015,10.000586593943876,9.996510594750326,-0.04075760111930116,-0.021414238554684495,1.0810779428219655,6.010158443887702,15,500
injection_electrons_s10x10,170,0.017,100031,100031,100031,100031,1.0,1.0,9.998651729884015,10.001714962945293,9.932429883282708,-0.6927319956554934,-0.6623077629895113,0.3825005762154795,5.4272197089172,15,100
injection_electrons_s10x10,170,0.017,100031,100031,100031,100031,1.0,1.0,9.998651729884015,10.001714962945293,9.99750981371833,-0.04204428183109954,-0.011420701475906014,1.0343833102037594,6.308762693925301,15,500
injection_electrons_s10x10,175,0.0175,100031,100031,100031,100031,1.0,1.0,9.998651729884015,10.00348317973982,9.887633680072726,-1.1580916125467744,-1.1103302006157278,0.3847482021781114,4.5130895858507,15,100
injection_electrons_s10x10,175,0.0175,100031,100031,100031,100031,1.0,1.0,9.998651729884015,10.00348317973982,9.993768700473034,-0.0971109671725312,-0.04883687864022379,0.98164770780666,6.201032165745101,15,500
injection_electrons_s10x10,180,0.018000000000000002,100031,100031,100031,100031,1.0,1.0,9.998651729884015,10.00554138892925,9.869153863979276,-1.363119891752007,-1.2951532806937838,0.3770987079777289,4.5003391498747,15,100
injection_electrons_s10x10,180,0.018000000000000002,100031,100031,100031,100031,1.0,1.0,9.998651729884015,10.00554138892925,10.002399171494883,-0.03140477173823042,0.03747946935352964,0.9385653150886798,5.814043294978699,15,500
injection_electrons_s10x10,185,0.018500000000000003,100031,100031,100031,100031,1.0,1.0,9.998651729884015,10.007529289321306,9.876911509275205,-1.305195081322208,-1.2175663669227732,0.3610076502662976,4.4123307143735,15,100
injection_electrons_s10x10,185,0.018500000000000003,100031,100031,100031,100031,1.0,1.0,9.998651729884015,10.007529289321306,10.011073872255839,0.03541916123408484,0.12423817438000917,0.8940505263729388,5.1985753758387,15,500
injection_electrons_s10x10,190,0.019,100031,100031,100031,100031,1.0,1.0,9.998651729884015,10.009125590700824,9.906466686335323,-1.0256530746389991,-0.9219747425862401,0.34398279090741907,4.5665005236248,15,100
injection_electrons_s10x10,190,0.019,100031,100031,100031,100031,1.0,1.0,9.998651729884015,10.009125590700824,10.026144721211143,0.17003613708403975,0.27496698624831506,0.8546404672938183,5.172268627181101,15,500
injection_electrons_s10x10,195,0.0195,100031,100031,100031,100031,1.0,1.0,9.998651729884015,10.010097347703612,9.950349810532275,-0.5968726886061981,-0.48308432633347165,0.33394367047793194,4.5159418873709996,15,100
injection_electrons_s10x10,195,0.0195,100031,100031,100031,100031,1.0,1.0,9.998651729884015,10.010097347703612,10.034091801947344,0.23970250648199798,0.3544485098666339,0.8208836024380973,5.101579863699401,15,500
injection_electrons_s10x10,205,0.0205,100031,100031,100031,100031,1.0,1.0,9.998651729884015,10.009850141281364,10.045575285631832,0.3568998920686628,0.4692988316371771,0.3391066788830689,4.5889273733336005,15,100
injection_electrons_s10x10,205,0.0205,100031,100031,100031,100031,1.0,1.0,9.998651729884015,10.009850141281364,10.030117797403518,0.20247711839929128,0.3147031056742966,0.7495314921734552,4.625483451734201,15,500
injection_electrons_s10x10,210,0.021,100031,100031,100031,100031,1.0,1.0,9.998651729884015,10.008772635630605,10.080805669217263,0.7196989701836687,0.8216501739700011,0.34282378565180593,4.3873869903067,15,100
injection_electrons_s10x10,210,0.021,100031,100031,100031,100031,1.0,1.0,9.998651729884015,10.008772635630605,10.023721929588243,0.14936190981520436,0.2507358030013007,0.7175648270114531,4.1403761131417,15,500
injection_electrons_s10x10,215,0.021500000000000002,100031,100031,100031,100031,1.0,1.0,9.998651729884015,10.007293904403848,10.10066972544277,0.9330776324839585,1.0203175219499316,0.3396461809152046,3.7031625581819996,15,100
injection_electrons_s10x10,215,0.021500000000000002,100031,100031,100031,100031,1.0,1.0,9.998651729884015,10.007293904403848,10.011759962312208,0.04462802782672082,0.13110000010316814,0.6851036267772564,3.8127536645944984,15,500
injection_electrons_s10x10,220,0.022000000000000002,100031,100031,100031,100031,1.0,1.0,9.998651729884015,10.005631583728084,10.103338743937405,0.9765216657409148,1.0470113059393826,0.3287633406349207,3.5485150417424998,15,100
injection_electrons_s10x10,220,0.022000000000000002,100031,100031,100031,100031,1.0,1.0,9.998651729884015,10.005631583728084,10.003009687208625,-0.026204208075408797,0.043585449742034044,0.6562855259232595,4.1394959627632995,15,500
injection_electrons_s10x10,225,0.022500000000000003,100031,100031,100031,100031,1.0,1.0,9.998651729884015,10.003990241539386,10.090004801012785,0.8598025127637854,0.9136538965122121,0.3134858318053634,3.449850557089704,15,100
injection_electrons_s10x10,225,0.022500000000000003,100031,100031,100031,100031,1.0,1.0,9.998651729884015,10.003990241539386,9.998702761248584,-0.052853712999900715,0.0005103824590291239,0.6287127083565444,3.6630210846626,15,500
injection_electrons_s10x10,230,0.023,100031,100031,100031,100031,1.0,1.0,9.998651729884015,10.002536972429763,10.064169990199339,0.6161738560872765,0.6552709513774069,0.2995051878990359,3.1325426561936998,15,100
injection_electrons_s10x10,230,0.023,100031,100031,100031,100031,1.0,1.0,9.998651729884015,10.002536972429763,9.993871088666875,-0.08663685809683352,-0.04781285863624252,0.6053035426245792,3.3354537686892005,15,500
injection_electrons_s10x10,235,0.0235,100031,100031,100031,100031,1.0,1.0,9.998651729884015,10.001390354569,10.030908824235617,0.2951436612323777,0.3226144406569542,0.2914307175004567,2.904486571602866,15,100
injection_electrons_s10x10,235,0.0235,100031,100031,100031,100031,1.0,1.0,9.998651729884015,10.001390354569,9.987879434008525,-0.1350904232460426,-0.10773748467800548,0.5837721755081927,3.7598509823526003,15,500
injection_electrons_s10x10,240,0.024,100031,100031,100031,100031,1.0,1.0,9.998651729884015,10.000618919432707,9.995892905228947,-0.04725721719659459,-0.027591966693096825,0.2901080141695796,3.5289796292297995,15,100
injection_electrons_s10x10,240,0.024,100031,100031,100031,100031,1.0,1.0,9.998651729884015,10.000618919432707,9.984722238328475,-0.15895697288637045,-0.13931369880508804,0.5644631500778887,3.547319331494702,15,500
injection_electrons_s10x10,245,0.0245,100031,100031,100031,100031,1.0,1.0,9.998651729884015,10.000244382196223,9.964520361600824,-0.3572314758527262,-0.34135970734112675,0.2923831738290633,3.9301608945364,15,100
injection_electrons_s10x10,245,0.0245,100031,100031,100031,100031,1.0,1.0,9.998651729884015,10.000244382196223,9.986302433263166,-0.13941608224973256,-0.12350961864128207,0.5492903130849042,4.228157947064499,15,500
injection_electrons_s10x10,255,0.025500000000000002,100031,100031,100031,100031,1.0,1.0,9.998651729884015,10.000568748461465,9.928324013014109,-0.7224062677282261,-0.7033720022441736,0.2909701444352054,3.1043324197225006,15,100
injection_electrons_s10x10,255,0.025500000000000002,100031,100031,100031,100031,1.0,1.0,9.998651729884015,10.000568748461465,9.987242857223839,-0.13325133372715792,-0.11410411091804518,0.5212327414488308,4.179731083328498,15,500
injection_electrons_s10x10,260,0.026000000000000002,100031,100031,100031,100031,1.0,1.0,9.998651729884015,10.001125932795357,9.927074836738859,-0.7404275933939886,-0.7158654494508143,0.2838878933402045,3.304909980451601,15,100
injection_electrons_s10x10,260,0.026000000000000002,100031,100031,100031,100031,1.0,1.0,9.998651729884015,10.001125932795357,9.991319542347,-0.09805286439000804,-0.07333176247253936,0.5101447368929805,3.8533986916105007,15,500
injection_electrons_s10x10,265,0.026500000000000003,100031,100031,100031,100031,1.0,1.0,9.998651729884015,10.001814303743767,9.9364312260838,-0.6537121733553364,-0.6222889393602049,0.27451707375404477,3.294201638707303,15,100
injection_electrons_s10x10,265,0.026500000000000003,100031,100031,100031,100031,1.0,1.0,9.998651729884015,10.001814303743767,9.995275392431347,-0.06537725170494557,-0.03376792735541034,0.4961890383384511,3.3507700872642996,15,500
injection_electrons_s10x10,270,0.027,100031,100031,100031,100031,1.0,1.0,9.998651729884015,10.00252440296278,9.954033491656684,-0.48478673335436984,-0.44624254782248407,0.26614437235848015,2.7844029585487,15,100
injection_electrons_s10x10,270,0.027,100031,100031,100031,100031,1.0,1.0,9.998651729884015,10.00252440296278,9.99619670082692,-0.06326105171997609,-0.024553601059607022,0.4845519048727737,2.9749776377771,15,500
injection_electrons_s10x10,275,0.0275,100031,100031,100031,100031,1.0,1.0,9.998651729884015,10.003154792204315,9.976569809726541,-0.2657659811331925,-0.2208489779824574,0.26135557128247555,2.4148167506671,15,100
injection_electrons_s10x10,275,0.0275,100031,100031,100031,100031,1.0,1.0,9.998651729884015,10.003154792204315,10.001130362756802,-0.02023790983510798,0.02478967104513341,0.47381394597524235,3.0802723079166006,15,500
injection_electrons_s10x10,280,0.028,100031,100031,100031,100031,1.0,1.0,9.998651729884015,10.00362429113722,10.000368075483802,-0.03255035933629191,0.017165770407401304,0.2604672626017559,2.6015326341732004,15,100
injection_electrons_s10x10,280,0.028,100031,100031,100031,100031,1.0,1.0,9.998651729884015,10.00362429113722,10.001776235535125,-0.018473860556034172,0.03124926975675013,0.4628528973022444,3.1723609600559,15,500
injection_electrons_s10x10,285,0.0285,100031,100031,100031,100031,1.0,1.0,9.998651729884015,10.003880426109452,10.021911124452153,0.18023704377394534,0.23262530985672658,0.26159556308954834,2.9757830660668,15,100
injection_electrons_s10x10,285,0.0285,100031,100031,100031,100031,1.0,1.0,9.998651729884015,10.003880426109452,10.005201545626363,0.013206070650984003,0.06550698953511347,0.4550102285932397,3.4307408258653,15,500
injection_electrons_s10x10,290,0.029,100031,100031,100031,100031,1.0,1.0,9.998651729884015,10.003902818327301,10.038412256352503,0.34495974872905677,0.39765887984328785,0.2619644665095351,2.910963021025801,15,100
injection_electrons_s10x10,290,0.029,100031,100031,100031,100031,1.0,1.0,9.998651729884015,10.003902818327301,10.007203225290866,0.032991193772069494,0.08552648534894125,0.4437193469782451,3.3803520133946,15,500
injection_electrons_s10x10,295,0.029500000000000002,100031,100031,100031,100031,1.0,1.0,9.998651729884015,10.003701567376115,10.048050595157806,0.4433261776452868,0.4940552647328067,0.259545730153985,2.9360855719325993,15,100
injection_electrons_s10x10,295,0.029500000000000002,100031,100031,100031,100031,1.0,1.0,9.998651729884015,10.003701567376115,10.00743953834167,0.0373658784238895,0.08788993451376292,0.4331459260828553,3.1127354371314997,15,500
injection_electrons_s10x10,5,0.0005,100031,100031,100031,100031,1.0,1.0,9.998651729884015,10.569891643977202,7.0647237064777135,-33.16181523484924,-29.343236494950254,13.748667098997828,37.521663877714,18,100
injection_electrons_s10x10,5,0.0005,100031,100031,100031,100031,1.0,1.0,9.998651729884015,10.569891643977202,17.306105974932727,63.73021179260496,73.08439620122141,23.65009862349953,121.5440963776321,18,500
injection_electrons_s10x10,10,0.001,100031,100031,100031,100031,1.0,1.0,9.998651729884015,10.560747642903479,6.5920285457362935,-37.579906568774526,-34.0708255090633,13.030760970277695,35.5744831754978,18,100
injection_electrons_s10x10,10,0.001,100031,100031,100031,100031,1.0,1.0,9.998651729884015,10.560747642903479,15.690199816715673,48.57091890893766,56.92315564728325,21.21613259623219,107.5157367949932,18,500
injection_electrons_s10x10,15,0.0015,100031,100031,100031,100031,1.0,1.0,9.998651729884015,10.544149661230124,5.939502446899364,-43.670161770006246,-40.59696639750585,11.891405805540165,32.432172798103096,18,100
injection_electrons_s10x10,15,0.0015,100031,100031,100031,100031,1.0,1.0,9.998651729884015,10.544149661230124,13.883738443151099,31.67243342723347,38.85610598532318,17.979138168227024,95.6485266953799,18,500
injection_electrons_s10x10,20,0.002,100031,100031,100031,100031,1.0,1.0,9.998651729884015,10.518332049347038,5.333223204758531,-49.29592277808334,-46.66057635732456,10.410839213142081,28.3052987767363,18,100
injection_electrons_s10x10,20,0.002,100031,100031,100031,100031,1.0,1.0,9.998651729884015,10.518332049347038,12.844954667411756,22.119691669261865,28.46686747794902,14.685981453813152,81.1813164349029,18,500
injection_electrons_s10x10,30,0.003,100031,100031,100031,100031,1.0,1.0,9.998651729884015,10.43534907167175,5.446910375399084,-47.80327578896711,-45.52355134923508,6.848584584888727,18.4159598697262,18,100
injection_electrons_s10x10,30,0.003,100031,100031,100031,100031,1.0,1.0,9.998651729884015,10.43534907167175,12.97147152439281,24.303187514883696,29.732206649658742,9.909391980206252,47.866453218612406,18,500
injection_electrons_s10x10,35,0.0035,100031,100031,100031,100031,1.0,1.0,9.998651729884015,10.379785173653131,6.346140910493031,-38.86057558684976,-36.53003342915069,5.004040739002006,14.174775061426002,18,100
injection_electrons_s10x10,35,0.0035,100031,100031,100031,100031,1.0,1.0,9.998651729884015,10.379785173653131,13.251258213359906,27.664089301148497,32.53045081822867,8.513703987728002,41.6733448645394,18,500
injection_electrons_s10x10,40,0.004,100031,100031,100031,100031,1.0,1.0,9.998651729884015,10.318453597428952,7.528509541214869,-27.038393203699187,-24.70475275467765,3.2787016463736807,10.4245158935945,18,100
injection_electrons_s10x10,40,0.004,100031,100031,100031,100031,1.0,1.0,9.998651729884015,10.318453597428952,13.509993236259767,30.93040646736105,35.118149938966646,7.631560001321231,37.684990920364996,18,500
injection_electrons_s10x10,45,0.0045000000000000005,100031,100031,100031,100031,1.0,1.0,9.998651729884015,10.255399908267423,8.751708012198426,-14.662440368188767,-12.47111862051078,1.81160964085161,7.4704647311164,18,100
injection_electrons_s10x10,45,0.0045000000000000005,100031,100031,100031,100031,1.0,1.0,9.998651729884015,10.255399908267423,13.571731766900516,32.337421146879144,35.73561849681457,7.152397738222324,35.676287859247104,18,500
injection_electrons_s10x10,55,0.0055000000000000005,100031,100031,100031,100031,1.0,1.0,9.998651729884015,10.14049844532184,10.737870043103223,5.890949059382478,7.393179932548599,1.1647522083967956,8.8661991869744,18,100
injection_electrons_s10x10,55,0.0055000000000000005,100031,100031,100031,100031,1.0,1.0,9.998651729884015,10.14049844532184,13.169957662961789,29.874855106728425,31.717335684363924,6.302571666949317,29.018639287573198,18,500
injection_electrons_s10x10,60,0.006,100031,100031,100031,100031,1.0,1.0,9.998651729884015,10.094806101076957,11.36116026375675,12.544611060381762,13.626922615980952,1.689980998536691,7.7289403995122,18,100
injection_electrons_s10x10,60,0.006,100031,100031,100031,100031,1.0,1.0,9.998651729884015,10.094806101076957,12.67467255819613,25.556374548332748,26.763816768555017,5.7980203102519,26.2921590318828,18,500
injection_electrons_s10x10,65,0.006500000000000001,100031,100031,100031,100031,1.0,1.0,9.998651729884015,10.058915892755289,11.715823231825228,16.47202697323764,17.174030542627293,2.016077441599032,7.571135710841299,18,100
injection_electrons_s10x10,65,0.006500000000000001,100031,100031,100031,100031,1.0,1.0,9.998651729884015,10.058915892755289,12.137704410626823,20.666128835700228,21.393411217130385,5.291979468736634,23.0902992151045,18,500
injection_electrons_s10x10,70,0.007,100031,100031,100031,100031,1.0,1.0,9.998651729884015,10.032713982540827,11.823328783887776,17.8477608796884,18.249231029321255,2.0974424815746007,6.8581172485517,18,100
injection_electrons_s10x10,70,0.007,100031,100031,100031,100031,1.0,1.0,9.998651729884015,10.032713982540827,11.565798649130832,15.280856897325258,15.673582414746189,4.792403424133667,21.300588788833103,18,500
injection_electrons_s10x10,80,0.008,100031,100031,100031,100031,1.0,1.0,9.998651729884015,10.004972926123857,11.473074631296909,14.673719919218463,14.746217202526735,1.682016530707137,4.936010375648298,18,100
injection_electrons_s10x10,80,0.008,100031,100031,100031,100031,1.0,1.0,9.998651729884015,10.004972926123857,10.71005067583267,7.0472729403174394,7.1149487467637496,3.941256117057145,18.376663055050802,18,500
injection_electrons_s10x10,85,0.0085,100031,100031,100031,100031,1.0,1.0,9.998651729884015,10.000488993580158,11.126484019745615,11.25939968423837,11.279843726236894,1.3109050825049906,5.8942065826076,18,100
injection_electrons_s10x10,85,0.0085,100031,100031,100031,100031,1.0,1.0,9.998651729884015,10.000488993580158,10.408138370354662,4.0762944395638545,4.09541857775455,3.584912747448347,17.007320200846,18,500
injection_electrons_s10x10,90,0.009000000000000001,100031,100031,100031,100031,1.0,1.0,9.998651729884015,10.000359408994429,10.740048703439447,7.396627103019249,7.414969473729549,0.9298422753855506,6.521848188817,18,100
injection_electrons_s10x10,90,0.009000000000000001,100031,100031,100031,100031,1.0,1.0,9.998651729884015,10.000359408994429,10.173208707127161,1.728430859967589,1.7458051541232145,3.3087540878366943,15.023065161522897,18,500
injection_electrons_s10x10,95,0.0095,100031,100031,100031,100031,1.0,1.0,9.998651729884015,10.003346079999993,10.362078005625612,3.5861193120454216,3.634752820276632,0.6336682930352808,6.228247895093899,18,100
injection_electrons_s10x10,95,0.0095,100031,100031,100031,100031,1.0,1.0,9.998651729884015,10.003346079999993,9.990252389607802,-0.1308931060414853,-0.08400472886868071,3.0770024495402573,13.157290484467497,18,500
injection_electrons_s10x10,105,0.0105,100031,100031,100031,100031,1.0,1.0,9.998651729884015,10.014242721059508,9.768415675264961,-2.454774191538056,-2.302671008441304,0.6070551127479977,6.060236247526199,18,100
injection_electrons_s10x10,105,0.0105,100031,100031,100031,100031,1.0,1.0,9.998651729884015,10.014242721059508,9.825171985089103,-1.8880183078926027,-1.7350313770447157,2.6301918135802165,11.157611167045001,18,500
injection_electrons_s10x10,110,0.011000000000000001,100031,100031,100031,100031,1.0,1.0,9.998651729884015,10.020090820378078,9.590870884453093,-4.28359326895592,-4.078358327174703,0.703400510759404,5.071034817046,18,100
injection_electrons_s10x10,110,0.011000000000000001,100031,100031,100031,100031,1.0,1.0,9.998651729884015,10.020090820378078,9.832033535027714,-1.8768022039072574,-1.666406625188399,2.425087688357674,11.1633871682209,18,500
injection_electrons_s10x10,115,0.0115,100031,100031,100031,100031,1.0,1.0,9.998651729884015,10.024984568270181,9.499544998587501,-5.241300533725857,-4.99174033439711,0.7463968668340913,4.087465207479901,18,100
injection_electrons_s10x10,115,0.0115,100031,100031,100031,100031,1.0,1.0,9.998651729884015,10.024984568270181,9.898525324687736,-1.2614407804945493,-1.001399067606501,2.236918896349279,10.606597485386398,18,500
injection_electrons_s10x10,120,0.012,100031,100031,100031,100031,1.0,1.0,9.998651729884015,10.028248956777146,9.48765710636989,-5.390690366157314,-5.110635286824349,0.7230676609969605,4.1696738603436,18,100
injection_electrons_s10x10,120,0.012,100031,100031,100031,100031,1.0,1.0,9.998651729884015,10.028248956777146,9.993318353664765,-0.34832205764869784,-0.053340953993918916,2.060853341026583,9.6519460354965,18,500
injection_electrons_s10x10,130,0.013000000000000001,100031,100031,100031,100031,1.0,1.0,9.998651729884015,10.028728551231898,9.642577328201192,-3.8504504440223686,-3.5612241660401778,0.542002845981889,5.8333073344990005,18,100
injection_electrons_s10x10,130,0.013000000000000001,100031,100031,100031,100031,1.0,1.0,9.998651729884015,10.028728551231898,10.11516033213952,0.8618418622668322,1.1652431288039056,1.767033381966711,8.727836756837299,18,500
injection_electrons_s10x10,135,0.0135,100031,100031,100031,100031,1.0,1.0,9.998651729884015,10.026180082723805,9.769669400746631,-2.5584088841489105,-2.2901320630360655,0.44285058563581164,5.892764082239699,18,100
injection_electrons_s10x10,135,0.0135,100031,100031,100031,100031,1.0,1.0,9.998651729884015,10.026180082723805,10.152461146833408,1.2595132250536656,1.538301574098111,1.6411869832624588,8.3089524693521,18,500
injection_electrons_s10x10,140,0.014,100031,100031,100031,100031,1.0,1.0,9.998651729884015,10.022354789310475,9.902081676306919,-1.2000484470160222,-0.965830755845487,0.3810448835522362,5.1645056164389995,18,100
injection_electrons_s10x10,140,0.014,100031,100031,100031,100031,1.0,1.0,9.998651729884015,10.022354789310475,10.167382818798014,1.4470454552479195,1.687538414901435,1.5235785736586118,8.221541047579,18,500
injection_electrons_s10x10,145,0.0145,100031,100031,100031,100031,1.0,1.0,9.998651729884015,10.017841618035579,10.021835718682658,0.03986987216775262,0.23187115048071139,0.36780942091706614,5.2224634872496,18,100
injection_electrons_s10x10,145,0.0145,100031,100031,100031,100031,1.0,1.0,9.998651729884015,10.017841618035579,10.163285709867813,1.451850581969505,1.6465618008449923,1.4212133994244838,6.902378544341399,18,500
injection_electrons_s10x10,155,0.0155,100031,100031,100031,100031,1.0,1.0,9.998651729884015,10.008933827022416,10.17458646277658,1.6550477664956764,1.759584568454664,0.39308462366831337,3.5465536647922997,18,100
injection_electrons_s10x10,155,0.0155,100031,100031,100031,100031,1.0,1.0,9.998651729884015,10.008933827022416,10.118890211618487,1.098582391455194,1.2025469531567134,1.2450728482076767,5.9007828954018,18,500
injection_electrons_s10x10,160,0.016,100031,100031,100031,100031,1.0,1.0,9.998651729884015,10.00533867704759,10.197734817156192,1.9229348082935305,1.9910993266937904,0.387873805757357,3.4609418141893,18,100
injection_electrons_s10x10,160,0.016,100031,100031,100031,100031,1.0,1.0,9.998651729884015,10.00533867704759,10.084609060308022,0.7922808594403641,0.8596892135676271,1.1653719120359642,5.911240514990899,18,500
injection_electrons_s10x10,165,0.0165,100031,100031,100031,100031,1.0,1.0,9.998651729884015,10.00261594533246,10.187578846688428,1.8491452872613667,1.8895259271782372,0.36520941916007077,4.1450799513637,18,100
injection_electrons_s10x10,165,0.0165,100031,100031,100031,100031,1.0,1.0,9.998651729884015,10.00261594533246,10.053310893383003,0.5068168999750489,0.5466653402440569,1.0913264836411147,5.874515137769401,18,500
injection_electrons_s10x10,170,0.017,100031,100031,100031,100031,1.0,1.0,9.998651729884015,10.0008387893883,10.151008327726577,1.5015694333321283,1.523771423973086,0.33371334854893386,4.606778452729801,18,100
injection_electrons_s10x10,170,0.017,100031,100031,100031,100031,1.0,1.0,9.998651729884015,10.0008387893883,10.016802946556863,0.15962818224308783,0.18153664277151815,1.0313278858752495,6.2045207024788995,18,500
injection_electrons_s10x10,175,0.0175,100031,100031,100031,100031,1.0,1.0,9.998651729884015,9.999991792083119,10.097363831311112,0.973721191502186,0.9872541227940346,0.3065096158986373,4.9651118501206,18,100
injection_electrons_s10x10,175,0.0175,100031,100031,100031,100031,1.0,1.0,9.998651729884015,9.999991792083119,9.989727705394495,-0.10264095113308169,-0.08925227851319661,0.9792359229996243,5.9929268846925,18,500
injection_electrons_s10x10,180,0.018000000000000002,100031,100031,100031,100031,1.0,1.0,9.998651729884015,9.999992852509866,10.036845308702556,0.3685248253296525,0.38198729039025103,0.2936840035519247,4.638744642083299,18,100
injection_electrons_s10x10,180,0.018000000000000002,100031,100031,100031,100031,1.0,1.0,9.998651729884015,9.999992852509866,9.967830143853039,-0.32162731645107856,-0.3082574217367351,0.9253982717414648,5.2229464784867,18,500
injection_electrons_s10x10,185,0.018500000000000003,100031,100031,100031,100031,1.0,1.0,9.998651729884015,10.000705927969115,9.978960978930532,-0.21743414110166892,-0.19693406156583437,0.295843926971073,4.7958734440104,18,100
injection_electrons_s10x10,185,0.018500000000000003,100031,100031,100031,100031,1.0,1.0,9.998651729884015,10.000705927969115,9.963377651199917,-0.3732564184774412,-0.35278835224024085,0.879418260358089,5.0203775645228,18,500
injection_electrons_s10x10,190,0.019,100031,100031,100031,100031,1.0,1.0,9.998651729884015,10.001949072253229,9.931505617749812,-0.7042972724070062,-0.6715516646461084,0.304464364452498,4.6887246152769,18,100
injection_electrons_s10x10,190,0.019,100031,100031,100031,100031,1.0,1.0,9.998651729884015,10.001949072253229,9.967018628100499,-0.3492363728348824,-0.3163736735521172,0.8346829602518462,5.4077361157890005,18,500
injection_electrons_s10x10,195,0.0195,100031,100031,100031,100031,1.0,1.0,9.998651729884015,10.003504884409583,9.899862534772682,-1.0360603691854764,-0.98802516359352,0.3098761035977004,3.9967445135054005,18,100
injection_electrons_s10x10,195,0.0195,100031,100031,100031,100031,1.0,1.0,9.998651729884015,10.003504884409583,9.981980932260107,-0.21516410896166294,-0.1667304560082017,0.7964992614676422,4.635461241150301,18,500
injection_electrons_s10x10,205,0.0205,100031,100031,100031,100031,1.0,1.0,9.998651729884015,10.006622446876262,9.891501102988558,-1.1504515584440878,-1.0716507564235367,0.2963760644582786,3.9363308846627,18,100
injection_electrons_s10x10,205,0.0205,100031,100031,100031,100031,1.0,1.0,9.998651729884015,10.006622446876262,10.009840789663269,0.03216212867120927,0.11190568570171866,0.733914022480668,4.4866386624706,18,500
injection_electrons_s10x10,210,0.021,100031,100031,100031,100031,1.0,1.0,9.998651729884015,10.00776614123696,9.912046077648279,-0.9564578372217025,-0.8661733059157295,0.282515637363893,3.8069338168275997,18,100
injection_electrons_s10x10,210,0.021,100031,100031,100031,100031,1.0,1.0,9.998651729884015,10.00776614123696,10.02260037273138,0.14822719960747577,0.23951872206717795,0.7092381851601582,4.1784097319913,18,500
injection_electrons_s10x10,215,0.021500000000000002,100031,100031,100031,100031,1.0,1.0,9.998651729884015,10.008438849774173,9.943865280475153,-0.6451912258071735,-0.5479383709817154,0.2717527490803971,4.2421712398499,18,100
injection_electrons_s10x10,215,0.021500000000000002,100031,100031,100031,100031,1.0,1.0,9.998651729884015,10.008438849774173,10.031548148188564,0.2308981326784254,0.3290085422840372,0.686124390765971,4.489080432479,18,500
injection_electrons_s10x10,220,0.022000000000000002,100031,100031,100031,100031,1.0,1.0,9.998651729884015,10.008583862260796,9.981557949744484,-0.27002733741601226,-0.17096085153601726,0.2683965191225432,4.2908305989901,18,100
injection_electrons_s10x10,220,0.022000000000000002,100031,100031,100031,100031,1.0,1.0,9.998651729884015,10.008583862260796,10.034273949788119,0.25668054422955944,0.35627023389199763,0.6608564269366768,4.504237337749599,18,500
injection_electrons_s10x10,225,0.022500000000000003,100031,100031,100031,100031,1.0,1.0,9.998651729884015,10.008218389771663,10.019451771064015,0.11224156842772892,0.2080284596555293,0.2721472153794761,3.8041326245004,18,100
injection_electrons_s10x10,225,0.022500000000000003,100031,100031,100031,100031,1.0,1.0,9.998651729884015,10.008218389771663,10.034169569746565,0.2592986979722989,0.3552262927249972,0.6357331991335479,4.5091192416164,18,500
injection_electrons_s10x10,230,0.023,100031,100031,100031,100031,1.0,1.0,9.998651729884015,10.007421114798998,10.052487936711906,0.45033402108223264,0.5384346638155568,0.2788369698984681,4.087248565814001,18,100
injection_electrons_s10x10,230,0.023,100031,100031,100031,100031,1.0,1.0,9.998651729884015,10.007421114798998,10.030598792695262,0.23160490230584863,0.3195137071907661,0.6135158070356297,3.9850779317649003,18,500
injection_electrons_s10x10,235,0.0235,100031,100031,100031,100031,1.0,1.0,9.998651729884015,10.006311682974223,10.076646549681447,0.7029050157102201,0.7800533702391199,0.28316830423611383,3.8809753002759995,18,100
injection_electrons_s10x10,235,0.0235,100031,100031,100031,100031,1.0,1.0,9.998651729884015,10.006311682974223,10.021549442364732,0.15228147866346298,0.22900800127161336,0.5930923446120696,3.969424439279198,18,500
injection_electrons_s10x10,240,0.024,100031,100031,100031,100031,1.0,1.0,9.998651729884015,10.005027892147384,10.089521112891815,0.8445075981321937,0.9088163630723178,0.2816822610791016,3.2038694051198005,18,100
injection_electrons_s10x10,240,0.024,100031,100031,100031,100031,1.0,1.0,9.998651729884015,10.005027892147384,10.011728965864174,0.06697706182359209,0.13078999382560852,0.5716761097207832,3.696950259885001,18,500
injection_electrons_s10x10,245,0.0245,100031,100031,100031,100031,1.0,1.0,9.998651729884015,10.003705610261658,10.09032891612767,0.8659121853521468,0.9168954847146971,0.2740334467826532,3.301850657275801,18,100
injection_electrons_s10x10,245,0.0245,100031,100031,100031,100031,1.0,1.0,9.998651729884015,10.003705610261658,10.001287847618483,-0.024168670464419506,0.026364732022710058,0.5525169216397434,3.4955527761033993,18,500
injection_electrons_s10x10,255,0.025500000000000002,100031,100031,100031,100031,1.0,1.0,9.998651729884015,10.00139898488575,10.060412297066572,0.5900505746246454,0.6176889529811991,0.25063221426071586,2.9616564689526004,18,100
injection_electrons_s10x10,255,0.025500000000000002,100031,100031,100031,100031,1.0,1.0,9.998651729884015,10.00139898488575,9.982051963316522,-0.19344315328750916,-0.1660200496620967,0.518464028893501,3.2315255927156006,18,500
injection_electrons_s10x10,260,0.026000000000000002,100031,100031,100031,100031,1.0,1.0,9.998651729884015,10.000576411585477,10.035002337360734,0.3442394153938322,0.3635550918137609,0.24272400053473836,3.3372618441609996,18,100
injection_electrons_s10x10,260,0.026000000000000002,100031,100031,100031,100031,1.0,1.0,9.998651729884015,10.000576411585477,9.975412061843773,-0.25162899323034615,-0.2324280179774929,0.5060040337383812,3.2132098919920002,18,500
injection_electrons_s10x10,265,0.026500000000000003,100031,100031,100031,100031,1.0,1.0,9.998651729884015,10.000035110664607,10.007192945450107,0.0715780965395485,0.08542367307948773,0.24056721264874867,3.2834485467092005,18,100
injection_electrons_s10x10,265,0.026500000000000003,100031,100031,100031,100031,1.0,1.0,9.998651729884015,10.000035110664607,9.97303091042263,-0.2700410542876841,-0.25624274305714456,0.492405908290656,3.7511155376816006,18,500
injection_electrons_s10x10,270,0.027,100031,100031,100031,100031,1.0,1.0,9.998651729884015,9.999786159187051,9.98053566620796,-0.19250904642001965,-0.18118506540146795,0.24308125654176624,3.3624885040542,18,100
injection_electrons_s10x10,270,0.027,100031,100031,100031,100031,1.0,1.0,9.998651729884015,9.999786159187051,9.973289894194723,-0.264968316027292,-0.2536525561090408,0.48056136955414563,3.5571069259145,18,500
injection_electrons_s10x10,275,0.0275,100031,100031,100031,100031,1.0,1.0,9.998651729884015,9.999814956689061,9.958119962594642,-0.416957656466721,-0.40537232803330436,0.2471050392724007,3.6140470328871004,18,100
injection_electrons_s10x10,275,0.0275,100031,100031,100031,100031,1.0,1.0,9.998651729884015,9.999814956689061,9.977079104582836,-0.22736272825745196,-0.2157553426598735,0.4715811489725428,3.2974294868314997,18,500
injection_electrons_s10x10,280,0.028,100031,100031,100031,100031,1.0,1.0,9.998651729884015,10.000083865881738,9.942245141074382,-0.5783823974185864,-0.5641419496695166,0.24935008905503936,3.4484357555807,18,100
injection_electrons_s10x10,280,0.028,100031,100031,100031,100031,1.0,1.0,9.998651729884015,10.000083865881738,9.980792381683221,-0.19291322410139866,-0.1786175644803767,0.4608653223301589,3.7635357945732,18,500
injection_electrons_s10x10,285,0.0285,100031,100031,100031,100031,1.0,1.0,9.998651729884015,10.00053631322364,9.93421179079192,-0.6632096555063582,-0.6444862850807809,0.2480282069471393,2.9422196558666007,18,100
injection_electrons_s10x10,285,0.0285,100031,100031,100031,100031,1.0,1.0,9.998651729884015,10.00053631322364,9.985297474657886,-0.15238021330519214,-0.1335605598324463,0.4521954289871171,2.8430643538556986,18,500
injection_electrons_s10x10,290,0.029,100031,100031,100031,100031,1.0,1.0,9.998651729884015,10.00110269272001,9.934336114784685,-0.6675921644512917,-0.64324287750821,0.24299350911009424,2.8993651668185,18,100
injection_electrons_s10x10,290,0.029,100031,100031,100031,100031,1.0,1.0,9.998651729884015,10.00110269272001,9.993136927523858,-0.07964886913870428,-0.055155460047418,0.4443046675157497,3.1340520510273002,18,500
injection_electrons_s10x10,295,0.029500000000000002,100031,100031,100031,100031,1.0,1.0,9.998651729884015,10.001707826039144,9.941953069686932,-0.5974455302187764,-0.5670630573882507,0.23578819845329757,2.7135502848143993,18,100
injection_electrons_s10x10,295,0.029500000000000002,100031,100031,100031,100031,1.0,1.0,9.998651729884015,10.001707826039144,9.99910952895701,-0.0259785341396368,0.004578608049987665,0.4366036513767816,2.6731791621969,18,500
injection_electrons_s10x10,5,0.0005,100031,100031,100031,100031,1.0,1.0,9.998651729884015,10.514282451965848,6.333476401689766,-39.763113359147006,-36.6566955946646,12.527518404279686,33.6305413923513,20,100
injection_electrons_s10x10,5,0.0005,100031,100031,100031,100031,1.0,1.0,9.998651729884015,10.514282451965848,17.65846669617587,67.94742557894932,76.60847855514525,24.464165971306873,123.1152788321013,20,500
injection_electrons_s10x10,10,0.001,100031,100031,100031,100031,1.0,1.0,9.998651729884015,10.506923447208063,6.016178640567236,-42.7408158934871,-39.83010106666628,11.948716450303882,32.1356391708264,20,100
injection_electrons_s10x10,10,0.001,100031,100031,100031,100031,1.0,1.0,9.998651729884015,10.506923447208063,16.026826138035435,52.53586093552571,60.28987278489144,22.214723562269704,110.27096056252739,20,500
injection_electrons_s10x10,15,0.0015,100031,100031,100031,100031,1.0,1.0,9.998651729884015,10.493653425848946,5.594284151197144,-46.68888018145538,-44.049614864803,11.02484734909025,29.6772687503352,20,100
injection_electrons_s10x10,15,0.0015,100031,100031,100031,100031,1.0,1.0,9.998651729884015,10.493653425848946,14.05629307912631,33.950422304795566,40.58188502670612,19.07594254704823,92.3829657049198,20,500
injection_electrons_s10x10,20,0.002,100031,100031,100031,100031,1.0,1.0,9.998651729884015,10.473088682529468,5.233635002723732,-50.02777918366963,-47.65659266757517,9.813601890869807,26.3992817448567,20,100
injection_electrons_s10x10,20,0.002,100031,100031,100031,100031,1.0,1.0,9.998651729884015,10.473088682529468,12.619194646708303,20.4916240970902,26.20896284438028,15.672770970977057,80.79980181740791,20,500
injection_electrons_s10x10,30,0.003,100031,100031,100031,100031,1.0,1.0,9.998651729884015,10.406579626035766,5.476525827591458,-47.37439173683947,-45.227356892297855,6.8361801791924,18.1990698858121,20,100
injection_electrons_s10x10,30,0.003,100031,100031,100031,100031,1.0,1.0,9.998651729884015,10.406579626035766,12.262084902841494,17.83011655590969,22.63738386039109,10.263992307549982,54.132522700351295,20,500
injection_electrons_s10x10,35,0.0035,100031,100031,100031,100031,1.0,1.0,9.998651729884015,10.361262913872748,6.210708144928182,-40.058386737656924,-37.884543709372444,5.245796804421047,14.292806204971301,20,100
injection_electrons_s10x10,35,0.0035,100031,100031,100031,100031,1.0,1.0,9.998651729884015,10.361262913872748,12.827598320182542,23.803424609635226,28.293280601457084,8.64916853388342,41.06940643600831,20,500
injection_electrons_s10x10,40,0.004,100031,100031,100031,100031,1.0,1.0,9.998651729884015,10.310236008002766,7.195384790625422,-30.21125040163589,-28.0364494632829,3.708394659396259,10.8345180620402,20,100
injection_electrons_s10x10,40,0.004,100031,100031,100031,100031,1.0,1.0,9.998651729884015,10.310236008002766,13.367765719417452,29.655283439112768,33.69568298357481,7.698116604521623,38.17180394926629,20,500
injection_electrons_s10x10,45,0.0045000000000000005,100031,100031,100031,100031,1.0,1.0,9.998651729884015,10.256409064657749,8.261235503541544,-19.452944481234802,-17.37650508567744,2.3164564775162404,7.619729644933301,20,100
injection_electrons_s10x10,45,0.0045000000000000005,100031,100031,100031,100031,1.0,1.0,9.998651729884015,10.256409064657749,13.710421566217947,33.67662580329676,37.12270350651556,7.143713872217338,37.09191384495389,20,500
injection_electrons_s10x10,55,0.0055000000000000005,100031,100031,100031,100031,1.0,1.0,9.998651729884015,10.153337042546761,10.152856615637019,-0.004731714388372943,1.5422567954048727,0.7638711196351055,8.336780699741102,20,100
injection_electrons_s10x10,55,0.0055000000000000005,100031,100031,100031,100031,1.0,1.0,9.998651729884015,10.153337042546761,13.5817817950747,33.76667925196721,35.836132330536216,6.373623587242783,28.3626118151704,20,500
injection_electrons_s10x10,60,0.006,100031,100031,100031,100031,1.0,1.0,9.998651729884015,10.109645467279508,10.8375996607666,7.200590721436884,8.390610589777147,1.1606312243389598,8.2220789508373,20,100
injection_electrons_s10x10,60,0.006,100031,100031,100031,100031,1.0,1.0,9.998651729884015,10.109645467279508,13.146599674452915,30.040165275851628,31.48372430215065,5.924529163283421,27.306034042046495,20,500
injection_electrons_s10x10,65,0.006500000000000001,100031,100031,100031,100031,1.0,1.0,9.998651729884015,10.073492437607564,11.308782238090872,12.262775875738763,13.103071730072703,1.5905050996759715,7.016502940002999,20,100
injection_electrons_s10x10,65,0.006500000000000001,100031,100031,100031,100031,1.0,1.0,9.998651729884015,10.073492437607564,12.650483890242016,25.58190685698756,26.52189747175806,5.462732147282038,24.755203168498994,20,500
injection_electrons_s10x10,70,0.007,100031,100031,100031,100031,1.0,1.0,9.998651729884015,10.045376274337121,11.566969710220922,15.147201999501103,15.685294604766664,1.8331263439792245,6.950984352245799,20,100
injection_electrons_s10x10,70,0.007,100031,100031,100031,100031,1.0,1.0,9.998651729884015,10.045376274337121,12.087677162280132,20.3307554855906,20.893071274324203,4.98979418587881,21.286532949499197,20,500
injection_electrons_s10x10,80,0.008,100031,100031,100031,100031,1.0,1.0,9.998651729884015,10.011369302143006,11.536382709743911,15.232815427900203,15.379383354896925,1.7561066835296328,5.5745811513748995,20,100
injection_electrons_s10x10,80,0.008,100031,100031,100031,100031,1.0,1.0,9.998651729884015,10.011369302143006,11.041372944317663,10.288339297943772,10.428618203763996,4.065656482853136,18.765633057706502,20,500
injection_electrons_s10x10,85,0.0085,100031,100031,100031,100031,1.0,1.0,9.998651729884015,10.00345971944753,11.321102360792025,13.171869316201601,13.226289570177375,1.5110560696851627,4.7232332347886015,20,100
injection_electrons_s10x10,85,0.0085,100031,100031,100031,100031,1.0,1.0,9.998651729884015,10.00345971944753,10.634969406475435,6.312912779567648,6.364034809709285,3.6757827897690762,17.8705210421241,20,500
injection_electrons_s10x10,90,0.009000000000000001,100031,100031,100031,100031,1.0,1.0,9.998651729884015,10.000073243947604,11.029574999926545,10.294942155569032,10.310622850892015,1.1947057376712538,4.544951470726501,20,100
injection_electrons_s10x10,90,0.009000000000000001,100031,100031,100031,100031,1.0,1.0,9.998651729884015,10.000073243947604,10.2938775297549,2.938021338844865,2.9526560965066118,3.361954410457178,17.235132267474402,20,500
injection_electrons_s10x10,95,0.0095,100031,100031,100031,100031,1.0,1.0,9.998651729884015,10.000142940670916,10.703914875168799,7.03761874878428,7.05358246629284,0.8640254779569164,5.5660283632161,20,100
injection_electrons_s10x10,95,0.0095,100031,100031,100031,100031,1.0,1.0,9.998651729884015,10.000142940670916,10.025015040508153,0.24871744318855082,0.2636686558983081,3.107948974435969,15.8391614506768,20,500
injection_electrons_s10x10,105,0.0105,100031,100031,100031,100031,1.0,1.0,9.998651729884015,10.006933524887005,10.089717196208024,0.8272631282614018,0.9107774606433416,0.45797010710147895,5.1903248598853,20,100
injection_electrons_s10x10,105,0.0105,100031,100031,100031,100031,1.0,1.0,9.998651729884015,10.006933524887005,9.732591763948388,-2.741516771909547,-2.660958428429161,2.689962380997199,11.8417028481166,20,500
injection_electrons_s10x10,110,0.011000000000000001,100031,100031,100031,100031,1.0,1.0,9.998651729884015,10.011969660442631,9.851348868482972,-1.6042876417641572,-1.4732272448372496,0.4987420921264429,5.0956761978421,20,100
injection_electrons_s10x10,110,0.011000000000000001,100031,100031,100031,100031,1.0,1.0,9.998651729884015,10.011969660442631,9.70865548896718,-3.029515487585299,-2.9003534551572896,2.5066032870832387,10.4183894536193,20,500
injection_electrons_s10x10,115,0.0115,100031,100031,100031,100031,1.0,1.0,9.998651729884015,10.017049701818474,9.678284497648509,-3.3818860268654327,-3.2041043221656684,0.5920300523202029,4.3999044157295,20,100
injection_electrons_s10x10,115,0.0115,100031,100031,100031,100031,1.0,1.0,9.998651729884015,10.017049701818474,9.75363719535647,-2.6296416040961113,-2.4504757355958806,2.322206428502169,9.429102427522505,20,500
injection_electrons_s10x10,120,0.012,100031,100031,100031,100031,1.0,1.0,9.998651729884015,10.021474012417379,9.574344572594468,-4.461713309527948,-4.243643730697977,0.6532079440389955,3.3703653439658003,20,100
injection_electrons_s10x10,120,0.012,100031,100031,100031,100031,1.0,1.0,9.998651729884015,10.021474012417379,9.829356215062683,-1.917061273787135,-1.6931834350759623,2.1418606288332294,9.2459870892969,20,500
injection_electrons_s10x10,130,0.013000000000000001,100031,100031,100031,100031,1.0,1.0,9.998651729884015,10.026327992270783,9.557179924589777,-4.6791613843340185,-4.415313356447504,0.614859062706701,4.003360523394201,20,100
injection_electrons_s10x10,130,0.013000000000000001,100031,100031,100031,100031,1.0,1.0,9.998651729884015,10.026327992270783,10.008101452263768,-0.18178679194482683,0.09450996629385422,1.8181530281174076,9.248626229889698,20,500
injection_electrons_s10x10,135,0.0135,100031,100031,100031,100031,1.0,1.0,9.998651729884015,10.026295624881307,9.623155853325056,-4.020824705744941,-3.755465103726696,0.5345568097844567,4.830263430108,20,100
injection_electrons_s10x10,135,0.0135,100031,100031,100031,100031,1.0,1.0,9.998651729884015,10.026295624881307,10.075019246796971,0.48595836127902636,0.7637781470546612,1.6823308644081527,8.891235051844202,20,500
injection_electrons_s10x10,140,0.014,100031,100031,100031,100031,1.0,1.0,9.998651729884015,10.02471518615272,9.719594877427175,-3.0436805740577277,-2.79094481931792,0.44127333414894515,4.9165281493932005,20,100
injection_electrons_s10x10,140,0.014,100031,100031,100031,100031,1.0,1.0,9.998651729884015,10.02471518615272,10.12653380463713,1.0156759228935774,1.2789931903608664,1.5613411342012662,8.3586986525284,20,500
injection_electrons_s10x10,145,0.0145,100031,100031,100031,100031,1.0,1.0,9.998651729884015,10.021903523693632,9.830443218602033,-1.9104185610942293,-1.6823119339104409,0.36181177501368456,4.3582845872915,20,100
injection_electrons_s10x10,145,0.0145,100031,100031,100031,100031,1.0,1.0,9.998651729884015,10.021903523693632,10.159803557890205,1.375986446791777,1.6117355855543858,1.4546895979884946,8.343213551949699,20,500
injection_electrons_s10x10,155,0.0155,100031,100031,100031,100031,1.0,1.0,9.998651729884015,10.014328096695847,10.037752854011815,0.23391242118078193,0.39106396726404924,0.3172172969450541,4.2508124831897,20,100
injection_electrons_s10x10,155,0.0155,100031,100031,100031,100031,1.0,1.0,9.998651729884015,10.014328096695847,10.167549597349476,1.5300227751094297,1.6892064253088979,1.2739191454837402,6.2523690687978,20,500
injection_electrons_s10x10,160,0.016,100031,100031,100031,100031,1.0,1.0,9.998651729884015,10.0104328422466,10.112360317719617,1.0182124697231565,1.1372392089200156,0.3333066123442951,3.6149154401567,20,100
injection_electrons_s10x10,160,0.016,100031,100031,100031,100031,1.0,1.0,9.998651729884015,10.0104328422466,10.144610963547429,1.34038281276474,1.4597891556435538,1.1880357820981504,6.171310452849703,20,500
injection_electrons_s10x10,165,0.0165,100031,100031,100031,100031,1.0,1.0,9.998651729884015,10.006927603785886,10.159279055281178,1.522459815115007,1.606489852197579,0.3449151092870466,2.9655277970279,20,100
injection_electrons_s10x10,165,0.0165,100031,100031,100031,100031,1.0,1.0,9.998651729884015,10.006927603785886,10.116555342442183,1.095518454783484,1.17919511293485,1.114833777276306,5.689470978986199,20,500
injection_electrons_s10x10,170,0.017,100031,100031,100031,100031,1.0,1.0,9.998651729884015,10.004031884455522,10.177404077821308,1.7330231987282563,1.7877645183203672,0.3413075152443063,3.2324768157625003,20,100
injection_electrons_s10x10,170,0.017,100031,100031,100031,100031,1.0,1.0,9.998651729884015,10.004031884455522,10.076092572709172,0.7203164592629818,0.7745128535050494,1.0458466604100718,5.3502314265930995,20,500
injection_electrons_s10x10,175,0.0175,100031,100031,100031,100031,1.0,1.0,9.998651729884015,10.001866414607326,10.169051424930776,1.6715381249172045,1.704226726264202,0.32256557028771876,3.9657819365984,20,100
injection_electrons_s10x10,175,0.0175,100031,100031,100031,100031,1.0,1.0,9.998651729884015,10.001866414607326,10.033471269946533,0.3159895766359222,0.3482423531009582,0.9870611866774905,5.353686018655,20,500
injection_electrons_s10x10,180,0.018000000000000002,100031,100031,100031,100031,1.0,1.0,9.998651729884015,10.000470776286287,10.139410648370406,1.3893333143233821,1.4077789914983319,0.29529933423309956,4.0794394479942,20,100
injection_electrons_s10x10,180,0.018000000000000002,100031,100031,100031,100031,1.0,1.0,9.998651729884015,10.000470776286287,10.000241490593831,-0.0022927489873647566,0.01589975081404127,0.9352956767869505,5.286690123786499,20,500
injection_electrons_s10x10,185,0.018500000000000003,100031,100031,100031,100031,1.0,1.0,9.998651729884015,9.999822624696447,10.095375555769015,0.9555462597564679,0.9673686862790909,0.2697587969855062,3.8086278981841,20,100
injection_electrons_s10x10,185,0.018500000000000003,100031,100031,100031,100031,1.0,1.0,9.998651729884015,9.999822624696447,9.97300051667848,-0.2682258378436164,-0.25654672148314184,0.88915419660151,5.409276062003,20,500
injection_electrons_s10x10,190,0.019,100031,100031,100031,100031,1.0,1.0,9.998651729884015,9.999852381984528,10.044554419671378,0.44702697579199757,0.45908879544398484,0.255240655502298,3.8223778282339,20,100
injection_electrons_s10x10,190,0.019,100031,100031,100031,100031,1.0,1.0,9.998651729884015,9.999852381984528,9.95351280806289,-0.4634025798733066,-0.45145008587722524,0.8449340530619377,5.482654554604201,20,500
injection_electrons_s10x10,195,0.0195,100031,100031,100031,100031,1.0,1.0,9.998651729884015,10.000452329685126,9.994258572816982,-0.061934767188076556,-0.04393749463142971,0.25453012372364403,4.141491581211099,20,100
injection_electrons_s10x10,195,0.0195,100031,100031,100031,100031,1.0,1.0,9.998651729884015,10.000452329685126,9.949474738128432,-0.5097528579319777,-0.4918362303649726,0.8044211059285593,4.901818659075899,20,500
injection_electrons_s10x10,205,0.0205,100031,100031,100031,100031,1.0,1.0,9.998651729884015,10.002780033849023,9.918562429464775,-0.8419419811218409,-0.8010010007636237,0.2702694214250353,3.5192720688708006,20,100
injection_electrons_s10x10,205,0.0205,100031,100031,100031,100031,1.0,1.0,9.998651729884015,10.002780033849023,9.96880692647137,-0.33963665363718754,-0.2984882784090259,0.7298882402809272,4.7467942312899005,20,500
injection_electrons_s10x10,210,0.021,100031,100031,100031,100031,1.0,1.0,9.998651729884015,10.004167270013138,9.900511914319667,-1.0361217770135767,-0.9815304924665758,0.2724123611264509,2.8645089235148995,20,100
injection_electrons_s10x10,210,0.021,100031,100031,100031,100031,1.0,1.0,9.998651729884015,10.004167270013138,9.984562567501172,-0.19596536106238904,-0.1409106223865475,0.7003234929707839,4.1550761561782,20,500
injection_electrons_s10x10,215,0.021500000000000002,100031,100031,100031,100031,1.0,1.0,9.998651729884015,10.005471686346922,9.897296975126519,-1.0811555378045234,-1.013684219588995,0.2670929126167589,3.5791372678643008,20,100
injection_electrons_s10x10,215,0.021500000000000002,100031,100031,100031,100031,1.0,1.0,9.998651729884015,10.005471686346922,10.00118719337752,-0.04282149911282174,0.025358053885682352,0.6770875696791472,3.8208222561130984,20,500
injection_electrons_s10x10,220,0.022000000000000002,100031,100031,100031,100031,1.0,1.0,9.998651729884015,10.006542507616283,9.907797899170955,-0.9868004694945309,-0.9086608191534062,0.25634263868905033,3.7813350518300997,20,100
injection_electrons_s10x10,220,0.022000000000000002,100031,100031,100031,100031,1.0,1.0,9.998651729884015,10.006542507616283,10.016553478629861,0.10004425610503631,0.17904162710600247,0.6562009282333623,3.755726680621205,20,500
injection_electrons_s10x10,225,0.022500000000000003,100031,100031,100031,100031,1.0,1.0,9.998651729884015,10.007267721689104,9.929437962738575,-0.7777323552746074,-0.6922310028918521,0.24466271928219924,3.4635828288602992,20,100
injection_electrons_s10x10,225,0.022500000000000003,100031,100031,100031,100031,1.0,1.0,9.998651729884015,10.007267721689104,10.032371654830216,0.2508570155138834,0.33724471915967946,0.6372573525128425,4.4023697367336,20,500
injection_electrons_s10x10,230,0.023,100031,100031,100031,100031,1.0,1.0,9.998651729884015,10.007585080508496,9.958563183387136,-0.48984741800335296,-0.4009395224464307,0.23687031436079414,3.5804463288704,20,100
injection_electrons_s10x10,230,0.023,100031,100031,100031,100031,1.0,1.0,9.998651729884015,10.007585080508496,10.039255482469754,0.3164639791365831,0.40609227806567283,0.616981922175631,3.8894810434547002,20,500
injection_electrons_s10x10,235,0.0235,100031,100031,100031,100031,1.0,1.0,9.998651729884015,10.007485100015911,9.991087488677326,-0.16385346742667783,-0.07565261208249963,0.23577389860464756,3.6892577586761996,20,100
injection_electrons_s10x10,235,0.0235,100031,100031,100031,100031,1.0,1.0,9.998651729884015,10.007485100015911,10.040760888471565,0.33250899824572855,0.421148368051405,0.599816743613624,4.121601968316998,20,500
injection_electrons_s10x10,240,0.024,100031,100031,100031,100031,1.0,1.0,9.998651729884015,10.00700591633944,10.022827519687391,0.15810526625270604,0.24179049792403262,0.24030239565445835,3.5751707322206006,20,100
injection_electrons_s10x10,240,0.024,100031,100031,100031,100031,1.0,1.0,9.998651729884015,10.00700591633944,10.039960576244232,0.3293158830953047,0.4131441665955027,0.5808172552995075,4.067858483430101,20,500
injection_electrons_s10x10,245,0.0245,100031,100031,100031,100031,1.0,1.0,9.998651729884015,10.006221892253683,10.050112629230437,0.43863445613505636,0.5146783860129345,0.2467143499985757,3.6180202987590997,20,100
injection_electrons_s10x10,245,0.0245,100031,100031,100031,100031,1.0,1.0,9.998651729884015,10.006221892253683,10.030715981838974,0.24478859102907702,0.3206857566518062,0.5616131401719642,3.815034529444901,20,500
injection_electrons_s10x10,255,0.025500000000000002,100031,100031,100031,100031,1.0,1.0,9.998651729884015,10.004130689449735,10.081110460236749,0.769479859636335,0.8246984951609138,0.25045995966628254,2.7519472640459997,20,100
injection_electrons_s10x10,255,0.025500000000000002,100031,100031,100031,100031,1.0,1.0,9.998651729884015,10.004130689449735,10.010138690120474,0.06005519976939322,0.11488509197821184,0.5259640804354231,3.266225086102599,20,500
injection_electrons_s10x10,260,0.026000000000000002,100031,100031,100031,100031,1.0,1.0,9.998651729884015,10.003025182189445,10.082480917636527,0.7943170590888338,0.8384049171546115,0.2447181555036924,3.1001469151833003,20,100
injection_electrons_s10x10,260,0.026000000000000002,100031,100031,100031,100031,1.0,1.0,9.998651729884015,10.003025182189445,9.997776318853559,-0.05247275939315177,-0.008755290754258738,0.5093887228458982,3.4086079739403,20,500
injection_electrons_s10x10,265,0.026500000000000003,100031,100031,100031,100031,1.0,1.0,9.998651729884015,10.001997827849484,10.074786004846652,0.7277363807708159,0.7614454130359105,0.23526266595651057,3.0172224842258997,20,100
injection_electrons_s10x10,265,0.026500000000000003,100031,100031,100031,100031,1.0,1.0,9.998651729884015,10.001997827849484,9.987964317808528,-0.1403070694724784,-0.10688853221624273,0.49472359508112723,3.320916803130401,20,500
injection_electrons_s10x10,270,0.027,100031,100031,100031,100031,1.0,1.0,9.998651729884015,10.00111601466254,10.05953608620818,0.5841355250753244,0.6089256628690531,0.22499459913679995,2.8593384986617996,20,100
injection_electrons_s10x10,270,0.027,100031,100031,100031,100031,1.0,1.0,9.998651729884015,10.00111601466254,9.978046723121174,-0.23066717261897018,-0.2060778524894169,0.4820636659407893,3.1560613630399,20,500
injection_electrons_s10x10,275,0.0275,100031,100031,100031,100031,1.0,1.0,9.998651729884015,10.000427295185599,10.038930716577385,0.38501776229424856,0.402844181210793,0.21707400385319936,2.943605588846599,20,100
injection_electrons_s10x10,275,0.0275,100031,100031,100031,100031,1.0,1.0,9.998651729884015,10.000427295185599,9.972641100465328,-0.2778500748027768,-0.26014136827015033,0.4706518279090257,3.2208799440855005,20,500
injection_electrons_s10x10,280,0.028,100031,100031,100031,100031,1.0,1.0,9.998651729884015,9.999959190641723,10.015582296339302,0.15623169454730412,0.16932849460777888,0.2136168077562779,3.21660666704,20,100
injection_electrons_s10x10,280,0.028,100031,100031,100031,100031,1.0,1.0,9.998651729884015,9.999959190641723,9.96952982834008,-0.3042948648242394,-0.29125828492350125,0.45929608060591554,3.422827522696,20,500
injection_electrons_s10x10,285,0.0285,100031,100031,100031,100031,1.0,1.0,9.998651729884015,9.999719937999501,9.99215856108949,-0.07561588681377351,-0.0649404436712131,0.21466570253664172,3.1634964504809,20,100
injection_electrons_s10x10,285,0.0285,100031,100031,100031,100031,1.0,1.0,9.998651729884015,9.999719937999501,9.96916017957213,-0.30560614314049106,-0.29495527105660724,0.4494177903527594,3.4831671933775,20,500
injection_electrons_s10x10,290,0.029,100031,100031,100031,100031,1.0,1.0,9.998651729884015,9.999699822839897,9.971113488256842,-0.285871927052872,-0.27541955026663123,0.21829181346785187,3.3930496844358,20,100
injection_electrons_s10x10,290,0.029,100031,100031,100031,100031,1.0,1.0,9.998651729884015,9.999699822839897,9.970416643076142,-0.29284058804316393,-0.28238894173585605,0.44167580388103567,2.8840073968642,20,500
injection_electrons_s10x10,295,0.029500000000000002,100031,100031,100031,100031,1.0,1.0,9.998651729884015,9.999873140389974,9.954428658200628,-0.4544505870358817,-0.44229034951995816,0.22189478051286216,3.2759959617728005,20,100
injection_electrons_s10x10,295,0.029500000000000002,100031,100031,100031,100031,1.0,1.0,9.998651729884015,9.999873140389974,9.974999619633179,-0.2487383630531248,-0.23655299624193438,0.43304014375329447,3.6509909258568003,20,500
injection_electrons_s10x10,5,0.0005,100031,100031,100031,100031,1.0,1.0,9.998651729884015,10.413577274319435,5.393133987767163,-48.21055391726928,-46.06138774042764,10.245048527315008,27.060764200296,25,100
injection_electrons_s10x10,10,0.001,100031,100031,100031,100031,1.0,1.0,9.998651729884015,10.408859796756792,5.305584521566394,-49.02818728311129,-46.93700045868145,9.877091317854356,25.966042538125897,25,100
injection_electrons_s10x10,15,0.0015,100031,100031,100031,100031,1.0,1.0,9.998651729884015,10.400506190410784,5.214808051932332,-49.860055304420094,-47.84488756272718,9.283937893685627,24.189821037016998,25,100
injection_electrons_s10x10,20,0.002,100031,100031,100031,100031,1.0,1.0,9.998651729884015,10.3877183465903,5.193992335758486,-49.99871807784064,-48.05307279345816,8.494239527464504,22.171575397360904,25,100
injection_electrons_s10x10,30,0.003,100031,100031,100031,100031,1.0,1.0,9.998651729884015,10.346242542536835,5.646245812367658,-45.42708824818219,-43.529928185295894,6.4836556319635035,17.053560586891,25,100
injection_electrons_s10x10,35,0.0035,100031,100031,100031,100031,1.0,1.0,9.998651729884015,10.317278065957897,6.171144321881089,-40.1863138472256,-38.28023528975667,5.355913942963946,14.110098527041398,25,100
injection_electrons_s10x10,40,0.004,100031,100031,100031,100031,1.0,1.0,9.998651729884015,10.283612913335919,6.8509222491717665,-33.380201035305355,-31.481539368996124,4.212976534170304,11.0807767921059,25,100
injection_electrons_s10x10,45,0.0045000000000000005,100031,100031,100031,100031,1.0,1.0,9.998651729884015,10.246561857782794,7.61903700392277,-25.642990208118277,-23.79935605566741,3.1044218607785963,8.6061852010954,25,100
injection_electrons_s10x10,55,0.0055000000000000005,100031,100031,100031,100031,1.0,1.0,9.998651729884015,10.16938409512765,9.158624730096523,-9.939238754050027,-8.401402733898767,1.1969877988385091,4.783056804972599,25,100
injection_electrons_s10x10,60,0.006,100031,100031,100031,100031,1.0,1.0,9.998651729884015,10.132969639118084,9.827583286896829,-3.013789274985279,-1.7109151074429008,0.6029012283788832,5.317784654082001,25,100
injection_electrons_s10x10,65,0.006500000000000001,100031,100031,100031,100031,1.0,1.0,9.998651729884015,10.100103205189399,10.384272162204413,2.8135252803061395,3.856724313817761,0.6670635173756759,5.7881962152056,25,100
injection_electrons_s10x10,70,0.007,100031,100031,100031,100031,1.0,1.0,9.998651729884015,10.071811632902143,10.81077162990388,7.3369124039982525,8.122294104840112,1.0289158849952378,5.619261304759,25,100
injection_electrons_s10x10,80,0.008,100031,100031,100031,100031,1.0,1.0,9.998651729884015,10.030508666550787,11.259944391961502,12.256962894719114,12.614627413291423,1.4711376697661411,5.2719522351051,25,100
injection_electrons_s10x10,85,0.0085,100031,100031,100031,100031,1.0,1.0,9.998651729884015,10.017194783226167,11.299138142129426,12.797428687818657,13.006617765858476,1.500912032280206,5.025017583257499,25,100
injection_electrons_s10x10,90,0.009000000000000001,100031,100031,100031,100031,1.0,1.0,9.998651729884015,10.008099540213864,11.237388348981135,12.282939471453357,12.389036567748214,1.422446710259739,4.3788599824932,25,100
injection_electrons_s10x10,95,0.0095,100031,100031,100031,100031,1.0,1.0,9.998651729884015,10.002564217514957,11.097049669255016,10.942048738098208,10.985460530524382,1.2604607656142597,3.578944831445999,25,100
injection_electrons_s10x10,105,0.0105,100031,100031,100031,100031,1.0,1.0,9.998651729884015,9.999581418122574,10.677279183360112,6.77726133625276,6.7871896312561075,0.8008563693386194,3.2382324812029,25,100
injection_electrons_s10x10,110,0.011000000000000001,100031,100031,100031,100031,1.0,1.0,9.998651729884015,10.000971821348893,10.443859840861526,4.428449828917702,4.452681451508811,0.5671629584804551,3.6282578492093998,25,100
injection_electrons_s10x10,115,0.0115,100031,100031,100031,100031,1.0,1.0,9.998651729884015,10.003595877171076,10.220854596388083,2.1718062373231817,2.2223282949234813,0.38735152017387253,3.6603157395246004,25,100
injection_electrons_s10x10,120,0.012,100031,100031,100031,100031,1.0,1.0,9.998651729884015,10.006978136005488,10.023091753263078,0.16102380797267113,0.2444331899871699,0.32383108594754867,3.2447895213885,25,100
injection_electrons_s10x10,130,0.013000000000000001,100031,100031,100031,100031,1.0,1.0,9.998651729884015,10.014219062631708,9.740718840897287,-2.7311188223852034,-2.5796766999676257,0.4511023347647709,3.0916435799497,25,100
injection_electrons_s10x10,135,0.0135,100031,100031,100031,100031,1.0,1.0,9.998651729884015,10.017268426654711,9.664209007796568,-3.52450791793395,-3.344878200806445,0.5050632130877966,3.0471506401464,25,100
injection_electrons_s10x10,140,0.014,100031,100031,100031,100031,1.0,1.0,9.998651729884015,10.019510988443955,9.630020065798327,-3.887324671781378,-3.6868137229334685,0.522099446703631,2.7010044459067,25,100
injection_electrons_s10x10,145,0.0145,100031,100031,100031,100031,1.0,1.0,9.998651729884015,10.020755296250782,9.633733799751425,-3.8621988568482313,-3.6496713756107857,0.5029241530560127,2.472265636138901,25,100
injection_electrons_s10x10,155,0.0155,100031,100031,100031,100031,1.0,1.0,9.998651729884015,10.020098089204822,9.727349865734709,-2.9216103561451767,-2.7133844790136807,0.38852837144880553,3.2245831713020996,25,100
injection_electrons_s10x10,160,0.016,100031,100031,100031,100031,1.0,1.0,9.998651729884015,10.018404375962303,9.800604448707235,-2.173998164594426,-1.9807398690050992,0.3182045094891179,3.3804813362751,25,100
injection_electrons_s10x10,165,0.0165,100031,100031,100031,100031,1.0,1.0,9.998651729884015,10.016075901182745,9.879839947236581,-1.3601729388859396,-1.188278038451207,0.2601189581075169,3.3474705882577003,25,100
injection_electrons_s10x10,170,0.017,100031,100031,100031,100031,1.0,1.0,9.998651729884015,10.013367740007064,9.957135430297866,-0.5615724017058676,-0.4152189785955329,0.2293381073899518,3.0148433789395996,25,100
injection_electrons_s10x10,175,0.0175,100031,100031,100031,100031,1.0,1.0,9.998651729884015,10.010530905820106,10.025708076708066,0.15161204766007685,0.2705999524234226,0.22843514990947167,2.424893043801199,25,100
injection_electrons_s10x10,180,0.018000000000000002,100031,100031,100031,100031,1.0,1.0,9.998651729884015,10.007785266554016,10.080549577302053,0.7270770586097042,0.8190889094902731,0.24355668005733544,2.6548501407839993,25,100
injection_electrons_s10x10,185,0.018500000000000003,100031,100031,100031,100031,1.0,1.0,9.998651729884015,10.00530362078222,10.118482526332645,1.1311891156939868,1.198469550554293,0.2584277270906069,2.6311524762146012,25,100
injection_electrons_s10x10,190,0.019,100031,100031,100031,100031,1.0,1.0,9.998651729884015,10.003206621163438,10.13840753650437,1.3515757542675644,1.3977465201898465,0.2640478001409292,2.3649832305776,25,100
injection_electrons_s10x10,195,0.0195,100031,100031,100031,100031,1.0,1.0,9.998651729884015,10.001565855094473,10.14106686294414,1.3947916743317634,1.4243433705613873,0.2579901672702884,2.2932351833904008,25,100
injection_electrons_s10x10,205,0.0205,100031,100031,100031,100031,1.0,1.0,9.998651729884015,9.999739855644128,10.104237960424381,1.0450082331018962,1.0560046833593573,0.22133407921704726,2.8015255224487996,25,100
injection_electrons_s10x10,210,0.021,100031,100031,100031,100031,1.0,1.0,9.998651729884015,9.99952208976126,10.072007855715631,0.7248923028890575,0.7336601755251415,0.2017275771379749,2.9331660234682864,25,100
injection_electrons_s10x10,215,0.021500000000000002,100031,100031,100031,100031,1.0,1.0,9.998651729884015,9.999707418049653,10.036068500210753,0.3636214605186261,0.37421815798330815,0.18926176709255946,3.0080438133579004,25,100
injection_electrons_s10x10,220,0.022000000000000002,100031,100031,100031,100031,1.0,1.0,9.998651729884015,10.000227326278178,10.000399866887864,0.001725366874727463,0.01748372731720238,0.18677958101386496,2.8093191085441,25,100
injection_electrons_s10x10,225,0.022500000000000003,100031,100031,100031,100031,1.0,1.0,9.998651729884015,10.000998482586791,9.968453483847899,-0.3254174950186983,-0.3020231812441265,0.19201133598970682,2.3600951056776998,25,100
injection_electrons_s10x10,230,0.023,100031,100031,100031,100031,1.0,1.0,9.998651729884015,10.001926808052865,9.942995114379377,-0.589203408547645,-0.5566412053166325,0.19987194292909294,2.3834586906393,25,100
injection_electrons_s10x10,235,0.0235,100031,100031,100031,100031,1.0,1.0,9.998651729884015,10.002913224314062,9.925774149706903,-0.7711660880917792,-0.7288740736843047,0.20573891959599636,2.2507932523434,25,100
injection_electrons_s10x10,240,0.024,100031,100031,100031,100031,1.0,1.0,9.998651729884015,10.003860946364698,9.917602264360449,-0.8622539084331748,-0.8106039465433645,0.20705543232702062,2.0574890884464,25,100
injection_electrons_s10x10,245,0.0245,100031,100031,100031,100031,1.0,1.0,9.998651729884015,10.004683442874999,9.91844585075256,-0.8619722214584846,-0.8021669450865576,0.20325034192593516,2.5078182075599003,25,100
injection_electrons_s10x10,255,0.025500000000000002,100031,100031,100031,100031,1.0,1.0,9.998651729884015,10.005699956245593,9.942982590142849,-0.626816378434325,-0.5567664645702353,0.18700544211179612,2.7072861344854995,25,100
injection_electrons_s10x10,260,0.026000000000000002,100031,100031,100031,100031,1.0,1.0,9.998651729884015,10.005827622063254,9.963175039645535,-0.4262774058156782,-0.3548147409960012,0.18012174361326447,2.7251161950277,25,100
injection_electrons_s10x10,265,0.026500000000000003,100031,100031,100031,100031,1.0,1.0,9.998651729884015,10.005699382522478,9.985756568800197,-0.1993145402421015,-0.1289689993429599,0.17724999334695013,2.9480316656848,25,100
injection_electrons_s10x10,270,0.027,100031,100031,100031,100031,1.0,1.0,9.998651729884015,10.005341516862504,10.008516337396344,0.03173125603448401,0.09865937707227435,0.17881885983599113,2.9285396910099375,25,100
injection_electrons_s10x10,275,0.0275,100031,100031,100031,100031,1.0,1.0,9.998651729884015,10.004796630841634,10.029405932424073,0.24597503068255477,0.3075834959641588,0.18344976758732276,2.6734928419657003,25,100
injection_electrons_s10x10,280,0.028,100031,100031,100031,100031,1.0,1.0,9.998651729884015,10.00411739354866,10.046671770461526,0.42536862812414533,0.4802651584911999,0.18873738441261118,2.2089324258529,25,100
injection_electrons_s10x10,285,0.0285,100031,100031,100031,100031,1.0,1.0,9.998651729884015,10.003360363690927,10.059037792017776,0.5565872497100166,0.6039420490392633,0.19232700151863252,2.2625055289272007,25,100
injection_electrons_s10x10,290,0.029,100031,100031,100031,100031,1.0,1.0,9.998651729884015,10.002580684364226,10.06574655409447,0.6314957281872591,0.6710387162493392,0.19281059582715698,2.2060086331979,25,100
injection_electrons_s10x10,295,0.029500000000000002,100031,100031,100031,100031,1.0,1.0,9.998651729884015,10.001828078519981,10.066593903587158,0.6475398752980865,0.6795133537862652,0.1897897126798848,2.2741439849797995,25,100
injection_electrons_s10x10,5,0.0005,100031,100031,100031,100031,1.0,1.0,9.998651729884015,10.413577274319435,18.21401523922719,74.90642033400134,82.16471311616004,26.143317194582178,105.3866424841629,25,500
injection_electrons_s10x10,10,0.001,100031,100031,100031,100031,1.0,1.0,9.998651729884015,10.408859796756792,16.62602840241228,59.729583518769694,66.282703424106,24.238966114134335,99.9045848095601,25,500
injection_electrons_s10x10,15,0.0015,100031,100031,100031,100031,1.0,1.0,9.998651729884015,10.400506190410784,14.42953760060948,38.738801135597065,44.31483354383086,21.399027545321125,91.0675166365578,25,500
injection_electrons_s10x10,20,0.002,100031,100031,100031,100031,1.0,1.0,9.998651729884015,10.3877183465903,12.285317883851983,18.267722265347697,22.86974499905392,18.066166850246812,79.49475087917321,25,500
injection_electrons_s10x10,30,0.003,100031,100031,100031,100031,1.0,1.0,9.998651729884015,10.346242542536835,10.588512545693852,2.341623078726074,5.899403557050187,11.751876938380592,56.341337161740896,25,500
injection_electrons_s10x10,35,0.0035,100031,100031,100031,100031,1.0,1.0,9.998651729884015,10.317278065957897,11.183718642284397,8.397957007530321,11.852267129761596,9.448312103221454,47.009930234249396,25,500
injection_electrons_s10x10,40,0.004,100031,100031,100031,100031,1.0,1.0,9.998651729884015,10.283612913335919,12.109151175221319,17.75191537516956,21.107840360410137,7.879571378017995,37.598191955430195,25,500
injection_electrons_s10x10,45,0.0045000000000000005,100031,100031,100031,100031,1.0,1.0,9.998651729884015,10.246561857782794,12.980880962495394,26.685234936982738,29.82631371885951,6.9808865760263625,33.6327991167316,25,500
injection_electrons_s10x10,55,0.0055000000000000005,100031,100031,100031,100031,1.0,1.0,9.998651729884015,10.16938409512765,13.908038155065938,36.76381996161939,39.09913587146485,6.294187002255139,29.7565549811596,25,500
injection_electrons_s10x10,60,0.006,100031,100031,100031,100031,1.0,1.0,9.998651729884015,10.132969639118084,13.93781905760775,37.54920377735207,39.39698505499831,6.06744077072125,28.510969931219904,25,500
injection_electrons_s10x10,65,0.006500000000000001,100031,100031,100031,100031,1.0,1.0,9.998651729884015,10.100103205189399,13.750235276201607,36.139552209098056,37.52089429322598,5.782906254885699,27.312369788974905,25,500
injection_electrons_s10x10,70,0.007,100031,100031,100031,100031,1.0,1.0,9.998651729884015,10.071811632902143,13.35731791772316,32.620807502873376,33.5911908782736,5.418627758255846,24.3114796427203,25,500
injection_electrons_s10x10,80,0.008,100031,100031,100031,100031,1.0,1.0,9.998651729884015,10.030508666550787,12.277606553975785,22.402631433024943,22.792621301934336,4.514012751899155,18.132194611447197,25,500
injection_electrons_s10x10,85,0.0085,100031,100031,100031,100031,1.0,1.0,9.998651729884015,10.017194783226167,11.691863206364575,16.717938099223616,16.93439797907834,4.049409283484775,16.6512472009386,25,500
injection_electrons_s10x10,90,0.009000000000000001,100031,100031,100031,100031,1.0,1.0,9.998651729884015,10.008099540213864,11.11600123319918,11.070050697773537,11.175001725238864,3.621880062805884,14.826618126109798,25,500
injection_electrons_s10x10,95,0.0095,100031,100031,100031,100031,1.0,1.0,9.998651729884015,10.002564217514957,10.614780902060733,6.120597391154536,6.162122542334658,3.260339361921084,14.007447294750701,25,500
injection_electrons_s10x10,105,0.0105,100031,100031,100031,100031,1.0,1.0,9.998651729884015,9.999581418122574,9.873366292399886,-1.2622040908026766,-1.2530233162304838,2.7321832600051237,13.199462945309703,25,500
injection_electrons_s10x10,110,0.011000000000000001,100031,100031,100031,100031,1.0,1.0,9.998651729884015,10.000971821348893,9.659588275771117,-3.4135037241983857,-3.391091751895947,2.5500625671818393,12.321512784298399,25,500
injection_electrons_s10x10,115,0.0115,100031,100031,100031,100031,1.0,1.0,9.998651729884015,10.003595877171076,9.545156085166543,-4.582750019427772,-4.535567964249243,2.395642173020603,11.6854817078847,25,500
injection_electrons_s10x10,120,0.012,100031,100031,100031,100031,1.0,1.0,9.998651729884015,10.006978136005488,9.507930953394375,-4.98699183538257,-4.907869478271476,2.2562604556366725,10.802074332381899,25,500
injection_electrons_s10x10,130,0.013000000000000001,100031,100031,100031,100031,1.0,1.0,9.998651729884015,10.014219062631708,9.595121866088538,-4.185021257494171,-4.035842778575882,1.9780503020669185,8.1830222906668,25,500
injection_electrons_s10x10,135,0.0135,100031,100031,100031,100031,1.0,1.0,9.998651729884015,10.017268426654711,9.688241348161027,-3.2845987995907544,-3.104522390706266,1.836381673359276,7.901920680169699,25,500
injection_electrons_s10x10,140,0.014,100031,100031,100031,100031,1.0,1.0,9.998651729884015,10.019510988443955,9.791673520310235,-2.273938003526288,-2.0700611959026727,1.6973675590760187,7.696672422709403,25,500
injection_electrons_s10x10,145,0.0145,100031,100031,100031,100031,1.0,1.0,9.998651729884015,10.020755296250782,9.902111055498535,-1.183985011555333,-0.9655369243128931,1.5651269264649037,7.377787464014101,25,500
injection_electrons_s10x10,155,0.0155,100031,100031,100031,100031,1.0,1.0,9.998651729884015,10.020098089204822,10.077390795631176,0.5717778999397183,0.7874968333162924,1.3388847732982057,6.552553783538199,25,500
injection_electrons_s10x10,160,0.016,100031,100031,100031,100031,1.0,1.0,9.998651729884015,10.018404375962303,10.13657924496815,1.1795777508181837,1.3794611394643885,1.2501818616424518,6.121307804222898,25,500
injection_electrons_s10x10,165,0.0165,100031,100031,100031,100031,1.0,1.0,9.998651729884015,10.016075901182745,10.17249759036767,1.5617063082205007,1.7386930276215518,1.1722800707306413,5.667942915240399,25,500
injection_electrons_s10x10,170,0.017,100031,100031,100031,100031,1.0,1.0,9.998651729884015,10.013367740007064,10.181364310311071,1.6777229665979387,1.8273721834011214,1.1033349006705937,5.692497343617502,25,500
injection_electrons_s10x10,175,0.0175,100031,100031,100031,100031,1.0,1.0,9.998651729884015,10.010530905820106,10.172115393863086,1.6141450394907109,1.7348705472020942,1.0422671665934524,5.372107277263501,25,500
injection_electrons_s10x10,180,0.018000000000000002,100031,100031,100031,100031,1.0,1.0,9.998651729884015,10.007785266554016,10.148263031855725,1.4036848469479501,1.4963147633650475,0.9815828617044797,4.9209454458323005,25,500
injection_electrons_s10x10,185,0.018500000000000003,100031,100031,100031,100031,1.0,1.0,9.998651729884015,10.00530362078222,10.112987125792044,1.076264240359004,1.1435081348648568,0.9250650159137821,4.8073755504972,25,500
injection_electrons_s10x10,190,0.019,100031,100031,100031,100031,1.0,1.0,9.998651729884015,10.003206621163438,10.072751591069826,0.6952267661777034,0.7410985319584729,0.8700339587209938,4.8132228131592,25,500
injection_electrons_s10x10,195,0.0195,100031,100031,100031,100031,1.0,1.0,9.998651729884015,10.001565855094473,10.03210288357229,0.30532247570276283,0.33455664415529274,0.8213638953521553,4.8708903069896,25,500
injection_electrons_s10x10,205,0.0205,100031,100031,100031,100031,1.0,1.0,9.998651729884015,9.999739855644128,9.968052464588377,-0.316882154067899,-0.306033914594539,0.7428743220047344,4.3644392137129,25,500
injection_electrons_s10x10,210,0.021,100031,100031,100031,100031,1.0,1.0,9.998651729884015,9.99952208976126,9.948226769517772,-0.5129777181652528,-0.5043175992972437,0.7135140206270335,5.107852139532199,25,500
injection_electrons_s10x10,215,0.021500000000000002,100031,100031,100031,100031,1.0,1.0,9.998651729884015,9.999707418049653,9.938134690705295,-0.6157452890393267,-0.605251996105094,0.6904401689077679,5.2031498777317,25,500
injection_electrons_s10x10,220,0.022000000000000002,100031,100031,100031,100031,1.0,1.0,9.998651729884015,10.000227326278178,9.936649288068013,-0.6357659294713991,-0.620108025471966,0.6636475137951581,4.5687578060089,25,500
injection_electrons_s10x10,225,0.022500000000000003,100031,100031,100031,100031,1.0,1.0,9.998651729884015,10.000998482586791,9.942792239871192,-0.5820043150385867,-0.5586702239649965,0.6382809624150192,4.043587465911199,25,500
injection_electrons_s10x10,230,0.023,100031,100031,100031,100031,1.0,1.0,9.998651729884015,10.001926808052865,9.956274334326137,-0.4564367906588873,-0.4238310994593486,0.6143852545984294,3.5554788849294994,25,500
injection_electrons_s10x10,235,0.0235,100031,100031,100031,100031,1.0,1.0,9.998651729884015,10.002913224314062,9.971480098788481,-0.3142397101793981,-0.2717529505935623,0.5919871050021498,3.6639738841441982,25,500
injection_electrons_s10x10,240,0.024,100031,100031,100031,100031,1.0,1.0,9.998651729884015,10.003860946364698,9.989729202993317,-0.14126289286854332,-0.08923730050552914,0.5719305649746405,4.1875799811937,25,500
injection_electrons_s10x10,245,0.0245,100031,100031,100031,100031,1.0,1.0,9.998651729884015,10.004683442874999,10.00850518117178,0.03819949245373877,0.09854779978297756,0.5553122444431651,4.138940923880099,25,500
injection_electrons_s10x10,255,0.025500000000000002,100031,100031,100031,100031,1.0,1.0,9.998651729884015,10.005699956245593,10.038413879671944,0.32695287255672945,0.3976751152266589,0.5325925071895692,3.4201982702346,25,500
injection_electrons_s10x10,260,0.026000000000000002,100031,100031,100031,100031,1.0,1.0,9.998651729884015,10.005827622063254,10.046495753348534,0.40644445238697813,0.4785047500106776,0.5225502884397754,3.9224179435423006,25,500
injection_electrons_s10x10,265,0.026500000000000003,100031,100031,100031,100031,1.0,1.0,9.998651729884015,10.005699382522478,10.050394314027239,0.4466947266358323,0.517495613819352,0.5117938417807794,4.0844104222609,25,500
injection_electrons_s10x10,270,0.027,100031,100031,100031,100031,1.0,1.0,9.998651729884015,10.005341516862504,10.049156719459688,0.4379181112742714,0.5051179993070809,0.4993005031590754,3.7188972841505006,25,500
injection_electrons_s10x10,275,0.0275,100031,100031,100031,100031,1.0,1.0,9.998651729884015,10.004796630841634,10.043990754079193,0.391753322768551,0.4534513794461681,0.4856454476620525,3.2836924470394013,25,500
injection_electrons_s10x10,280,0.028,100031,100031,100031,100031,1.0,1.0,9.998651729884015,10.00411739354866,10.0347595498932,0.3062954495546055,0.36112688975120655,0.4702235278302227,2.9232696529530973,25,500
injection_electrons_s10x10,285,0.0285,100031,100031,100031,100031,1.0,1.0,9.998651729884015,10.003360363690927,10.024552314436557,0.2118483187164788,0.25904077121847724,0.45741921816566333,2.8841777619128006,25,500
injection_electrons_s10x10,290,0.029,100031,100031,100031,100031,1.0,1.0,9.998651729884015,10.002580684364226,10.012074906121915,0.09491772230871831,0.13424986288681495,0.4435914545802793,2.7177982520407014,25,500
injection_electrons_s10x10,295,0.029500000000000002,100031,100031,100031,100031,1.0,1.0,9.998651729884015,10.001828078519981,9.99928373247328,-0.02543881005279136,0.006320878117760387,0.4326075885191765,3.025780450151199,25,500
injection_electrons_s10x10,10,0.001,100031,100031,100031,100031,1.0,1.0,9.998651729884015,11.784276899883563,12.005987327324274,1.881408840986265,20.076062769950532,17.281661151069038,80.74442750734791,5,100
injection_electrons_s10x10,20,0.002,100031,100031,100031,100031,1.0,1.0,9.998651729884015,11.189680434741154,13.047094508634958,16.5993487010317,30.488538466038804,7.279057371394462,38.0451128559925,5,100
injection_electrons_s10x10,30,0.003,100031,100031,100031,100031,1.0,1.0,9.998651729884015,10.432682368860139,13.71316437236332,31.44428141793032,37.1501352665115,5.738940543764067,29.611398620457,5,100
injection_electrons_s10x10,40,0.004,100031,100031,100031,100031,1.0,1.0,9.998651729884015,10.049478184667791,11.339487079407226,12.836575900105585,13.410161547238575,3.865049787203228,19.079148958135004,5,100
injection_electrons_s10x10,60,0.006,100031,100031,100031,100031,1.0,1.0,9.998651729884015,10.090448120677472,9.713837969791541,-3.7323431663473516,-2.848521658587444,2.029407248508077,13.1089836668719,5,100
injection_electrons_s10x10,70,0.007,100031,100031,100031,100031,1.0,1.0,9.998651729884015,10.097871642257008,10.12072129145144,0.22628183446908867,1.2208602206093655,1.5135395766844586,12.718207070044599,5,100
injection_electrons_s10x10,80,0.008,100031,100031,100031,100031,1.0,1.0,9.998651729884015,10.040792996692087,10.17478365460021,1.3344629049943268,1.7615567525946618,1.1771111127126557,10.0591440641321,5,100
injection_electrons_s10x10,90,0.009000000000000001,100031,100031,100031,100031,1.0,1.0,9.998651729884015,10.006701250455755,10.01097247467231,0.04268363879014192,0.12322406181495271,0.9629626049536928,9.872484162176299,5,100
injection_electrons_s10x10,110,0.011000000000000001,100031,100031,100031,100031,1.0,1.0,9.998651729884015,10.03093082408766,10.03201927633808,0.010850959591968135,0.3337204590728504,0.7319543973864592,7.101713304173,5,100
injection_electrons_s10x10,120,0.012,100031,100031,100031,100031,1.0,1.0,9.998651729884015,10.026971111807207,10.056443725359427,0.29393336455827423,0.5779978844816069,0.6720369466723345,7.1732988366488,5,100
injection_electrons_s10x10,130,0.013000000000000001,100031,100031,100031,100031,1.0,1.0,9.998651729884015,10.010975964943018,10.009817685947132,-0.011570090667900601,0.11167461738610385,0.5989246331314219,6.117980134680701,5,100
injection_electrons_s10x10,140,0.014,100031,100031,100031,100031,1.0,1.0,9.998651729884015,10.004241808788224,9.970710909771322,-0.3351668188132706,-0.2794458779795672,0.5606924533168492,5.676638248372499,5,100
injection_electrons_s10x10,160,0.016,100031,100031,100031,100031,1.0,1.0,9.998651729884015,10.01373935616797,10.024355403553642,0.10601481632466214,0.2570713968644833,0.4893751158463927,4.8376839576817,5,100
injection_electrons_s10x10,170,0.017,100031,100031,100031,100031,1.0,1.0,9.998651729884015,10.010866592740868,10.01777980445557,0.06905707563533703,0.1913065390044988,0.4549775971717294,5.1292211962911,5,100
injection_electrons_s10x10,180,0.018000000000000002,100031,100031,100031,100031,1.0,1.0,9.998651729884015,10.004748619713236,9.993625308686864,-0.11118031496019087,-0.05027098985884715,0.42743323798289123,4.7830276198831,5,100
injection_electrons_s10x10,190,0.019,100031,100031,100031,100031,1.0,1.0,9.998651729884015,10.00274622549192,9.989803193636913,-0.12939478382468783,-0.08849729429675213,0.4028064514415762,5.0823225814740995,5,100
injection_electrons_s10x10,210,0.021,100031,100031,100031,100031,1.0,1.0,9.998651729884015,10.007307663902987,10.010211708054111,0.029019235229466034,0.1156153697757567,0.3661819631154704,4.3955773289981,5,100
injection_electrons_s10x10,220,0.022000000000000002,100031,100031,100031,100031,1.0,1.0,9.998651729884015,10.00560648512554,10.000340373083283,-0.05263161258726168,0.016888709046858352,0.34740118464667435,3.5741438382444004,5,100
injection_electrons_s10x10,230,0.023,100031,100031,100031,100031,1.0,1.0,9.998651729884015,10.002334212605371,9.994327020501153,-0.08005323491517835,-0.043252925491310545,0.33105883415585896,3.7294261159215,5,100
injection_electrons_s10x10,240,0.024,100031,100031,100031,100031,1.0,1.0,9.998651729884015,10.001460717588394,9.999714754799449,-0.017457077903382245,0.01063168259232139,0.31685568375615025,3.5417572631380008,5,100
injection_electrons_s10x10,260,0.026000000000000002,100031,100031,100031,100031,1.0,1.0,9.998651729884015,10.004474079137415,10.002316827009828,-0.021562873875458077,0.03665591346539987,0.29502573238875635,3.1241773997772,5,100
injection_electrons_s10x10,270,0.027,100031,100031,100031,100031,1.0,1.0,9.998651729884015,10.003412876450888,9.999751415715865,-0.036602115500428134,0.010998341191981176,0.2851389156093364,2.9792116257842007,5,100
injection_electrons_s10x10,280,0.028,100031,100031,100031,100031,1.0,1.0,9.998651729884015,10.001235140956249,9.998217821237564,-0.030169470831942213,-0.004339671569464354,0.2745798863177219,3.6521519261072,5,100
injection_electrons_s10x10,290,0.029,100031,100031,100031,100031,1.0,1.0,9.998651729884015,10.000539045391324,9.999132096482152,-0.014068730723282297,0.004804313732620358,0.2641767889290886,3.0288894040461,5,100
injection_electrons_s10x10,10,0.001,100031,100031,100031,100031,1.0,1.0,9.998651729884015,11.530375513846892,11.770602294952853,2.083425477491807,17.72189504083661,19.231360730640464,72.62589112291161,6,100
injection_electrons_s10x10,20,0.002,100031,100031,100031,100031,1.0,1.0,9.998651729884015,11.11295566951725,11.098362353784502,-0.13131804145297687,10.998589145911208,7.5636206278589455,38.0262660244064,6,100
injection_electrons_s10x10,30,0.003,100031,100031,100031,100031,1.0,1.0,9.998651729884015,10.5100717915365,14.130481556591576,34.44705076106618,41.323869840953954,5.60497918795646,27.776428005001,6,100
injection_electrons_s10x10,40,0.004,100031,100031,100031,100031,1.0,1.0,9.998651729884015,10.108618769109933,12.600643569744586,24.65247584813288,26.023427059507686,4.261513303454364,19.6389777882784,6,100
injection_electrons_s10x10,60,0.006,100031,100031,100031,100031,1.0,1.0,9.998651729884015,10.044014799656368,9.402856249335382,-6.383488705561458,-5.95875820704822,2.077204442341204,14.3029444421161,6,100
injection_electrons_s10x10,70,0.007,100031,100031,100031,100031,1.0,1.0,9.998651729884015,10.087928176033028,9.77324814574547,-3.119372231804518,-2.2543397872821003,1.59368877426856,10.4636888376649,6,100
injection_electrons_s10x10,80,0.008,100031,100031,100031,100031,1.0,1.0,9.998651729884015,10.069575863329884,10.176070137384583,1.0575845050486699,1.77442331519857,1.214115562508281,10.242005470111499,6,100
injection_electrons_s10x10,90,0.009000000000000001,100031,100031,100031,100031,1.0,1.0,9.998651729884015,10.024469034630732,10.165078406819871,1.4026615445006385,1.664491187731243,0.9775554545941175,9.1275494455367,6,100
injection_electrons_s10x10,110,0.011000000000000001,100031,100031,100031,100031,1.0,1.0,9.998651729884015,10.011944582492246,9.939071600544615,-0.727860420592652,-0.5958816343340279,0.7289278564597873,8.5035562574204,6,100
injection_electrons_s10x10,120,0.012,100031,100031,100031,100031,1.0,1.0,9.998651729884015,10.02538298251156,10.025333434581434,-0.0004942248112982384,0.266853025970204,0.6519486331878153,6.557567676115401,6,100
injection_electrons_s10x10,130,0.013000000000000001,100031,100031,100031,100031,1.0,1.0,9.998651729884015,10.024277458927573,10.072095424362866,0.47702156720239586,0.7345359800796203,0.6108948913682811,7.1585372343380005,6,100
injection_electrons_s10x10,140,0.014,100031,100031,100031,100031,1.0,1.0,9.998651729884015,10.011904271069405,10.025493184696883,0.13572756250521678,0.2684507425400495,0.5459034504134493,4.653790530909397,6,100
injection_electrons_s10x10,160,0.016,100031,100031,100031,100031,1.0,1.0,9.998651729884015,10.004619881987466,9.970826722361563,-0.3377755479420541,-0.2782875959094433,0.48112102063785456,5.8194847773325,6,100
injection_electrons_s10x10,170,0.017,100031,100031,100031,100031,1.0,1.0,9.998651729884015,10.009827686923005,10.008887404042463,-0.009393597072304694,0.10237054389898859,0.44793961826171597,5.0206494459531,6,100
injection_electrons_s10x10,180,0.018000000000000002,100031,100031,100031,100031,1.0,1.0,9.998651729884015,10.011384181649683,10.027777133489186,0.1637431102639253,0.2912933102582338,0.4307107114285235,4.7001621854027,6,100
injection_electrons_s10x10,190,0.019,100031,100031,100031,100031,1.0,1.0,9.998651729884015,10.007495149117204,10.011699392196334,0.04201094296309993,0.13049421726853971,0.3968643768337052,4.051280939193701,6,100
injection_electrons_s10x10,210,0.021,100031,100031,100031,100031,1.0,1.0,9.998651729884015,10.001853746470914,9.988436689424768,-0.13414570324906672,-0.10216417908343045,0.3604443083576021,4.6462605534362,6,100
injection_electrons_s10x10,220,0.022000000000000002,100031,100031,100031,100031,1.0,1.0,9.998651729884015,10.004071092941313,10.002430560037094,-0.016398652998139696,0.037793397101570925,0.3460198860486734,3.8035944895950013,6,100
injection_electrons_s10x10,230,0.023,100031,100031,100031,100031,1.0,1.0,9.998651729884015,10.00606010725303,10.011632940262043,0.055694578578169285,0.12982960831837698,0.33183718866923,3.9995895187285004,6,100
injection_electrons_s10x10,240,0.024,100031,100031,100031,100031,1.0,1.0,9.998651729884015,10.005279255022517,10.00678453930777,0.01504490026600358,0.0813390609400555,0.3173515498012721,3.5872541947840997,6,100
injection_electrons_s10x10,260,0.026000000000000002,100031,100031,100031,100031,1.0,1.0,9.998651729884015,10.000639606411301,9.991535235223447,-0.09103788903679355,-0.07117454285660019,0.2916475767470864,3.5553207578318,6,100
injection_electrons_s10x10,270,0.027,100031,100031,100031,100031,1.0,1.0,9.998651729884015,10.001293178617704,9.999890958645764,-0.014020386632973558,0.012393958657908044,0.28231684406022234,2.6861562362594,6,100
injection_electrons_s10x10,280,0.028,100031,100031,100031,100031,1.0,1.0,9.998651729884015,10.003111727708756,10.007500314285783,0.04387221393189478,0.08849777590833607,0.27515826565921203,2.8897729681041,6,100
injection_electrons_s10x10,290,0.029,100031,100031,100031,100031,1.0,1.0,9.998651729884015,10.003827224816868,10.004734420375634,0.009068484874608096,0.06083510713188467,0.26313811770978734,2.6416710017813996,6,100
injection_electrons_s10x10,10,0.001,100031,100031,100031,100031,1.0,1.0,9.998651729884015,11.338776180345338,11.913308580459622,5.066970111908375,19.14915032846951,20.48595334592271,68.9518571777813,7,100
injection_electrons_s10x10,20,0.002,100031,100031,100031,100031,1.0,1.0,9.998651729884015,11.032225853168354,8.351332740471845,-24.300564078159994,-16.475411224581972,8.3891278919642,42.6686495804196,7,100
injection_electrons_s10x10,30,0.003,100031,100031,100031,100031,1.0,1.0,9.998651729884015,10.550549048797109,13.491392082218637,27.873838790947293,34.9321133157934,5.090230484124779,26.7387865575021,7,100
injection_electrons_s10x10,40,0.004,100031,100031,100031,100031,1.0,1.0,9.998651729884015,10.165700966916672,13.600234675803408,33.78550795527142,36.02068602064583,4.55440830349437,21.993657882066998,7,100
injection_electrons_s10x10,60,0.006,100031,100031,100031,100031,1.0,1.0,9.998651729884015,10.015163799258334,9.52303589361566,-4.913827826551554,-4.756799707772929,2.0391379819263573,15.379941626327799,7,100
injection_electrons_s10x10,70,0.007,100031,100031,100031,100031,1.0,1.0,9.998651729884015,10.060525829118971,9.375056836626646,-6.813450948143462,-6.2367898203071315,1.678312923097875,11.5270686180758,7,100
injection_electrons_s10x10,80,0.008,100031,100031,100031,100031,1.0,1.0,9.998651729884015,10.075662553115533,9.915494603039786,-1.5896517894619322,-0.8316834018299524,1.2642183078423865,11.0369170720126,7,100
injection_electrons_s10x10,90,0.009000000000000001,100031,100031,100031,100031,1.0,1.0,9.998651729884015,10.046901791279646,10.228128701514311,1.8038089154207126,2.295079154966806,1.0026889553073515,9.786510738295298,7,100
injection_electrons_s10x10,110,0.011000000000000001,100031,100031,100031,100031,1.0,1.0,9.998651729884015,10.002772368485056,9.949204295938104,-0.5355322561945375,-0.49454101694653696,0.7252220821576657,7.893894882843497,7,100
injection_electrons_s10x10,120,0.012,100031,100031,100031,100031,1.0,1.0,9.998651729884015,10.011041804760309,9.922512301012972,-0.8843185901515338,-0.7614969590697629,0.6461211141036446,6.9430023319817,7,100
injection_electrons_s10x10,130,0.013000000000000001,100031,100031,100031,100031,1.0,1.0,9.998651729884015,10.021890883400395,10.021072196805823,-0.008168983319589707,0.22423490213983044,0.5882665568183851,6.978283764294,7,100
injection_electrons_s10x10,140,0.014,100031,100031,100031,100031,1.0,1.0,9.998651729884015,10.021383155900214,10.082212362993687,0.606994125932192,0.8357190085931832,0.5522151686197205,6.5961953915762,7,100
injection_electrons_s10x10,160,0.016,100031,100031,100031,100031,1.0,1.0,9.998651729884015,10.003510715646312,9.97288809640125,-0.3061187228716178,-0.25767107584877547,0.46859773546807865,5.0763431114092,7,100
injection_electrons_s10x10,170,0.017,100031,100031,100031,100031,1.0,1.0,9.998651729884015,10.002599737520361,9.954453600953807,-0.4813362308796143,-0.4420408883540672,0.4479940496134623,5.571541010029801,7,100
injection_electrons_s10x10,180,0.018000000000000002,100031,100031,100031,100031,1.0,1.0,9.998651729884015,10.006664756194247,9.990878353669537,-0.1577588827979759,-0.07774424416889802,0.4204133234260797,4.031611745604299,7,100
injection_electrons_s10x10,190,0.019,100031,100031,100031,100031,1.0,1.0,9.998651729884015,10.009820678181,10.02694466479493,0.1710718619690743,0.2829675007716581,0.40010546484201187,5.010698548468898,7,100
injection_electrons_s10x10,210,0.021,100031,100031,100031,100031,1.0,1.0,9.998651729884015,10.004419964062269,10.001470773292185,-0.029478878142630283,0.028194235426215464,0.35558038932288416,3.6939479862782996,7,100
injection_electrons_s10x10,220,0.022000000000000002,100031,100031,100031,100031,1.0,1.0,9.998651729884015,10.00148545345403,9.98313073753804,-0.1835198981332442,-0.1552308527717372,0.3404236343411424,3.9368822633472,7,100
injection_electrons_s10x10,230,0.023,100031,100031,100031,100031,1.0,1.0,9.998651729884015,10.001683159596006,9.988399147479306,-0.13281776581728355,-0.10253964916155933,0.32703233800762466,3.7149699492270996,7,100
injection_electrons_s10x10,240,0.024,100031,100031,100031,100031,1.0,1.0,9.998651729884015,10.003802991218404,10.005530480948718,0.017268330172348634,0.06879678631213082,0.31334335582743195,4.111292627992699,7,100
injection_electrons_s10x10,260,0.026000000000000002,100031,100031,100031,100031,1.0,1.0,9.998651729884015,10.0043090360505,10.006471428964682,0.021614615326148723,0.07820753529492741,0.29051999966995157,3.5417271229011003,7,100
injection_electrons_s10x10,270,0.027,100031,100031,100031,100031,1.0,1.0,9.998651729884015,10.002035070022314,9.995019231693705,-0.07014410846885033,-0.036329880152274896,0.27894832155226895,2.7577647036691992,7,100
injection_electrons_s10x10,280,0.028,100031,100031,100031,100031,1.0,1.0,9.998651729884015,10.000408523571794,9.990964460511787,-0.09443677263530903,-0.0768830596354575,0.2710296559746877,3.1364698828264004,7,100
injection_electrons_s10x10,290,0.029,100031,100031,100031,100031,1.0,1.0,9.998651729884015,10.00069273660838,9.996413206144428,-0.04279234025745815,-0.022388255937511037,0.2615607277194553,3.0864729290721993,7,100
injection_electrons_s10x10,10,0.001,100031,100031,100031,100031,1.0,1.0,9.998651729884015,11.189509914015275,12.125684361536441,8.366536646511857,21.273194517768236,20.83390527065058,64.6612630678074,8,100
injection_electrons_s10x10,20,0.002,100031,100031,100031,100031,1.0,1.0,9.998651729884015,10.955985548574445,5.888388354323213,-46.254142740363605,-41.10817624816382,9.587765717790974,37.277381744898406,8,100
injection_electrons_s10x10,30,0.003,100031,100031,100031,100031,1.0,1.0,9.998651729884015,10.566748368719852,11.781436169348101,11.495379261836325,17.83024839374785,4.238651015101088,23.062088088234198,8,100
injection_electrons_s10x10,40,0.004,100031,100031,100031,100031,1.0,1.0,9.998651729884015,10.212788373404559,13.901283385984579,36.1164343930336,39.0315790721699,4.571851076829001,20.121815098149604,8,100
injection_electrons_s10x10,60,0.006,100031,100031,100031,100031,1.0,1.0,9.998651729884015,10.003489666515838,10.139281385563846,1.357443487971377,1.4064861891280422,2.003643078529231,13.4222574074285,8,100
injection_electrons_s10x10,70,0.007,100031,100031,100031,100031,1.0,1.0,9.998651729884015,10.034978062151003,9.219924372426952,-8.122127269995683,-7.788323650973849,1.686934168726872,11.750019660156099,8,100
injection_electrons_s10x10,80,0.008,100031,100031,100031,100031,1.0,1.0,9.998651729884015,10.065011852162264,9.524402144406908,-5.371178054193915,-4.743135357536932,1.347976985825892,8.625237100089826,8,100
injection_electrons_s10x10,90,0.009000000000000001,100031,100031,100031,100031,1.0,1.0,9.998651729884015,10.058764355317589,10.069185944854086,0.10360705518455138,0.7054372616985605,1.022143393328952,10.195934630514,8,100
injection_electrons_s10x10,110,0.011000000000000001,100031,100031,100031,100031,1.0,1.0,9.998651729884015,10.006760583474431,10.096245534099754,0.8942449444938383,0.9760696427104198,0.7231944615591593,6.8245783115420995,8,100
injection_electrons_s10x10,120,0.012,100031,100031,100031,100031,1.0,1.0,9.998651729884015,10.00277566857721,9.919133468916032,-0.8361898980093319,-0.795289836231805,0.6442829323424816,7.367335944812299,8,100
injection_electrons_s10x10,130,0.013000000000000001,100031,100031,100031,100031,1.0,1.0,9.998651729884015,10.01123243629163,9.913001422334741,-0.9812080039295901,-0.8566185708147267,0.5820188297294389,6.1489484974629995,8,100
injection_electrons_s10x10,140,0.014,100031,100031,100031,100031,1.0,1.0,9.998651729884015,10.019477975095763,10.019986878800541,0.005079143903929939,0.21338025858785858,0.5370175487462272,5.340311473498701,8,100
injection_electrons_s10x10,160,0.016,100031,100031,100031,100031,1.0,1.0,9.998651729884015,10.010478465036721,10.058001180527933,0.47472971104420836,0.593574536320074,0.46906893386497933,4.9568312717683005,8,100
injection_electrons_s10x10,170,0.017,100031,100031,100031,100031,1.0,1.0,9.998651729884015,10.00347891377425,9.981036481882475,-0.22434627078459224,-0.17617623333046062,0.43372656847292734,4.623056686563,8,100
injection_electrons_s10x10,180,0.018000000000000002,100031,100031,100031,100031,1.0,1.0,9.998651729884015,10.001834421613523,9.94489422277864,-0.5692975551748636,-0.5376475604676245,0.4157586310830174,5.1023601851911,8,100
injection_electrons_s10x10,190,0.019,100031,100031,100031,100031,1.0,1.0,9.998651729884015,10.004597248318484,9.97201537584728,-0.32566900658276277,-0.26639945821019806,0.3926594929740863,4.0432007612925,8,100
injection_electrons_s10x10,210,0.021,100031,100031,100031,100031,1.0,1.0,9.998651729884015,10.008127481277048,10.0355871674335,0.27437386471966807,0.36940418115665175,0.36001122085051396,4.3980700835051,8,100
injection_electrons_s10x10,220,0.022000000000000002,100031,100031,100031,100031,1.0,1.0,9.998651729884015,10.005537411197789,10.016598003446573,0.1105447093367129,0.17948693531268933,0.3402783212059115,3.5419811207349987,8,100
injection_electrons_s10x10,230,0.023,100031,100031,100031,100031,1.0,1.0,9.998651729884015,10.002417410689343,9.98890317505627,-0.13510969476868695,-0.09749869373495423,0.32279673220114125,3.8257973793335998,8,100
injection_electrons_s10x10,240,0.024,100031,100031,100031,100031,1.0,1.0,9.998651729884015,10.001015785816348,9.979853878067056,-0.21159758371048776,-0.18800386616903975,0.3105181426219225,3.5489733578803997,8,100
injection_electrons_s10x10,260,0.026000000000000002,100031,100031,100031,100031,1.0,1.0,9.998651729884015,10.003332391048344,10.008946756678181,0.05612495326918765,0.10296415029034112,0.2896424842372549,3.8798115048225004,8,100
injection_electrons_s10x10,270,0.027,100031,100031,100031,100031,1.0,1.0,9.998651729884015,10.004173515145432,10.014435780287041,0.10257983956469818,0.1578617880633848,0.2804814341500375,3.057090163375,8,100
injection_electrons_s10x10,280,0.028,100031,100031,100031,100031,1.0,1.0,9.998651729884015,10.003542499979591,10.006487629985166,0.0294408706273952,0.07836956734608158,0.27113198434651287,3.0681226803582007,8,100
injection_electrons_s10x10,290,0.029,100031,100031,100031,100031,1.0,1.0,9.998651729884015,10.001911576085211,9.994647298597672,-0.07262889131022243,-0.04004971264650603,0.2598434499537315,3.5735468109052,8,100
injection_electrons_s10x10,10,0.001,100031,100031,100031,100031,1.0,1.0,9.998651729884015,11.070082339253059,11.90817263244825,7.570768378329351,19.097783922776813,20.395925750124203,61.9996720318299,9,100
injection_electrons_s10x10,20,0.002,100031,100031,100031,100031,1.0,1.0,9.998651729884015,10.88680370231891,5.147457267092819,-52.71837898577705,-48.51848623041769,10.750566497420737,37.0107596766504,9,100
injection_electrons_s10x10,30,0.003,100031,100031,100031,100031,1.0,1.0,9.998651729884015,10.568351120711572,9.735561374731116,-7.880034798885294,-2.6312583162245162,3.6117415566874636,21.212759715397503,9,100
injection_electrons_s10x10,40,0.004,100031,100031,100031,100031,1.0,1.0,9.998651729884015,10.2494519567352,13.38423420166874,30.58487671502852,33.86039001304426,4.144718673595451,18.9832549106249,9,100
injection_electrons_s10x10,60,0.006,100031,100031,100031,100031,1.0,1.0,9.998651729884015,10.002776717978328,11.016238054504415,10.131800050125662,10.177235412441,2.069086950415353,15.158690400569302,9,100
injection_electrons_s10x10,70,0.007,100031,100031,100031,100031,1.0,1.0,9.998651729884015,10.01686730329621,9.485094132340867,-5.3087772339796775,-5.136268483161832,1.599934906621894,11.1370312215831,9,100
injection_electrons_s10x10,80,0.008,100031,100031,100031,100031,1.0,1.0,9.998651729884015,10.048469549010726,9.220445504783827,-8.240300079412766,-7.7831116246831815,1.4147684655481212,9.7745748398847,9,100
injection_electrons_s10x10,90,0.009000000000000001,100031,100031,100031,100031,1.0,1.0,9.998651729884015,10.059343154835465,9.734371827531053,-3.230542216349397,-2.643155392272356,1.0788061631500712,8.226141913132999,9,100
injection_electrons_s10x10,110,0.011000000000000001,100031,100031,100031,100031,1.0,1.0,9.998651729884015,10.016762595860145,10.243237173747746,2.260955829992417,2.4461842503495923,0.7383843194658747,7.378994171165,9,100
injection_electrons_s10x10,120,0.012,100031,100031,100031,100031,1.0,1.0,9.998651729884015,10.002946689496966,10.043361701457707,0.4040310641980849,0.447160004984104,0.6380818852430248,6.5961202032642,9,100
injection_electrons_s10x10,130,0.013000000000000001,100031,100031,100031,100031,1.0,1.0,9.998651729884015,10.003465262429522,9.88974905164672,-1.1367681878187819,-1.0891736323989099,0.5803943916326872,6.7594226339453005,9,100
injection_electrons_s10x10,140,0.014,100031,100031,100031,100031,1.0,1.0,9.998651729884015,10.011657231386046,9.912183653556642,-0.9935775419633752,-0.864797361317593,0.5265611364456494,5.915116025669299,9,100
injection_electrons_s10x10,160,0.016,100031,100031,100031,100031,1.0,1.0,9.998651729884015,10.015972670758103,10.095481275460953,0.7938181075012096,0.968426025756397,0.4701738673698537,5.654763833816002,9,100
injection_electrons_s10x10,170,0.017,100031,100031,100031,100031,1.0,1.0,9.998651729884015,10.009033692725062,10.066260487282957,0.5717514428939197,0.6761787411484033,0.43404277860503504,4.914196926165001,9,100
injection_electrons_s10x10,180,0.018000000000000002,100031,100031,100031,100031,1.0,1.0,9.998651729884015,10.003013961217638,9.988802632867976,-0.142070464009747,-0.09850425119420914,0.4069210612508479,4.9854458764809,9,100
injection_electrons_s10x10,190,0.019,100031,100031,100031,100031,1.0,1.0,9.998651729884015,10.001342483385562,9.941401051123401,-0.5993338630462475,-0.5725839873940486,0.38893878868007026,4.4255554009652975,9,100
injection_electrons_s10x10,210,0.021,100031,100031,100031,100031,1.0,1.0,9.998651729884015,10.006448047002154,10.004914113425826,-0.01532945126104801,0.06263227994125486,0.35297068746428795,3.7336225960091003,9,100
injection_electrons_s10x10,220,0.022000000000000002,100031,100031,100031,100031,1.0,1.0,9.998651729884015,10.007420596652453,10.037570395055498,0.30127442043488273,0.38923913166375446,0.3399228602171515,3.8698909231066994,9,100
injection_electrons_s10x10,230,0.023,100031,100031,100031,100031,1.0,1.0,9.998651729884015,10.005726511063452,10.031609581387293,0.2586825683794425,0.32962295711105316,0.32499431775339177,3.6733169371609007,9,100
injection_electrons_s10x10,240,0.024,100031,100031,100031,100031,1.0,1.0,9.998651729884015,10.00290565482305,10.001269827954207,-0.016353516920886157,0.02618451108129527,0.3067042803776018,3.2691764855196,9,100
injection_electrons_s10x10,260,0.026000000000000002,100031,100031,100031,100031,1.0,1.0,9.998651729884015,10.00092192473992,9.979109639570954,-0.2181027442580863,-0.19544725469988755,0.28478757617290207,3.5638425344306,9,100
injection_electrons_s10x10,270,0.027,100031,100031,100031,100031,1.0,1.0,9.998651729884015,10.002131670122486,9.998039745314655,-0.04091052730343936,-0.006120670925369165,0.2748166227090024,2.9026307901331005,9,100
injection_electrons_s10x10,280,0.028,100031,100031,100031,100031,1.0,1.0,9.998651729884015,10.003348388137022,10.014770310905522,0.11418099545592586,0.16120754534665327,0.2680485897063017,2.9019551489837,9,100
injection_electrons_s10x10,290,0.029,100031,100031,100031,100031,1.0,1.0,9.998651729884015,10.003572693461432,10.01623890333531,0.12661686241512982,0.17589544997083095,0.260231021610411,3.278805315333,9,100
injection_electrons_s10x10,10,0.001,100031,100031,100031,100031,1.0,1.0,9.998651729884015,10.891044060791526,10.587283576966632,-2.789085069616526,5.887112212572743,18.603912932127457,54.7643776456001,11,100
injection_electrons_s10x10,20,0.002,100031,100031,100031,100031,1.0,1.0,9.998651729884015,10.770503781845127,5.483310053117984,-49.089567543156996,-45.15950548883063,11.812047434528177,35.2090338684347,11,100
injection_electrons_s10x10,30,0.003,100031,100031,100031,100031,1.0,1.0,9.998651729884015,10.549094298573374,6.997809127072533,-33.66436085400342,-30.01247252009539,4.599011147773547,17.1640561828369,11,100
injection_electrons_s10x10,40,0.004,100031,100031,100031,100031,1.0,1.0,9.998651729884015,10.295701256551126,11.376538162071318,10.49794354544289,13.780722335483198,2.4726281205658713,14.766740333865899,11,100
injection_electrons_s10x10,60,0.006,100031,100031,100031,100031,1.0,1.0,9.998651729884015,10.018317480201253,12.243231434238256,22.20845923912873,22.448823751362703,2.6079793233128186,11.539230969852,11,100
injection_electrons_s10x10,70,0.007,100031,100031,100031,100031,1.0,1.0,9.998651729884015,10.001661896165048,10.662997180565533,6.612253956055647,6.644350344716177,1.4089759186187578,12.0647189813263,11,100
injection_electrons_s10x10,80,0.008,100031,100031,100031,100031,1.0,1.0,9.998651729884015,10.019709884509673,9.505099647575987,-5.135979413228986,-4.936186354335126,1.2607125908353676,9.1564489380818,11,100
injection_electrons_s10x10,90,0.009000000000000001,100031,100031,100031,100031,1.0,1.0,9.998651729884015,10.042219581394814,9.240575289032325,-7.982740128962062,-7.5817866381518995,1.190150831105228,9.0924604417569,11,100
injection_electrons_s10x10,110,0.011000000000000001,100031,100031,100031,100031,1.0,1.0,9.998651729884015,10.035282074027245,10.099614063244227,0.6410581062138876,1.0097594764547635,0.7367999419545149,7.027658885233801,11,100
injection_electrons_s10x10,120,0.012,100031,100031,100031,100031,1.0,1.0,9.998651729884015,10.01635338460369,10.276455563561445,2.5967751832474573,2.778412941888231,0.6604141576805954,6.399471864165,11,100
injection_electrons_s10x10,130,0.013000000000000001,100031,100031,100031,100031,1.0,1.0,9.998651729884015,10.003838263156615,10.154065190527255,1.5016928844593158,1.5543441740123898,0.5715292592638217,5.9647680972084,11,100
injection_electrons_s10x10,140,0.014,100031,100031,100031,100031,1.0,1.0,9.998651729884015,10.00128206901353,9.947520505800943,-0.5375467149272173,-0.5113811888281972,0.5292696298475597,5.8560980921935,11,100
injection_electrons_s10x10,160,0.016,100031,100031,100031,100031,1.0,1.0,9.998651729884015,10.012117555099636,9.923486392105044,-0.8852389367866254,-0.7517547346340359,0.4509404806230847,4.564748538239799,11,100
injection_electrons_s10x10,170,0.017,100031,100031,100031,100031,1.0,1.0,9.998651729884015,10.014523756418852,10.045315555536261,0.3074714271626977,0.46670118044793707,0.433673750007606,4.890513501711366,11,100
injection_electrons_s10x10,180,0.018000000000000002,100031,100031,100031,100031,1.0,1.0,9.998651729884015,10.011735977188053,10.108759480018307,0.969097697455501,1.1012259763504062,0.4161948503514712,4.695215734783002,11,100
injection_electrons_s10x10,190,0.019,100031,100031,100031,100031,1.0,1.0,9.998651729884015,10.006449955289291,10.077277391622108,0.7078178239963817,0.78636264030576,0.3805634848238209,4.5530473419787,11,100
injection_electrons_s10x10,210,0.021,100031,100031,100031,100031,1.0,1.0,9.998651729884015,10.00081213026015,9.937221096323173,-0.6358586993606696,-0.6143891718644268,0.34738834423348436,4.5155495831763,11,100
injection_electrons_s10x10,220,0.022000000000000002,100031,100031,100031,100031,1.0,1.0,9.998651729884015,10.00204640178133,9.937491106023979,-0.6454208785299564,-0.6116887107612712,0.32912770204762154,3.83803040879,11,100
injection_electrons_s10x10,230,0.023,100031,100031,100031,100031,1.0,1.0,9.998651729884015,10.004308090607372,9.982006741131295,-0.22291745989925227,-0.16647233249430515,0.3121993761756368,3.200610272848601,11,100
injection_electrons_s10x10,240,0.024,100031,100031,100031,100031,1.0,1.0,9.998651729884015,10.00575697202116,10.028608515260851,0.22838395239450637,0.29960824905321815,0.30647887258608714,3.8953011677678004,11,100
injection_electrons_s10x10,260,0.026000000000000002,100031,100031,100031,100031,1.0,1.0,9.998651729884015,10.003721858111911,10.026702743578026,0.22972335488795625,0.2805479623834817,0.27885852875591943,3.4510321923249005,11,100
injection_electrons_s10x10,270,0.027,100031,100031,100031,100031,1.0,1.0,9.998651729884015,10.00171578295382,9.994790496112515,-0.06924098816233348,-0.03861754440310783,0.26965156103057025,2.9122384333681985,11,100
injection_electrons_s10x10,280,0.028,100031,100031,100031,100031,1.0,1.0,9.998651729884015,10.000481968957907,9.97354484597778,-0.26935824756987303,-0.25110269448824774,0.2622930217187904,3.2012662016982003,11,100
injection_electrons_s10x10,290,0.029,100031,100031,100031,100031,1.0,1.0,9.998651729884015,10.000429676409356,9.974738112610053,-0.25690459940844734,-0.23916841910284203,0.2523307977164897,3.2165284566601,11,100
injection_electrons_s10x10,10,0.001,100031,100031,100031,100031,1.0,1.0,9.998651729884015,10.762687873998809,9.126907641864145,-15.198621861797989,-8.718616385191192,16.706985493507627,48.7357033328317,13,100
injection_electrons_s10x10,20,0.002,100031,100031,100031,100031,1.0,1.0,9.998651729884015,10.678028277888558,5.633562444237032,-47.24154780613677,-43.656778969514306,11.770559507927064,33.6662884289884,13,100
injection_electrons_s10x10,30,0.003,100031,100031,100031,100031,1.0,1.0,9.998651729884015,10.517627450707378,5.902500619145052,-43.87992304530551,-40.96703457023479,5.8369751159036065,18.584521665687202,13,100
injection_electrons_s10x10,40,0.004,100031,100031,100031,100031,1.0,1.0,9.998651729884015,10.317288981936365,9.635172597555085,-6.611391670578747,-3.635281457424522,1.705519716291783,13.6580113507625,13,100
injection_electrons_s10x10,60,0.006,100031,100031,100031,100031,1.0,1.0,9.998651729884015,10.042008800910748,12.481786953575382,24.295718128063793,24.834700625382933,2.8209534173417707,9.9634512941085,13,100
injection_electrons_s10x10,70,0.007,100031,100031,100031,100031,1.0,1.0,9.998651729884015,10.003454563651804,11.548987819624623,15.44999526052344,15.505451451088703,1.8398683148355708,9.330938587111099,13,100
injection_electrons_s10x10,80,0.008,100031,100031,100031,100031,1.0,1.0,9.998651729884015,10.004336275607123,10.313125208205701,3.0865509124426094,3.1451588355836613,0.9705195305575101,10.0240219454915,13,100
injection_electrons_s10x10,90,0.009000000000000001,100031,100031,100031,100031,1.0,1.0,9.998651729884015,10.021987608484553,9.494901355840886,-5.259298586614081,-5.0381830235922465,1.0338270572603419,7.5341589753278,13,100
injection_electrons_s10x10,110,0.011000000000000001,100031,100031,100031,100031,1.0,1.0,9.998651729884015,10.040412810517106,9.628352345927293,-4.104019151067062,-3.7034931704838736,0.7319321549799218,7.7987148307331005,13,100
injection_electrons_s10x10,120,0.012,100031,100031,100031,100031,1.0,1.0,9.998651729884015,10.029613246128395,10.033309514076954,0.036853544178150344,0.3466245762851594,0.5994584962909788,7.4512335420661,13,100
injection_electrons_s10x10,130,0.013000000000000001,100031,100031,100031,100031,1.0,1.0,9.998651729884015,10.014631841831813,10.246215003146373,2.3124480756968158,2.4759665597956504,0.5754978640366626,5.587919365248399,13,100
injection_electrons_s10x10,140,0.014,100031,100031,100031,100031,1.0,1.0,9.998651729884015,10.003858044462236,10.204341708387684,2.004063462660066,2.0571771480838885,0.49955215604538733,6.3431034003555,13,100
injection_electrons_s10x10,160,0.016,100031,100031,100031,100031,1.0,1.0,9.998651729884015,10.002849108477287,9.885408638192754,-1.1740701975100687,-1.1325836197774497,0.44746459173876246,4.562049634053899,13,100
injection_electrons_s10x10,170,0.017,100031,100031,100031,100031,1.0,1.0,9.998651729884015,10.008092532422067,9.86803914775425,-1.3994013765770363,-1.3063019460852976,0.41605534629733637,4.6347908801849,13,100
injection_electrons_s10x10,180,0.018000000000000002,100031,100031,100031,100031,1.0,1.0,9.998651729884015,10.01195521420528,9.957017726651477,-0.5487188703746426,-0.4163961737771338,0.3864608254393318,3.8807964530501007,13,100
injection_electrons_s10x10,190,0.019,100031,100031,100031,100031,1.0,1.0,9.998651729884015,10.011950443178838,10.064095508642378,0.5208282418044385,0.6545260353729931,0.3872265375875975,4.1482432317711,13,100
injection_electrons_s10x10,210,0.021,100031,100031,100031,100031,1.0,1.0,9.998651729884015,10.004145298812873,10.076695023921546,0.7251966354115513,0.7805381780052967,0.3415197804433153,3.6771381950343995,13,100
injection_electrons_s10x10,220,0.022000000000000002,100031,100031,100031,100031,1.0,1.0,9.998651729884015,10.000981116230573,10.00040364784451,-0.005774117352597141,0.01752154198209066,0.3242405319424151,3.3594758765278003,13,100
injection_electrons_s10x10,230,0.023,100031,100031,100031,100031,1.0,1.0,9.998651729884015,10.000105614509458,9.93858578008967,-0.6151918468793593,-0.6007404939889938,0.3218976289657332,3.6670197294750997,13,100
injection_electrons_s10x10,240,0.024,100031,100031,100031,100031,1.0,1.0,9.998651729884015,10.001276628440326,9.927291997227272,-0.7397518733025188,-0.7136935517362164,0.3077139413450433,3.4565515524848998,13,100
injection_electrons_s10x10,260,0.026000000000000002,100031,100031,100031,100031,1.0,1.0,9.998651729884015,10.004856517887434,10.01376167894026,0.08900838344760853,0.1511198656023227,0.28265054210431817,3.2595211693556,13,100
injection_electrons_s10x10,270,0.027,100031,100031,100031,100031,1.0,1.0,9.998651729884015,10.004988521747103,10.046027745992056,0.4101876194635201,0.4738240453604714,0.27888566877942644,3.3673774992177004,13,100
injection_electrons_s10x10,280,0.028,100031,100031,100031,100031,1.0,1.0,9.998651729884015,10.003775147937436,10.044494247869707,0.4070373367065061,0.45848699628847633,0.2642170434328198,3.1440476597846967,13,100
injection_electrons_s10x10,290,0.029,100031,100031,100031,100031,1.0,1.0,9.998651729884015,10.001954320238568,10.017043497310473,0.15086228739691343,0.18394247467874436,0.2484102745682903,2.9803556363000014,13,100
injection_electrons_s10x10,10,0.001,100031,100031,100031,100031,1.0,1.0,9.998651729884015,10.711626926521145,8.479768447550184,-20.835849626587123,-15.190880964422293,15.842545811268392,45.617902230096604,14,100
injection_electrons_s10x10,20,0.002,100031,100031,100031,100031,1.0,1.0,9.998651729884015,10.63926299545986,5.605419853752925,-47.31383314666674,-43.938242823285655,11.567931348830003,33.061875340742496,14,100
injection_electrons_s10x10,30,0.003,100031,100031,100031,100031,1.0,1.0,9.998651729884015,10.500670288216305,5.669171924182122,-46.011332909443105,-43.30063615239167,6.237275136803329,18.5762602804759,14,100
injection_electrons_s10x10,40,0.004,100031,100031,100031,100031,1.0,1.0,9.998651729884015,10.321743965719413,8.992057602737516,-12.882380801132577,-10.067298615252163,1.9209909835387715,11.555033914974901,14,100
injection_electrons_s10x10,60,0.006,100031,100031,100031,100031,1.0,1.0,9.998651729884015,10.05388696433201,12.362050944106127,22.957926501091052,23.637179072438073,2.710241382852837,9.543980208734823,14,100
injection_electrons_s10x10,70,0.007,100031,100031,100031,100031,1.0,1.0,9.998651729884015,10.00787742094642,11.78828585185596,17.79007032183626,17.898754455293986,2.0493786628363284,7.679288281009001,14,100
injection_electrons_s10x10,80,0.008,100031,100031,100031,100031,1.0,1.0,9.998651729884015,10.001425253625175,10.680694496262548,6.791724433386737,6.821347365665709,1.0510497171573367,8.8877348839804,14,100
injection_electrons_s10x10,90,0.009000000000000001,100031,100031,100031,100031,1.0,1.0,9.998651729884015,10.01453100854282,9.757672414558776,-2.5648589411219835,-2.4101181022737173,0.8599691994419245,8.1636390676417,14,100
injection_electrons_s10x10,110,0.011000000000000001,100031,100031,100031,100031,1.0,1.0,9.998651729884015,10.038209458421989,9.477981488041834,-5.580955176325064,-5.207404517211045,0.7951900879981844,7.7268838774588,14,100
injection_electrons_s10x10,120,0.012,100031,100031,100031,100031,1.0,1.0,9.998651729884015,10.032652365591185,9.841414632757251,-1.9061532869395381,-1.5725829979337358,0.5713503169520311,6.6352611565954005,14,100
injection_electrons_s10x10,130,0.013000000000000001,100031,100031,100031,100031,1.0,1.0,9.998651729884015,10.019810979477137,10.151201295943865,1.3113053403486896,1.5257013663543262,0.5377332243209156,5.7489195080054,14,100
injection_electrons_s10x10,140,0.014,100031,100031,100031,100031,1.0,1.0,9.998651729884015,10.007840227642369,10.243825758324558,2.358006575988103,2.452070889795732,0.507295621368227,5.6741331501182,14,100
injection_electrons_s10x10,160,0.016,100031,100031,100031,100031,1.0,1.0,9.998651729884015,10.00088040365635,9.974151143460361,-0.26726907149311474,-0.24503890209943702,0.4126154184463308,6.024493137391801,14,100
injection_electrons_s10x10,170,0.017,100031,100031,100031,100031,1.0,1.0,9.998651729884015,10.004455686019025,9.871465803489407,-1.3293065280449712,-1.2720307680532006,0.4111292416251642,4.6323253027874,14,100
injection_electrons_s10x10,180,0.018000000000000002,100031,100031,100031,100031,1.0,1.0,9.998651729884015,10.008913177441238,9.884901147434542,-1.239015943171562,-1.1376592116864592,0.37839765711379697,4.380443690574699,14,100
injection_electrons_s10x10,190,0.019,100031,100031,100031,100031,1.0,1.0,9.998651729884015,10.011205474067392,9.97853828245614,-0.326306274462862,-0.20116159629561814,0.35850863882142825,3.9466478617218996,14,100
injection_electrons_s10x10,210,0.021,100031,100031,100031,100031,1.0,1.0,9.998651729884015,10.00679510418012,10.108072888431277,1.0120901167332663,1.0943591346443515,0.35143962138719687,3.6890391179665,14,100
injection_electrons_s10x10,220,0.022000000000000002,100031,100031,100031,100031,1.0,1.0,9.998651729884015,10.003177047539495,10.071595493940862,0.683967164394006,0.7295360017274266,0.32051958588126045,3.4023309262632004,14,100
injection_electrons_s10x10,230,0.023,100031,100031,100031,100031,1.0,1.0,9.998651729884015,10.000842601723626,9.998953819170165,-0.018886234177262207,0.0030213002143675283,0.3073121247770408,3.5452689912913,14,100
injection_electrons_s10x10,240,0.024,100031,100031,100031,100031,1.0,1.0,9.998651729884015,10.00035134474169,9.93976513879123,-0.6058407736075799,-0.5889453166648906,0.3078027513869323,3.7085012693897,14,100
injection_electrons_s10x10,260,0.026000000000000002,100031,100031,100031,100031,1.0,1.0,9.998651729884015,10.002966403425807,9.957129879234841,-0.4582293126093817,-0.4152744967111266,0.27795832553092326,3.115178672930501,14,100
injection_electrons_s10x10,270,0.027,100031,100031,100031,100031,1.0,1.0,9.998651729884015,10.004124737679392,10.006537138145958,0.024114058249202763,0.07886471571336706,0.272137080832065,2.9053730059830003,14,100
injection_electrons_s10x10,280,0.028,100031,100031,100031,100031,1.0,1.0,9.998651729884015,10.004248556865404,10.043022675673633,0.38757652399210585,0.4437692899833978,0.2708660857980406,3.2595878172895003,14,100
injection_electrons_s10x10,290,0.029,100031,100031,100031,100031,1.0,1.0,9.998651729884015,10.003382915962508,10.048932490582352,0.45534170792522755,0.5028754081718656,0.2593615513747368,2.9759879944427965,14,100
injection_electrons_s10x10,10,0.001,100031,100031,100031,100031,1.0,1.0,9.998651729884015,10.627126107487726,7.3992682601013255,-30.37376064552482,-25.997339841467227,14.313890078961192,40.4867782736309,16,100
injection_electrons_s10x10,20,0.002,100031,100031,100031,100031,1.0,1.0,9.998651729884015,10.572596738152292,5.473040753879798,-48.23371316027052,-45.26221232886881,11.018972570399526,30.885004783890498,16,100
injection_electrons_s10x10,30,0.003,100031,100031,100031,100031,1.0,1.0,9.998651729884015,10.466905587410539,5.478443244855503,-47.65938032874868,-45.20818013411241,6.692449264840951,18.735947816304,16,100
injection_electrons_s10x10,40,0.004,100031,100031,100031,100031,1.0,1.0,9.998651729884015,10.323405650949255,8.081509776933915,-21.716630633507982,-19.17400470325552,2.6582781218007145,9.669000318616401,16,100
injection_electrons_s10x10,60,0.006,100031,100031,100031,100031,1.0,1.0,9.998651729884015,10.07618470095438,11.906435006419365,18.16412024773255,19.0804053193828,2.2534870922264343,8.223814332382698,16,100
injection_electrons_s10x10,70,0.007,100031,100031,100031,100031,1.0,1.0,9.998651729884015,10.01954290869787,11.943525203232012,19.202296073446124,19.45135730185652,2.211435938809948,6.616340356692001,16,100
injection_electrons_s10x10,80,0.008,100031,100031,100031,100031,1.0,1.0,9.998651729884015,10.000783742159063,11.209827638672708,12.089491460722513,12.113392300371117,1.4229420339403713,7.2127086330946995,16,100
injection_electrons_s10x10,90,0.009000000000000001,100031,100031,100031,100031,1.0,1.0,9.998651729884015,10.004489327434614,10.302086788440478,2.9746391971230635,3.03475975315306,0.7023171884268643,7.128435440057899,16,100
injection_electrons_s10x10,110,0.011000000000000001,100031,100031,100031,100031,1.0,1.0,9.998651729884015,10.029769333751188,9.423844915885804,-6.0412597508737065,-5.748843239336221,0.8416077850253972,5.0192823658466,16,100
injection_electrons_s10x10,120,0.012,100031,100031,100031,100031,1.0,1.0,9.998651729884015,10.033171679560267,9.560526545302423,-4.710824745685594,-4.3818426365639045,0.6594288691133361,6.581046172612,16,100
injection_electrons_s10x10,130,0.013000000000000001,100031,100031,100031,100031,1.0,1.0,9.998651729884015,10.027101913918992,9.864721672407525,-1.6194134946016847,-1.3394811730085499,0.4644181224741823,5.9473223826172,16,100
injection_electrons_s10x10,140,0.014,100031,100031,100031,100031,1.0,1.0,9.998651729884015,10.016351492345395,10.124840842258932,1.08312243231925,1.2620612837004996,0.448817836277917,5.087892474126999,16,100
injection_electrons_s10x10,160,0.016,100031,100031,100031,100031,1.0,1.0,9.998651729884015,10.001173402493045,10.154923854953559,1.5373241346079203,1.5629319761431004,0.37811803085189455,5.424550450475801,16,100
injection_electrons_s10x10,170,0.017,100031,100031,100031,100031,1.0,1.0,9.998651729884015,10.000313366199773,10.016072498535973,0.1575863851373427,0.17423117758856854,0.3455912408875497,5.3836424084766,16,100
injection_electrons_s10x10,180,0.018000000000000002,100031,100031,100031,100031,1.0,1.0,9.998651729884015,10.002842250252922,9.903974487360555,-0.9883967018460837,-0.9469000929444138,0.3570570200192942,4.5037127222059,16,100
injection_electrons_s10x10,190,0.019,100031,100031,100031,100031,1.0,1.0,9.998651729884015,10.00660701933896,9.876783785999477,-1.29737515512085,-1.218843771908762,0.3437215532719536,4.3070882720897,16,100
injection_electrons_s10x10,210,0.021,100031,100031,100031,100031,1.0,1.0,9.998651729884015,10.009508845138704,10.020185642746105,0.10666654850488566,0.21536816606713138,0.31304616072963726,4.3980443218742,16,100
injection_electrons_s10x10,220,0.022000000000000002,100031,100031,100031,100031,1.0,1.0,9.998651729884015,10.007458685967789,10.086340193573465,0.7882271621693748,0.877002880572042,0.3218473073333712,3.7431801649934004,16,100
injection_electrons_s10x10,230,0.023,100031,100031,100031,100031,1.0,1.0,9.998651729884015,10.0044054862864,10.096797741786977,0.9235157014299888,0.9815924642081697,0.30591119523448834,3.4881247178271004,16,100
injection_electrons_s10x10,240,0.024,100031,100031,100031,100031,1.0,1.0,9.998651729884015,10.001716319862323,10.054971466211114,0.5324600763074283,0.5632733077277852,0.2795803837167397,3.3778567733745,16,100
injection_electrons_s10x10,260,0.026000000000000002,100031,100031,100031,100031,1.0,1.0,9.998651729884015,10.00014367652371,9.941784174203583,-0.5835866384313104,-0.5687522399691725,0.2786464394325034,3.3608174435136,16,100
injection_electrons_s10x10,270,0.027,100031,100031,100031,100031,1.0,1.0,9.998651729884015,10.001115391656514,9.929102847425094,-0.7200451290812704,-0.6955826079135585,0.2707047284283088,3.0472194425567,16,100
injection_electrons_s10x10,280,0.028,100031,100031,100031,100031,1.0,1.0,9.998651729884015,10.00245897822228,9.953297396336364,-0.4914949613185504,-0.45360449361483424,0.25426972527835545,2.5719907788860006,16,100
injection_electrons_s10x10,290,0.029,100031,100031,100031,100031,1.0,1.0,9.998651729884015,10.003453895380664,9.996269937728172,-0.0718147724538376,-0.023821133290646834,0.24834960984995819,2.565201054442,16,100
injection_electrons_s10x10,10,0.001,100031,100031,100031,100031,1.0,1.0,9.998651729884015,10.59208187658463,6.964568977059119,-34.247402368977774,-30.344918842973755,13.645176774103929,37.3736039266053,17,100
injection_electrons_s10x10,20,0.002,100031,100031,100031,100031,1.0,1.0,9.998651729884015,10.544003077058473,5.400083238681461,-48.78526495851558,-45.99188586055391,10.71641239689611,29.233745496931896,17,100
injection_electrons_s10x10,30,0.003,100031,100031,100031,100031,1.0,1.0,9.998651729884015,10.450633742444936,5.451250656932112,-47.838085313505715,-45.48014268124382,6.797421927463125,18.5477495708121,17,100
injection_electrons_s10x10,40,0.004,100031,100031,100031,100031,1.0,1.0,9.998651729884015,10.321478771363731,7.77132720771854,-24.707230622034704,-22.276248661691433,2.992472085736247,10.021674177956697,17,100
injection_electrons_s10x10,60,0.006,100031,100031,100031,100031,1.0,1.0,9.998651729884015,10.086152500651174,11.635868393732796,15.364787444782046,16.37437434644773,1.97417607740027,7.849906680437098,17,100
injection_electrons_s10x10,70,0.007,100031,100031,100031,100031,1.0,1.0,9.998651729884015,10.026221285202022,11.90757257473165,18.764310461672817,19.091782536461842,2.1802156796908694,6.544699626077103,17,100
injection_electrons_s10x10,80,0.008,100031,100031,100031,100031,1.0,1.0,9.998651729884015,10.002499387383914,11.370730506610558,13.6788923071806,13.722637949531414,1.576038588518115,5.4061137908023,17,100
injection_electrons_s10x10,90,0.009000000000000001,100031,100031,100031,100031,1.0,1.0,9.998651729884015,10.001753698111928,10.53894316751032,5.370952791007033,5.403642933291497,0.7907797359901543,6.8189372787232,17,100
injection_electrons_s10x10,110,0.011000000000000001,100031,100031,100031,100031,1.0,1.0,9.998651729884015,10.024685385523595,9.489050909008293,-5.343154981090958,-5.096695380964467,0.7904172098061999,4.194517911907798,17,100
injection_electrons_s10x10,120,0.012,100031,100031,100031,100031,1.0,1.0,9.998651729884015,10.031055458329307,9.499486041851325,-5.299237140959001,-4.992329981259191,0.7070623402663855,5.4621613720741,17,100
injection_electrons_s10x10,130,0.013000000000000001,100031,100031,100031,100031,1.0,1.0,9.998651729884015,10.028603197900399,9.737619054047606,-2.9015421002369868,-2.6106787483779814,0.4905743345275578,6.0333535830614,17,100
injection_electrons_s10x10,140,0.014,100031,100031,100031,100031,1.0,1.0,9.998651729884015,10.019949046216613,10.014936697462343,-0.05002369504227833,0.16287163527912707,0.40119066843085327,5.310562552692399,17,100
injection_electrons_s10x10,160,0.016,100031,100031,100031,100031,1.0,1.0,9.998651729884015,10.00308349531012,10.196152227724737,1.9300921811272964,1.9752712983334586,0.38831485400645716,4.7519163025697,17,100
injection_electrons_s10x10,170,0.017,100031,100031,100031,100031,1.0,1.0,9.998651729884015,10.000101986334355,10.094718168495232,0.9461521721495947,0.9607939270861232,0.32785661675530897,5.0663825952807,17,100
injection_electrons_s10x10,180,0.018000000000000002,100031,100031,100031,100031,1.0,1.0,9.998651729884015,10.000837637202586,9.96706556635039,-0.33769242214838346,-0.3159042277592228,0.32156713584522684,4.9090533135281005,17,100
injection_electrons_s10x10,190,0.019,100031,100031,100031,100031,1.0,1.0,9.998651729884015,10.003867655006179,9.88910932813489,-1.1471395946932694,-1.0955717301536216,0.3320930747861411,3.8068292985355,17,100
injection_electrons_s10x10,210,0.021,100031,100031,100031,100031,1.0,1.0,9.998651729884015,10.009006066222305,9.956791450218232,-0.5216763348788844,-0.4186592432324776,0.2886755293455977,4.4573022278345,17,100
injection_electrons_s10x10,220,0.022000000000000002,100031,100031,100031,100031,1.0,1.0,9.998651729884015,10.008560742989577,10.037993286964241,0.2940736908179309,0.3934686210005811,0.294853381409521,4.0821087960355005,17,100
injection_electrons_s10x10,230,0.023,100031,100031,100031,100031,1.0,1.0,9.998651729884015,10.006355234898448,10.089449012795846,0.8304100338912379,0.9080952648891305,0.30139590489390183,3.6560264159491997,17,100
injection_electrons_s10x10,240,0.024,100031,100031,100031,100031,1.0,1.0,9.998651729884015,10.003547579027584,10.08912760470741,0.8554967625609589,0.9048807506014223,0.28354962066439204,3.1089605659175006,17,100
injection_electrons_s10x10,260,0.026000000000000002,100031,100031,100031,100031,1.0,1.0,9.998651729884015,9.999994533605165,9.985895554815094,-0.14098986497133037,-0.12757895177801792,0.2576288753312914,3.3503321448607006,17,100
injection_electrons_s10x10,270,0.027,100031,100031,100031,100031,1.0,1.0,9.998651729884015,9.999997683537794,9.941905741791354,-0.5809195520322219,-0.5675364001634153,0.26368710392480255,3.6218713842551997,17,100
injection_electrons_s10x10,280,0.028,100031,100031,100031,100031,1.0,1.0,9.998651729884015,10.00091944430831,9.931391881002739,-0.6952117122105306,-0.6726891854853756,0.25679433040382416,2.9857769908357,17,100
injection_electrons_s10x10,290,0.029,100031,100031,100031,100031,1.0,1.0,9.998651729884015,10.002172432238293,9.953833478673522,-0.48328454535505605,-0.44824294736199866,0.24158190818399208,2.4756687051143,17,100
injection_electrons_s10x10,10,0.001,100031,100031,100031,100031,1.0,1.0,9.998651729884015,10.532492345689148,6.276246217525354,-40.41062635954192,-37.22907460846066,12.46491160213687,33.8287172989085,19,100
injection_electrons_s10x10,20,0.002,100031,100031,100031,100031,1.0,1.0,9.998651729884015,10.494731488188862,5.276423326488712,-49.723122193007185,-47.228651731927876,10.107367618391933,27.359197608045598,19,100
injection_electrons_s10x10,30,0.003,100031,100031,100031,100031,1.0,1.0,9.998651729884015,10.420695074463246,5.45679610698094,-47.635008336888596,-45.42468070298275,6.858553150311338,18.261547281626598,19,100
injection_electrons_s10x10,40,0.004,100031,100031,100031,100031,1.0,1.0,9.998651729884015,10.314841969207073,7.339994354103633,-28.840457507582386,-26.590158829456723,3.51726800783828,10.532772433276197,19,100
injection_electrons_s10x10,60,0.006,100031,100031,100031,100031,1.0,1.0,9.998651729884015,10.102814479054821,11.091082339580003,9.782104408371172,10.925779187117058,1.412973085887386,8.0735898092319,19,100
injection_electrons_s10x10,70,0.007,100031,100031,100031,100031,1.0,1.0,9.998651729884015,10.03909856136877,11.704677630124188,16.590922567138612,17.062559496308836,1.9762127438526373,6.2133271833378005,19,100
injection_electrons_s10x10,80,0.008,100031,100031,100031,100031,1.0,1.0,9.998651729884015,10.007766567763223,11.524975629624723,15.160316256263396,15.265297171805914,1.7399833072039836,5.040956759502099,19,100
injection_electrons_s10x10,90,0.009000000000000001,100031,100031,100031,100031,1.0,1.0,9.998651729884015,9.999573403612914,10.903915705190391,9.043808821391641,9.053860458012753,1.0729654440351999,5.361177206812201,19,100
injection_electrons_s10x10,110,0.011000000000000001,100031,100031,100031,100031,1.0,1.0,9.998651729884015,10.015698372211927,9.716194607369813,-2.990343296210607,-2.824952104992251,0.59808235157419,5.7675835095398,19,100
injection_electrons_s10x10,120,0.012,100031,100031,100031,100031,1.0,1.0,9.998651729884015,10.025037006672694,9.516136403160496,-5.076296508167221,-4.82580391595574,0.7028973681420804,4.042826810231699,19,100
injection_electrons_s10x10,130,0.013000000000000001,100031,100031,100031,100031,1.0,1.0,9.998651729884015,10.02814863771805,9.583033171814664,-4.438660434581221,-4.156746022337677,0.5887611583247332,4.8144665945917,19,100
injection_electrons_s10x10,140,0.014,100031,100031,100031,100031,1.0,1.0,9.998651729884015,10.02426843464896,9.800791107196162,-2.229362959598602,-1.9788730324158288,0.39961140395741457,4.480877517468899,19,100
injection_electrons_s10x10,160,0.016,100031,100031,100031,100031,1.0,1.0,9.998651729884015,10.007926470597043,10.166450264436703,1.5839823994050928,1.6782116137835867,0.36761712501635263,3.5578651573996,19,100
injection_electrons_s10x10,170,0.017,100031,100031,100031,100031,1.0,1.0,9.998651729884015,10.002061024723261,10.178430684612984,1.7633331715710243,1.7980319705670267,0.3432917145496429,4.0671172415729,19,100
injection_electrons_s10x10,180,0.018000000000000002,100031,100031,100031,100031,1.0,1.0,9.998651729884015,9.999600224042165,10.097348678292501,0.9775236215475713,0.9871025721748028,0.286889659039208,3.9058217671032,19,100
injection_electrons_s10x10,190,0.019,100031,100031,100031,100031,1.0,1.0,9.998651729884015,10.000251612707242,9.98775726809813,-0.12494030243433984,-0.10895930851679836,0.2732022544038561,4.6376990414715005,19,100
injection_electrons_s10x10,210,0.021,100031,100031,100031,100031,1.0,1.0,9.998651729884015,10.0060104906294,9.893595235768398,-1.1234772836414497,-1.0507066047877656,0.28147293731077655,3.7885890632546,19,100
injection_electrons_s10x10,220,0.022000000000000002,100031,100031,100031,100031,1.0,1.0,9.998651729884015,10.00803559047371,9.935041164970718,-0.7293581726715015,-0.636191424921595,0.2571495996173911,3.4538837273286997,19,100
injection_electrons_s10x10,230,0.023,100031,100031,100031,100031,1.0,1.0,9.998651729884015,10.008190041883335,10.003911702892074,-0.04274837881131921,0.052606822901313244,0.25229712341426663,3.6131065937397,19,100
injection_electrons_s10x10,240,0.024,100031,100031,100031,100031,1.0,1.0,9.998651729884015,10.006623296724582,10.063345756307534,0.5668491548144861,0.6470275010195703,0.2644119541457422,3.9616229083044,19,100
injection_electrons_s10x10,260,0.026000000000000002,100031,100031,100031,100031,1.0,1.0,9.998651729884015,10.001690875928569,10.070013422342639,0.6831099587221168,0.7137131523976992,0.24282052517136893,2.8246460194912997,19,100
injection_electrons_s10x10,270,0.027,100031,100031,100031,100031,1.0,1.0,9.998651729884015,9.999991203387776,10.025007694739319,0.250165133576008,0.263595188304544,0.2270538504760421,3.2792675208435,19,100
injection_electrons_s10x10,280,0.028,100031,100031,100031,100031,1.0,1.0,9.998651729884015,9.999380712269327,9.975423167038969,-0.23959028983626673,-0.23231695105071504,0.22981571237325063,3.2831965389511,19,100
injection_electrons_s10x10,290,0.029,100031,100031,100031,100031,1.0,1.0,9.998651729884015,9.99981026437619,9.942571403899068,-0.5723994652281794,-0.560878881472926,0.23572776421649652,3.3148160510857005,19,100
injection_electrons_s10x10,10,0.001,100031,100031,100031,100031,1.0,1.0,9.998651729884015,10.483674302761404,5.805209590342325,-44.626192852889076,-41.94007605053701,11.477555455720793,30.5240548535779,21,100
injection_electrons_s10x10,20,0.002,100031,100031,100031,100031,1.0,1.0,9.998651729884015,10.453047691758238,5.203762539092093,-50.217748043041766,-47.95535758547261,9.531734883821933,25.4281199394754,21,100
injection_electrons_s10x10,30,0.003,100031,100031,100031,100031,1.0,1.0,9.998651729884015,10.393006813381016,5.502944029688566,-47.05147289422042,-44.96313924765134,6.790859394060125,18.069924004041297,21,100
injection_electrons_s10x10,40,0.004,100031,100031,100031,100031,1.0,1.0,9.998651729884015,10.30517562484152,7.086569486135807,-31.23290913108733,-29.124749240385718,3.858037808361622,10.778934675278197,21,100
injection_electrons_s10x10,60,0.006,100031,100031,100031,100031,1.0,1.0,9.998651729884015,10.115885044227767,10.607702306876153,4.861831273270756,6.091327045343564,0.9389435240100366,6.468967157231299,21,100
injection_electrons_s10x10,70,0.007,100031,100031,100031,100031,1.0,1.0,9.998651729884015,10.05158948139092,11.424310709295858,13.656757773945461,14.258512226711794,1.6818236359947614,5.9977349198314,21,100
injection_electrons_s10x10,80,0.008,100031,100031,100031,100031,1.0,1.0,9.998651729884015,10.015281313148492,11.520172960943412,15.025954845813816,15.217264008824994,1.743021773276467,5.0252296386309006,21,100
injection_electrons_s10x10,90,0.009000000000000001,100031,100031,100031,100031,1.0,1.0,9.998651729884015,10.001035854390938,11.120224398939294,11.190726249191263,11.217239077375973,1.2879225608845015,3.9015814936434,21,100
injection_electrons_s10x10,110,0.011000000000000001,100031,100031,100031,100031,1.0,1.0,9.998651729884015,10.008524102420477,9.980789657315809,-0.2771082411437753,-0.17864481182817693,0.42433700886674414,5.1452076422501,21,100
injection_electrons_s10x10,120,0.012,100031,100031,100031,100031,1.0,1.0,9.998651729884015,10.0178312458915,9.646864515780603,-3.7030642761429755,-3.518346509179726,0.5868956865657563,4.1541462309096,21,100
injection_electrons_s10x10,130,0.013000000000000001,100031,100031,100031,100031,1.0,1.0,9.998651729884015,10.024083207536666,9.55747282855767,-4.6548933136166815,-4.412383921801655,0.6191482909505561,3.3282823251690985,21,100
injection_electrons_s10x10,140,0.014,100031,100031,100031,100031,1.0,1.0,9.998651729884015,10.024661755065805,9.661805799308349,-3.619632907555148,-3.368913526299755,0.48413464460404615,3.8554103515358,21,100
injection_electrons_s10x10,160,0.016,100031,100031,100031,100031,1.0,1.0,9.998651729884015,10.012956756419388,10.04844178111864,0.3543910711139464,0.4979676518366283,0.29704984587310485,4.2319849402436,21,100
injection_electrons_s10x10,170,0.017,100031,100031,100031,100031,1.0,1.0,9.998651729884015,10.006216412148799,10.154860999095888,1.4855224075167595,1.5623033328082903,0.32524836531336077,2.9301665465821003,21,100
injection_electrons_s10x10,180,0.018000000000000002,100031,100031,100031,100031,1.0,1.0,9.998651729884015,10.001619619980403,10.160411361697332,1.5876602765386938,1.6178144432198671,0.3040525849800798,2.7527058116374996,21,100
injection_electrons_s10x10,190,0.019,100031,100031,100031,100031,1.0,1.0,9.998651729884015,9.999716975108838,10.091526842709646,0.9181246612213201,0.9288763658808596,0.25405843241973036,3.6581554069082998,21,100
injection_electrons_s10x10,210,0.021,100031,100031,100031,100031,1.0,1.0,9.998651729884015,10.002353896776574,9.925582075502044,-0.7675375423306208,-0.7307950747357239,0.25270366630404334,3.7611349251289004,21,100
injection_electrons_s10x10,220,0.022000000000000002,100031,100031,100031,100031,1.0,1.0,9.998651729884015,10.004910452504763,9.901838285074126,-1.0302157917348786,-0.9682649963747902,0.25296289814633544,2.5207858293978997,21,100
injection_electrons_s10x10,230,0.023,100031,100031,100031,100031,1.0,1.0,9.998651729884015,10.00674921919442,9.927305250462052,-0.7939038642038043,-0.7135610015170601,0.23322689598634835,2.8434902160312996,21,100
injection_electrons_s10x10,240,0.024,100031,100031,100031,100031,1.0,1.0,9.998651729884015,10.007181407366833,9.982490952844019,-0.24672736025987962,-0.1616295624308539,0.2218021388606919,3.5933331884941997,21,100
injection_electrons_s10x10,260,0.026000000000000002,100031,100031,100031,100031,1.0,1.0,9.998651729884015,10.004342279821035,10.074004926455043,0.6963241029299683,0.7536335758731472,0.23721637288615402,3.1072375771551,21,100
injection_electrons_s10x10,270,0.027,100031,100031,100031,100031,1.0,1.0,9.998651729884015,10.002292336920497,10.075450148779591,0.7314104546720213,0.7680877479314674,0.22684472522197188,2.5598014547250996,21,100
injection_electrons_s10x10,280,0.028,100031,100031,100031,100031,1.0,1.0,9.998651729884015,10.000634554169698,10.047619996246915,0.4698246078557844,0.48974869498197293,0.2087657033815648,2.6118591412145022,21,100
injection_electrons_s10x10,290,0.029,100031,100031,100031,100031,1.0,1.0,9.998651729884015,9.99971066112234,10.00519856575375,0.05488063422420808,0.06547718679077441,0.20198242769284705,3.132425790595185,21,100
injection_electrons_s10x10,10,0.001,100031,100031,100031,100031,1.0,1.0,9.998651729884015,10.462272574741547,5.628472036490515,-46.20220419338905,-43.70768991114959,11.031215050351472,29.1781052669985,22,100
injection_electrons_s10x10,20,0.002,100031,100031,100031,100031,1.0,1.0,9.998651729884015,10.434684232427683,5.184699972250709,-50.31282349552746,-48.14600895884137,9.255325071862694,24.4474807951818,22,100
injection_electrons_s10x10,30,0.003,100031,100031,100031,100031,1.0,1.0,9.998651729884015,10.38049406094931,5.534458250857034,-46.684057441184066,-44.6479545405545,6.7302481330113615,17.876519074007504,22,100
injection_electrons_s10x10,40,0.004,100031,100031,100031,100031,1.0,1.0,9.998651729884015,10.300317796212457,7.000511881495442,-32.03596219070436,-29.9854413313319,3.9840924409117386,11.039806840918299,22,100
injection_electrons_s10x10,60,0.006,100031,100031,100031,100031,1.0,1.0,9.998651729884015,10.121436120616174,10.38687573503265,2.6225489273780767,3.8827635528929205,0.7533014507990068,6.233052440560201,22,100
injection_electrons_s10x10,70,0.007,100031,100031,100031,100031,1.0,1.0,9.998651729884015,10.057209880548903,11.270280603462457,12.061702373932626,12.718003466185257,1.5172397220481346,5.640526428642202,22,100
injection_electrons_s10x10,80,0.008,100031,100031,100031,100031,1.0,1.0,9.998651729884015,10.01884358016073,11.478589227222992,14.57000137174358,14.801370597955055,1.7020458809367915,5.3139035631841995,22,100
injection_electrons_s10x10,90,0.009000000000000001,100031,100031,100031,100031,1.0,1.0,9.998651729884015,10.001991656583419,11.184208151280068,11.819810846557743,11.857162879797635,1.3579920339607117,3.9709388160123016,22,100
injection_electrons_s10x10,110,0.011000000000000001,100031,100031,100031,100031,1.0,1.0,9.998651729884015,10.005657982241827,10.108580095138324,1.0286391267737116,1.099431885658686,0.39576204549909283,4.8428128319305,22,100
injection_electrons_s10x10,120,0.012,100031,100031,100031,100031,1.0,1.0,9.998651729884015,10.014630914985652,9.732780995010826,-2.8143815020988283,-2.659065862635801,0.5076851327017184,4.763156454262,22,100
injection_electrons_s10x10,130,0.013000000000000001,100031,100031,100031,100031,1.0,1.0,9.998651729884015,10.02190305487402,9.579653320725757,-4.41283189157552,-4.19054909079345,0.6013483537741495,2.8661225238109,22,100
injection_electrons_s10x10,140,0.014,100031,100031,100031,100031,1.0,1.0,9.998651729884015,10.024342134617955,9.624990769043928,-3.9838161967248875,-3.7371134722423482,0.5188818095912147,2.9877369620395,22,100
injection_electrons_s10x10,160,0.016,100031,100031,100031,100031,1.0,1.0,9.998651729884015,10.015183072062984,9.980580462922026,-0.34550151397112483,-0.18073703785459472,0.2720762635796003,4.2175094060768,22,100
injection_electrons_s10x10,170,0.017,100031,100031,100031,100031,1.0,1.0,9.998651729884015,10.008242955230072,10.116789403913216,1.084570480240199,1.1815360432658295,0.297407901673812,3.7817633018783003,22,100
injection_electrons_s10x10,180,0.018000000000000002,100031,100031,100031,100031,1.0,1.0,9.998651729884015,10.002775601641241,10.162657634984662,1.598376687738412,1.6402802050847098,0.30391546386340057,2.643389570232369,22,100
injection_electrons_s10x10,190,0.019,100031,100031,100031,100031,1.0,1.0,9.998651729884015,9.99976866674627,10.125612487976008,1.2584673248314804,1.269778781398423,0.26257162470650525,2.8914096596981005,22,100
injection_electrons_s10x10,210,0.021,100031,100031,100031,100031,1.0,1.0,9.998651729884015,10.000802404397238,9.960660533036762,-0.4013865061750055,-0.37996319777500176,0.22936690807709625,4.024848418844,22,100
injection_electrons_s10x10,220,0.022000000000000002,100031,100031,100031,100031,1.0,1.0,9.998651729884015,10.00334415550188,9.912292404857405,-0.9102131170244276,-0.8637097016640616,0.2422193092535884,3.4510910682215,22,100
injection_electrons_s10x10,230,0.023,100031,100031,100031,100031,1.0,1.0,9.998651729884015,10.005763218854257,9.911052243423368,-0.9465642286279663,-0.8761129883025021,0.23288155696448323,2.7003024831526004,22,100
injection_electrons_s10x10,240,0.024,100031,100031,100031,100031,1.0,1.0,9.998651729884015,10.007107270896817,9.948885861536654,-0.5818005921599867,-0.4977257903545196,0.21335387584073676,2.7494956852805,22,100
injection_electrons_s10x10,260,0.026000000000000002,100031,100031,100031,100031,1.0,1.0,9.998651729884015,10.005572550211959,10.05214213396976,0.46543647076762173,0.5349761700957245,0.22143541183420307,3.4940593212168,22,100
injection_electrons_s10x10,270,0.027,100031,100031,100031,100031,1.0,1.0,9.998651729884015,10.003505702241245,10.075048505833198,0.715177316047555,0.7640707768713284,0.2240964499333073,3.0349069599099003,22,100
injection_electrons_s10x10,280,0.028,100031,100031,100031,100031,1.0,1.0,9.998651729884015,10.00144467261704,10.067444758302734,0.6599055221131689,0.6880230482787075,0.2105255852353567,2.5265611580449,22,100
injection_electrons_s10x10,290,0.029,100031,100031,100031,100031,1.0,1.0,9.998651729884015,9.999911318163628,10.03615013023463,0.36239133446291927,0.3750345682962397,0.19401163087753134,2.4357677867172,22,100
injection_electrons_s10x10,10,0.001,100031,100031,100031,100031,1.0,1.0,9.998651729884015,10.443221692303807,5.490483791151228,-47.425383153577286,-45.087758435057346,10.614902559434924,28.508978212879303,23,100
injection_electrons_s10x10,20,0.002,100031,100031,100031,100031,1.0,1.0,9.998651729884015,10.418017644732549,5.17769963270486,-50.30052924394157,-48.21602179392119,8.987823401021942,24.098672181012198,23,100
injection_electrons_s10x10,30,0.003,100031,100031,100031,100031,1.0,1.0,9.998651729884015,10.368462577145026,5.568569363700299,-46.29320092281595,-44.306797414926116,6.655530152387234,17.5836786647761,23,100
injection_electrons_s10x10,40,0.004,100031,100031,100031,100031,1.0,1.0,9.998651729884015,10.294623270847772,6.932962048980967,-32.654533666970885,-30.66103074417825,4.084300668000598,11.076572386542399,23,100
injection_electrons_s10x10,60,0.006,100031,100031,100031,100031,1.0,1.0,9.998651729884015,10.125654439676666,10.177405875461794,0.5110922567369558,1.7877824971492595,0.6340400567288582,5.864692412562201,23,100
injection_electrons_s10x10,70,0.007,100031,100031,100031,100031,1.0,1.0,9.998651729884015,10.062366107648497,11.108013923909523,10.391669365580114,11.095117861839721,1.3463995207321278,5.4914775307965,23,100
injection_electrons_s10x10,80,0.008,100031,100031,100031,100031,1.0,1.0,9.998651729884015,10.022867955126417,11.413451895041268,13.874112141760842,14.149909441576924,1.634453869590411,5.391307492006599,23,100
injection_electrons_s10x10,90,0.009000000000000001,100031,100031,100031,100031,1.0,1.0,9.998651729884015,10.004019022580032,11.221545884917406,12.170377321247571,12.230590564309773,1.399734254135899,4.153604968545199,23,100
injection_electrons_s10x10,110,0.011000000000000001,100031,100031,100031,100031,1.0,1.0,9.998651729884015,10.00385860240639,10.236312786420514,2.3236452378306183,2.376931039873864,0.4312185302080467,3.7942787477600994,23,100
injection_electrons_s10x10,120,0.012,100031,100031,100031,100031,1.0,1.0,9.998651729884015,10.011848469822397,9.833718710444941,-1.7791895264333224,-1.6495525986380932,0.42872928206226235,3.9793338467231,23,100
injection_electrons_s10x10,130,0.013000000000000001,100031,100031,100031,100031,1.0,1.0,9.998651729884015,10.019234977604064,9.625562413003644,-3.9291679003476188,-3.731396261810782,0.5601655171483295,3.1359860656139,23,100
injection_electrons_s10x10,140,0.014,100031,100031,100031,100031,1.0,1.0,9.998651729884015,10.02279168039975,9.611272666453551,-4.105832257802511,-3.8743129963479284,0.5347019233005991,3.0862635568920007,23,100
injection_electrons_s10x10,160,0.016,100031,100031,100031,100031,1.0,1.0,9.998651729884015,10.01643113044375,9.911256206925588,-1.0500239271699963,-0.8740730782453299,0.27149744605444265,3.8730419598958,23,100
injection_electrons_s10x10,170,0.017,100031,100031,100031,100031,1.0,1.0,9.998651729884015,10.010076995239814,10.064561384928489,0.5442954106605224,0.6591854264458741,0.26641995334816626,3.2871675149598993,23,100
injection_electrons_s10x10,180,0.018000000000000002,100031,100031,100031,100031,1.0,1.0,9.998651729884015,10.004511683367356,10.1452833570835,1.4070819063580986,1.4665139976946184,0.2916036219167725,2.6033989632827996,23,100
injection_electrons_s10x10,190,0.019,100031,100031,100031,100031,1.0,1.0,9.998651729884015,10.00091940510906,10.143783610927246,1.4285107201764013,1.4515145137964813,0.2711042557349433,2.7294557759852998,23,100
injection_electrons_s10x10,210,0.021,100031,100031,100031,100031,1.0,1.0,9.998651729884015,10.000250405530723,10.001486235576422,0.012357991006051172,0.028348879118733628,0.2097939730815682,3.2404573637558998,23,100
injection_electrons_s10x10,220,0.022000000000000002,100031,100031,100031,100031,1.0,1.0,9.998651729884015,10.002160705049652,9.936532986918724,-0.6561354097999628,-0.6212711937913618,0.22379820977636716,3.2003626573996002,23,100
injection_electrons_s10x10,230,0.023,100031,100031,100031,100031,1.0,1.0,9.998651729884015,10.004376049634557,9.91015186275047,-0.9418297194809022,-0.885118009151542,0.2287930095125352,2.1386722295370992,23,100
injection_electrons_s10x10,240,0.024,100031,100031,100031,100031,1.0,1.0,9.998651729884015,10.005986888441253,9.925389720807493,-0.8054894387965361,-0.7327188810622998,0.2137447015474008,2.759271236995,23,100
injection_electrons_s10x10,260,0.026000000000000002,100031,100031,100031,100031,1.0,1.0,9.998651729884015,10.00573510706293,10.020705640815248,0.14961952912135867,0.22056884795094156,0.20179175521563317,3.1072936765825396,23,100
injection_electrons_s10x10,270,0.027,100031,100031,100031,100031,1.0,1.0,9.998651729884015,10.004220360135426,10.059260603933879,0.5501702463269975,0.6061704686514346,0.21185516518690645,2.9262048278220005,23,100
injection_electrons_s10x10,280,0.028,100031,100031,100031,100031,1.0,1.0,9.998651729884015,10.002445417106628,10.072538732510097,0.7007617885481432,0.7389696593316453,0.210598508883919,2.193388996502799,23,100
injection_electrons_s10x10,290,0.029,100031,100031,100031,100031,1.0,1.0,9.998651729884015,10.000897188581078,10.059041375020904,0.5813897027780124,0.6039778839020515,0.19635917968739597,2.4871835229940005,23,100
injection_electrons_s10x10,10,0.001,100031,100031,100031,100031,1.0,1.0,9.998651729884015,10.424968522674112,5.394371612682577,-48.25527193727329,-46.0490098223958,10.253222072413273,26.999273915092402,24,100
injection_electrons_s10x10,20,0.002,100031,100031,100031,100031,1.0,1.0,9.998651729884015,10.402103455535068,5.184684785559268,-50.15734262092497,-48.14616084623431,8.747514644923106,23.139464610384,24,100
injection_electrons_s10x10,30,0.003,100031,100031,100031,100031,1.0,1.0,9.998651729884015,10.357118539215488,5.606817834184356,-45.865080012794266,-43.92426113386194,6.573687781221558,17.348798255287498,24,100
injection_electrons_s10x10,40,0.004,100031,100031,100031,100031,1.0,1.0,9.998651729884015,10.289426704570305,6.890228133080488,-33.03584027650422,-31.088427527814144,4.147428563051132,11.059542150330397,24,100
injection_electrons_s10x10,60,0.006,100031,100031,100031,100031,1.0,1.0,9.998651729884015,10.129928173944222,10.009322701854535,-1.1905856588391606,0.10672410899787987,0.5736744712440601,6.4503632068096,24,100
injection_electrons_s10x10,70,0.007,100031,100031,100031,100031,1.0,1.0,9.998651729884015,10.067444150602256,10.970214555737025,8.967225361570662,9.71693836429164,1.1989269721258629,6.3969824075720005,24,100
injection_electrons_s10x10,80,0.008,100031,100031,100031,100031,1.0,1.0,9.998651729884015,10.02669002979648,11.348701766721456,13.184926760439698,13.502320845943716,1.567736054662009,4.8517263727060005,24,100
injection_electrons_s10x10,90,0.009000000000000001,100031,100031,100031,100031,1.0,1.0,9.998651729884015,10.005734645920192,11.238990685093023,12.325492158396267,12.405062089540309,1.4219215743857674,3.971402980770499,24,100
injection_electrons_s10x10,110,0.011000000000000001,100031,100031,100031,100031,1.0,1.0,9.998651729884015,10.00180710442874,10.3385851885292,3.3671723577965773,3.3997929703780905,0.48265829542992034,4.5837211973224,24,100
injection_electrons_s10x10,120,0.012,100031,100031,100031,100031,1.0,1.0,9.998651729884015,10.008981736983573,9.922132048515754,-0.8677175236208701,-0.7652999967941554,0.3650594419996378,3.9676602978166997,24,100
injection_electrons_s10x10,130,0.013000000000000001,100031,100031,100031,100031,1.0,1.0,9.998651729884015,10.016672454448114,9.67419261925404,-3.419097876580657,-3.245028623811652,0.5143978794483659,3.4703655439157997,24,100
injection_electrons_s10x10,140,0.014,100031,100031,100031,100031,1.0,1.0,9.998651729884015,10.021517586876392,9.611551138987288,-4.09086193119067,-3.8715278955037458,0.5380940734473576,2.7213166837643,24,100
injection_electrons_s10x10,160,0.016,100031,100031,100031,100031,1.0,1.0,9.998651729884015,10.018059895771765,9.85368147177604,-1.6408209344516145,-1.4498980665031747,0.2874093853168577,3.8386675224360998,24,100
injection_electrons_s10x10,170,0.017,100031,100031,100031,100031,1.0,1.0,9.998651729884015,10.01213892541432,10.013308496735547,0.01168153308639397,0.14658743246078743,0.24128365754105535,3.326942688981801,24,100
injection_electrons_s10x10,180,0.018000000000000002,100031,100031,100031,100031,1.0,1.0,9.998651729884015,10.006216933770016,10.118623693767965,1.1233692087824654,1.1998814152649917,0.2708332423090795,2.9995475675466006,24,100
injection_electrons_s10x10,190,0.019,100031,100031,100031,100031,1.0,1.0,9.998651729884015,10.00177686401308,10.147658424358363,1.4585564378083005,1.4902678731072871,0.2722741072850114,2.532278970006499,24,100
injection_electrons_s10x10,210,0.021,100031,100031,100031,100031,1.0,1.0,9.998651729884015,9.999229188652201,10.038407803896376,0.39181635409095694,0.397614349278097,0.20143429100280397,2.9343235812149,24,100
injection_electrons_s10x10,220,0.022000000000000002,100031,100031,100031,100031,1.0,1.0,9.998651729884015,10.000649524255305,9.966723041292665,-0.3392427949840182,-0.3193299402150518,0.20401832954131793,3.1776268774146,24,100
injection_electrons_s10x10,230,0.023,100031,100031,100031,100031,1.0,1.0,9.998651729884015,10.002918812284667,9.922424940997503,-0.8047038349277447,-0.762370677025237,0.21644101162567567,3.0851893472180003,24,100
injection_electrons_s10x10,240,0.024,100031,100031,100031,100031,1.0,1.0,9.998651729884015,10.005098614627837,9.916775771633157,-0.8827783352934548,-0.8188699883019956,0.21177601399442827,2.5202338248481055,24,100
injection_electrons_s10x10,260,0.026000000000000002,100031,100031,100031,100031,1.0,1.0,9.998651729884015,10.006470918086354,9.991222868702314,-0.15238188876839365,-0.07429862927915698,0.18869474034405428,2.9528596378382397,24,100
injection_electrons_s10x10,270,0.027,100031,100031,100031,100031,1.0,1.0,9.998651729884015,10.005405953880324,10.036123244792567,0.30700694258516403,0.37476567762186885,0.19633783376214065,2.6402580840248002,24,100
injection_electrons_s10x10,280,0.028,100031,100031,100031,100031,1.0,1.0,9.998651729884015,10.003651122763303,10.063830443302164,0.6015735634954611,0.6518750245429805,0.2024505817376198,2.9115191706869004,24,100
injection_electrons_s10x10,290,0.029,100031,100031,100031,100031,1.0,1.0,9.998651729884015,10.001751504628148,10.066962819485589,0.6519989506564405,0.6832030102359221,0.19595787345141394,2.235976185366,24,100
injection_electrons_s10x10,10,0.001,100031,100031,100031,100031,1.0,1.0,9.998651729884015,10.393283177127536,5.268661182397564,-49.30705636894134,-47.306283639717485,9.571657564809403,25.2227382929258,26,100
injection_electrons_s10x10,20,0.002,100031,100031,100031,100031,1.0,1.0,9.998651729884015,10.373915340177145,5.221485051554701,-49.66717116600704,-47.778108562890495,8.27948101040154,21.891366864281203,26,100
injection_electrons_s10x10,30,0.003,100031,100031,100031,100031,1.0,1.0,9.998651729884015,10.335987393380874,5.6884825347816745,-44.9643046350409,-43.10750400696614,6.391048869674078,16.8116462903594,26,100
injection_electrons_s10x10,40,0.004,100031,100031,100031,100031,1.0,1.0,9.998651729884015,10.278244888595875,6.831182482169182,-33.537461344702415,-31.678963657148763,4.2397343999124,11.107549889446599,26,100
injection_electrons_s10x10,60,0.006,100031,100031,100031,100031,1.0,1.0,9.998651729884015,10.135954228300182,9.68955354835995,-4.404130779259596,-3.0913986192781517,0.6668120621045064,4.7284079302604,26,100
injection_electrons_s10x10,70,0.007,100031,100031,100031,100031,1.0,1.0,9.998651729884015,10.076112936428848,10.681363520163275,6.00678642203607,6.828038506819545,0.9003951504907477,5.5998618621962,26,100
injection_electrons_s10x10,80,0.008,100031,100031,100031,100031,1.0,1.0,9.998651729884015,10.034309173559237,11.179170490290605,11.4094682247595,11.806779476859376,1.3876034694994932,4.2991782125762015,26,100
injection_electrons_s10x10,90,0.009000000000000001,100031,100031,100031,100031,1.0,1.0,9.998651729884015,10.010398706213868,11.222955047613038,12.112967494955873,12.24468409145425,1.409681009951438,4.073411451879199,26,100
injection_electrons_s10x10,110,0.011000000000000001,100031,100031,100031,100031,1.0,1.0,9.998651729884015,9.999860793556891,10.525185244471933,5.253317638716726,5.266045151009835,0.6387530151242581,3.2033546062466,26,100
injection_electrons_s10x10,120,0.012,100031,100031,100031,100031,1.0,1.0,9.998651729884015,10.004756523948068,10.109642202637053,1.048358132833349,1.110054392846882,0.3217625965738306,3.6322434581369,26,100
injection_electrons_s10x10,130,0.013000000000000001,100031,100031,100031,100031,1.0,1.0,9.998651729884015,10.011704465145476,9.805860079198533,-2.0560373776869367,-1.9281764771270637,0.39597837056676255,3.8354828368225995,26,100
injection_electrons_s10x10,140,0.014,100031,100031,100031,100031,1.0,1.0,9.998651729884015,10.017611161329306,9.657921601030646,-3.590572188379193,-3.407760746731414,0.49708632513956824,2.7611821616723997,26,100
injection_electrons_s10x10,160,0.016,100031,100031,100031,100031,1.0,1.0,9.998651729884015,10.019071682384132,9.760923294594152,-2.5765699255736907,-2.377604918264531,0.34840925887089785,3.136424695563,26,100
injection_electrons_s10x10,170,0.017,100031,100031,100031,100031,1.0,1.0,9.998651729884015,10.014934004098366,9.907017563941077,-1.0775551802251315,-0.9164652236967274,0.23718934913714354,2.9998888100040006,26,100
injection_electrons_s10x10,180,0.018000000000000002,100031,100031,100031,100031,1.0,1.0,9.998651729884015,10.0095905464422,10.038855789617317,0.29237203099701237,0.40209481057471574,0.22183113793759798,3.3224272420037,26,100
injection_electrons_s10x10,190,0.019,100031,100031,100031,100031,1.0,1.0,9.998651729884015,10.004648956832748,10.118293992916932,1.1359222754794285,1.1965839621689067,0.2488868898211083,2.6892678691954006,26,100
injection_electrons_s10x10,210,0.021,100031,100031,100031,100031,1.0,1.0,9.998651729884015,9.99934622079541,10.096099337809312,0.9675944294506689,0.9746074826673334,0.20947390390105386,2.7443267428616998,26,100
injection_electrons_s10x10,220,0.022000000000000002,100031,100031,100031,100031,1.0,1.0,9.998651729884015,9.999298846499707,10.03201846637668,0.3272191418544068,0.3337123583666557,0.1817868639810387,2.3876441443163,26,100
injection_electrons_s10x10,230,0.023,100031,100031,100031,100031,1.0,1.0,9.998651729884015,10.000574277473389,9.969570240138335,-0.3100225694527503,-0.29085411244759163,0.1844436676227692,3.1721267225056002,26,100
injection_electrons_s10x10,240,0.024,100031,100031,100031,100031,1.0,1.0,9.998651729884015,10.002533436080839,9.930056582810403,-0.7245849637352753,-0.6860439679941543,0.19592462830550744,3.0135734320624,26,100
injection_electrons_s10x10,260,0.026000000000000002,100031,100031,100031,100031,1.0,1.0,9.998651729884015,10.005649128354747,9.944335842151332,-0.6127866909670154,-0.5432321196901291,0.17973992609471848,2.7155816497855,26,100
injection_electrons_s10x10,270,0.027,100031,100031,100031,100031,1.0,1.0,9.998651729884015,10.005864351882638,9.983239889072054,-0.22611202805609132,-0.15413919024599432,0.1713465582222867,2.3338918896516,26,100
injection_electrons_s10x10,280,0.028,100031,100031,100031,100031,1.0,1.0,9.998651729884015,10.005120585960048,10.02401665021759,0.1888639331749653,0.25368340671136913,0.1760639108515514,2.4922774572823996,26,100
injection_electrons_s10x10,290,0.029,100031,100031,100031,100031,1.0,1.0,9.998651729884015,10.003722682006128,10.053158986194667,0.49417907473046085,0.5451460635211403,0.18337587410210307,2.8897653376379,26,100
injection_electrons_s10x10,10,0.001,100031,100031,100031,100031,1.0,1.0,9.998651729884015,10.379421054532807,5.21946416769131,-49.71334007678673,-47.79832012658915,9.23766132798265,23.8239059452331,27,100
injection_electrons_s10x10,20,0.002,100031,100031,100031,100031,1.0,1.0,9.998651729884015,10.361488064293548,5.243674895852495,-49.39264646819809,-47.55618019797434,8.046230585820538,20.940901840579098,27,100
injection_electrons_s10x10,30,0.003,100031,100031,100031,100031,1.0,1.0,9.998651729884015,10.326334211103614,5.731139075645935,-44.49977156963016,-42.680881078028946,6.29385420487913,16.4766409048544,27,100
injection_electrons_s10x10,40,0.004,100031,100031,100031,100031,1.0,1.0,9.998651729884015,10.272642323892633,6.81257178342309,-33.682381137927244,-31.86509574024221,4.276294194327849,11.163746582457101,27,100
injection_electrons_s10x10,60,0.006,100031,100031,100031,100031,1.0,1.0,9.998651729884015,10.138063471971703,9.540033111108608,-5.898861873536754,-4.58680461291282,0.7734016340929241,4.4373465389027,27,100
injection_electrons_s10x10,70,0.007,100031,100031,100031,100031,1.0,1.0,9.998651729884015,10.079744161791291,10.535996931925869,4.526432048385409,5.374176604589942,0.7468016462594237,4.5850210675034,27,100
injection_electrons_s10x10,80,0.008,100031,100031,100031,100031,1.0,1.0,9.998651729884015,10.037787571873064,11.082096372364866,10.403774666621413,10.835907397820922,1.2786632655101091,4.9418615089767,27,100
injection_electrons_s10x10,90,0.009000000000000001,100031,100031,100031,100031,1.0,1.0,9.998651729884015,10.012784096112254,11.1953686324003,11.810746391178228,11.968782740372209,1.3809425690634973,4.670266243531801,27,100
injection_electrons_s10x10,110,0.011000000000000001,100031,100031,100031,100031,1.0,1.0,9.998651729884015,9.999592591101536,10.604349012396323,6.047810606133597,6.057789578788886,0.7173958010174025,3.2261463900536,27,100
injection_electrons_s10x10,120,0.012,100031,100031,100031,100031,1.0,1.0,9.998651729884015,10.003429553707448,10.199266868664159,1.9577017452392598,2.006421907671263,0.34787872818418875,3.2984764765518,27,100
injection_electrons_s10x10,130,0.013000000000000001,100031,100031,100031,100031,1.0,1.0,9.998651729884015,10.009766150815945,9.878244259541715,-1.313935703318203,-1.204237067108016,0.33365534924196133,2.8798036369602995,27,100
injection_electrons_s10x10,140,0.014,100031,100031,100031,100031,1.0,1.0,9.998651729884015,10.01570867064523,9.695933521528811,-3.192736127136353,-3.027590284502446,0.45924290691165015,2.975877573519,27,100
injection_electrons_s10x10,160,0.016,100031,100031,100031,100031,1.0,1.0,9.998651729884015,10.018802268470026,9.729276697087004,-2.8898221925607093,-2.6941135672512995,0.3775434076596377,2.9489743642518,27,100
injection_electrons_s10x10,170,0.017,100031,100031,100031,100031,1.0,1.0,9.998651729884015,10.015544372526879,9.860268618221278,-1.5503476249531634,-1.3840177196005055,0.2546133356271073,3.3495741058085997,27,100
injection_electrons_s10x10,180,0.018000000000000002,100031,100031,100031,100031,1.0,1.0,9.998651729884015,10.010719266979601,9.99517640367282,-0.15526220336683494,-0.03475794842225932,0.20215115824206217,2.6597615683345,27,100
injection_electrons_s10x10,190,0.019,100031,100031,100031,100031,1.0,1.0,9.998651729884015,10.005894075999738,10.091960217444738,0.8601544328901145,0.933210697616782,0.2274693958507573,2.1939137235818,27,100
injection_electrons_s10x10,210,0.021,100031,100031,100031,100031,1.0,1.0,9.998651729884015,10.000006618472375,10.113377438401884,1.1337074489539356,1.1474117872810385,0.21697454444403602,2.193645362943,27,100
injection_electrons_s10x10,220,0.022000000000000002,100031,100031,100031,100031,1.0,1.0,9.998651729884015,9.999450086793265,10.060144336090724,0.6069758713793671,0.6150089818902194,0.18093141727791315,2.9445110726595,27,100
injection_electrons_s10x10,230,0.023,100031,100031,100031,100031,1.0,1.0,9.998651729884015,10.000201979903267,9.996874631243209,-0.033272814556595254,-0.01777338274014939,0.16929953455502675,2.7177459118160003,27,100
injection_electrons_s10x10,240,0.024,100031,100031,100031,100031,1.0,1.0,9.998651729884015,10.001755145042212,9.946879426033183,-0.5486608921458247,-0.5177928509710439,0.18154065221326798,2.3550017575948003,27,100
injection_electrons_s10x10,260,0.026000000000000002,100031,100031,100031,100031,1.0,1.0,9.998651729884015,10.004790862191062,9.931158771259714,-0.735968317035085,-0.6750205972529066,0.17996991512960908,2.0258977399777,27,100
injection_electrons_s10x10,270,0.027,100031,100031,100031,100031,1.0,1.0,9.998651729884015,10.00530741768007,9.961014864336681,-0.44269057905328424,-0.376419406977091,0.16552614821387815,2.6211388925158996,27,100
injection_electrons_s10x10,280,0.028,100031,100031,100031,100031,1.0,1.0,9.998651729884015,10.004961467033768,10.00078925788115,-0.041701401513283276,0.02137816232508083,0.16191418498571192,2.9144311644828655,27,100
injection_electrons_s10x10,290,0.029,100031,100031,100031,100031,1.0,1.0,9.998651729884015,10.00395191985911,10.036667481056153,0.32702637376833543,0.3802087741341831,0.16991386832091265,2.3637486377031003,27,100
injection_electrons_s10x10,10,0.001,100031,100031,100031,100031,1.0,1.0,9.998651729884015,10.36599858106848,5.222874326862629,-49.615328556949514,-47.76421393644026,8.978285749531032,23.5557922092961,28,100
injection_electrons_s10x10,20,0.002,100031,100031,100031,100031,1.0,1.0,9.998651729884015,10.349466738220675,5.285897860375081,-48.92589160314693,-47.13389361711074,7.855923268923038,20.695057131425,28,100
injection_electrons_s10x10,30,0.003,100031,100031,100031,100031,1.0,1.0,9.998651729884015,10.31715090020448,5.776564381244997,-44.01008149322979,-42.22656676819761,6.198693787995151,16.2618532331351,28,100
injection_electrons_s10x10,40,0.004,100031,100031,100031,100031,1.0,1.0,9.998651729884015,10.267447728252646,6.808569486977175,-33.68780959807347,-31.905124101605697,4.278279020323591,11.0603830170028,28,100
injection_electrons_s10x10,60,0.006,100031,100031,100031,100031,1.0,1.0,9.998651729884015,10.140157361936444,9.43159819799883,-6.987654517052788,-5.671299963277776,0.8652424508573157,4.0079767311434,28,100
injection_electrons_s10x10,70,0.007,100031,100031,100031,100031,1.0,1.0,9.998651729884015,10.083295659757693,10.423815036550788,3.377064288138487,4.252206378946499,0.651516467953969,5.396532870304,28,100
injection_electrons_s10x10,80,0.008,100031,100031,100031,100031,1.0,1.0,9.998651729884015,10.041234697309276,10.999304690125314,9.541356433713965,10.007878934822202,1.1947554513106162,4.7209083207386,28,100
injection_electrons_s10x10,90,0.009000000000000001,100031,100031,100031,100031,1.0,1.0,9.998651729884015,10.01516849264319,11.162248863690023,11.453430582715018,11.637540392853607,1.3482107503395973,3.9303378679373004,28,100
injection_electrons_s10x10,110,0.011000000000000001,100031,100031,100031,100031,1.0,1.0,9.998651729884015,9.999176480684856,10.661647687567093,6.625257671588414,6.630853595005348,0.7745458649515116,2.5268874721112,28,100
injection_electrons_s10x10,120,0.012,100031,100031,100031,100031,1.0,1.0,9.998651729884015,10.001916222007344,10.272836762235256,2.7086863578381415,2.742220048846744,0.3934021703488733,3.5167107658273995,28,100
injection_electrons_s10x10,130,0.013000000000000001,100031,100031,100031,100031,1.0,1.0,9.998651729884015,10.0076855621762,9.944684107707689,-0.629530714939952,-0.5397489945072054,0.296236060845273,3.8369333800522,28,100
injection_electrons_s10x10,140,0.014,100031,100031,100031,100031,1.0,1.0,9.998651729884015,10.013760640286304,9.738047072052288,-2.7533469007117506,-2.6063979911694624,0.42112495605970185,3.450778747440105,28,100
injection_electrons_s10x10,160,0.016,100031,100031,100031,100031,1.0,1.0,9.998651729884015,10.018717298162551,9.709829665316759,-3.0831055878025704,-2.8886101083411386,0.39672105475190633,2.5403024438716004,28,100
injection_electrons_s10x10,170,0.017,100031,100031,100031,100031,1.0,1.0,9.998651729884015,10.016432419188813,9.822105706703706,-1.9400791055389055,-1.7656982956276823,0.28042421398528183,3.1915731000187004,28,100
injection_electrons_s10x10,180,0.018000000000000002,100031,100031,100031,100031,1.0,1.0,9.998651729884015,10.01214629298097,9.953217775859322,-0.5885702765146439,-0.45440080574963293,0.20174713086004947,3.0225387474124004,28,100
injection_electrons_s10x10,190,0.019,100031,100031,100031,100031,1.0,1.0,9.998651729884015,10.007339946782837,10.06000571381639,0.5262713899359728,0.613622572221395,0.20862063018844265,3.2365981938522,28,100
injection_electrons_s10x10,210,0.021,100031,100031,100031,100031,1.0,1.0,9.998651729884015,10.000427137268844,10.120173180791369,1.1974092894118993,1.215378374907794,0.22050483449521946,2.1823576099909,28,100
injection_electrons_s10x10,220,0.022000000000000002,100031,100031,100031,100031,1.0,1.0,9.998651729884015,9.99919578073516,10.081752876120506,0.8256373531999817,0.8311235202654199,0.188117647360016,2.7214794970507,28,100
injection_electrons_s10x10,230,0.023,100031,100031,100031,100031,1.0,1.0,9.998651729884015,9.999392517253122,10.024004261376323,0.24613239335025128,0.25355950159293705,0.16547429286612803,2.3626175541757,28,100
injection_electrons_s10x10,240,0.024,100031,100031,100031,100031,1.0,1.0,9.998651729884015,10.00064838379022,9.96971835663671,-0.3092802183070731,-0.28937274773587207,0.16879242401243846,3.1304074220841995,28,100
injection_electrons_s10x10,260,0.026000000000000002,100031,100031,100031,100031,1.0,1.0,9.998651729884015,10.004079695767249,9.92858925276158,-0.7545965776103336,-0.7007192471064183,0.17767684870788755,2.0811142128983997,28,100
injection_electrons_s10x10,270,0.027,100031,100031,100031,100031,1.0,1.0,9.998651729884015,10.005144212539975,9.946428522731209,-0.5868550073988343,-0.5223024920122166,0.16616199261310982,2.6662539410101007,28,100
injection_electrons_s10x10,280,0.028,100031,100031,100031,100031,1.0,1.0,9.998651729884015,10.005353958904914,9.979725376040237,-0.25614868769202603,-0.1892890597160246,0.15762693060676605,2.338671007959401,28,100
injection_electrons_s10x10,290,0.029,100031,100031,100031,100031,1.0,1.0,9.998651729884015,10.00473802398231,10.016125077972369,0.11381661331624215,0.17475704285336846,0.16005753158567665,2.2492079413362003,28,100
injection_electrons_s10x10,10,0.001,100031,100031,100031,100031,1.0,1.0,9.998651729884015,10.35382075242689,5.203068064531628,-49.747361974447436,-47.962303267542815,8.672184028619297,22.2186246067908,29,100
injection_electrons_s10x10,20,0.002,100031,100031,100031,100031,1.0,1.0,9.998651729884015,10.338452828297331,5.317557206425296,-48.56525154449963,-46.81725746550251,7.63584814715183,19.7588328985335,29,100
injection_electrons_s10x10,30,0.003,100031,100031,100031,100031,1.0,1.0,9.998651729884015,10.308416817539486,5.820658958708366,-43.53488938471448,-41.78556153414611,6.096587699587073,15.887143601387603,29,100
injection_electrons_s10x10,40,0.004,100031,100031,100031,100031,1.0,1.0,9.998651729884015,10.262052894535474,6.80189504548869,-33.71798883329974,-31.97187751665401,4.296096326997244,11.190973505064,29,100
injection_electrons_s10x10,60,0.006,100031,100031,100031,100031,1.0,1.0,9.998651729884015,10.141478462131492,9.301760692356908,-8.280033063326108,-6.9698500993312535,0.9934501594988451,4.2351413437404,29,100
injection_electrons_s10x10,70,0.007,100031,100031,100031,100031,1.0,1.0,9.998651729884015,10.086258473444914,10.286406951012934,1.9843679209190501,2.8779402353706685,0.5237572677577941,4.3102309718530005,29,100
injection_electrons_s10x10,80,0.008,100031,100031,100031,100031,1.0,1.0,9.998651729884015,10.044423444907288,10.894943734241096,8.46758695507841,8.964128650248316,1.0743271940298915,4.573032109846897,29,100
injection_electrons_s10x10,90,0.009000000000000001,100031,100031,100031,100031,1.0,1.0,9.998651729884015,10.017643757006764,11.114691475981111,10.951155237547994,11.161902386913546,1.2947372671742168,4.4760384138005005,29,100
injection_electrons_s10x10,110,0.011000000000000001,100031,100031,100031,100031,1.0,1.0,9.998651729884015,9.999379040925692,10.720481708468599,7.211474478480717,7.219273138869053,0.8393308549476179,2.7455218133278,29,100
injection_electrons_s10x10,120,0.012,100031,100031,100031,100031,1.0,1.0,9.998651729884015,10.00107922145788,10.352995825568925,3.5187862861438823,3.543918772826582,0.45748896072235645,3.3671212224398,29,100
injection_electrons_s10x10,130,0.013000000000000001,100031,100031,100031,100031,1.0,1.0,9.998651729884015,10.006114084574914,10.020830923143945,0.14707846067554264,0.2218218401751182,0.26334715971722006,2.876349236335196,29,100
injection_electrons_s10x10,140,0.014,100031,100031,100031,100031,1.0,1.0,9.998651729884015,10.01195422671287,9.790784806160694,-2.2090534529420225,-2.0789495357863896,0.368123254261367,2.9045924836612995,29,100
injection_electrons_s10x10,160,0.016,100031,100031,100031,100031,1.0,1.0,9.998651729884015,10.017999473287235,9.697823704297145,-3.196005049150097,-3.0086859079985206,0.4110147016408092,2.3241197659298,29,100
injection_electrons_s10x10,170,0.017,100031,100031,100031,100031,1.0,1.0,9.998651729884015,10.016569378592962,9.787614228720312,-2.285764129602741,-2.1106595855614585,0.30789265469268984,3.1501497703470003,29,100
injection_electrons_s10x10,180,0.018000000000000002,100031,100031,100031,100031,1.0,1.0,9.998651729884015,10.01294458403961,9.910694503053717,-1.0211789362030155,-0.8796908743947007,0.2074931545103155,3.2271082122293,29,100
injection_electrons_s10x10,190,0.019,100031,100031,100031,100031,1.0,1.0,9.998651729884015,10.008462097344097,10.024139358884305,0.15664006505422545,0.2549106588452643,0.18627292522790637,2.346752193425,29,100
injection_electrons_s10x10,210,0.021,100031,100031,100031,100031,1.0,1.0,9.998651729884015,10.001291615433967,10.121182427610435,1.1987532889397245,1.2254722040192734,0.21974648108371664,2.2050677673369004,29,100
injection_electrons_s10x10,220,0.022000000000000002,100031,100031,100031,100031,1.0,1.0,9.998651729884015,9.99964559637609,10.099026281182306,0.993842070185269,1.0038808632397034,0.1948382827688755,2.2769953659125,29,100
injection_electrons_s10x10,230,0.023,100031,100031,100031,100031,1.0,1.0,9.998651729884015,9.99935426639841,10.049206934682992,0.4985588764677251,0.5056202192529335,0.16339170447200324,2.9225087518213,29,100
injection_electrons_s10x10,240,0.024,100031,100031,100031,100031,1.0,1.0,9.998651729884015,10.000155676231122,9.993213074986706,-0.06942493166299801,-0.05439388273775769,0.15472731219534494,2.6823224132026002,29,100
injection_electrons_s10x10,260,0.026000000000000002,100031,100031,100031,100031,1.0,1.0,9.998651729884015,10.003200329532488,9.929481431628146,-0.736953129756901,-0.6917962553804391,0.17298387465951817,1.9808715275812,29,100
injection_electrons_s10x10,270,0.027,100031,100031,100031,100031,1.0,1.0,9.998651729884015,10.00441459458984,9.934858103771749,-0.6952579799692105,-0.6380222837605198,0.1662125953025071,1.9917600007682994,29,100
injection_electrons_s10x10,280,0.028,100031,100031,100031,100031,1.0,1.0,9.998651729884015,10.004936503454331,9.960141238507962,-0.4477316265915632,-0.38515684330671096,0.15331145697298282,2.440190376993,29,100
injection_electrons_s10x10,290,0.029,100031,100031,100031,100031,1.0,1.0,9.998651729884015,10.004694013734563,9.995078464427438,-0.0961103787274653,-0.03573747294245422,0.14804499502163165,2.8781254793970628,29,100
injection_electrons_s10x10,10,0.001,100031,100031,100031,100031,1.0,1.0,9.998651729884015,10.342165847713511,5.231573497689753,-49.415107292575755,-47.67721049775538,8.457616680803248,21.9853233459665,30,100
injection_electrons_s10x10,20,0.002,100031,100031,100031,100031,1.0,1.0,9.998651729884015,10.327790009806643,5.3676110159907084,-48.02749658064358,-46.31665187469258,7.472614734187065,19.5432149900233,30,100
injection_electrons_s10x10,30,0.003,100031,100031,100031,100031,1.0,1.0,9.998651729884015,10.299896520178638,5.867302504681433,-43.035325712382274,-41.319063177836135,6.005072229829462,15.696564740114301,30,100
injection_electrons_s10x10,40,0.004,100031,100031,100031,100031,1.0,1.0,9.998651729884015,10.256764915870873,6.809739155926966,-33.60733904128123,-31.89342583486544,4.279951034537793,11.030481022592799,30,100
injection_electrons_s10x10,60,0.006,100031,100031,100031,100031,1.0,1.0,9.998651729884015,10.142857841103467,9.222842539989067,-9.070572766839735,-7.759138040344049,1.067884586068466,4.048158493483999,30,100
injection_electrons_s10x10,70,0.007,100031,100031,100031,100031,1.0,1.0,9.998651729884015,10.089335850170512,10.197565673063012,1.0727150379345574,1.9894076576792985,0.4738638123525136,3.9427404509799,30,100
injection_electrons_s10x10,80,0.008,100031,100031,100031,100031,1.0,1.0,9.998651729884015,10.047763102047373,10.822088449539361,7.706445102534398,8.235477561382144,1.0040025678397733,4.1292324788674,30,100
injection_electrons_s10x10,90,0.009000000000000001,100031,100031,100031,100031,1.0,1.0,9.998651729884015,10.020232283355618,11.07565910878775,10.532957675894172,10.771526081709304,1.2571219144506454,3.6924529597156006,30,100
injection_electrons_s10x10,110,0.011000000000000001,100031,100031,100031,100031,1.0,1.0,9.998651729884015,9.999481185135123,10.75466229947033,7.5522029628680265,7.561125139770053,0.8741245371228019,2.653417335421402,30,100
injection_electrons_s10x10,120,0.012,100031,100031,100031,100031,1.0,1.0,9.998651729884015,10.000073734908154,10.406249813890561,4.061730840689015,4.07653046648595,0.5021336789515457,2.3163781976713,30,100
injection_electrons_s10x10,130,0.013000000000000001,100031,100031,100031,100031,1.0,1.0,9.998651729884015,10.004357637765434,10.076160619964279,0.717717066888901,0.7751934178145792,0.2617666747631312,2.6781282459964,30,100
injection_electrons_s10x10,140,0.014,100031,100031,100031,100031,1.0,1.0,9.998651729884015,10.009984497841883,9.833390514406318,-1.7641783908220576,-1.652835001580899,0.33390461071738015,2.6877938225481,30,100
injection_electrons_s10x10,160,0.016,100031,100031,100031,100031,1.0,1.0,9.998651729884015,10.017276022612826,9.694539851885704,-3.221795725690124,-3.041528860230025,0.4160770704549837,2.2528750139737994,30,100
injection_electrons_s10x10,170,0.017,100031,100031,100031,100031,1.0,1.0,9.998651729884015,10.016832732775187,9.765171648954817,-2.512381813034892,-2.335115645956254,0.3281040499056471,2.2408900793437,30,100
injection_electrons_s10x10,180,0.018000000000000002,100031,100031,100031,100031,1.0,1.0,9.998651729884015,10.013983096649692,9.878447779302325,-1.3534606164125829,-1.2022015950652998,0.2235158765694457,2.3726540496199,30,100
injection_electrons_s10x10,190,0.019,100031,100031,100031,100031,1.0,1.0,9.998651729884015,10.009858395045397,9.992917902228488,-0.16923808657767214,-0.05734600834620407,0.17908081414329977,2.3115532623022004,30,100
injection_electrons_s10x10,210,0.021,100031,100031,100031,100031,1.0,1.0,9.998651729884015,10.002207739937901,10.114900421390296,1.1266780733059756,1.1626436708344956,0.2148538994900097,1.9970874902167992,30,100
injection_electrons_s10x10,220,0.022000000000000002,100031,100031,100031,100031,1.0,1.0,9.998651729884015,9.99998559727321,10.107333734759209,1.0734829209681163,1.0869666012104817,0.1995711797843139,1.7780223331752,30,100
injection_electrons_s10x10,230,0.023,100031,100031,100031,100031,1.0,1.0,9.998651729884015,9.999090416605206,10.0675114853635,0.6842729279122217,0.6886904088645895,0.16913276232566504,1.924249546095,30,100
injection_electrons_s10x10,240,0.024,100031,100031,100031,100031,1.0,1.0,9.998651729884015,9.999393083981655,10.014697136323786,0.15304981225958691,0.160475700856888,0.15159608620867024,2.0893743874608703,30,100
injection_electrons_s10x10,260,0.026000000000000002,100031,100031,100031,100031,1.0,1.0,9.998651729884015,10.002166099013666,9.938514126971755,-0.6363818738041815,-0.6014571217889286,0.16580371727917692,1.9816863946394,30,100
injection_electrons_s10x10,270,0.027,100031,100031,100031,100031,1.0,1.0,9.998651729884015,10.003665104454807,9.93333775239653,-0.7030158579274914,-0.6532278476334308,0.16429420719255586,1.7700330510039999,30,100
injection_electrons_s10x10,280,0.028,100031,100031,100031,100031,1.0,1.0,9.998651729884015,10.004654106420926,9.949466939475625,-0.5516149419886651,-0.49191422740914037,0.1538213491940861,1.9219227334977,30,100
injection_electrons_s10x10,290,0.029,100031,100031,100031,100031,1.0,1.0,9.998651729884015,10.004916281299238,9.979068651457892,-0.25834928663680534,-0.19585719110101207,0.14564472146472632,1.9970803644440633,30,100
