family,b_gs,b_t,n_sc_on,n_sc_off,n_all_on,n_all_off,detected_frac_on,detected_frac_off,sigma_initial_mm,sigma_sc_off_mm,sigma_sc_on_mm,expansion_vs_no_sc_pct,expansion_vs_initial_pct,rms_particle_dx_mm,max_abs_particle_dx_mm,mean_initial_mm,mean_sc_on_mm,mean_sc_off_mm,centroid_shift_vs_no_sc_mm,beam,dx_mm,dy_mm,power_kw
injection_electrons,0,0.0,100031,100031,100031,100031,1.0,1.0,9.998651729884015,10.379828896991508,5.279229518450715,-49.1395323483526,-47.20058602829289,9.810050255741308,25.2584267477486,0.025766252849588486,-0.004141695777406749,0.020039787584507224,-0.024181483361913975,injection,0,-10,100
injection_electrons,0,0.0,100031,100031,100031,100031,1.0,1.0,9.998651729884015,10.379828896991508,17.981998551367116,73.23983593389505,79.84423337421023,26.029126773295342,103.4196364744746,0.025766252849588486,-0.013630325049380915,0.020039787584507224,-0.03367011263388814,injection,0,-10,500
injection_electrons,25,0.0025,100031,100031,100031,100031,1.0,1.0,9.998651729884015,10.342234767316242,5.345350438581701,-48.315324890185295,-46.53928766610109,7.372193171732626,19.3548676948926,0.025766252849588486,0.12030102881320608,0.23554379207461643,-0.11524276326141035,injection,0,-10,100
injection_electrons,25,0.0025,100031,100031,100031,100031,1.0,1.0,9.998651729884015,10.342234767316242,10.63320651665128,2.8134320664869428,6.346403534295564,14.988999055925815,66.6695029637692,0.025766252849588486,-0.7536981094357751,0.23554379207461643,-0.9892419015103915,injection,0,-10,500
injection_electrons,50,0.005,100031,100031,100031,100031,1.0,1.0,9.998651729884015,10.205544228923518,8.095217995202868,-20.67823318760187,-19.036904035692693,2.4473158126480254,7.208281689557499,0.025766252849588486,0.07413366084721001,0.25509338775397855,-0.18095972690676854,injection,0,-10,100
injection_electrons,50,0.005,100031,100031,100031,100031,1.0,1.0,9.998651729884015,10.205544228923518,12.925171297236144,26.648525618113883,29.26914194446171,6.352269017882035,29.3137393316317,0.025766252849588486,-0.876594777959767,0.25509338775397855,-1.1316881657137456,injection,0,-10,500
injection_electrons,75,0.007500000000000001,100031,100031,100031,100031,1.0,1.0,9.998651729884015,10.057933554047189,10.800890127634243,7.386771543028314,8.023465757413017,1.008764941838722,5.1944221668204,0.025766252849588486,-0.07140106480963905,0.12354657841522947,-0.19494764322486852,injection,0,-10,100
injection_electrons,75,0.007500000000000001,100031,100031,100031,100031,1.0,1.0,9.998651729884015,10.057933554047189,12.949793008653266,28.7520238532738,29.515392259827067,4.951118078062594,21.9949001035756,0.025766252849588486,-0.7217703197887132,0.12354657841522947,-0.8453168982039426,injection,0,-10,500
injection_electrons,100,0.01,100031,100031,100031,100031,1.0,1.0,9.998651729884015,10.001966999716277,10.986543333601032,9.843827058344456,9.880248161503635,1.1389692541369922,3.271437112390501,0.025766252849588486,-0.1202068401778727,0.03207654458496084,-0.15228338476283354,injection,0,-10,100
injection_electrons,100,0.01,100031,100031,100031,100031,1.0,1.0,9.998651729884015,10.001966999716277,10.571317838153664,5.692388691679717,5.727433295411832,3.012146011129275,13.395895046894097,0.025766252849588486,-0.5332024628070464,0.03207654458496084,-0.5652790073920073,injection,0,-10,500
injection_electrons,125,0.0125,100031,100031,100031,100031,1.0,1.0,9.998651729884015,10.005870578974305,10.055411205873625,0.4951156074656904,0.5676712973206932,0.2978718534459817,3.0899287646796996,0.025766252849588486,-0.043674220983164126,0.05276933463219975,-0.09644355561536389,injection,0,-10,100
injection_electrons,125,0.0125,100031,100031,100031,100031,1.0,1.0,9.998651729884015,10.005870578974305,9.544823461427889,-4.607766149956316,-4.538894650162906,2.0719125976674704,10.0346986968163,0.025766252849588486,-0.3735050879004107,0.05276933463219975,-0.42627442253261044,injection,0,-10,500
injection_electrons,150,0.015000000000000001,100031,100031,100031,100031,1.0,1.0,9.998651729884015,10.018441429766924,9.675859916937279,-3.4195090646711,-3.2283533987084945,0.4584242692714115,2.4079390526952,0.025766252849588486,0.02307940900601806,0.09444227907785374,-0.07136287007183569,injection,0,-10,100
injection_electrons,150,0.015000000000000001,100031,100031,100031,100031,1.0,1.0,9.998651729884015,10.018441429766924,9.848907015426331,-1.6922234414314175,-1.4976490681251176,1.4593918006517443,6.686476038791199,0.025766252849588486,-0.2907647950834616,0.09444227907785374,-0.38520707416131533,injection,0,-10,500
injection_electrons,200,0.02,100031,100031,100031,100031,1.0,1.0,9.998651729884015,10.002645982135835,10.122615617690137,1.1993790020016881,1.239806037404212,0.24301782217053935,2.198066232111099,0.025766252849588486,-0.023213274150784915,0.039832258167737285,-0.0630455323185222,injection,0,-10,100
injection_electrons,200,0.02,100031,100031,100031,100031,1.0,1.0,9.998651729884015,10.002645982135835,10.043534822218318,0.40878023830401844,0.4488914460352156,0.777042535185934,4.540104646046899,0.025766252849588486,-0.2316332530909559,0.039832258167737285,-0.27146551125869317,injection,0,-10,500
injection_electrons,250,0.025,100031,100031,100031,100031,1.0,1.0,9.998651729884015,10.003056293063874,9.922752639777546,-0.8027911763528905,-0.7590932473387602,0.19822402214075746,2.1364210179308003,0.025766252849588486,0.01758891696443838,0.05574875960495592,-0.03815984264051754,injection,0,-10,100
injection_electrons,250,0.025,100031,100031,100031,100031,1.0,1.0,9.998651729884015,10.003056293063874,9.982103911388041,-0.20945979970503625,-0.16550049889743068,0.5337424407288784,3.344610339502701,0.025766252849588486,-0.17535629842763187,0.05574875960495592,-0.2311050580325878,injection,0,-10,500
injection_electrons,300,0.030000000000000002,100031,100031,100031,100031,1.0,1.0,9.998651729884015,10.002929190164041,10.056739192034698,0.5379424451346537,0.5809529496568988,0.18461467268999374,2.1060979979111005,0.025766252849588486,-0.0021546046078893444,0.04827871742847332,-0.050433322036362666,injection,0,-10,100
injection_electrons,300,0.030000000000000002,100031,100031,100031,100031,1.0,1.0,9.998651729884015,10.002929190164041,10.02335477274703,0.20419601293462097,0.24706373949581195,0.4248512645544663,2.670556183691599,0.025766252849588486,-0.1460236710413058,0.04827871742847332,-0.19430238846977912,injection,0,-10,500
injection_electrons,1000,0.1,100031,100031,100031,100031,1.0,1.0,9.998651729884015,9.999261371040484,9.994844692541353,-0.04417004751894327,-0.03807550703345264,0.10464401166978236,1.1746352860861,0.025766252849588486,0.02078502186498567,0.03352014110937424,-0.012735119244388571,injection,0,-10,100
injection_electrons,1000,0.1,100031,100031,100031,100031,1.0,1.0,9.998651729884015,9.999261371040484,9.996794721615142,-0.024668316326703632,-0.018572586775100763,0.12999695839540018,1.3769174405978999,0.025766252849588486,-0.022574320720266973,0.03352014110937424,-0.056094461829641215,injection,0,-10,500
injection_electrons,0,0.0,100031,100031,100031,100031,1.0,1.0,9.998651729884015,10.383366003279383,5.290044743319512,-49.05269888734776,-47.09241919579414,9.861770991450273,26.2162406225105,0.025766252849588486,-0.004462237191799813,0.01997705371129369,-0.0244392909030935,injection,0,-9,100
injection_electrons,0,0.0,100031,100031,100031,100031,1.0,1.0,9.998651729884015,10.383366003279383,18.065285941559296,73.98294479703142,80.67721958517356,26.110256884255897,103.7276340360895,0.025766252849588486,-0.013199912067331357,0.01997705371129369,-0.03317696577862504,injection,0,-9,500
injection_electrons,25,0.0025,100031,100031,100031,100031,1.0,1.0,9.998651729884015,10.344975605530191,5.341825255255994,-48.36309471430388,-46.574544252898384,7.389583513491042,19.3548676948926,0.025766252849588486,0.1200276441325143,0.23741014078147696,-0.11738249664896266,injection,0,-9,100
injection_electrons,25,0.0025,100031,100031,100031,100031,1.0,1.0,9.998651729884015,10.344975605530191,10.656202194704932,3.0084806484064197,6.576391323398401,14.960711168929317,66.5081396187727,0.025766252849588486,-0.764036414723528,0.23741014078147696,-1.001446555505005,injection,0,-9,500
injection_electrons,50,0.005,100031,100031,100031,100031,1.0,1.0,9.998651729884015,10.20587539119592,8.122736181954654,-20.411176203839243,-18.761685061222966,2.4155454460549244,6.974499731766603,0.025766252849588486,0.0717571020480186,0.25545276412993084,-0.18369566208191224,injection,0,-9,100
injection_electrons,50,0.005,100031,100031,100031,100031,1.0,1.0,9.998651729884015,10.20587539119592,12.995162073708807,27.33020515730633,29.969144088385512,6.366134818454104,29.3137393316317,0.025766252849588486,-0.8856494513981737,0.25545276412993084,-1.1411022155281045,injection,0,-9,500
injection_electrons,75,0.007500000000000001,100031,100031,100031,100031,1.0,1.0,9.998651729884015,10.05702513305778,10.829344665428694,7.67940342350617,8.308049504933756,1.037148308642838,5.1944221668204,0.025766252849588486,-0.07447447872086331,0.12177379657986183,-0.19624827530072514,injection,0,-9,100
injection_electrons,75,0.007500000000000001,100031,100031,100031,100031,1.0,1.0,9.998651729884015,10.05702513305778,12.946988509262885,28.735767664591982,29.487343484190642,4.959568604481909,21.6443822373575,0.025766252849588486,-0.7270333066681289,0.12177379657986183,-0.8488071032479908,injection,0,-9,500
injection_electrons,100,0.01,100031,100031,100031,100031,1.0,1.0,9.998651729884015,10.001672618896182,10.981836618458214,9.800000828963418,9.833174663296361,1.1331380556171038,3.271437112390501,0.025766252849588486,-0.1209230820595575,0.03141069607477823,-0.15233377813433574,injection,0,-9,100
injection_electrons,100,0.01,100031,100031,100031,100031,1.0,1.0,9.998651729884015,10.001672618896182,10.529664010511999,5.279030935468554,5.3108388508111615,3.0048008038141805,13.395895046894097,0.025766252849588486,-0.5345832141710307,0.03141069607477823,-0.5659939102458089,injection,0,-9,500
injection_electrons,125,0.0125,100031,100031,100031,100031,1.0,1.0,9.998651729884015,10.0063039001354,10.038397280934259,0.3207316219770773,0.39750910546720863,0.3013817384745608,3.0899287646796996,0.025766252849588486,-0.04258550224132948,0.05434585252320135,-0.09693135476453082,injection,0,-9,100
injection_electrons,125,0.0125,100031,100031,100031,100031,1.0,1.0,9.998651729884015,10.0063039001354,9.53993601563444,-4.66074076057843,-4.587775698583075,2.076762304173172,10.0346986968163,0.025766252849588486,-0.374183208926924,0.05434585252320135,-0.42852906145012537,injection,0,-9,500
injection_electrons,150,0.015000000000000001,100031,100031,100031,100031,1.0,1.0,9.998651729884015,10.018770593192519,9.673273943692424,-3.4484934681990875,-3.2542166182176424,0.45963396722106625,2.4385462708276,0.025766252849588486,0.02316102522486798,0.09541965205116211,-0.07225862682629414,injection,0,-9,100
injection_electrons,150,0.015000000000000001,100031,100031,100031,100031,1.0,1.0,9.998651729884015,10.018770593192519,9.864235378107628,-1.5424568678106487,-1.344344771752004,1.4573319835295868,6.941225196760598,0.025766252849588486,-0.2913575241827525,0.09541965205116211,-0.3867771762339146,injection,0,-9,500
injection_electrons,200,0.02,100031,100031,100031,100031,1.0,1.0,9.998651729884015,10.002369255623913,10.124640743760787,1.22242525757712,1.2600600288958486,0.2438536783297645,2.198066232111099,0.025766252849588486,-0.023828732054363606,0.03857518905376551,-0.06240392110812912,injection,0,-9,100
injection_electrons,200,0.02,100031,100031,100031,100031,1.0,1.0,9.998651729884015,10.002369255623913,10.038350039551293,0.35972261179169074,0.3970366279348214,0.7771073636347028,4.540104646046899,0.025766252849588486,-0.23398138898389004,0.03857518905376551,-0.27255657803765554,injection,0,-9,500
injection_electrons,250,0.025,100031,100031,100031,100031,1.0,1.0,9.998651729884015,10.003297215870779,9.921535978584348,-0.8173428772736302,-0.7712614998798606,0.19918183875572448,2.0927239018917,0.025766252849588486,0.017970021828153347,0.05717435914789952,-0.03920433731974617,injection,0,-9,100
injection_electrons,250,0.025,100031,100031,100031,100031,1.0,1.0,9.998651729884015,10.003297215870779,9.98692671731878,-0.16365102624388284,-0.11726593626809612,0.5340475122790258,3.344610339502701,0.025766252849588486,-0.17637140081485064,0.05717435914789952,-0.23354575996275018,injection,0,-9,500
injection_electrons,300,0.030000000000000002,100031,100031,100031,100031,1.0,1.0,9.998651729884015,10.00277287354463,10.058870530042546,0.5608210563921023,0.6022692037422228,0.1858859112119065,2.2245031421579995,0.025766252849588486,-0.0032430662728635162,0.046910058055273346,-0.050153124328136865,injection,0,-9,100
injection_electrons,300,0.030000000000000002,100031,100031,100031,100031,1.0,1.0,9.998651729884015,10.00277287354463,10.019517663881427,0.16740148505303143,0.20868747668294496,0.4242885745422308,2.670556183691599,0.025766252849588486,-0.14667585555603463,0.046910058055273346,-0.19358591361130797,injection,0,-9,500
injection_electrons,1000,0.1,100031,100031,100031,100031,1.0,1.0,9.998651729884015,9.999134865298553,9.994266161677189,-0.04869124866252461,-0.043861595796146347,0.10484957159724181,1.2737221343976985,0.025766252849588486,0.021417387143256236,0.033289015809857596,-0.01187162866660136,injection,0,-9,100
injection_electrons,1000,0.1,100031,100031,100031,100031,1.0,1.0,9.998651729884015,9.999134865298553,9.996943211226666,-0.021918436958900944,-0.01708749042875768,0.13037945538896767,1.5329956998454,0.025766252849588486,-0.022927638959804403,0.033289015809857596,-0.056216654769662,injection,0,-9,500
injection_electrons,0,0.0,100031,100031,100031,100031,1.0,1.0,9.998651729884015,10.386849453877664,5.304347542103217,-48.93208411600713,-46.94937192132056,9.916306641224724,26.2162406225105,0.025766252849588486,-0.004669721630940483,0.019759085508357678,-0.02442880713929816,injection,0,-8,100
injection_electrons,0,0.0,100031,100031,100031,100031,1.0,1.0,9.998651729884015,10.386849453877664,18.148592474909908,74.72663443807397,81.51039725353482,26.191060162022204,104.17592562801039,0.025766252849588486,-0.013053416113992123,0.019759085508357678,-0.032812501622349804,injection,0,-8,500
injection_electrons,25,0.0025,100031,100031,100031,100031,1.0,1.0,9.998651729884015,10.347719610068607,5.339041961248862,-48.40368542597703,-46.60238094610787,7.406902464350554,18.9570737702182,0.025766252849588486,0.11988880803805602,0.23890859585048888,-0.11901978781243286,injection,0,-8,100
injection_electrons,25,0.0025,100031,100031,100031,100031,1.0,1.0,9.998651729884015,10.347719610068607,10.681080833702232,3.2215911929934338,6.8252112610200255,14.93500352770067,66.5081396187727,0.025766252849588486,-0.7758546752547777,0.23890859585048888,-1.0147632711052665,injection,0,-8,500
injection_electrons,50,0.005,100031,100031,100031,100031,1.0,1.0,9.998651729884015,10.206083670478483,8.15107805778086,-20.135104502835034,-18.47822808530394,2.3822790624007943,6.932721480831201,0.025766252849588486,0.06938461215136728,0.2558975961799294,-0.18651298402856215,injection,0,-8,100
injection_electrons,50,0.005,100031,100031,100031,100031,1.0,1.0,9.998651729884015,10.206083670478483,13.065186584281562,28.01371227313325,30.669483618799063,6.3820730512619415,29.768979996310897,0.025766252849588486,-0.8968734348267433,0.2558975961799294,-1.1527710310066728,injection,0,-8,500
injection_electrons,75,0.007500000000000001,100031,100031,100031,100031,1.0,1.0,9.998651729884015,10.05615008648895,10.858630418871744,7.979995579630184,8.600946529794818,1.0671837788572394,5.1944221668204,0.025766252849588486,-0.07816365904221537,0.12038259343036133,-0.19854625247257668,injection,0,-8,100
injection_electrons,75,0.007500000000000001,100031,100031,100031,100031,1.0,1.0,9.998651729884015,10.05615008648895,12.941563197135363,28.69301955350827,29.43308304714285,4.965255426412181,21.6443822373575,0.025766252849588486,-0.7328149389750285,0.12038259343036133,-0.8531975324053898,injection,0,-8,500
injection_electrons,100,0.01,100031,100031,100031,100031,1.0,1.0,9.998651729884015,10.001551649497591,10.976011901962375,9.74309073846291,9.7749196439878,1.1259946134083267,3.271437112390501,0.025766252849588486,-0.1218375431078229,0.030737885952227414,-0.1525754290600503,injection,0,-8,100
injection_electrons,100,0.01,100031,100031,100031,100031,1.0,1.0,9.998651729884015,10.001551649497591,10.49174363961831,4.901159413053113,4.9315840080772055,2.997504265156505,13.704711489499598,0.025766252849588486,-0.5361999532276787,0.030737885952227414,-0.566937839179906,injection,0,-8,500
injection_electrons,125,0.0125,100031,100031,100031,100031,1.0,1.0,9.998651729884015,10.006689761826221,10.020326624568625,0.13627746104836191,0.2167781743995345,0.30541836456305277,3.0899287646796996,0.025766252849588486,-0.04086937553224359,0.05554223015761383,-0.09641160568985742,injection,0,-8,100
injection_electrons,125,0.0125,100031,100031,100031,100031,1.0,1.0,9.998651729884015,10.006689761826221,9.535797616679236,-4.705773401143665,-4.629165268567148,2.0816352365168,10.0346986968163,0.025766252849588486,-0.3751770314130121,0.05554223015761383,-0.43071926157062596,injection,0,-8,500
injection_electrons,150,0.015000000000000001,100031,100031,100031,100031,1.0,1.0,9.998651729884015,10.018961723108763,9.671158519044212,-3.4714495740845286,-3.275373717248198,0.4604192374495807,2.4385462708276,0.025766252849588486,0.023875856941930357,0.09631162836744296,-0.07243577142551261,injection,0,-8,100
injection_electrons,150,0.015000000000000001,100031,100031,100031,100031,1.0,1.0,9.998651729884015,10.018961723108763,9.87838641239903,-1.403092601756295,-1.2028153468485736,1.4559441587029742,6.941225196760598,0.025766252849588486,-0.29283971547680976,0.09631162836744296,-0.3891513438442527,injection,0,-8,500
injection_electrons,200,0.02,100031,100031,100031,100031,1.0,1.0,9.998651729884015,10.00223908355223,10.126422990651726,1.2415610750967199,1.2778849010794957,0.2447723444398264,2.198066232111099,0.025766252849588486,-0.025065108136257903,0.03750823208289196,-0.06257334021914987,injection,0,-8,100
injection_electrons,200,0.02,100031,100031,100031,100031,1.0,1.0,9.998651729884015,10.00223908355223,10.0333558145306,0.31109765242003373,0.3470876432555503,0.7766016430523845,4.540104646046899,0.025766252849588486,-0.23516402888208554,0.03750823208289196,-0.2726722609649775,injection,0,-8,500
injection_electrons,250,0.025,100031,100031,100031,100031,1.0,1.0,9.998651729884015,10.003461486361779,9.92068499293686,-0.8274785036936794,-0.7797725038679815,0.1991607132944985,2.0927239018917,0.025766252849588486,0.01875710204048314,0.058308031923161745,-0.03955092988267861,injection,0,-8,100
injection_electrons,250,0.025,100031,100031,100031,100031,1.0,1.0,9.998651729884015,10.003461486361779,9.991707367750921,-0.11750051346609558,-0.06945298546942036,0.5339993278611485,3.344610339502701,0.025766252849588486,-0.1768842300970753,0.058308031923161745,-0.23519226202023705,injection,0,-8,500
injection_electrons,300,0.030000000000000002,100031,100031,100031,100031,1.0,1.0,9.998651729884015,10.002633695224416,10.060717965969367,0.5806897714617065,0.6207460541889587,0.1862110447350423,2.2245031421579995,0.025766252849588486,-0.004576623396599035,0.04589710427167607,-0.050473727668275105,injection,0,-8,100
injection_electrons,300,0.030000000000000002,100031,100031,100031,100031,1.0,1.0,9.998651729884015,10.002633695224416,10.015533350534936,0.1289625882899159,0.16883897056305663,0.42376386961885243,2.670556183691599,0.025766252849588486,-0.14787316460927957,0.04589710427167607,-0.19377026888095564,injection,0,-8,500
injection_electrons,1000,0.1,100031,100031,100031,100031,1.0,1.0,9.998651729884015,9.999125877183628,9.993987257530215,-0.05139068871149455,-0.04665101335472599,0.10465804278012293,1.2737221343976985,0.025766252849588486,0.021975750888957108,0.03316934668542777,-0.011193595796470664,injection,0,-8,100
injection_electrons,1000,0.1,100031,100031,100031,100031,1.0,1.0,9.998651729884015,9.999125877183628,9.997324772724049,-0.01801261911992258,-0.013271360937594512,0.13016610654666116,1.5329956998454,0.025766252849588486,-0.023015491244575206,0.03316934668542777,-0.05618483793000298,injection,0,-8,500
injection_electrons,0,0.0,100031,100031,100031,100031,1.0,1.0,9.998651729884015,10.390420294113673,5.323251843816477,-48.76769473096119,-46.76030341264594,9.979094638578603,26.2162406225105,0.025766252849588486,-0.00472383800752461,0.019478235048209586,-0.024202073055734196,injection,0,-7,100
injection_electrons,0,0.0,100031,100031,100031,100031,1.0,1.0,9.998651729884015,10.390420294113673,18.229988980432456,75.44996703126643,82.32447206803477,26.270369068422028,105.19313141616999,0.025766252849588486,-0.011830569439690741,0.019478235048209586,-0.03130880448790033,injection,0,-7,500
injection_electrons,25,0.0025,100031,100031,100031,100031,1.0,1.0,9.998651729884015,10.350367690740143,5.336987311735652,-48.436737020363665,-46.62293021183606,7.426951470150072,19.7814144413997,0.025766252849588486,0.11956242969394539,0.24054033673388114,-0.12097790703993576,injection,0,-7,100
injection_electrons,25,0.0025,100031,100031,100031,100031,1.0,1.0,9.998651729884015,10.350367690740143,10.70456898397569,3.4221131443709973,7.060124436396031,14.908801619381759,66.5081396187727,0.025766252849588486,-0.7869620091358009,0.24054033673388114,-1.0275023458696821,injection,0,-7,500
injection_electrons,50,0.005,100031,100031,100031,100031,1.0,1.0,9.998651729884015,10.206485499219724,8.183273452786624,-19.822808219222697,-18.156230721303956,2.343018169918949,6.932721480831201,0.025766252849588486,0.06690384956764112,0.2563780362375008,-0.18947418666985966,injection,0,-7,100
injection_electrons,50,0.005,100031,100031,100031,100031,1.0,1.0,9.998651729884015,10.206485499219724,13.135620156879542,28.69875882235611,31.37391432106531,6.398318328256164,29.768979996310897,0.025766252849588486,-0.907174958167595,0.2563780362375008,-1.1635529944050957,injection,0,-7,500
injection_electrons,75,0.007500000000000001,100031,100031,100031,100031,1.0,1.0,9.998651729884015,10.055228351751587,10.891012449696772,8.311935529535685,8.924810503656854,1.1019471171008386,5.1944221668204,0.025766252849588486,-0.08166605194274264,0.11884434802058881,-0.20051039996333145,injection,0,-7,100
injection_electrons,75,0.007500000000000001,100031,100031,100031,100031,1.0,1.0,9.998651729884015,10.055228351751587,12.934813715711167,28.637692384757884,29.36557913154969,4.971370870016475,21.6443822373575,0.025766252849588486,-0.7379313607259035,0.11884434802058881,-0.8567757087464923,injection,0,-7,500
injection_electrons,100,0.01,100031,100031,100031,100031,1.0,1.0,9.998651729884015,10.001268184771767,10.968845128922688,9.674542530758078,9.703242249542043,1.117152982174611,3.2833693285061996,0.025766252849588486,-0.12230243062821956,0.030047245072214075,-0.15234967570043365,injection,0,-7,100
injection_electrons,100,0.01,100031,100031,100031,100031,1.0,1.0,9.998651729884015,10.001268184771767,10.451805480773833,4.504801667933145,4.532148564945304,2.9909751008317507,13.704711489499598,0.025766252849588486,-0.5368901029476337,0.030047245072214075,-0.5669373480198479,injection,0,-7,500
injection_electrons,125,0.0125,100031,100031,100031,100031,1.0,1.0,9.998651729884015,10.007075727183821,10.001117519880644,-0.05953994419161113,0.02466122496556089,0.3118560460904542,3.9082267626138996,0.025766252849588486,-0.03866388111727499,0.05691254857546586,-0.09557642969274086,injection,0,-7,100
injection_electrons,125,0.0125,100031,100031,100031,100031,1.0,1.0,9.998651729884015,10.007075727183821,9.531657963555238,-4.7508160884315975,-4.670567381930346,2.085481847567474,9.843497406816002,0.025766252849588486,-0.37593008597412897,0.05691254857546586,-0.4328426345495948,injection,0,-7,500
injection_electrons,150,0.015000000000000001,100031,100031,100031,100031,1.0,1.0,9.998651729884015,10.019315892199097,9.669317994357174,-3.4932314901302552,-3.2937814459776282,0.46072022804754675,3.0086019083982007,0.025766252849588486,0.024043161263946185,0.09722782103027253,-0.07318465976632635,injection,0,-7,100
injection_electrons,150,0.015000000000000001,100031,100031,100031,100031,1.0,1.0,9.998651729884015,10.019315892199097,9.892932001318684,-1.2614023975310973,-1.0573398436246717,1.4546601726589037,6.941225196760598,0.025766252849588486,-0.2949457747043848,0.09722782103027253,-0.3921735957346574,injection,0,-7,500
injection_electrons,200,0.02,100031,100031,100031,100031,1.0,1.0,9.998651729884015,10.001950506555938,10.127645559353091,1.256705406758063,1.2901122366682616,0.24494067064504985,2.5485252253221,0.025766252849588486,-0.02574371118373286,0.03637605701993278,-0.062119768203665646,injection,0,-7,100
injection_electrons,200,0.02,100031,100031,100031,100031,1.0,1.0,9.998651729884015,10.001950506555938,10.029118322204184,0.27162517581384993,0.30470700593669964,0.7763090302888478,4.2892440591777,0.025766252849588486,-0.23608634946141516,0.03637605701993278,-0.27246240648134795,injection,0,-7,500
injection_electrons,250,0.025,100031,100031,100031,100031,1.0,1.0,9.998651729884015,10.003712244988339,9.9205135784812,-0.8316779258501716,-0.7814868795687269,0.1989684017102634,2.1235288800240997,0.025766252849588486,0.019055957352557044,0.059579671985786384,-0.04052371463322934,injection,0,-7,100
injection_electrons,250,0.025,100031,100031,100031,100031,1.0,1.0,9.998651729884015,10.003712244988339,9.996021838500614,-0.07687552679834786,-0.026302460116112147,0.5347073161829464,3.344610339502701,0.025766252849588486,-0.17788930414854304,0.059579671985786384,-0.23746897613432943,injection,0,-7,500
injection_electrons,300,0.030000000000000002,100031,100031,100031,100031,1.0,1.0,9.998651729884015,10.00247373254946,10.061870363303806,0.5938194125025387,0.6322715814857549,0.18637357277166125,2.4243555072658998,0.025766252849588486,-0.005605852103294541,0.04466864214088574,-0.05027449424418028,injection,0,-7,100
injection_electrons,300,0.030000000000000002,100031,100031,100031,100031,1.0,1.0,9.998651729884015,10.00247373254946,10.012231695795085,0.09755549983472278,0.13581797104185167,0.42303861196359205,2.857769424433002,0.025766252849588486,-0.14835814757126087,0.04466864214088574,-0.1930267897121466,injection,0,-7,500
injection_electrons,1000,0.1,100031,100031,100031,100031,1.0,1.0,9.998651729884015,9.99879944621234,9.993924157879158,-0.04875873708046763,-0.047282094952127984,0.10566626262495964,1.2737221343976985,0.025766252849588486,0.022567397831050752,0.03314180458259236,-0.010574406751541608,injection,0,-7,100
injection_electrons,1000,0.1,100031,100031,100031,100031,1.0,1.0,9.998651729884015,9.99879944621234,9.997710270013258,-0.010893069762440977,-0.009415868220952195,0.12998497892304667,1.5329956998454,0.025766252849588486,-0.023165750745133943,0.03314180458259236,-0.0563075553277263,injection,0,-7,500
injection_electrons,0,0.0,100031,100031,100031,100031,1.0,1.0,9.998651729884015,10.394056461684581,5.345284866075864,-48.573640274323225,-46.53994347958083,10.047944806003995,26.5532784860451,0.025766252849588486,-0.0055171736265756865,0.019745520104641427,-0.025262693731217114,injection,0,-6,100
injection_electrons,0,0.0,100031,100031,100031,100031,1.0,1.0,9.998651729884015,10.394056461684581,18.312192163292625,76.17945631521748,83.14661474367652,26.349974339420324,105.2411727431002,0.025766252849588486,-0.01271322521774206,0.019745520104641427,-0.032458745322383485,injection,0,-6,500
injection_electrons,25,0.0025,100031,100031,100031,100031,1.0,1.0,9.998651729884015,10.35336741352541,5.334905949747767,-48.47177988894353,-46.643746638331486,7.449042439070265,19.7814144413997,0.025766252849588486,0.11904726365584767,0.2421158067866844,-0.12306854313083673,injection,0,-6,100
injection_electrons,25,0.0025,100031,100031,100031,100031,1.0,1.0,9.998651729884015,10.35336741352541,10.729681207638714,3.634699504836436,7.311280535652576,14.882661370892622,66.5081396187727,0.025766252849588486,-0.7983941885105665,0.2421158067866844,-1.040509995297251,injection,0,-6,500
injection_electrons,50,0.005,100031,100031,100031,100031,1.0,1.0,9.998651729884015,10.206774381484845,8.21847664856362,-19.48017717064473,-17.80415129371693,2.2982714761580367,6.8220146648375,0.025766252849588486,0.064218809333413,0.25631853754360784,-0.19209972821019483,injection,0,-6,100
injection_electrons,50,0.005,100031,100031,100031,100031,1.0,1.0,9.998651729884015,10.206774381484845,13.202682442745152,29.352153278658765,32.0446276099898,6.414469697602982,29.8250381721314,0.025766252849588486,-0.9166095608188736,0.25631853754360784,-1.1729280983624815,injection,0,-6,500
injection_electrons,75,0.007500000000000001,100031,100031,100031,100031,1.0,1.0,9.998651729884015,10.054076967037593,10.926510773006815,8.67741324071325,9.279841604539651,1.1397860977876944,5.1944221668204,0.025766252849588486,-0.08520557610984877,0.11726975392280811,-0.20247533003265689,injection,0,-6,100
injection_electrons,75,0.007500000000000001,100031,100031,100031,100031,1.0,1.0,9.998651729884015,10.054076967037593,12.926604727074286,28.570775511807888,29.28347817575436,4.975256404513042,21.6443822373575,0.025766252849588486,-0.7427908749927338,0.11726975392280811,-0.8600606289155419,injection,0,-6,500
injection_electrons,100,0.01,100031,100031,100031,100031,1.0,1.0,9.998651729884015,10.000992461956004,10.960246456709626,9.591588018915576,9.61724393251535,1.1069420733378537,3.2833693285061996,0.025766252849588486,-0.12313538528306314,0.029864907857122095,-0.15300029314018523,injection,0,-6,100
injection_electrons,100,0.01,100031,100031,100031,100031,1.0,1.0,9.998651729884015,10.000992461956004,10.413093937195903,4.120605797949972,4.144980928510611,2.9844998623772407,13.3213380663487,0.025766252849588486,-0.5368503640772275,0.029864907857122095,-0.5667152719343497,injection,0,-6,500
injection_electrons,125,0.0125,100031,100031,100031,100031,1.0,1.0,9.998651729884015,10.007738650872852,9.979568449925686,-0.2814841786931477,-0.19085853246886275,0.31908195012470125,3.9082267626138996,0.025766252849588486,-0.037336230394401676,0.058411684260394295,-0.09574791465479597,injection,0,-6,100
injection_electrons,125,0.0125,100031,100031,100031,100031,1.0,1.0,9.998651729884015,10.007738650872852,9.52720095274454,-4.801661143363301,-4.715143500102126,2.0913011837586177,9.843497406816002,0.025766252849588486,-0.3764559351812282,0.058411684260394295,-0.4348676194416225,injection,0,-6,500
injection_electrons,150,0.015000000000000001,100031,100031,100031,100031,1.0,1.0,9.998651729884015,10.019669422105318,9.667717878372581,-3.512606343641078,-3.309784763503032,0.4610058571548655,3.0086019083982007,0.025766252849588486,0.024406845634100578,0.09769091748959075,-0.07328407185549017,injection,0,-6,100
injection_electrons,150,0.015000000000000001,100031,100031,100031,100031,1.0,1.0,9.998651729884015,10.019669422105318,9.906755889146481,-1.1269187455399288,-0.9190823244985658,1.452747856670228,6.634934616419901,0.025766252849588486,-0.29688093283878164,0.09769091748959075,-0.3945718503283724,injection,0,-6,500
injection_electrons,200,0.02,100031,100031,100031,100031,1.0,1.0,9.998651729884015,10.001586510541609,10.128750349984093,1.2714366796553245,1.301161632735326,0.24532743014619443,2.375400094497299,0.025766252849588486,-0.02656007029713622,0.035613137419105115,-0.06217320771624134,injection,0,-6,100
injection_electrons,200,0.02,100031,100031,100031,100031,1.0,1.0,9.998651729884015,10.001586510541609,10.024244075095142,0.22653970477235497,0.25595796215840405,0.7762960545053675,4.2892440591777,0.025766252849588486,-0.237695715688152,0.035613137419105115,-0.2733088531072571,injection,0,-6,500
injection_electrons,250,0.025,100031,100031,100031,100031,1.0,1.0,9.998651729884015,10.004093393469143,9.920734147811698,-0.8332513740011982,-0.7792808888366087,0.19875868918433126,2.0927239018917,0.025766252849588486,0.01937271012783993,0.06060361928670181,-0.04123090915886188,injection,0,-6,100
injection_electrons,250,0.025,100031,100031,100031,100031,1.0,1.0,9.998651729884015,10.004093393469143,10.000749091973018,-0.03342933102071788,0.020976449081966386,0.5353608094528243,3.344610339502701,0.025766252849588486,-0.17875275351040923,0.06060361928670181,-0.23935637279711103,injection,0,-6,500
injection_electrons,300,0.030000000000000002,100031,100031,100031,100031,1.0,1.0,9.998651729884015,10.002155763853873,10.062810678637895,0.6064184183495636,0.6416760027966761,0.18659909370767216,2.4243555072658998,0.025766252849588486,-0.006602130178134015,0.04352214556210316,-0.05012427574023717,injection,0,-6,100
injection_electrons,300,0.030000000000000002,100031,100031,100031,100031,1.0,1.0,9.998651729884015,10.002155763853873,10.008324006868644,0.06166913573835142,0.09673581244680207,0.42300155388048755,2.857769424433002,0.025766252849588486,-0.1493687457678772,0.04352214556210316,-0.19289089132998036,injection,0,-6,500
injection_electrons,1000,0.1,100031,100031,100031,100031,1.0,1.0,9.998651729884015,9.998589595409873,9.994013404215139,-0.04576836713885424,-0.04638951124793511,0.10646518041720512,1.1854650364152999,0.025766252849588486,0.023310526731656418,0.033188204309022085,-0.009877677577365667,injection,0,-6,100
injection_electrons,1000,0.1,100031,100031,100031,100031,1.0,1.0,9.998651729884015,9.998589595409873,9.997753999194892,-0.008357140844794664,-0.008978517437907563,0.1297001005315028,1.5329956998454,0.025766252849588486,-0.023310868984148,0.033188204309022085,-0.05649907329317008,injection,0,-6,500
injection_electrons,0,0.0,100031,100031,100031,100031,1.0,1.0,9.998651729884015,10.397491147113378,5.364645259627469,-48.40442580115263,-46.34631343750485,10.115066400665302,26.5532784860451,0.025766252849588486,-0.005511253494045592,0.019734356129937253,-0.025245609623982847,injection,0,-5,100
injection_electrons,0,0.0,100031,100031,100031,100031,1.0,1.0,9.998651729884015,10.397491147113378,18.393085784931287,76.89926853207949,83.95566004122286,26.428864856561542,105.2411727431002,0.025766252849588486,-0.012022142962114667,0.019734356129937253,-0.03175649909205192,injection,0,-5,500
injection_electrons,25,0.0025,100031,100031,100031,100031,1.0,1.0,9.998651729884015,10.356130466375138,5.332632230056488,-48.50748310509629,-46.66648690124596,7.4705577920836905,19.7814144413997,0.025766252849588486,0.11856740491795423,0.2439090655994419,-0.12534166068148767,injection,0,-5,100
injection_electrons,25,0.0025,100031,100031,100031,100031,1.0,1.0,9.998651729884015,10.356130466375138,10.75355812774913,3.837607711339497,7.550081933635577,14.855715586170536,66.5081396187727,0.025766252849588486,-0.8111479074518905,0.2439090655994419,-1.0550569730513324,injection,0,-5,500
injection_electrons,50,0.005,100031,100031,100031,100031,1.0,1.0,9.998651729884015,10.207045993379303,8.254857772424824,-19.125888354189314,-17.440290996908438,2.2524791323111337,6.777378873927299,0.025766252849588486,0.06177807134859573,0.2565110887057172,-0.19473301735712148,injection,0,-5,100
injection_electrons,50,0.005,100031,100031,100031,100031,1.0,1.0,9.998651729884015,10.207045993379303,13.271588432227794,30.023793767915574,32.73378042123032,6.43298507171854,29.8250381721314,0.025766252849588486,-0.925048033692264,0.2565110887057172,-1.181559122397981,injection,0,-5,500
injection_electrons,75,0.007500000000000001,100031,100031,100031,100031,1.0,1.0,9.998651729884015,10.05321581113405,10.963815092029337,9.057791039229347,9.652935097845617,1.178444555274685,5.1944221668204,0.025766252849588486,-0.08868476271149613,0.1155690253936002,-0.2042537881050963,injection,0,-5,100
injection_electrons,75,0.007500000000000001,100031,100031,100031,100031,1.0,1.0,9.998651729884015,10.05321581113405,12.917102172270743,28.487266312983216,29.188439813980626,4.979394742919157,21.6443822373575,0.025766252849588486,-0.7482435148429187,0.1155690253936002,-0.8638125402365189,injection,0,-5,500
injection_electrons,100,0.01,100031,100031,100031,100031,1.0,1.0,9.998651729884015,10.000717818502444,10.950749043578716,9.499630349719567,9.522256994401236,1.0959129325911798,3.2833693285061996,0.025766252849588486,-0.12401945411439662,0.029477760481553685,-0.1534972145959503,injection,0,-5,100
injection_electrons,100,0.01,100031,100031,100031,100031,1.0,1.0,9.998651729884015,10.000717818502444,10.374839288072225,3.740946163660519,3.7623828527186154,2.9802137950977716,13.3213380663487,0.025766252849588486,-0.5379494186544558,0.029477760481553685,-0.5674271791360095,injection,0,-5,500
injection_electrons,125,0.0125,100031,100031,100031,100031,1.0,1.0,9.998651729884015,10.008102124896752,9.955544425064534,-0.5251515140065499,-0.43113117632291864,0.3262805309996316,3.9082267626138996,0.025766252849588486,-0.035549561354982225,0.059954618400944876,-0.0955041797559271,injection,0,-5,100
injection_electrons,125,0.0125,100031,100031,100031,100031,1.0,1.0,9.998651729884015,10.008102124896752,9.524347684744104,-4.833628135640533,-4.743680027601216,2.0958716936830704,9.843497406816002,0.025766252849588486,-0.3778735849931267,0.059954618400944876,-0.4378282033940716,injection,0,-5,500
injection_electrons,150,0.015000000000000001,100031,100031,100031,100031,1.0,1.0,9.998651729884015,10.019987142877799,9.666075553769552,-3.5320563196511334,-3.3262102241291003,0.46152005661281464,3.0086019083982007,0.025766252849588486,0.0245404880916521,0.09829539099712695,-0.07375490290547485,injection,0,-5,100
injection_electrons,150,0.015000000000000001,100031,100031,100031,100031,1.0,1.0,9.998651729884015,10.019987142877799,9.921425280445298,-0.9836525838514465,-0.7723686305414756,1.4519189633887077,6.634934616419901,0.025766252849588486,-0.29851945596465707,0.09829539099712695,-0.39681484696178404,injection,0,-5,500
injection_electrons,200,0.02,100031,100031,100031,100031,1.0,1.0,9.998651729884015,10.00132980423994,10.129510032071323,1.2816318463674925,1.308759478002397,0.24506817706314743,2.375400094497299,0.025766252849588486,-0.02715076842429003,0.034782776675865136,-0.06193354510015517,injection,0,-5,100
injection_electrons,200,0.02,100031,100031,100031,100031,1.0,1.0,9.998651729884015,10.00132980423994,10.01931500733677,0.17982811734900128,0.20666063796377365,0.7768016802725292,4.2892440591777,0.025766252849588486,-0.23962071232656862,0.034782776675865136,-0.2744034890024338,injection,0,-5,500
injection_electrons,250,0.025,100031,100031,100031,100031,1.0,1.0,9.998651729884015,10.004284357566409,9.921644354722554,-0.8260461207437841,-0.7701775923577903,0.19802785593048697,2.0927239018917,0.025766252849588486,0.01942170829263726,0.061621306443369335,-0.04219959815073207,injection,0,-5,100
injection_electrons,250,0.025,100031,100031,100031,100031,1.0,1.0,9.998651729884015,10.004284357566409,10.005146607814023,0.008618809869820332,0.06495753733071208,0.5369937726477486,3.1830464729614993,0.025766252849588486,-0.1804532446340719,0.061621306443369335,-0.24207455107744122,injection,0,-5,500
injection_electrons,300,0.030000000000000002,100031,100031,100031,100031,1.0,1.0,9.998651729884015,10.002100006140848,10.063176137842238,0.6106330836913365,0.6453310876442631,0.18633608203790433,2.4243555072658998,0.025766252849588486,-0.0074381334801157965,0.0424371474407045,-0.049875280920820296,injection,0,-5,100
injection_electrons,300,0.030000000000000002,100031,100031,100031,100031,1.0,1.0,9.998651729884015,10.002100006140848,10.004616148098979,0.025156136777138016,0.059652224880846205,0.42321229861905263,2.857769424433002,0.025766252849588486,-0.15047135455760793,0.0424371474407045,-0.19290850199831244,injection,0,-5,500
injection_electrons,1000,0.1,100031,100031,100031,100031,1.0,1.0,9.998651729884015,9.998545989119032,9.99425701612186,-0.04289596709200483,-0.04395306368177865,0.10654339159187541,1.1854650364152999,0.025766252849588486,0.024042538922768284,0.03328233848086928,-0.009239799558100992,injection,0,-5,100
injection_electrons,1000,0.1,100031,100031,100031,100031,1.0,1.0,9.998651729884015,9.998545989119032,9.998001342965301,-0.005447253573909183,-0.006504746202629086,0.12968409784236726,1.0676623653938986,0.025766252849588486,-0.023443646151436726,0.03328233848086928,-0.056725984632306006,injection,0,-5,500
injection_electrons,0,0.0,100031,100031,100031,100031,1.0,1.0,9.998651729884015,10.400765828326602,5.37992512996378,-48.27375965612557,-46.19349412997118,10.175531894326996,26.5532784860451,0.025766252849588486,-0.005728323361839063,0.019722926517920392,-0.025451249879759455,injection,0,-4,100
injection_electrons,0,0.0,100031,100031,100031,100031,1.0,1.0,9.998651729884015,10.400765828326602,18.470727819488772,77.5900748499071,84.73218508334857,26.504399517261323,106.8320523116501,0.025766252849588486,-0.013488826242666507,0.019722926517920392,-0.033211752760586896,injection,0,-4,500
injection_electrons,25,0.0025,100031,100031,100031,100031,1.0,1.0,9.998651729884015,10.35871156999697,5.329965201866151,-48.54606032951152,-46.69316077950864,7.489692579765422,19.7814144413997,0.025766252849588486,0.11806886720453354,0.24533174852320314,-0.12726288131866959,injection,0,-4,100
injection_electrons,25,0.0025,100031,100031,100031,100031,1.0,1.0,9.998651729884015,10.35871156999697,10.776518748751371,4.033389441641955,7.779719104951566,14.829936825312451,66.2849301142579,0.025766252849588486,-0.8207542658537257,0.24533174852320314,-1.0660860143769288,injection,0,-4,500
injection_electrons,50,0.005,100031,100031,100031,100031,1.0,1.0,9.998651729884015,10.20747610315817,8.289695435964724,-18.78800055774893,-17.091867384595016,2.21039272000253,6.777378873927299,0.025766252849588486,0.059162236252395896,0.2566536376067788,-0.1974914013543829,injection,0,-4,100
injection_electrons,50,0.005,100031,100031,100031,100031,1.0,1.0,9.998651729884015,10.20747610315817,13.336149887844844,30.65080685046786,33.37948203541983,6.452421253161887,30.556732507794795,0.025766252849588486,-0.9352249951974395,0.2566536376067788,-1.1918786328042184,injection,0,-4,500
injection_electrons,75,0.007500000000000001,100031,100031,100031,100031,1.0,1.0,9.998651729884015,10.052418112244478,10.997691904496767,9.403446829384121,9.991748903772857,1.2123410254814067,5.1944221668204,0.025766252849588486,-0.09196929049465964,0.11420500358497258,-0.20617429407963223,injection,0,-4,100
injection_electrons,75,0.007500000000000001,100031,100031,100031,100031,1.0,1.0,9.998651729884015,10.052418112244478,12.903149690866059,28.358665017616104,29.048896185683382,4.980431254687314,21.6443822373575,0.025766252849588486,-0.7533806947518717,0.11420500358497258,-0.8675856983368443,injection,0,-4,500
injection_electrons,100,0.01,100031,100031,100031,100031,1.0,1.0,9.998651729884015,10.000319672023927,10.941238500730329,9.40888751125264,9.427138741407571,1.085309012310128,3.0654859374620997,0.025766252849588486,-0.12458260135706697,0.029188426430063596,-0.15377102778713056,injection,0,-4,100
injection_electrons,100,0.01,100031,100031,100031,100031,1.0,1.0,9.998651729884015,10.000319672023927,10.338420785458057,3.380903056329032,3.398148717977034,2.9749822560284414,13.3213380663487,0.025766252849588486,-0.5392635147753666,0.029188426430063596,-0.5684519412054302,injection,0,-4,500
injection_electrons,125,0.0125,100031,100031,100031,100031,1.0,1.0,9.998651729884015,10.008447240859946,9.932226389901059,-0.7615651971238036,-0.6643429712070437,0.3338018433974834,3.9082267626138996,0.025766252849588486,-0.033836771770469024,0.061206596142456174,-0.0950433679129252,injection,0,-4,100
injection_electrons,125,0.0125,100031,100031,100031,100031,1.0,1.0,9.998651729884015,10.008447240859946,9.520852956466454,-4.871827493907999,-4.778632022850782,2.1019391344208067,9.584484281174998,0.025766252849588486,-0.3795912289654649,0.061206596142456174,-0.44079782510792104,injection,0,-4,500
injection_electrons,150,0.015000000000000001,100031,100031,100031,100031,1.0,1.0,9.998651729884015,10.020399752472676,9.664862653983954,-3.548132881634658,-3.3383408575221263,0.46230224880742365,2.5419792349282693,0.025766252849588486,0.024936557723347415,0.09875463031776834,-0.07381807259442091,injection,0,-4,100
injection_electrons,150,0.015000000000000001,100031,100031,100031,100031,1.0,1.0,9.998651729884015,10.020399752472676,9.936914993157966,-0.8331479918663787,-0.6174506162818894,1.4504452273208994,6.634934616419901,0.025766252849588486,-0.300472212507733,0.09875463031776834,-0.3992268428255013,injection,0,-4,500
injection_electrons,200,0.02,100031,100031,100031,100031,1.0,1.0,9.998651729884015,10.000973524795985,10.130304821147442,1.2931870685468638,1.3167084404984486,0.2458045360883276,2.1832232684979997,0.025766252849588486,-0.02808885941793674,0.03414122913738356,-0.0622300885553203,injection,0,-4,100
injection_electrons,200,0.02,100031,100031,100031,100031,1.0,1.0,9.998651729884015,10.000973524795985,10.01441101710567,0.13436184263830864,0.1576141228577299,0.7767982312621126,4.351990703128999,0.025766252849588486,-0.24147678302638692,0.03414122913738356,-0.27561801216377046,injection,0,-4,500
injection_electrons,250,0.025,100031,100031,100031,100031,1.0,1.0,9.998651729884015,10.004588745721922,9.922561424704853,-0.819896980294621,-0.7610056559100187,0.19817910368611116,2.0927239018917,0.025766252849588486,0.01966205711686386,0.06242190034728509,-0.04275984323042123,injection,0,-4,100
injection_electrons,250,0.025,100031,100031,100031,100031,1.0,1.0,9.998651729884015,10.004588745721922,10.009815796685322,0.05224653502760024,0.1116557222204273,0.5383902907669564,3.4596963870177,0.025766252849588486,-0.18156967240438113,0.06242190034728509,-0.24399157275166622,injection,0,-4,500
injection_electrons,300,0.030000000000000002,100031,100031,100031,100031,1.0,1.0,9.998651729884015,10.001919217414379,10.063394758675758,0.6146374503239738,0.6475175907791453,0.18648596937091771,2.4243555072658998,0.025766252849588486,-0.008471166037379027,0.04156260494508443,-0.050033770982463456,injection,0,-4,100
injection_electrons,300,0.030000000000000002,100031,100031,100031,100031,1.0,1.0,9.998651729884015,10.001919217414379,10.001433771754286,-0.0048535251039427685,0.027824170152412897,0.4225288052416768,3.0151956177741006,0.025766252849588486,-0.15101184104462587,0.04156260494508443,-0.1925744459897103,injection,0,-4,500
injection_electrons,1000,0.1,100031,100031,100031,100031,1.0,1.0,9.998651729884015,9.998464384074175,9.99471138260194,-0.03753577877632086,-0.03940878618962085,0.10659426950705089,1.15333457249,0.025766252849588486,0.024745298717694625,0.033344623315779726,-0.0085993245980851,injection,0,-4,100
injection_electrons,1000,0.1,100031,100031,100031,100031,1.0,1.0,9.998651729884015,9.998464384074175,9.998386433268285,-0.0007796277797900153,-0.0026533238970283257,0.13023185380910404,1.4207984988823004,0.025766252849588486,-0.02380902557721202,0.033344623315779726,-0.057153648892991744,injection,0,-4,500
injection_electrons,0,0.0,100031,100031,100031,100031,1.0,1.0,9.998651729884015,10.404442209029611,5.390719781581623,-48.188286567604486,-46.085533057724014,10.226537368249218,26.5532784860451,0.025766252849588486,-0.005923669927704906,0.019628230874449832,-0.025551900802154737,injection,0,-3,100
injection_electrons,0,0.0,100031,100031,100031,100031,1.0,1.0,9.998651729884015,10.404442209029611,18.549857609818535,78.28786240669234,85.52358968936417,26.580962645324796,106.8320523116501,0.025766252849588486,-0.013078890904717748,0.019628230874449832,-0.03270712177916758,injection,0,-3,500
injection_electrons,25,0.0025,100031,100031,100031,100031,1.0,1.0,9.998651729884015,10.361421260329179,5.327544443192855,-48.58287961333597,-46.71737163051828,7.5055145533071155,19.7814144413997,0.025766252849588486,0.11755881974667598,0.24687533692429095,-0.12931651717761497,injection,0,-3,100
injection_electrons,25,0.0025,100031,100031,100031,100031,1.0,1.0,9.998651729884015,10.361421260329179,10.79947050004105,4.227694528636072,8.00926756718152,14.800906591567154,66.1709369581169,0.025766252849588486,-0.8308430343394931,0.24687533692429095,-1.0777183712637841,injection,0,-3,500
injection_electrons,50,0.005,100031,100031,100031,100031,1.0,1.0,9.998651729884015,10.207720814645455,8.320724858190397,-18.485967540841287,-16.781531320654185,2.174798462925789,6.6822275671543,0.025766252849588486,0.05663565327366575,0.2568475474564744,-0.20021189418280866,injection,0,-3,100
injection_electrons,50,0.005,100031,100031,100031,100031,1.0,1.0,9.998651729884015,10.207720814645455,13.401160339901356,31.284550030738846,34.02967421945409,6.471827571211074,30.31036767653499,0.025766252849588486,-0.944843949054401,0.2568475474564744,-1.2016914965108754,injection,0,-3,500
injection_electrons,75,0.007500000000000001,100031,100031,100031,100031,1.0,1.0,9.998651729884015,10.051491982753209,11.02783921255306,9.71345578820646,10.29326263653132,1.2419455905632764,5.1944221668204,0.025766252849588486,-0.09524179270326638,0.11269377535002816,-0.20793556805329455,injection,0,-3,100
injection_electrons,75,0.007500000000000001,100031,100031,100031,100031,1.0,1.0,9.998651729884015,10.051491982753209,12.89177283868696,28.257306087566203,28.935112322754186,4.981896038085077,20.830121242200004,0.025766252849588486,-0.7571541512730756,0.11269377535002816,-0.8698479266231037,injection,0,-3,500
injection_electrons,100,0.01,100031,100031,100031,100031,1.0,1.0,9.998651729884015,10.00012132986393,10.931584242495152,9.31451611341496,9.330583140752701,1.074764883740333,3.2206498458332002,0.025766252849588486,-0.12514691094357108,0.0288678054775695,-0.1540147164211406,injection,0,-3,100
injection_electrons,100,0.01,100031,100031,100031,100031,1.0,1.0,9.998651729884015,10.00012132986393,10.300345841926939,3.0022086948728433,3.017347940435,2.971972285263237,13.3213380663487,0.025766252849588486,-0.5414057935977041,0.0288678054775695,-0.5702735990752736,injection,0,-3,500
injection_electrons,125,0.0125,100031,100031,100031,100031,1.0,1.0,9.998651729884015,10.008935076041592,9.911187118841497,-0.9766069662503374,-0.8747640522482003,0.3426007523283049,3.9082267626138996,0.025766252849588486,-0.03242202747406088,0.06263069644245406,-0.09505272391651494,injection,0,-3,100
injection_electrons,125,0.0125,100031,100031,100031,100031,1.0,1.0,9.998651729884015,10.008935076041592,9.521994919632213,-4.865054600813313,-4.767210851310766,2.1062276226145586,9.584484281174998,0.025766252849588486,-0.3810774620072551,0.06263069644245406,-0.4437081584497092,injection,0,-3,500
injection_electrons,150,0.015000000000000001,100031,100031,100031,100031,1.0,1.0,9.998651729884015,10.02063461260979,9.664517309754563,-3.5538398177605957,-3.341794765496131,0.46165041149936425,3.0543478968645004,0.025766252849588486,0.024893535334319813,0.09924466670338815,-0.07435113136906833,injection,0,-3,100
injection_electrons,150,0.015000000000000001,100031,100031,100031,100031,1.0,1.0,9.998651729884015,10.02063461260979,9.952180241638453,-0.6831340889846937,-0.46477754702334284,1.4496629387698399,6.634934616419901,0.025766252849588486,-0.3019378510189837,0.09924466670338815,-0.40118251772237185,injection,0,-3,500
injection_electrons,200,0.02,100031,100031,100031,100031,1.0,1.0,9.998651729884015,10.000758064925073,10.130768716404724,1.3000079657524033,1.3213480186117232,0.2452401528701524,2.6016672331416997,0.025766252849588486,-0.028588447877579828,0.033445362500913095,-0.062033810378492926,injection,0,-3,100
injection_electrons,200,0.02,100031,100031,100031,100031,1.0,1.0,9.998651729884015,10.000758064925073,10.009921377427117,0.0916261791611861,0.11271167200892496,0.7764501966795861,4.351990703128999,0.025766252849588486,-0.2427126731470129,0.033445362500913095,-0.27615803564792596,injection,0,-3,500
injection_electrons,250,0.025,100031,100031,100031,100031,1.0,1.0,9.998651729884015,10.004818790006032,9.923365104915057,-0.8141445317564444,-0.7529677700838566,0.19748733005809818,2.5268102806437,0.025766252849588486,0.019676990940141244,0.06332099183936891,-0.04364400089922767,injection,0,-3,100
injection_electrons,250,0.025,100031,100031,100031,100031,1.0,1.0,9.998651729884015,10.004818790006032,10.014278749241683,0.09455402875562235,0.15629126586098607,0.5392802774970155,3.4596963870177,0.025766252849588486,-0.18284569555815988,0.06332099183936891,-0.24616668739752878,injection,0,-3,500
injection_electrons,300,0.030000000000000002,100031,100031,100031,100031,1.0,1.0,9.998651729884015,10.001711235613845,10.063596597163448,0.6187477331803359,0.6495362478255551,0.185842385031713,2.4243555072658998,0.025766252849588486,-0.00916358263442377,0.0405405050058819,-0.049704087640305664,injection,0,-3,100
injection_electrons,300,0.030000000000000002,100031,100031,100031,100031,1.0,1.0,9.998651729884015,10.001711235613845,9.99734260375974,-0.04367884406168976,-0.013093026536381558,0.4224285518676064,3.0151956177741006,0.025766252849588486,-0.15185095775588023,0.0405405050058819,-0.1923914627617621,injection,0,-3,500
injection_electrons,1000,0.1,100031,100031,100031,100031,1.0,1.0,9.998651729884015,9.998545308482882,9.994984144006649,-0.03561682591177728,-0.03668080433689713,0.10655273352099236,1.3412237377364011,0.025766252849588486,0.025210907377834827,0.03346076812152177,-0.00824986074368694,injection,0,-3,100
injection_electrons,1000,0.1,100031,100031,100031,100031,1.0,1.0,9.998651729884015,9.998545308482882,9.99865447951593,0.0010918691637495925,2.7500026877902428e-05,0.13069497646192263,1.4207984988823004,0.025766252849588486,-0.02395755875451787,0.03346076812152177,-0.057418326876039635,injection,0,-3,500
injection_electrons,0,0.0,100031,100031,100031,100031,1.0,1.0,9.998651729884015,10.408101960690836,5.400752361561851,-48.11011285285893,-45.98519372946996,10.273313843513215,26.5532784860451,0.025766252849588486,-0.005565405456919503,0.019681145925393054,-0.025246551382312556,injection,0,-2,100
injection_electrons,0,0.0,100031,100031,100031,100031,1.0,1.0,9.998651729884015,10.408101960690836,18.629475452541186,78.99013213841208,86.31987547742388,26.65825214359174,106.8320523116501,0.025766252849588486,-0.012380420345600204,0.019681145925393054,-0.032061566270993255,injection,0,-2,500
injection_electrons,25,0.0025,100031,100031,100031,100031,1.0,1.0,9.998651729884015,10.364259362227111,5.3247973353544,-48.623465032525125,-46.74484641324569,7.519318531575105,19.7814144413997,0.025766252849588486,0.11754167479074668,0.24831286002088937,-0.1307711852301427,injection,0,-2,100
injection_electrons,25,0.0025,100031,100031,100031,100031,1.0,1.0,9.998651729884015,10.364259362227111,10.821769664023975,4.4143077262643216,8.23228927636135,14.77132085459264,66.26298556608339,0.025766252849588486,-0.8415634122293175,0.24831286002088937,-1.089876272250207,injection,0,-2,500
injection_electrons,50,0.005,100031,100031,100031,100031,1.0,1.0,9.998651729884015,10.207723427222392,8.349564992814768,-18.203455918997648,-16.493091084875466,2.143115936151707,6.611276950257098,0.025766252849588486,0.053743603491835525,0.2568882867199704,-0.20314468322813486,injection,0,-2,100
injection_electrons,50,0.005,100031,100031,100031,100031,1.0,1.0,9.998651729884015,10.207723427222392,13.465118721655287,31.9110849510865,34.66934428179631,6.493524672755849,30.8695659912579,0.025766252849588486,-0.9544542595793966,0.2568882867199704,-1.211342546299367,injection,0,-2,500
injection_electrons,75,0.007500000000000001,100031,100031,100031,100031,1.0,1.0,9.998651729884015,10.050509644007805,11.05347675304052,9.979266172145728,10.549672612396721,1.26686575671296,4.809236113899701,0.025766252849588486,-0.09871055336653323,0.11127085965970238,-0.2099814130262356,injection,0,-2,100
injection_electrons,75,0.007500000000000001,100031,100031,100031,100031,1.0,1.0,9.998651729884015,10.050509644007805,12.877158636399798,28.12443440693839,28.788950593333396,4.983327566235815,20.830121242200004,0.025766252849588486,-0.7642075404216031,0.11127085965970238,-0.8754784000813055,injection,0,-2,500
injection_electrons,100,0.01,100031,100031,100031,100031,1.0,1.0,9.998651729884015,10.000084031313065,10.922351647546913,9.22259866363091,9.238244741559898,1.064707816120714,3.2206498458332002,0.025766252849588486,-0.1253206322554629,0.02870310905498588,-0.15402374131044877,injection,0,-2,100
injection_electrons,100,0.01,100031,100031,100031,100031,1.0,1.0,9.998651729884015,10.000084031313065,10.262893160484845,2.6280692077071732,2.6427706228737247,2.968363049554268,13.466427144802,0.025766252849588486,-0.5420076646172629,0.02870310905498588,-0.5707107736722488,injection,0,-2,500
injection_electrons,125,0.0125,100031,100031,100031,100031,1.0,1.0,9.998651729884015,10.009519859552055,9.893117005701628,-1.1629214536134302,-1.0554895503257167,0.3517740387839019,2.9486506896613003,0.025766252849588486,-0.03052427409526141,0.06399430465086738,-0.09451857874612879,injection,0,-2,100
injection_electrons,125,0.0125,100031,100031,100031,100031,1.0,1.0,9.998651729884015,10.009519859552055,9.522795189907773,-4.862617552826998,-4.759207069429172,2.108789580905427,9.472652668642699,0.025766252849588486,-0.38055841294060916,0.06399430465086738,-0.4445527175914765,injection,0,-2,500
injection_electrons,150,0.015000000000000001,100031,100031,100031,100031,1.0,1.0,9.998651729884015,10.020735102522629,9.665341412054243,-3.546583028413941,-3.3335526312370023,0.4598311151904015,3.0543478968645004,0.025766252849588486,0.02492569128292914,0.09958241871690476,-0.07465672743397563,injection,0,-2,100
injection_electrons,150,0.015000000000000001,100031,100031,100031,100031,1.0,1.0,9.998651729884015,10.020735102522629,9.967875828687157,-0.5274989638451189,-0.30780051179175594,1.4483310687213067,6.634934616419901,0.025766252849588486,-0.3031189579481654,0.09958241871690476,-0.40270137666507017,injection,0,-2,500
injection_electrons,200,0.02,100031,100031,100031,100031,1.0,1.0,9.998651729884015,10.000621184716433,10.130403141559075,1.2977389548659568,1.317691777195118,0.24434002097213103,2.6016672331416997,0.025766252849588486,-0.029165817989058235,0.03288569438446907,-0.0620515123735273,injection,0,-2,100
injection_electrons,200,0.02,100031,100031,100031,100031,1.0,1.0,9.998651729884015,10.000621184716433,10.004277682850077,0.03656271011676093,0.056267115987718164,0.7769855762592678,4.5076241692806,0.025766252849588486,-0.2449094926120582,0.03288569438446907,-0.2777951869965273,injection,0,-2,500
injection_electrons,250,0.025,100031,100031,100031,100031,1.0,1.0,9.998651729884015,10.005023586991824,9.924584075894462,-0.8039912189906961,-0.7407764165660469,0.19677751442531077,2.5268102806437,0.025766252849588486,0.019827573318155815,0.06411886942695533,-0.04429129610879951,injection,0,-2,100
injection_electrons,250,0.025,100031,100031,100031,100031,1.0,1.0,9.998651729884015,10.005023586991824,10.017483629128657,0.12453785869164236,0.18834438635717543,0.5402635298071143,3.4596963870177,0.025766252849588486,-0.1837953279848135,0.06411886942695533,-0.24791419741176882,injection,0,-2,500
injection_electrons,300,0.030000000000000002,100031,100031,100031,100031,1.0,1.0,9.998651729884015,10.001479019004442,10.063246841864595,0.6175868863273593,0.6460382232088113,0.18535639011993496,2.0617485669163,0.025766252849588486,-0.009930236559046835,0.03956554262118086,-0.0494957791802277,injection,0,-2,100
injection_electrons,300,0.030000000000000002,100031,100031,100031,100031,1.0,1.0,9.998651729884015,10.001479019004442,9.993880287054571,-0.07597608249172438,-0.04772086235570461,0.42206757252325156,3.0151956177741006,0.025766252849588486,-0.15225738187275284,0.03956554262118086,-0.1918229244939337,injection,0,-2,500
injection_electrons,1000,0.1,100031,100031,100031,100031,1.0,1.0,9.998651729884015,9.998281157354551,9.99544894177011,-0.028327024814234214,-0.03203219994484252,0.10604835273522406,1.3976130262282993,0.025766252849588486,0.02562716472049396,0.03354228630479301,-0.007915121584299047,injection,0,-2,100
injection_electrons,1000,0.1,100031,100031,100031,100031,1.0,1.0,9.998651729884015,9.998281157354551,9.998894739582358,0.006136877110685113,0.0024304246703188426,0.1310660123902618,1.4207984988823004,0.025766252849588486,-0.024076160531470457,0.03354228630479301,-0.057618446836263465,injection,0,-2,500
injection_electrons,0,0.0,100031,100031,100031,100031,1.0,1.0,9.998651729884015,10.411682759664835,5.412717034636711,-48.01304304424511,-45.86553086493493,10.319481453171797,27.410809684895902,0.025766252849588486,-0.0055659409201157225,0.019829105301817467,-0.025395046221933188,injection,0,-1,100
injection_electrons,0,0.0,100031,100031,100031,100031,1.0,1.0,9.998651729884015,10.411682759664835,18.710382666647288,79.70565468179515,87.1290567179734,26.736877227479983,107.75382918849111,0.025766252849588486,-0.011704136152487334,0.019829105301817467,-0.0315332414543048,injection,0,-1,500
injection_electrons,25,0.0025,100031,100031,100031,100031,1.0,1.0,9.998651729884015,10.367098962547432,5.322604277627796,-48.65869133827665,-46.76677994774463,7.532308226268417,19.7814144413997,0.025766252849588486,0.11682545439285782,0.24973849596813508,-0.13291304157527725,injection,0,-1,100
injection_electrons,25,0.0025,100031,100031,100031,100031,1.0,1.0,9.998651729884015,10.367098962547432,10.845641910930423,4.615977431215734,8.471043936003086,14.74449063278295,66.26298556608339,0.025766252849588486,-0.8529703667121818,0.24973849596813508,-1.102708862680317,injection,0,-1,500
injection_electrons,50,0.005,100031,100031,100031,100031,1.0,1.0,9.998651729884015,10.207755204019454,8.377695680312474,-17.928129026706753,-16.211746277018733,2.112705761503604,6.610470128822698,0.025766252849588486,0.05166375726894463,0.2568267667804216,-0.20516300951147698,injection,0,-1,100
injection_electrons,50,0.005,100031,100031,100031,100031,1.0,1.0,9.998651729884015,10.207755204019454,13.528224741333341,32.52889073991903,35.300489574010484,6.514564542860877,30.8695659912579,0.025766252849588486,-0.9648055476433808,0.2568267667804216,-1.2216323144238024,injection,0,-1,500
injection_electrons,75,0.007500000000000001,100031,100031,100031,100031,1.0,1.0,9.998651729884015,10.04950614369351,11.076902848588094,10.223355159987847,10.78396515683606,1.2897983536761963,5.108748457197201,0.025766252849588486,-0.10097962703766494,0.10986229034692817,-0.21084191738459312,injection,0,-1,100
injection_electrons,75,0.007500000000000001,100031,100031,100031,100031,1.0,1.0,9.998651729884015,10.04950614369351,12.861520841355063,27.98162076278954,28.632551556071228,4.983434268093148,20.4845596966723,0.025766252849588486,-0.766855375438149,0.10986229034692817,-0.8767176657850771,injection,0,-1,500
injection_electrons,100,0.01,100031,100031,100031,100031,1.0,1.0,9.998651729884015,10.000025017779901,10.912883478304803,9.128561767614096,9.143550281767766,1.054645382354492,3.0127171633413994,0.025766252849588486,-0.12569027372562946,0.028647791647401673,-0.15433806537303113,injection,0,-1,100
injection_electrons,100,0.01,100031,100031,100031,100031,1.0,1.0,9.998651729884015,10.000025017779901,10.225534586176241,2.255090042228769,2.2691345035462884,2.9627709786044134,13.466427144802,0.025766252849588486,-0.5425386803895769,0.028647791647401673,-0.5711864720369786,injection,0,-1,500
injection_electrons,125,0.0125,100031,100031,100031,100031,1.0,1.0,9.998651729884015,10.010138014472867,9.877040765724992,-1.3296245122239148,-1.2162736281287945,0.3618832587044344,2.9486506896613003,0.025766252849588486,-0.029379491490170138,0.06534646798542053,-0.09472595947559066,injection,0,-1,100
injection_electrons,125,0.0125,100031,100031,100031,100031,1.0,1.0,9.998651729884015,10.010138014472867,9.52541122006499,-4.842358753765918,-4.733043240266099,2.1121254756260757,9.472652668642699,0.025766252849588486,-0.3814990394018862,0.06534646798542053,-0.4468455073873067,injection,0,-1,500
injection_electrons,150,0.015000000000000001,100031,100031,100031,100031,1.0,1.0,9.998651729884015,10.020810827912651,9.6667025326587,-3.533728969991068,-3.3199395897867245,0.45754428713001827,2.7900399490179995,0.025766252849588486,0.024752908242665274,0.09980195512489379,-0.07504904688222852,injection,0,-1,100
injection_electrons,150,0.015000000000000001,100031,100031,100031,100031,1.0,1.0,9.998651729884015,10.020810827912651,9.98424624170244,-0.36488650307978654,-0.14407430692400247,1.4460767233510774,6.459837554131504,0.025766252849588486,-0.3054535913949847,0.09980195512489379,-0.4052555465198785,injection,0,-1,500
injection_electrons,200,0.02,100031,100031,100031,100031,1.0,1.0,9.998651729884015,10.000545648138678,10.129717192506666,1.291644965312777,1.3108313617017142,0.24340456851128914,2.6763715584392997,0.025766252849588486,-0.029393523143898658,0.03245403276145612,-0.061847555905354776,injection,0,-1,100
injection_electrons,200,0.02,100031,100031,100031,100031,1.0,1.0,9.998651729884015,10.000545648138678,10.000808646782888,0.0026298429452120686,0.021572077487475028,0.7773225396874738,4.531200650847278,0.025766252849588486,-0.24589492018535428,0.03245403276145612,-0.2783489529468104,injection,0,-1,500
injection_electrons,250,0.025,100031,100031,100031,100031,1.0,1.0,9.998651729884015,10.005132908887617,9.92580152243797,-0.7929068726231225,-0.7286003094628235,0.19642538718780997,2.749770214599,0.025766252849588486,0.019575399641924528,0.06478488032838862,-0.0452094806864641,injection,0,-1,100
injection_electrons,250,0.025,100031,100031,100031,100031,1.0,1.0,9.998651729884015,10.005132908887617,10.022220734193638,0.17079058780760104,0.23572182476543357,0.541362954095633,3.9976247875948,0.025766252849588486,-0.18416360607942706,0.06478488032838862,-0.2489484864078157,injection,0,-1,500
injection_electrons,300,0.030000000000000002,100031,100031,100031,100031,1.0,1.0,9.998651729884015,10.001352156726597,10.062801228143133,0.6144076366234819,0.6415814851055135,0.1849620128066785,2.4395684889063,0.025766252849588486,-0.010218766975225469,0.03870432800030744,-0.048923094975532905,injection,0,-1,100
injection_electrons,300,0.030000000000000002,100031,100031,100031,100031,1.0,1.0,9.998651729884015,10.001352156726597,9.990229840457088,-0.11120812561357107,-0.08423025078226898,0.4224827449805605,3.0151956177741006,0.025766252849588486,-0.15311046224638356,0.03870432800030744,-0.19181479024669099,injection,0,-1,500
injection_electrons,1000,0.1,100031,100031,100031,100031,1.0,1.0,9.998651729884015,9.998568181719735,9.996092893176145,-0.02475643010680928,-0.025591817546977147,0.10601584773764565,1.3976130262282993,0.025766252849588486,0.02553274658950793,0.03380168982894834,-0.008268943239440413,injection,0,-1,100
injection_electrons,1000,0.1,100031,100031,100031,100031,1.0,1.0,9.998651729884015,9.998568181719735,9.99879446273499,0.0022631341922485504,0.0014275209781366982,0.13135387695879888,1.4207984988823004,0.025766252849588486,-0.023839105470773638,0.03380168982894834,-0.05764079529972198,injection,0,-1,500
injection_electrons,0,0.0,100031,100031,100031,100031,1.0,1.0,9.998651729884015,10.418772550785233,5.448409629728936,-47.7058395970233,-45.508556784264165,10.423976554273727,27.421398191565196,0.025766252849588486,-0.005614302093151476,0.019438419047604343,-0.025052721140755817,injection,0,1,100
injection_electrons,0,0.0,100031,100031,100031,100031,1.0,1.0,9.998651729884015,10.418772550785233,18.86713378538231,81.08787473204173,88.69677927667124,26.888701007144746,107.9560439590773,0.025766252849588486,-0.012054531820100167,0.019438419047604343,-0.03149295086770451,injection,0,1,500
injection_electrons,25,0.0025,100031,100031,100031,100031,1.0,1.0,9.998651729884015,10.372529985632143,5.31981666339637,-48.71244845023064,-46.79465984902266,7.560164574369924,19.3733049156079,0.025766252849588486,0.11637066406815134,0.252983867872013,-0.13661320380386166,injection,0,1,100
injection_electrons,25,0.0025,100031,100031,100031,100031,1.0,1.0,9.998651729884015,10.372529985632143,10.894962959629256,5.036697649664812,8.964320930054415,14.689997523439539,66.26298556608339,0.025766252849588486,-0.8770804009594741,0.252983867872013,-1.1300642688314873,injection,0,1,500
injection_electrons,50,0.005,100031,100031,100031,100031,1.0,1.0,9.998651729884015,10.207922912567039,8.43895550949636,-17.329356992820667,-15.599065379245369,2.0440501482725866,6.355374214920399,0.025766252849588486,0.04640211535975046,0.2573104165698896,-0.21090830121013915,injection,0,1,100
injection_electrons,50,0.005,100031,100031,100031,100031,1.0,1.0,9.998651729884015,10.207922912567039,13.652672004649563,33.74583763599617,36.545130018324336,6.556973623913148,31.1371176122156,0.025766252849588486,-0.983180276511465,0.2573104165698896,-1.2404906930813546,injection,0,1,500
injection_electrons,75,0.007500000000000001,100031,100031,100031,100031,1.0,1.0,9.998651729884015,10.0476963774374,11.12605705899798,10.73241707404784,11.275573543024509,1.3413006989065808,5.108748457197201,0.025766252849588486,-0.10741493399628936,0.10670868459767117,-0.21412361859396054,injection,0,1,100
injection_electrons,75,0.007500000000000001,100031,100031,100031,100031,1.0,1.0,9.998651729884015,10.0476963774374,12.829922450214529,27.69018855928762,28.31652503575457,4.98247794966263,20.4845596966723,0.025766252849588486,-0.7756583380157723,0.10670868459767117,-0.8823670226134435,injection,0,1,500
injection_electrons,100,0.01,100031,100031,100031,100031,1.0,1.0,9.998651729884015,9.99985345944256,10.890950305330431,8.911099042620819,8.924188976194758,1.0307264404896905,3.0247366876774002,0.025766252849588486,-0.12554131792780085,0.02801091802119257,-0.15355223594899342,injection,0,1,100
injection_electrons,100,0.01,100031,100031,100031,100031,1.0,1.0,9.998651729884015,9.99985345944256,10.15661960007396,1.5676843792482797,1.5798917139778768,2.9589528318362,13.9320925286597,0.025766252849588486,-0.5433414236885572,0.02801091802119257,-0.5713523417097498,injection,0,1,500
injection_electrons,125,0.0125,100031,100031,100031,100031,1.0,1.0,9.998651729884015,10.011140037460358,9.845076028788435,-1.6587921860101162,-1.5359641004053737,0.38632278114333785,3.8954236938649736,0.025766252849588486,-0.025840351734991288,0.06832659312538837,-0.09416694486037966,injection,0,1,100
injection_electrons,125,0.0125,100031,100031,100031,100031,1.0,1.0,9.998651729884015,10.011140037460358,9.531085661229108,-4.795201889444655,-4.676291176913816,2.1200145644573554,9.472652668642699,0.025766252849588486,-0.3835809798587243,0.06832659312538837,-0.45190757298411266,injection,0,1,500
injection_electrons,150,0.015000000000000001,100031,100031,100031,100031,1.0,1.0,9.998651729884015,10.021058654179841,9.67145837827528,-3.4886561187698506,-3.272374720591753,0.4511369110070091,2.7900399490179995,0.025766252849588486,0.02425677862091564,0.10069658166796727,-0.07643980304705163,injection,0,1,100
injection_electrons,150,0.015000000000000001,100031,100031,100031,100031,1.0,1.0,9.998651729884015,10.021058654179841,10.011357956915708,-0.09680311830214672,0.12707940405320972,1.443277915455571,6.817541871095202,0.025766252849588486,-0.30836376892021106,0.10069658166796727,-0.40906035058817836,injection,0,1,500
injection_electrons,200,0.02,100031,100031,100031,100031,1.0,1.0,9.998651729884015,10.000296026689064,10.126718306198825,1.2641853718366125,1.2808384547692953,0.24092693393035777,2.6763715584392997,0.025766252849588486,-0.029851490460947393,0.031190021526220368,-0.06104151198716776,injection,0,1,100
injection_electrons,200,0.02,100031,100031,100031,100031,1.0,1.0,9.998651729884015,10.000296026689064,9.992131541995228,-0.08164243010453376,-0.06521067104777734,0.7790886743009078,4.5365254003355,0.025766252849588486,-0.24931771098827607,0.031190021526220368,-0.28050773251449646,injection,0,1,500
injection_electrons,250,0.025,100031,100031,100031,100031,1.0,1.0,9.998651729884015,10.005471227472409,9.929805056652498,-0.7562479477443484,-0.6885595687441404,0.19496838986590373,2.749770214599,0.025766252849588486,0.019306800845221593,0.06647952382811301,-0.047172722982891414,injection,0,1,100
injection_electrons,250,0.025,100031,100031,100031,100031,1.0,1.0,9.998651729884015,10.005471227472409,10.028784379049815,0.23300403396688818,0.3013671240867266,0.5446455506800316,3.9976247875948,0.025766252849588486,-0.18612521681407684,0.06647952382811301,-0.25260474064218985,injection,0,1,500
injection_electrons,300,0.030000000000000002,100031,100031,100031,100031,1.0,1.0,9.998651729884015,10.001010449407742,10.060224575650912,0.5920814355981019,0.6158114856912977,0.18260347355234724,2.4395684889063,0.025766252849588486,-0.011079710444887593,0.03664757176288394,-0.04772728220777153,injection,0,1,100
injection_electrons,300,0.030000000000000002,100031,100031,100031,100031,1.0,1.0,9.998651729884015,10.001010449407742,9.983013465378702,-0.17995165708586391,-0.15640373250098705,0.423508929536888,3.0151956177741006,0.025766252849588486,-0.1549670112326303,0.03664757176288394,-0.19161458299551423,injection,0,1,500
injection_electrons,1000,0.1,100031,100031,100031,100031,1.0,1.0,9.998651729884015,9.99885417869934,9.997505287825659,-0.01349045450181885,-0.011465966505563863,0.10550704507545301,1.363393358825899,0.025766252849588486,0.025604219734909766,0.0344197680732332,-0.008815548338323435,injection,0,1,100
injection_electrons,1000,0.1,100031,100031,100031,100031,1.0,1.0,9.998651729884015,9.99885417869934,9.999123649135111,0.002695013158060533,0.004719828871380116,0.13238483055539815,1.222770891885899,0.025766252849588486,-0.024658593159081654,0.0344197680732332,-0.05907836123231486,injection,0,1,500
injection_electrons,0,0.0,100031,100031,100031,100031,1.0,1.0,9.998651729884015,10.42230507775318,5.471170264562634,-47.5051802480714,-45.28091974430537,10.484372462767997,27.421398191565196,0.025766252849588486,-0.006455825324819553,0.01935229471123518,-0.025808120036054732,injection,0,2,100
injection_electrons,0,0.0,100031,100031,100031,100031,1.0,1.0,9.998651729884015,10.42230507775318,18.94354477791568,81.75964565028346,89.4609922385548,26.963340196500766,110.2076943971518,0.025766252849588486,-0.012559448576956624,0.01935229471123518,-0.0319117432881918,injection,0,2,500
injection_electrons,25,0.0025,100031,100031,100031,100031,1.0,1.0,9.998651729884015,10.3750777487748,5.318728148281385,-48.73553454662567,-46.805546467982815,7.575986003671081,20.137728658784,0.025766252849588486,0.11584849902702486,0.25458190843465306,-0.13873340940762818,injection,0,2,100
injection_electrons,25,0.0025,100031,100031,100031,100031,1.0,1.0,9.998651729884015,10.3750777487748,10.917899898896005,5.231981516334261,9.193721252081776,14.661417753907717,66.26298556608339,0.025766252849588486,-0.8880662524157391,0.25458190843465306,-1.1426481608503922,injection,0,2,500
injection_electrons,50,0.005,100031,100031,100031,100031,1.0,1.0,9.998651729884015,10.208131370232309,8.473595922711116,-16.99170381544296,-15.252614536165964,2.0034201998242507,6.337777200921401,0.025766252849588486,0.04384103780540177,0.2574350943594247,-0.21359405655402292,injection,0,2,100
injection_electrons,50,0.005,100031,100031,100031,100031,1.0,1.0,9.998651729884015,10.208131370232309,13.713187683613794,34.33592482560029,37.15036841045036,6.579137102190986,31.1371176122156,0.025766252849588486,-0.992164549803991,0.2574350943594247,-1.2495996441634158,injection,0,2,500
injection_electrons,75,0.007500000000000001,100031,100031,100031,100031,1.0,1.0,9.998651729884015,10.046819473075548,11.153287749830751,11.013119920392977,11.547917170629663,1.3701986334742324,5.108748457197201,0.025766252849588486,-0.11041426303462146,0.10511247250252963,-0.21552673553715107,injection,0,2,100
injection_electrons,75,0.007500000000000001,100031,100031,100031,100031,1.0,1.0,9.998651729884015,10.046819473075548,12.811265140676616,27.515629946467147,28.129926781890504,4.981552379845195,20.3693588837547,0.025766252849588486,-0.7813933157684466,0.10511247250252963,-0.8865057882709763,injection,0,2,500
injection_electrons,100,0.01,100031,100031,100031,100031,1.0,1.0,9.998651729884015,9.999701947133564,10.877819572253646,8.78143798447708,8.792863939264638,1.0161942950527039,3.0247366876774002,0.025766252849588486,-0.12583936274041296,0.02780818377034002,-0.153647546510753,injection,0,2,100
injection_electrons,100,0.01,100031,100031,100031,100031,1.0,1.0,9.998651729884015,9.999701947133564,10.12143340892079,1.217350901364811,1.227982355559054,2.9580560278007226,13.9320925286597,0.025766252849588486,-0.5438287508166999,0.02780818377034002,-0.5716369345870399,injection,0,2,500
injection_electrons,125,0.0125,100031,100031,100031,100031,1.0,1.0,9.998651729884015,10.01157078268838,9.827136808085585,-1.842208166991255,-1.7153804976105413,0.400696481099824,3.8954236938649736,0.025766252849588486,-0.024142182932387665,0.0698781522680981,-0.09402033520048576,injection,0,2,100
injection_electrons,125,0.0125,100031,100031,100031,100031,1.0,1.0,9.998651729884015,10.01157078268838,9.534713838600624,-4.763058209729875,-4.640004510775908,2.1238137191064816,9.472652668642699,0.025766252849588486,-0.3851748222307816,0.0698781522680981,-0.4550529744988797,injection,0,2,500
injection_electrons,150,0.015000000000000001,100031,100031,100031,100031,1.0,1.0,9.998651729884015,10.021285810942627,9.674570476835632,-3.4597888998276427,-3.2412495384729567,0.44693283843304515,2.7900399490179995,0.025766252849588486,0.023922656676772527,0.10104207046079655,-0.07711941378402402,injection,0,2,100
injection_electrons,150,0.015000000000000001,100031,100031,100031,100031,1.0,1.0,9.998651729884015,10.021285810942627,10.024943041792072,0.036494626721972345,0.26294857165070074,1.442924071292354,6.817541871095202,0.025766252849588486,-0.3109385086606363,0.10104207046079655,-0.4119805791214329,injection,0,2,500
injection_electrons,200,0.02,100031,100031,100031,100031,1.0,1.0,9.998651729884015,10.000077961256217,10.124728230876997,1.2464929783919443,1.260935018030107,0.2390381321623101,2.6763715584392997,0.025766252849588486,-0.030017294521715247,0.030629783031419958,-0.060647077553135205,injection,0,2,100
injection_electrons,200,0.02,100031,100031,100031,100031,1.0,1.0,9.998651729884015,10.000077961256217,9.987359409262675,-0.1271845283888573,-0.11293843336486198,0.7797360709129353,4.5365254003355,0.025766252849588486,-0.25021371546180193,0.030629783031419958,-0.2808434984932219,injection,0,2,500
injection_electrons,250,0.025,100031,100031,100031,100031,1.0,1.0,9.998651729884015,10.005729642229078,9.932417121825068,-0.7327053900656577,-0.6624353947741191,0.19391567306642987,2.749770214599,0.025766252849588486,0.018972643479290365,0.0673024925173591,-0.04832984903806874,injection,0,2,100
injection_electrons,250,0.025,100031,100031,100031,100031,1.0,1.0,9.998651729884015,10.005729642229078,10.032071685402936,0.26326958768385644,0.334244620392532,0.546880221342574,3.9976247875948,0.025766252849588486,-0.1876000590300772,0.0673024925173591,-0.2549025515474363,injection,0,2,500
injection_electrons,300,0.030000000000000002,100031,100031,100031,100031,1.0,1.0,9.998651729884015,10.000779328653325,10.05819358566759,0.5740978290538656,0.5954988471657208,0.18115419626355697,2.4395684889063,0.025766252849588486,-0.011324033823198942,0.0355851949472311,-0.04690922877043004,injection,0,2,100
injection_electrons,300,0.030000000000000002,100031,100031,100031,100031,1.0,1.0,9.998651729884015,10.000779328653325,9.980144106232244,-0.2063361438438993,-0.18510119315843232,0.42371824495499333,3.0151956177741006,0.025766252849588486,-0.15559112350045037,0.0355851949472311,-0.19117631844768146,injection,0,2,500
injection_electrons,1000,0.1,100031,100031,100031,100031,1.0,1.0,9.998651729884015,9.998918716995824,9.998367474494001,-0.005513021131831053,-0.0028429372048610624,0.10536135871998027,1.363393358825899,0.025766252849588486,0.025278867718702105,0.034620561861483906,-0.009341694142781801,injection,0,2,100
injection_electrons,1000,0.1,100031,100031,100031,100031,1.0,1.0,9.998651729884015,9.998918716995824,9.999199195005065,0.0028050834013138015,0.005475389440889877,0.13250105104494592,1.4708745334724007,0.025766252849588486,-0.025063459504849766,0.034620561861483906,-0.059684021366333675,injection,0,2,500
injection_electrons,0,0.0,100031,100031,100031,100031,1.0,1.0,9.998651729884015,10.425900361793548,5.496142632717007,-47.28376023179723,-45.031162388723764,10.549597043596641,27.8486366313522,0.025766252849588486,-0.006842844339520204,0.019530046075521893,-0.026372890415042097,injection,0,3,100
injection_electrons,0,0.0,100031,100031,100031,100031,1.0,1.0,9.998651729884015,10.425900361793548,19.02189516064613,82.44846488609478,90.24460171758363,27.03974361275791,110.2076943971518,0.025766252849588486,-0.011334149389602317,0.019530046075521893,-0.03086419546512421,injection,0,3,500
injection_electrons,25,0.0025,100031,100031,100031,100031,1.0,1.0,9.998651729884015,10.37793301867222,5.317992723140304,-48.756725317343566,-46.81290171107907,7.593434144883673,20.137728658784,0.025766252849588486,0.11517860917217974,0.2561798787262398,-0.14100126955406006,injection,0,3,100
injection_electrons,25,0.0025,100031,100031,100031,100031,1.0,1.0,9.998651729884015,10.37793301867222,10.940449342661793,5.420311761286967,9.41924609658049,14.635819284752438,66.26298556608339,0.025766252849588486,-0.8981290913093383,0.2561798787262398,-1.154308970035578,injection,0,3,500
injection_electrons,50,0.005,100031,100031,100031,100031,1.0,1.0,9.998651729884015,10.208235541886644,8.510794130062237,-16.628156794182793,-14.880582302660494,1.958053066749628,6.291150744296402,0.025766252849588486,0.04137765554054528,0.2572535578101598,-0.2158759022696145,injection,0,3,100
injection_electrons,50,0.005,100031,100031,100031,100031,1.0,1.0,9.998651729884015,10.208235541886644,13.772108287930036,34.91174093132976,37.73965390521501,6.601803357193628,31.29061952852719,0.025766252849588486,-1.002087146028996,0.2572535578101598,-1.2593407038391558,injection,0,3,500
injection_electrons,75,0.007500000000000001,100031,100031,100031,100031,1.0,1.0,9.998651729884015,10.04577924230851,11.183167513092503,11.322051215238748,11.846755094671435,1.4021271411988518,4.8821390266444995,0.025766252849588486,-0.11333832024870819,0.10356434037884975,-0.21690266062755792,injection,0,3,100
injection_electrons,75,0.007500000000000001,100031,100031,100031,100031,1.0,1.0,9.998651729884015,10.04577924230851,12.790307454932684,27.320212264523967,27.92032166401952,4.976782533055809,20.3693588837547,0.025766252849588486,-0.7851415179345934,0.10356434037884975,-0.8887058583134432,injection,0,3,500
injection_electrons,100,0.01,100031,100031,100031,100031,1.0,1.0,9.998651729884015,9.999571211576047,10.862976155180958,8.634419669969319,8.644409752903437,0.9996273056980672,3.024736687677297,0.025766252849588486,-0.12576551705826253,0.02795993715520076,-0.1537254542134633,injection,0,3,100
injection_electrons,100,0.01,100031,100031,100031,100031,1.0,1.0,9.998651729884015,9.999571211576047,10.088349709150767,0.8878230445716007,0.897100746080226,2.957018596521013,13.9320925286597,0.025766252849588486,-0.5450035207951703,0.02795993715520076,-0.5729634579503711,injection,0,3,500
injection_electrons,125,0.0125,100031,100031,100031,100031,1.0,1.0,9.998651729884015,10.012213295092359,9.80823286504691,-2.0373160662231604,-1.9044454190556448,0.41543824543271285,3.8954236938649736,0.025766252849588486,-0.022553454620064344,0.07135548564774212,-0.09390894026780647,injection,0,3,100
injection_electrons,125,0.0125,100031,100031,100031,100031,1.0,1.0,9.998651729884015,10.012213295092359,9.53972417617075,-4.719127579445459,-4.589894378875304,2.128677683707935,9.7604935606904,0.025766252849588486,-0.386816436525637,0.07135548564774212,-0.45817192217337915,injection,0,3,500
injection_electrons,150,0.015000000000000001,100031,100031,100031,100031,1.0,1.0,9.998651729884015,10.021465998157057,9.678544182415635,-3.421872765965428,-3.2015071243219895,0.44190190169414323,2.7900399490179995,0.025766252849588486,0.023424214137290598,0.10097879199705562,-0.07755457785976502,injection,0,3,100
injection_electrons,150,0.015000000000000001,100031,100031,100031,100031,1.0,1.0,9.998651729884015,10.021465998157057,10.03976802865306,0.18262827513828572,0.411218431042637,1.4419296717158563,6.817541871095202,0.025766252849588486,-0.3125812406772813,0.10097879199705562,-0.41356003267433694,injection,0,3,500
injection_electrons,200,0.02,100031,100031,100031,100031,1.0,1.0,9.998651729884015,9.99986962683347,10.12195839385184,1.2209035874903629,1.233232912786475,0.23660624730899854,2.6763715584392997,0.025766252849588486,-0.03002465385324096,0.03053336085512113,-0.060558014708362085,injection,0,3,100
injection_electrons,200,0.02,100031,100031,100031,100031,1.0,1.0,9.998651729884015,9.99986962683347,9.983190432810835,-0.16679411477404926,-0.15463381954758937,0.7804888211375082,4.5365254003355,0.025766252849588486,-0.2512564523831228,0.03053336085512113,-0.2817898132382439,injection,0,3,500
injection_electrons,250,0.025,100031,100031,100031,100031,1.0,1.0,9.998651729884015,10.005995892431041,9.93593453095165,-0.7001937861316643,-0.6272565604512059,0.19250909408763706,2.749770214599,0.025766252849588486,0.01850621133064621,0.0676253385052502,-0.04911912717460398,injection,0,3,100
injection_electrons,250,0.025,100031,100031,100031,100031,1.0,1.0,9.998651729884015,10.005995892431041,10.035164341963553,0.2915097092391905,0.36517535629736475,0.5482262554524252,3.9976247875948,0.025766252849588486,-0.18875616992611238,0.0676253385052502,-0.2563815084313626,injection,0,3,500
injection_electrons,300,0.030000000000000002,100031,100031,100031,100031,1.0,1.0,9.998651729884015,10.000509176256957,10.05524398767833,0.5473202459663096,0.5659988898820245,0.17946905421281084,2.4395684889063,0.025766252849588486,-0.011356687475432291,0.035000139483645505,-0.04635682695907779,injection,0,3,100
injection_electrons,300,0.030000000000000002,100031,100031,100031,100031,1.0,1.0,9.998651729884015,10.000509176256957,9.977526817474397,-0.22981188634998428,-0.21127761002496248,0.4240089498811002,2.9103793364288997,0.025766252849588486,-0.1558785650697034,0.035000139483645505,-0.1908787045533489,injection,0,3,500
injection_electrons,1000,0.1,100031,100031,100031,100031,1.0,1.0,9.998651729884015,9.99896792716027,9.999619575171144,0.006517152726370767,0.009679757964131674,0.1054067041974726,1.363393358825899,0.025766252849588486,0.024784161350026288,0.034727698683462885,-0.009943537333436597,injection,0,3,100
injection_electrons,1000,0.1,100031,100031,100031,100031,1.0,1.0,9.998651729884015,9.99896792716027,9.999809593043414,0.008417527581605633,0.011580192916804677,0.13227471185136197,1.4708745334724007,0.025766252849588486,-0.025710102749595842,0.034727698683462885,-0.06043780143305873,injection,0,3,500
injection_electrons,0,0.0,100031,100031,100031,100031,1.0,1.0,9.998651729884015,10.429271728993202,5.519974461606001,-47.07229224586638,-44.792811963758304,10.613405115849865,27.8486366313522,0.025766252849588486,-0.0073320586839704955,0.019482156116633516,-0.02681421480060401,injection,0,4,100
injection_electrons,0,0.0,100031,100031,100031,100031,1.0,1.0,9.998651729884015,10.429271728993202,19.098493803886658,83.12394479849598,91.01069143957675,27.113405087393577,110.2076943971518,0.025766252849588486,-0.01140381854415972,0.019482156116633516,-0.030885974660793236,injection,0,4,500
injection_electrons,25,0.0025,100031,100031,100031,100031,1.0,1.0,9.998651729884015,10.380629456358545,5.317348204830515,-48.77624495522832,-46.81934776327892,7.610096012629683,20.137728658784,0.025766252849588486,0.11452700664541268,0.2577677571845323,-0.14324075053911964,injection,0,4,100
injection_electrons,25,0.0025,100031,100031,100031,100031,1.0,1.0,9.998651729884015,10.380629456358545,10.963445500500493,5.614457645291937,9.649238684180773,14.60483003854242,66.18507288941879,0.025766252849588486,-0.9088248536798413,0.2577677571845323,-1.1665926108643736,injection,0,4,500
injection_electrons,50,0.005,100031,100031,100031,100031,1.0,1.0,9.998651729884015,10.20831860242136,8.549018367249689,-16.254393106207456,-14.49828838723981,1.9117321224369221,6.1711370827079985,0.025766252849588486,0.038247197806501945,0.25728578752731307,-0.21903858972081114,injection,0,4,100
injection_electrons,50,0.005,100031,100031,100031,100031,1.0,1.0,9.998651729884015,10.20831860242136,13.83042399826925,35.48189997703193,38.32288964453894,6.626682538057086,31.29061952852719,0.025766252849588486,-1.0107405562474845,0.25728578752731307,-1.2680263437747976,injection,0,4,500
injection_electrons,75,0.007500000000000001,100031,100031,100031,100031,1.0,1.0,9.998651729884015,10.044855350868884,11.21374504067352,11.636700071579709,12.152571602807495,1.434638086202525,4.8821390266444995,0.025766252849588486,-0.11703508780885327,0.10201007365523271,-0.21904516146408598,injection,0,4,100
injection_electrons,75,0.007500000000000001,100031,100031,100031,100031,1.0,1.0,9.998651729884015,10.044855350868884,12.770909850978194,27.13881290359752,27.726319467738247,4.974051867940611,20.3693588837547,0.025766252849588486,-0.7899167739597384,0.10201007365523271,-0.8919268476149711,injection,0,4,500
injection_electrons,100,0.01,100031,100031,100031,100031,1.0,1.0,9.998651729884015,9.99946702228681,10.846815583747548,8.473937256577457,8.482782246815713,0.9818261556058109,3.024736687677297,0.025766252849588486,-0.12589570832725774,0.027912401437069287,-0.15380810976432702,injection,0,4,100
injection_electrons,100,0.01,100031,100031,100031,100031,1.0,1.0,9.998651729884015,9.99946702228681,10.054021121840309,0.5455700732039936,0.5537685825260485,2.9562865197541934,13.4182668451278,0.025766252849588486,-0.5462306039446911,0.027912401437069287,-0.5741430053817604,injection,0,4,500
injection_electrons,125,0.0125,100031,100031,100031,100031,1.0,1.0,9.998651729884015,10.01271198268713,9.786951367085168,-2.254739934518457,-2.1172890957499413,0.43132183974972527,3.8954236938649736,0.025766252849588486,-0.020854936000395553,0.07284656818069012,-0.09370150418108567,injection,0,4,100
injection_electrons,125,0.0125,100031,100031,100031,100031,1.0,1.0,9.998651729884015,10.01271198268713,9.545089292804184,-4.670290034223568,-4.536235977939129,2.1308992405459324,9.7604935606904,0.025766252849588486,-0.38787301731097057,0.07284656818069012,-0.4607195854916607,injection,0,4,500
injection_electrons,150,0.015000000000000001,100031,100031,100031,100031,1.0,1.0,9.998651729884015,10.021595238171736,9.682708250665359,-3.3815672999401802,-3.159860826778904,0.437489521003818,2.7900399490179995,0.025766252849588486,0.023093946614539815,0.10110104482219279,-0.07800709820765298,injection,0,4,100
injection_electrons,150,0.015000000000000001,100031,100031,100031,100031,1.0,1.0,9.998651729884015,10.021595238171736,10.05439700624997,0.32731084521646636,0.5575279334846917,1.4408978022539711,7.060720723553898,0.025766252849588486,-0.31421806215247666,0.10110104482219279,-0.41531910697466945,injection,0,4,500
injection_electrons,200,0.02,100031,100031,100031,100031,1.0,1.0,9.998651729884015,9.999727013748018,10.119111975498052,1.1938822088432888,1.2047648909903064,0.23494766570773065,2.6763715584392997,0.025766252849588486,-0.03001951068390625,0.03026307122357641,-0.06028258190748266,injection,0,4,100
injection_electrons,200,0.02,100031,100031,100031,100031,1.0,1.0,9.998651729884015,9.999727013748018,9.979401979764905,-0.20325588843744802,-0.1925234585536839,0.7816815013164498,4.5365254003355,0.025766252849588486,-0.2530624731367328,0.03026307122357641,-0.2833255443603092,injection,0,4,500
injection_electrons,250,0.025,100031,100031,100031,100031,1.0,1.0,9.998651729884015,10.006134741215682,9.93992876933147,-0.6616538113514259,-0.5873087906145824,0.19177443887631251,2.749770214599,0.025766252849588486,0.01779851652589396,0.0681092815862224,-0.05031076506032844,injection,0,4,100
injection_electrons,250,0.025,100031,100031,100031,100031,1.0,1.0,9.998651729884015,10.006134741215682,10.03799049067838,0.31836218766356783,0.39344065437132425,0.5500497787694032,3.9976247875948,0.025766252849588486,-0.18989483792976322,0.0681092815862224,-0.2580041195159856,injection,0,4,500
injection_electrons,300,0.030000000000000002,100031,100031,100031,100031,1.0,1.0,9.998651729884015,10.000427584721791,10.051724136922108,0.5129435893189704,0.5307956359702937,0.17800579495557559,2.4395684889063,0.025766252849588486,-0.011228848227099634,0.03427663424366159,-0.04550548247076122,injection,0,4,100
injection_electrons,300,0.030000000000000002,100031,100031,100031,100031,1.0,1.0,9.998651729884015,10.000427584721791,9.974359987057426,-0.26066483101372384,-0.24295018451323536,0.4243093455124179,2.9103793364288997,0.025766252849588486,-0.15644485843786807,0.03427663424366159,-0.19072149268152966,injection,0,4,500
injection_electrons,1000,0.1,100031,100031,100031,100031,1.0,1.0,9.998651729884015,9.99890967108883,10.000746840340131,0.018373695850182337,0.02095392971688259,0.10562164870185309,1.363393358825899,0.025766252849588486,0.024055593530775393,0.03496314584426816,-0.01090755231349277,injection,0,4,100
injection_electrons,1000,0.1,100031,100031,100031,100031,1.0,1.0,9.998651729884015,9.99890967108883,9.999907542609392,0.009979803332438308,0.012559820656865561,0.1322183203213422,1.4708745334725002,0.025766252849588486,-0.026060289915378322,0.03496314584426816,-0.061023435759646485,injection,0,4,500
injection_electrons,0,0.0,100031,100031,100031,100031,1.0,1.0,9.998651729884015,10.432711060707916,5.538563172894335,-46.9115636322577,-44.606899784891475,10.670950843443727,27.8486366313522,0.025766252849588486,-0.006984781396847682,0.019551419120863205,-0.026536200517710887,injection,0,5,100
injection_electrons,0,0.0,100031,100031,100031,100031,1.0,1.0,9.998651729884015,10.432711060707916,19.172740163485965,83.7752435768598,91.75325515321624,27.185255767179875,110.2076943971518,0.025766252849588486,-0.011500342180208251,0.019551419120863205,-0.031051761301071457,injection,0,5,500
injection_electrons,25,0.0025,100031,100031,100031,100031,1.0,1.0,9.998651729884015,10.38310262861544,5.316367146042309,-48.79789465443015,-46.82915967407158,7.625166734501238,20.137728658784,0.025766252849588486,0.11399364253127454,0.25916474050009053,-0.145171097968816,injection,0,5,100
injection_electrons,25,0.0025,100031,100031,100031,100031,1.0,1.0,9.998651729884015,10.38310262861544,10.987702454481889,5.822920638386009,9.891840933330997,14.57529243156615,66.18507288941879,0.025766252849588486,-0.9190786088882839,0.25916474050009053,-1.1782433493883744,injection,0,5,500
injection_electrons,50,0.005,100031,100031,100031,100031,1.0,1.0,9.998651729884015,10.208452880249641,8.586238735831525,-15.890891239324068,-14.126034511543828,1.8678356754654761,6.1711370827079985,0.025766252849588486,0.035834414299636214,0.2571525897000106,-0.22131817540037438,injection,0,5,100
injection_electrons,50,0.005,100031,100031,100031,100031,1.0,1.0,9.998651729884015,10.208452880249641,13.888731947691253,36.05129112719785,38.90604776422555,6.651275786287006,31.793069292186797,0.025766252849588486,-1.0206533886676639,0.2571525897000106,-1.2778059783676745,injection,0,5,500
injection_electrons,75,0.007500000000000001,100031,100031,100031,100031,1.0,1.0,9.998651729884015,10.044213166855704,11.24264345405738,11.931549712189549,12.441594704767201,1.4640069296007105,4.8821390266444995,0.025766252849588486,-0.11990894042047286,0.10065771159126442,-0.22056665201173728,injection,0,5,100
injection_electrons,75,0.007500000000000001,100031,100031,100031,100031,1.0,1.0,9.998651729884015,10.044213166855704,12.749960169200081,26.938366972068152,27.516794400318425,4.971576792308103,20.3693588837547,0.025766252849588486,-0.7944966006172443,0.10065771159126442,-0.8951543122085087,injection,0,5,500
injection_electrons,100,0.01,100031,100031,100031,100031,1.0,1.0,9.998651729884015,9.999256530709316,10.830561768142953,8.313670470205125,8.320222173280833,0.9643447419984618,3.168085749023,0.025766252849588486,-0.12619186950073188,0.028071423443525558,-0.15426329294425745,injection,0,5,100
injection_electrons,100,0.01,100031,100031,100031,100031,1.0,1.0,9.998651729884015,9.999256530709316,10.020686793391492,0.21431856074860534,0.22038034829854336,2.956059251476344,13.4182668451278,0.025766252849588486,-0.547185646456995,0.028071423443525558,-0.5752570699005205,injection,0,5,500
injection_electrons,125,0.0125,100031,100031,100031,100031,1.0,1.0,9.998651729884015,10.01301475659364,9.765795285584778,-2.468981390904934,-2.328878438712645,0.44624071768827184,3.8954236938649736,0.025766252849588486,-0.019119487059883276,0.07413212512737141,-0.0932516121872547,injection,0,5,100
injection_electrons,125,0.0125,100031,100031,100031,100031,1.0,1.0,9.998651729884015,10.01301475659364,9.552142991225049,-4.602727316117294,-4.465689482157275,2.131432890886155,9.068029609597602,0.025766252849588486,-0.38797377101653285,0.07413212512737141,-0.4621058961439043,injection,0,5,500
injection_electrons,150,0.015000000000000001,100031,100031,100031,100031,1.0,1.0,9.998651729884015,10.021815315166576,9.687153278711785,-3.3393354989123436,-3.11540455240803,0.4327200949431762,3.2138402411236,0.025766252849588486,0.022731814021554116,0.10097860028352706,-0.07824678626197296,injection,0,5,100
injection_electrons,150,0.015000000000000001,100031,100031,100031,100031,1.0,1.0,9.998651729884015,10.021815315166576,10.069781278108382,0.4786155145886317,0.7113913970198116,1.4408569790721164,7.060720723553898,0.025766252849588486,-0.3162834946514711,0.10097860028352706,-0.41726209493499816,injection,0,5,500
injection_electrons,200,0.02,100031,100031,100031,100031,1.0,1.0,9.998651729884015,9.99947441005191,10.116069428789316,1.1660114717649606,1.1743353211749907,0.23288590907433163,2.8395676508587,0.025766252849588486,-0.03025682647577014,0.03027646906798775,-0.06053329554375789,injection,0,5,100
injection_electrons,200,0.02,100031,100031,100031,100031,1.0,1.0,9.998651729884015,9.99947441005191,9.975780946759604,-0.23694708662375108,-0.22873867139561188,0.7822070502815841,4.5365254003355,0.025766252849588486,-0.25409001862207586,0.03027646906798775,-0.2843664876900636,injection,0,5,500
injection_electrons,250,0.025,100031,100031,100031,100031,1.0,1.0,9.998651729884015,10.006382108800638,9.94406245997633,-0.6227990111380866,-0.5459663100828793,0.19076178619810075,2.7653685316231003,0.025766252849588486,0.017399826776180554,0.06827077353802535,-0.050870946761844796,injection,0,5,100
injection_electrons,250,0.025,100031,100031,100031,100031,1.0,1.0,9.998651729884015,10.006382108800638,10.040352096666297,0.33948321677403914,0.4170598987626173,0.5511707795013562,3.9316615848352,0.025766252849588486,-0.19115255150577612,0.06827077353802535,-0.2594233250438015,injection,0,5,500
injection_electrons,300,0.030000000000000002,100031,100031,100031,100031,1.0,1.0,9.998651729884015,10.000212172244215,10.047962668506758,0.4774948315104277,0.49317587965747034,0.17690920381860387,2.4395684889063,0.025766252849588486,-0.011367068863490462,0.03390236511886817,-0.04526943398235863,injection,0,5,100
injection_electrons,300,0.030000000000000002,100031,100031,100031,100031,1.0,1.0,9.998651729884015,10.000212172244215,9.972102792629844,-0.28108783224009004,-0.2655251725072305,0.42482010263583936,2.712773898875401,0.025766252849588486,-0.15711254259294055,0.03390236511886817,-0.19101490771180873,injection,0,5,500
injection_electrons,1000,0.1,100031,100031,100031,100031,1.0,1.0,9.998651729884015,9.99905696491104,10.001887430406118,0.02830732443079853,0.0323613684076296,0.10609196080032628,1.156743986397199,0.025766252849588486,0.02375827547395901,0.03494208257094002,-0.011183807096981007,injection,0,5,100
injection_electrons,1000,0.1,100031,100031,100031,100031,1.0,1.0,9.998651729884015,9.99905696491104,9.999697367065425,0.006404625522504759,0.010457781805572886,0.1327263986245785,1.4708745334724007,0.025766252849588486,-0.026088241066819878,0.03494208257094002,-0.0610303236377599,injection,0,5,500
injection_electrons,0,0.0,100031,100031,100031,100031,1.0,1.0,9.998651729884015,10.43614781141586,5.554766227376622,-46.773787342295094,-44.44484739102861,10.721073875898046,27.8486366313522,0.025766252849588486,-0.0070063395876350425,0.0195844150226637,-0.026590754610298743,injection,0,6,100
injection_electrons,0,0.0,100031,100031,100031,100031,1.0,1.0,9.998651729884015,10.43614781141586,19.249118143238835,84.44658403728884,92.51713794277867,27.25946410661371,110.2076943971518,0.025766252849588486,-0.010067846902104943,0.0195844150226637,-0.029652261924768643,injection,0,6,500
injection_electrons,25,0.0025,100031,100031,100031,100031,1.0,1.0,9.998651729884015,10.38582882823866,5.315535685764982,-48.819340529546864,-46.83747539802906,7.637803108229863,20.137728658784,0.025766252849588486,0.1136177755856592,0.260551158661376,-0.1469333830757168,injection,0,6,100
injection_electrons,25,0.0025,100031,100031,100031,100031,1.0,1.0,9.998651729884015,10.38582882823866,11.011829997687036,6.027455100610779,10.133148900214506,14.547606991022718,66.4070808201359,0.025766252849588486,-0.9310829989202302,0.260551158661376,-1.191634157581606,injection,0,6,500
injection_electrons,50,0.005,100031,100031,100031,100031,1.0,1.0,9.998651729884015,10.208559552289119,8.619406482730888,-15.566868777308418,-13.794312317438084,1.8307026076490829,6.128802059836801,0.025766252849588486,0.03243749474967156,0.2570763331046933,-0.22463883835502174,injection,0,6,100
injection_electrons,50,0.005,100031,100031,100031,100031,1.0,1.0,9.998651729884015,10.208559552289119,13.945615699724803,36.60708573324338,39.474961989565884,6.6750701562526,31.793069292186797,0.025766252849588486,-1.0298687069467105,0.2570763331046933,-1.2869450400514038,injection,0,6,500
injection_electrons,75,0.007500000000000001,100031,100031,100031,100031,1.0,1.0,9.998651729884015,10.043199638549776,11.267663705073309,12.191971787791168,12.691830953532124,1.4892676292991112,4.8821390266444995,0.025766252849588486,-0.12333421052574772,0.09928506001897427,-0.222619270544722,injection,0,6,100
injection_electrons,75,0.007500000000000001,100031,100031,100031,100031,1.0,1.0,9.998651729884015,10.043199638549776,12.726228556003534,26.714881850553198,27.279446267413476,4.966658206962424,20.014243965348502,0.025766252849588486,-0.7971238048757174,0.09928506001897427,-0.8964088648946917,injection,0,6,500
injection_electrons,100,0.01,100031,100031,100031,100031,1.0,1.0,9.998651729884015,9.99916857061106,10.815308314550476,8.162076058385125,8.167667068807226,0.9482410618980331,3.3744144307482693,0.025766252849588486,-0.12591867250681943,0.028154583977824953,-0.15407325648464437,injection,0,6,100
injection_electrons,100,0.01,100031,100031,100031,100031,1.0,1.0,9.998651729884015,9.99916857061106,9.990181607929472,-0.08987709946206568,-0.08471264109767285,2.954639767717582,13.4182668451278,0.025766252849588486,-0.5473448556004816,0.028154583977824953,-0.5754994395783066,injection,0,6,500
injection_electrons,125,0.0125,100031,100031,100031,100031,1.0,1.0,9.998651729884015,10.013662833852962,9.74740380045853,-2.6589574445656017,-2.5128180900086172,0.4600472826019667,2.8779025198333,0.025766252849588486,-0.017649850667496265,0.07546233815047837,-0.09311218881797463,injection,0,6,100
injection_electrons,125,0.0125,100031,100031,100031,100031,1.0,1.0,9.998651729884015,10.013662833852962,9.560099804746887,-4.529441789998412,-4.386110617558392,2.133905644251437,9.068029609597602,0.025766252849588486,-0.38824666943000563,0.07546233815047837,-0.463709007580484,injection,0,6,500
injection_electrons,150,0.015000000000000001,100031,100031,100031,100031,1.0,1.0,9.998651729884015,10.02192185522522,9.692075163202526,-3.2912518854925854,-3.066179070576003,0.4276590645995876,3.2138402411236,0.025766252849588486,0.022270317848574427,0.10095212551734191,-0.07868180766876748,injection,0,6,100
injection_electrons,150,0.015000000000000001,100031,100031,100031,100031,1.0,1.0,9.998651729884015,10.02192185522522,10.083658965038277,0.6160206665438039,0.8501869797123973,1.4395737003302054,6.934637327816599,0.025766252849588486,-0.31853505375386604,0.10095212551734191,-0.41948717927120793,injection,0,6,500
injection_electrons,200,0.02,100031,100031,100031,100031,1.0,1.0,9.998651729884015,9.999357712987829,10.112818221653491,1.1346779655486472,1.141818865720201,0.23050939122150774,2.8395676508587,0.025766252849588486,-0.030319466676541038,0.030169818467330196,-0.06048928514387124,injection,0,6,100
injection_electrons,200,0.02,100031,100031,100031,100031,1.0,1.0,9.998651729884015,9.999357712987829,9.972126459486287,-0.2723300264193207,-0.26528847202917927,0.783385338876942,4.5365254003355,0.025766252849588486,-0.25518832851920137,0.030169818467330196,-0.28535814698653156,injection,0,6,500
injection_electrons,250,0.025,100031,100031,100031,100031,1.0,1.0,9.998651729884015,10.006556125205652,9.947994161940652,-0.585235944637208,-0.5066439887285723,0.18952160744530888,2.7653685316231003,0.025766252849588486,0.016714739360602273,0.06857915046618376,-0.05186441110558149,injection,0,6,100
injection_electrons,250,0.025,100031,100031,100031,100031,1.0,1.0,9.998651729884015,10.006556125205652,10.042607488044462,0.3602774259967356,0.43961685383111515,0.5524697834843189,3.9316615848352,0.025766252849588486,-0.19173017490176936,0.06857915046618376,-0.26030932536795315,injection,0,6,500
injection_electrons,300,0.030000000000000002,100031,100031,100031,100031,1.0,1.0,9.998651729884015,9.999993529796901,10.044429776691523,0.4443627564579389,0.45784219757036837,0.17513870889248193,2.4395684889063,0.025766252849588486,-0.011165989327382345,0.03336156409608911,-0.04452755342347146,injection,0,6,100
injection_electrons,300,0.030000000000000002,100031,100031,100031,100031,1.0,1.0,9.998651729884015,9.999993529796901,9.969355184513747,-0.3063836510679874,-0.2930049586856498,0.42555727055837206,2.7862064131321,0.025766252849588486,-0.15771210010588207,0.03336156409608911,-0.1910736642019712,injection,0,6,500
injection_electrons,1000,0.1,100031,100031,100031,100031,1.0,1.0,9.998651729884015,9.999109887156706,10.003064527754528,0.039549926367965504,0.04413392915090242,0.10628245349436695,1.156743986397199,0.025766252849588486,0.022905869200253937,0.03494949355647142,-0.012043624356217485,injection,0,6,100
injection_electrons,1000,0.1,100031,100031,100031,100031,1.0,1.0,9.998651729884015,9.999109887156706,9.9994968201389,0.0038696742666211037,0.008452042112416791,0.1328657473063193,1.2765060062507,0.025766252849588486,-0.02664029513663216,0.03494949355647142,-0.06158978869310358,injection,0,6,500
injection_electrons,0,0.0,100031,100031,100031,100031,1.0,1.0,9.998651729884015,10.439898061070005,5.568309395462029,-46.66318231376177,-44.30939744786349,10.766167637222763,27.8486366313522,0.025766252849588486,-0.00696973050991339,0.019450860938342165,-0.026420591448255554,injection,0,7,100
injection_electrons,0,0.0,100031,100031,100031,100031,1.0,1.0,9.998651729884015,10.439898061070005,19.32730375521021,85.12923825646355,93.29909949203127,27.33535412500384,110.478252028854,0.025766252849588486,-0.011077407793409181,0.019450860938342165,-0.030528268731751344,injection,0,7,500
injection_electrons,25,0.0025,100031,100031,100031,100031,1.0,1.0,9.998651729884015,10.388440146067039,5.314137464870558,-48.84566508396896,-46.85145949240697,7.648655763555167,20.137728658784,0.025766252849588486,0.11305613973768289,0.2620248375393255,-0.1489686978016426,injection,0,7,100
injection_electrons,25,0.0025,100031,100031,100031,100031,1.0,1.0,9.998651729884015,10.388440146067039,11.036740606625386,6.240594848147518,10.382288580356548,14.521077653686927,66.4070808201359,0.025766252849588486,-0.9432026047985337,0.2620248375393255,-1.205227442337859,injection,0,7,500
injection_electrons,50,0.005,100031,100031,100031,100031,1.0,1.0,9.998651729884015,10.208432599327468,8.649798443124237,-15.26810449143695,-13.490351731407147,1.7985334143258827,6.049121665506201,0.025766252849588486,0.030359809932726238,0.2571133693312322,-0.22675355939850594,injection,0,7,100
injection_electrons,50,0.005,100031,100031,100031,100031,1.0,1.0,9.998651729884015,10.208432599327468,14.000696972189267,37.148350992802115,40.02584898865835,6.699939604607255,32.389913898905405,0.025766252849588486,-1.038499596502579,0.2571133693312322,-1.2956129658338111,injection,0,7,500
injection_electrons,75,0.007500000000000001,100031,100031,100031,100031,1.0,1.0,9.998651729884015,10.042392377612801,11.28837305249663,12.407209637232008,12.898952353324699,1.509562159065114,5.472601707815796,0.025766252849588486,-0.1258607714670941,0.09781841814091304,-0.22367918960800715,injection,0,7,100
injection_electrons,75,0.007500000000000001,100031,100031,100031,100031,1.0,1.0,9.998651729884015,10.042392377612801,12.704775392110554,26.511441839625014,27.064885699923558,4.962358532687697,20.014243965348502,0.025766252849588486,-0.8011969504554929,0.09781841814091304,-0.899015368596406,injection,0,7,500
injection_electrons,100,0.01,100031,100031,100031,100031,1.0,1.0,9.998651729884015,9.999239304539598,10.801285358989567,8.02107070370688,8.027418603916736,0.933885172778329,3.3744144307482693,0.025766252849588486,-0.1256702678933428,0.028177809026042496,-0.1538480769193853,injection,0,7,100
injection_electrons,100,0.01,100031,100031,100031,100031,1.0,1.0,9.998651729884015,9.999239304539598,9.959107259349567,-0.40135098248734735,-0.39549802916184484,2.9542703776790673,13.4182668451278,0.025766252849588486,-0.5474818783699098,0.028177809026042496,-0.5756596873959523,injection,0,7,500
injection_electrons,125,0.0125,100031,100031,100031,100031,1.0,1.0,9.998651729884015,10.01410891207322,9.731803895460065,-2.8190727611600352,-2.6688381757151824,0.47202346714537563,2.8779025198333,0.025766252849588486,-0.01583005338371165,0.07689023485484237,-0.09272028823855402,injection,0,7,100
injection_electrons,125,0.0125,100031,100031,100031,100031,1.0,1.0,9.998651729884015,10.01410891207322,9.567862696772039,-4.456174974921412,-4.308471229420185,2.136422292689819,9.068029609597602,0.025766252849588486,-0.3897468703979538,0.07689023485484237,-0.46663710525279617,injection,0,7,500
injection_electrons,150,0.015000000000000001,100031,100031,100031,100031,1.0,1.0,9.998651729884015,10.021877143416296,9.697417678588186,-3.2375118970726757,-3.0127467125942498,0.4222205409162313,3.2918473476909997,0.025766252849588486,0.021496187123450125,0.10093873533822044,-0.07944254821477031,injection,0,7,100
injection_electrons,150,0.015000000000000001,100031,100031,100031,100031,1.0,1.0,9.998651729884015,10.021877143416296,10.097063328683435,0.7502205843396448,0.9842486913039128,1.438812322404728,6.934637327816599,0.025766252849588486,-0.32014192538118397,0.10093873533822044,-0.4210806607194044,injection,0,7,500
injection_electrons,200,0.02,100031,100031,100031,100031,1.0,1.0,9.998651729884015,9.999369398248877,10.109259109879869,1.0989664173246316,1.1062229486928699,0.22799937964747255,2.8395676508587,0.025766252849588486,-0.029913306223711945,0.030083540888883112,-0.05999684711259506,injection,0,7,100
injection_electrons,200,0.02,100031,100031,100031,100031,1.0,1.0,9.998651729884015,9.999369398248877,9.969562539472559,-0.29808738520589184,-0.29093112948933575,0.784955288662986,5.3810877148218,0.025766252849588486,-0.2567369960092714,0.030083540888883112,-0.2868205368981545,injection,0,7,500
injection_electrons,250,0.025,100031,100031,100031,100031,1.0,1.0,9.998651729884015,10.006583258772798,9.951945464207629,-0.5460184875518581,-0.4671256379176647,0.18842795246583677,2.7653685316231003,0.025766252849588486,0.015882592983577623,0.06885575574980146,-0.05297316276622384,injection,0,7,100
injection_electrons,250,0.025,100031,100031,100031,100031,1.0,1.0,9.998651729884015,10.006583258772798,10.044956736787162,0.38348232380640557,0.4631125091071109,0.5536126430280193,3.9316615848352,0.025766252849588486,-0.1921349299649048,0.06885575574980146,-0.2609906857147063,injection,0,7,500
injection_electrons,300,0.030000000000000002,100031,100031,100031,100031,1.0,1.0,9.998651729884015,9.999950264025822,10.040935527067965,0.40985466887355493,0.422894989507161,0.17352938180205824,2.3981343212684,0.025766252849588486,-0.010806842331052039,0.03283090178731545,-0.04363774411836749,injection,0,7,100
injection_electrons,300,0.030000000000000002,100031,100031,100031,100031,1.0,1.0,9.998651729884015,9.999950264025822,9.966980612446521,-0.3296981555788947,-0.3167538813541704,0.4262565390044818,2.7862064131321,0.025766252849588486,-0.15833193174362042,0.03283090178731545,-0.19116283353093588,injection,0,7,500
injection_electrons,1000,0.1,100031,100031,100031,100031,1.0,1.0,9.998651729884015,9.999269781292842,10.003906446660023,0.046370039698850896,0.05255425349302012,0.10567219398739,1.099920365888999,0.025766252849588486,0.02226970259923975,0.03507135376708678,-0.012801651167847032,injection,0,7,100
injection_electrons,1000,0.1,100031,100031,100031,100031,1.0,1.0,9.998651729884015,9.999269781292842,9.999397998663738,0.0012822673425283426,0.007463694104803409,0.1332550649751441,1.2765060062507,0.025766252849588486,-0.027181743517994038,0.03507135376708678,-0.06225309728508082,injection,0,7,500
injection_electrons,0,0.0,100031,100031,100031,100031,1.0,1.0,9.998651729884015,10.44352261408792,5.583977247938539,-46.53166891786146,-44.15269779575257,10.811892561951721,28.6147726284659,0.025766252849588486,-0.006724951140519808,0.019587938100197978,-0.026312889240717785,injection,0,8,100
injection_electrons,0,0.0,100031,100031,100031,100031,1.0,1.0,9.998651729884015,10.44352261408792,19.402028158939103,85.78049644634748,94.04644429158617,27.40823449617319,110.5834988892478,0.025766252849588486,-0.011186087559597714,0.019587938100197978,-0.030774025659795694,injection,0,8,500
injection_electrons,25,0.0025,100031,100031,100031,100031,1.0,1.0,9.998651729884015,10.391221861264796,5.313276425173758,-48.867645247957036,-46.8600710504456,7.658617337442579,20.137728658784,0.025766252849588486,0.1125206407727327,0.2634891662194483,-0.15096852544671557,injection,0,8,100
injection_electrons,25,0.0025,100031,100031,100031,100031,1.0,1.0,9.998651729884015,10.391221861264796,11.059336473894215,6.429605888023038,10.608277722485514,14.490974001475102,66.4070808201359,0.025766252849588486,-0.9540838780193105,0.2634891662194483,-1.2175730442387587,injection,0,8,500
injection_electrons,50,0.005,100031,100031,100031,100031,1.0,1.0,9.998651729884015,10.208229157681476,8.680025818098416,-14.970307934683458,-13.188037221503413,1.7673439046860897,5.980521923891203,0.025766252849588486,0.027473906399976766,0.2568899405495498,-0.229416034149573,injection,0,8,100
injection_electrons,50,0.005,100031,100031,100031,100031,1.0,1.0,9.998651729884015,10.208229157681476,14.05602072711231,37.693036764711074,40.579161139312525,6.724523522905176,32.389913898905405,0.025766252849588486,-1.0472453569664335,0.2568899405495498,-1.3041352975159832,injection,0,8,500
injection_electrons,75,0.007500000000000001,100031,100031,100031,100031,1.0,1.0,9.998651729884015,10.041427767396824,11.307840337114174,12.611877504404534,13.09365145019752,1.5289304115683786,5.472601707815796,0.025766252849588486,-0.1284515719666802,0.09640344340837827,-0.22485501537505848,injection,0,8,100
injection_electrons,75,0.007500000000000001,100031,100031,100031,100031,1.0,1.0,9.998651729884015,10.041427767396824,12.68247672047474,26.301528171651544,26.841868914878763,4.958044767700954,20.014243965348502,0.025766252849588486,-0.80492543173496,0.09640344340837827,-0.9013288751433383,injection,0,8,500
injection_electrons,100,0.01,100031,100031,100031,100031,1.0,1.0,9.998651729884015,9.999348998448927,10.787323323450224,7.880256255917528,7.887779421389629,0.9199908921843576,3.168085749023,0.025766252849588486,-0.1254750601371962,0.02845191479152885,-0.15392697492872504,injection,0,8,100
injection_electrons,100,0.01,100031,100031,100031,100031,1.0,1.0,9.998651729884015,9.999348998448927,9.92906221527577,-0.7029135915153972,-0.6959889841972933,2.958182987315131,13.4182668451278,0.025766252849588486,-0.5484046057323063,0.02845191479152885,-0.5768565205238352,injection,0,8,500
injection_electrons,125,0.0125,100031,100031,100031,100031,1.0,1.0,9.998651729884015,10.014767338605447,9.717928046829424,-2.964015855183677,-2.807615372936356,0.48368906889565116,3.1804343395118,0.025766252849588486,-0.014642661359079904,0.07823416881737205,-0.09287683017645196,injection,0,8,100
injection_electrons,125,0.0125,100031,100031,100031,100031,1.0,1.0,9.998651729884015,10.014767338605447,9.576164142572036,-4.379564509129031,-4.225445577319653,2.1382828129629994,9.068029609597602,0.025766252849588486,-0.3911161978742872,0.07823416881737205,-0.46935036669165925,injection,0,8,500
injection_electrons,150,0.015000000000000001,100031,100031,100031,100031,1.0,1.0,9.998651729884015,10.021762960547672,9.702850288216354,-3.1822013111542424,-2.9584132906996685,0.4167427774132816,3.2918473476909997,0.025766252849588486,0.021077401464472022,0.10067787038955364,-0.07960046892508162,injection,0,8,100
injection_electrons,150,0.015000000000000001,100031,100031,100031,100031,1.0,1.0,9.998651729884015,10.021762960547672,10.109423071373286,0.8746975075214047,1.1078627847212363,1.4381659599018135,6.934637327816599,0.025766252849588486,-0.32192204221970216,0.10067787038955364,-0.4225999126092558,injection,0,8,500
injection_electrons,200,0.02,100031,100031,100031,100031,1.0,1.0,9.998651729884015,9.999411889846389,10.105760751813524,1.0635511681954313,1.0712346506617454,0.225681139430096,2.8395676508587,0.025766252849588486,-0.02983515010206446,0.030252592800293146,-0.060087742902357605,injection,0,8,100
injection_electrons,200,0.02,100031,100031,100031,100031,1.0,1.0,9.998651729884015,9.999411889846389,9.965501353898004,-0.3391253037873021,-0.331548461548381,0.7864033915038187,5.3810877148218,0.025766252849588486,-0.2583944413799732,0.030252592800293146,-0.2886470341802663,injection,0,8,500
injection_electrons,250,0.025,100031,100031,100031,100031,1.0,1.0,9.998651729884015,10.006587685079438,9.955485332346544,-0.5106871027482307,-0.43172218318651145,0.18756480144437815,2.7653685316231003,0.025766252849588486,0.01529065615587547,0.06885897624182466,-0.05356832008594919,injection,0,8,100
injection_electrons,250,0.025,100031,100031,100031,100031,1.0,1.0,9.998651729884015,10.006587685079438,10.046599703875465,0.3998567749092796,0.47954439545225824,0.5550502134648408,3.9316615848352,0.025766252849588486,-0.19342909681945716,0.06885897624182466,-0.2622880730612818,injection,0,8,500
injection_electrons,300,0.030000000000000002,100031,100031,100031,100031,1.0,1.0,9.998651729884015,9.999871883009535,10.037812811584862,0.37941414669313556,0.3916636238444182,0.17252606052008584,2.2730419769293997,0.025766252849588486,-0.010551593859496214,0.03258799604835532,-0.043139589907851536,injection,0,8,100
injection_electrons,300,0.030000000000000002,100031,100031,100031,100031,1.0,1.0,9.998651729884015,9.999871883009535,9.964939723193625,-0.34932607361961576,-0.3371655259241768,0.4268032891873304,2.7862064131321,0.025766252849588486,-0.15885352173055345,0.03258799604835532,-0.19144151777890878,injection,0,8,500
injection_electrons,1000,0.1,100031,100031,100031,100031,1.0,1.0,9.998651729884015,9.999215946206368,10.004499152338001,0.05283620395895028,0.05848210950791799,0.10552969806785076,1.1188062664497007,0.025766252849588486,0.02166691724354798,0.035178257539493725,-0.013511340295945744,injection,0,8,100
injection_electrons,1000,0.1,100031,100031,100031,100031,1.0,1.0,9.998651729884015,9.999215946206368,9.999094229912645,-0.001217258376839947,0.00442559697630962,0.1331603918215776,1.1108283109809012,0.025766252849588486,-0.027587858527487363,0.035178257539493725,-0.06276611606698108,injection,0,8,500
injection_electrons,0,0.0,100031,100031,100031,100031,1.0,1.0,9.998651729884015,10.447174633759342,5.603481060060052,-46.363670020861136,-43.95763337458446,10.859893683519477,28.6147726284659,0.025766252849588486,-0.007189144866428164,0.019504713472866374,-0.026693858339294538,injection,0,9,100
injection_electrons,0,0.0,100031,100031,100031,100031,1.0,1.0,9.998651729884015,10.447174633759342,19.477912233648386,86.44191292358437,94.80538736470552,27.48186628994219,110.5834988892478,0.025766252849588486,-0.01186964679164849,0.019504713472866374,-0.031374360264514865,injection,0,9,500
injection_electrons,25,0.0025,100031,100031,100031,100031,1.0,1.0,9.998651729884015,10.393709856056677,5.313018022351682,-48.88237120400613,-46.86265542711014,7.668734829925288,20.137728658784,0.025766252849588486,0.11187849444025937,0.26501484310704254,-0.15313634866678316,injection,0,9,100
injection_electrons,25,0.0025,100031,100031,100031,100031,1.0,1.0,9.998651729884015,10.393709856056677,11.083080815592403,6.632578444875592,10.845753157570659,14.462541224727069,66.4070808201359,0.025766252849588486,-0.9655293604014422,0.26501484310704254,-1.2305442035084848,injection,0,9,500
injection_electrons,50,0.005,100031,100031,100031,100031,1.0,1.0,9.998651729884015,10.208074536190002,8.710567896484639,-14.669824700009325,-12.882575253116835,1.7352437809818633,5.9228017722446005,0.025766252849588486,0.024797592416387446,0.2568463019398654,-0.23204870952347795,injection,0,9,100
injection_electrons,50,0.005,100031,100031,100031,100031,1.0,1.0,9.998651729884015,10.208074536190002,14.10971837670943,38.221153525938625,41.11621004398265,6.7488321681354035,32.389913898905405,0.025766252849588486,-1.0553453528085115,0.2568463019398654,-1.312191654748377,injection,0,9,500
injection_electrons,75,0.007500000000000001,100031,100031,100031,100031,1.0,1.0,9.998651729884015,10.040656425075897,11.326479923184312,12.806169673300971,13.280072445484613,1.5480306876241805,5.472601707815796,0.025766252849588486,-0.1307950001073147,0.09490046852987956,-0.22569546863719425,injection,0,9,100
injection_electrons,75,0.007500000000000001,100031,100031,100031,100031,1.0,1.0,9.998651729884015,10.040656425075897,12.655227342508908,26.039840491935262,26.569338390744313,4.951144309023572,20.369647554338297,0.025766252849588486,-0.8083348922131713,0.09490046852987956,-0.9032353607430509,injection,0,9,500
injection_electrons,100,0.01,100031,100031,100031,100031,1.0,1.0,9.998651729884015,9.999496255269253,10.77294858937299,7.73491298320319,7.744012696979463,0.9055813962896039,3.168085749023,0.025766252849588486,-0.12501439569204573,0.028578082157528197,-0.15359247784957392,injection,0,9,100
injection_electrons,100,0.01,100031,100031,100031,100031,1.0,1.0,9.998651729884015,9.999496255269253,9.89916320756051,-1.0033810218777028,-0.99501937872436,2.960706809902873,13.785651425534102,0.025766252849588486,-0.5490247108848677,0.028578082157528197,-0.5776027930423959,injection,0,9,500
injection_electrons,125,0.0125,100031,100031,100031,100031,1.0,1.0,9.998651729884015,10.015166641303576,9.704758414193408,-3.0993815502780797,-2.939329457912976,0.4957619186995326,3.5457746648576003,0.025766252849588486,-0.01336251759620118,0.07969023044921988,-0.09305274804542106,injection,0,9,100
injection_electrons,125,0.0125,100031,100031,100031,100031,1.0,1.0,9.998651729884015,10.015166641303576,9.584521195570222,-4.299932903336112,-4.141863778253607,2.139966631889357,9.068029609597602,0.025766252849588486,-0.3930626063239361,0.07969023044921988,-0.47275283677315594,injection,0,9,500
injection_electrons,150,0.015000000000000001,100031,100031,100031,100031,1.0,1.0,9.998651729884015,10.021609840753705,9.709042735004337,-3.118931097060751,-2.896480472603058,0.41110209661909375,3.2918473476909997,0.025766252849588486,0.0199425079531935,0.1005465856610499,-0.08060407770785641,injection,0,9,100
injection_electrons,150,0.015000000000000001,100031,100031,100031,100031,1.0,1.0,9.998651729884015,10.021609840753705,10.121351941845685,0.995270247763691,1.2271675749535582,1.437901626695864,6.934637327816599,0.025766252849588486,-0.3230426566610951,0.1005465856610499,-0.423589242322145,injection,0,9,500
injection_electrons,200,0.02,100031,100031,100031,100031,1.0,1.0,9.998651729884015,9.999558845753743,10.101790175122707,1.0223583954643845,1.031523529621814,0.22379510589427906,2.8395676508587,0.025766252849588486,-0.02913305631262236,0.030291681740984563,-0.05942473805360692,injection,0,9,100
injection_electrons,200,0.02,100031,100031,100031,100031,1.0,1.0,9.998651729884015,9.999558845753743,9.96231212684543,-0.37248362135624546,-0.36344503259346794,0.7875736090178141,5.3810877148218,0.025766252849588486,-0.25955053778632414,0.030291681740984563,-0.2898422195273087,injection,0,9,500
injection_electrons,250,0.025,100031,100031,100031,100031,1.0,1.0,9.998651729884015,10.006443183863976,9.959312567885624,-0.47100268409411283,-0.3934446669525915,0.18779302765539124,2.7653685316231003,0.025766252849588486,0.01409858918097247,0.06901391746078947,-0.054915328279817,injection,0,9,100
injection_electrons,250,0.025,100031,100031,100031,100031,1.0,1.0,9.998651729884015,10.006443183863976,10.048292457041033,0.4182232628327176,0.49647420970420075,0.5567090189522953,4.185059074659599,0.025766252849588486,-0.19483571947460188,0.06901391746078947,-0.2638496369353913,injection,0,9,500
injection_electrons,300,0.030000000000000002,100031,100031,100031,100031,1.0,1.0,9.998651729884015,10.00002798332579,10.034444551067583,0.34416471433060813,0.35797647673425637,0.17221435624445675,2.2730419769293997,0.025766252849588486,-0.009741905424401912,0.03215583451037513,-0.041897739934777044,injection,0,9,100
injection_electrons,300,0.030000000000000002,100031,100031,100031,100031,1.0,1.0,9.998651729884015,10.00002798332579,9.963065915761167,-0.36961964132754543,-0.3559061269879926,0.4273093669942764,2.7862064131321,0.025766252849588486,-0.15952616044100768,0.03215583451037513,-0.1916819949513828,injection,0,9,500
injection_electrons,1000,0.1,100031,100031,100031,100031,1.0,1.0,9.998651729884015,9.999120303770477,10.00446292251556,0.053430887745875566,0.0581197624293317,0.10563828970887942,1.1973543550015995,0.025766252849588486,0.02112140373174934,0.03535883393651777,-0.014237430204768434,injection,0,9,100
injection_electrons,1000,0.1,100031,100031,100031,100031,1.0,1.0,9.998651729884015,9.999120303770477,9.998999033591886,-0.0012128084762141889,0.0034735054010637256,0.1339347263149484,1.1108283109809012,0.025766252849588486,-0.027840182301306245,0.03535883393651777,-0.06319901623782402,injection,0,9,500
injection_electrons,0,0.0,100031,100031,100031,100031,1.0,1.0,9.998651729884015,10.450511355519227,5.6253544097265875,-46.17149134280717,-43.73887038275868,10.910409913492886,28.6253611351353,0.025766252849588486,-0.007014943444531684,0.019301700919105946,-0.02631664436363763,injection,0,10,100
injection_electrons,0,0.0,100031,100031,100031,100031,1.0,1.0,9.998651729884015,10.450511355519227,19.55048420519875,87.07681892401902,95.53120494002381,27.55144342597108,113.54886573058569,0.025766252849588486,-0.011564547681920724,0.019301700919105946,-0.030866248601026672,injection,0,10,500
injection_electrons,25,0.0025,100031,100031,100031,100031,1.0,1.0,9.998651729884015,10.396518585755313,5.312775161647948,-48.89851715431747,-46.86508436163347,7.679447573976264,19.6970786559207,0.025766252849588486,0.11152031152270199,0.26658954305050964,-0.15506923152780766,injection,0,10,100
injection_electrons,25,0.0025,100031,100031,100031,100031,1.0,1.0,9.998651729884015,10.396518585755313,11.104968714739968,6.814301567789527,11.064661663826003,14.434253819753723,66.4070808201359,0.025766252849588486,-0.976892075952715,0.26658954305050964,-1.2434816190032247,injection,0,10,500
injection_electrons,50,0.005,100031,100031,100031,100031,1.0,1.0,9.998651729884015,10.208033852512271,8.743392105302606,-14.347931916871593,-12.554288903069644,1.7005156309713434,5.863383308938097,0.025766252849588486,0.022502732847706798,0.25690533261584664,-0.23440259976813985,injection,0,10,100
injection_electrons,50,0.005,100031,100031,100031,100031,1.0,1.0,9.998651729884015,10.208033852512271,14.163438166008701,38.747954509604,41.65348037552856,6.774505120603488,32.389913898905405,0.025766252849588486,-1.0654706218248933,0.25690533261584664,-1.3223759544407399,injection,0,10,500
injection_electrons,75,0.007500000000000001,100031,100031,100031,100031,1.0,1.0,9.998651729884015,10.039634730623279,11.346181398522624,13.013886490452364,13.477113765360048,1.5688417351973734,5.472601707815796,0.025766252849588486,-0.13355813334119024,0.09334935529151092,-0.22690748863270116,injection,0,10,100
injection_electrons,75,0.007500000000000001,100031,100031,100031,100031,1.0,1.0,9.998651729884015,10.039634730623279,12.62792742053369,25.780745608358657,26.296302358359803,4.942470495283921,20.369647554338297,0.025766252849588486,-0.812681305721872,0.09334935529151092,-0.9060306610133829,injection,0,10,500
injection_electrons,100,0.01,100031,100031,100031,100031,1.0,1.0,9.998651729884015,9.999468673622047,10.757212191939292,7.577837813684263,7.586627502867094,0.8899618078402891,3.168085749023,0.025766252849588486,-0.1241273330515043,0.028616445113270248,-0.15274377816477455,injection,0,10,100
injection_electrons,100,0.01,100031,100031,100031,100031,1.0,1.0,9.998651729884015,9.999468673622047,9.870048857793739,-1.2942669260988748,-1.2862021356930264,2.9637789167114605,13.785651425534102,0.025766252849588486,-0.5492543283281203,0.028616445113270248,-0.5778707734413905,injection,0,10,500
injection_electrons,125,0.0125,100031,100031,100031,100031,1.0,1.0,9.998651729884015,10.015871753334332,9.691806312662528,-3.2355190706582437,-3.068867938508002,0.5081414371570289,3.5457746648576003,0.025766252849588486,-0.011736931590093933,0.08118160879444773,-0.09291854038454167,injection,0,10,100
injection_electrons,125,0.0125,100031,100031,100031,100031,1.0,1.0,9.998651729884015,10.015871753334332,9.595657557986442,-4.195482986371102,-4.03048513724208,2.1424062045086862,9.068029609597602,0.025766252849588486,-0.39488385731560516,0.08118160879444773,-0.4760654661100529,injection,0,10,500
injection_electrons,150,0.015000000000000001,100031,100031,100031,100031,1.0,1.0,9.998651729884015,10.021634911995472,9.71541951905909,-3.055543288349638,-2.832704033268807,0.40547735341142654,3.2918473476909997,0.025766252849588486,0.019116357599062488,0.10049123044208835,-0.08137487284302586,injection,0,10,100
injection_electrons,150,0.015000000000000001,100031,100031,100031,100031,1.0,1.0,9.998651729884015,10.021634911995472,10.133682150715794,1.118053488320614,1.3504862903485293,1.437839415312546,6.934637327816599,0.025766252849588486,-0.3259285368030739,0.10049123044208835,-0.42641976724516223,injection,0,10,500
injection_electrons,200,0.02,100031,100031,100031,100031,1.0,1.0,9.998651729884015,9.999473467178788,10.097658062577791,0.9818976541242197,0.9901968322175492,0.22190989621160595,2.8395676508587,0.025766252849588486,-0.028940906329127308,0.030266836728081743,-0.05920774305720905,injection,0,10,100
injection_electrons,200,0.02,100031,100031,100031,100031,1.0,1.0,9.998651729884015,9.999473467178788,9.959911293922149,-0.3956425644459638,-0.3874565992340595,0.7884036588698626,5.3810877148218,0.025766252849588486,-0.26031255595323294,0.030266836728081743,-0.29057939268131466,injection,0,10,500
injection_electrons,250,0.025,100031,100031,100031,100031,1.0,1.0,9.998651729884015,10.006586500239692,9.96328955577371,-0.4326844570318289,-0.35366942529476697,0.18776367535470856,2.7653685316231003,0.025766252849588486,0.013514496215339155,0.06921384247848515,-0.055699346263145995,injection,0,10,100
injection_electrons,250,0.025,100031,100031,100031,100031,1.0,1.0,9.998651729884015,10.006586500239692,10.04945784323899,0.42843124374400965,0.508129643151034,0.557682790819259,4.185059074659599,0.025766252849588486,-0.19559303976181658,0.06921384247848515,-0.26480688224030174,injection,0,10,500
injection_electrons,300,0.030000000000000002,100031,100031,100031,100031,1.0,1.0,9.998651729884015,9.999810215348305,10.030873768756866,0.3106414295831694,0.322263838598813,0.17185005857632202,2.2730419769293997,0.025766252849588486,-0.009522252772759443,0.031712286962439,-0.041234539735198444,injection,0,10,100
injection_electrons,300,0.030000000000000002,100031,100031,100031,100031,1.0,1.0,9.998651729884015,9.999810215348305,9.961778748994433,-0.38032188146429613,-0.36877953033783717,0.42812013245915964,2.7862064131321,0.025766252849588486,-0.1599581742337364,0.031712286962439,-0.1916704611961754,injection,0,10,500
injection_electrons,1000,0.1,100031,100031,100031,100031,1.0,1.0,9.998651729884015,9.999146084264064,10.004549877517567,0.054042547313182254,0.0589894297040372,0.10617760496346872,1.1973543550015995,0.025766252849588486,0.020614300457313703,0.035394907384670556,-0.014780606927356853,injection,0,10,100
injection_electrons,1000,0.1,100031,100031,100031,100031,1.0,1.0,9.998651729884015,9.999146084264064,9.998832769469438,-0.003133415513545401,0.0018106399773953896,0.13406883183341642,1.1108283109809012,0.025766252849588486,-0.028263513962926964,0.035394907384670556,-0.06365842134759753,injection,0,10,500
extraction_electrons,0,0.0,100011,100011,100011,100011,1.0,1.0,9.976976528033545,10.44715924605746,13.012029706710807,24.5508889090714,30.42057050198823,21.34326503787745,57.5470277010742,-0.06454657643773219,0.010370576391766912,-0.07671736464907931,0.08708794104084623,extraction,0,-10,100
extraction_electrons,0,0.0,100011,100011,100011,100011,1.0,1.0,9.976976528033545,10.44715924605746,16.697757510263116,59.830601955880994,67.36290261228302,21.330509032297876,122.19186689817329,-0.06454657643773219,0.06481518899335434,-0.07671736464907931,0.14153255364243367,extraction,0,-10,500
extraction_electrons,25,0.0025,100011,100011,100011,100011,1.0,1.0,9.976976528033545,10.318108571433864,7.024778941635763,-31.91795867428483,-29.59010255364065,14.878000587743188,42.2323550461095,-0.06454657643773219,-0.6479571556951172,-0.040543330439459895,-0.6074138252556573,extraction,0,-10,100
extraction_electrons,25,0.0025,100011,100011,100011,100011,1.0,1.0,9.976976528033545,10.318108571433864,13.632977431776839,32.126710408149165,36.644377116359614,14.32149588671341,71.23343712124029,-0.06454657643773219,-3.4211184369588885,-0.040543330439459895,-3.3805751065194287,extraction,0,-10,500
extraction_electrons,50,0.005,100011,100011,100011,100011,1.0,1.0,9.976976528033545,10.135070243358015,7.50473342912505,-25.952822734077717,-24.779481959909678,3.9092568453850505,16.116806311720797,-0.06454657643773219,-1.125513740926041,-0.030355676141148976,-1.095158064784892,extraction,0,-10,100
extraction_electrons,50,0.005,100011,100011,100011,100011,1.0,1.0,9.976976528033545,10.135070243358015,13.308353290951237,31.309926536254864,33.39064448590323,9.02193132250468,44.1915680626274,-0.06454657643773219,-3.1805177217798217,-0.030355676141148976,-3.1501620456386727,extraction,0,-10,500
extraction_electrons,75,0.007500000000000001,100011,100011,100011,100011,1.0,1.0,9.976976528033545,10.032135790258751,12.704810224119175,26.64113095892904,27.341286094248083,3.4923180258968727,13.355067320841,-0.06454657643773219,-1.1786259758328645,-0.047368496718019924,-1.1312574791148446,extraction,0,-10,100
extraction_electrons,75,0.007500000000000001,100011,100011,100011,100011,1.0,1.0,9.976976528033545,10.032135790258751,12.409252980562076,23.695026064255597,24.378893201705587,6.824726301054838,33.585605781275696,-0.06454657643773219,-2.234134329021762,-0.047368496718019924,-2.1867658323037418,extraction,0,-10,500
extraction_electrons,100,0.01,100011,100011,100011,100011,1.0,1.0,9.976976528033545,9.981302167015619,11.651531196166765,16.733578457033538,16.78418971346698,2.2501409975119517,9.1876100884784,-0.06454657643773219,-0.9387999906058409,-0.06342429717193557,-0.8753756934339053,extraction,0,-10,100
extraction_electrons,100,0.01,100011,100011,100011,100011,1.0,1.0,9.976976528033545,9.981302167015619,11.120962612849228,11.417953557199677,11.466260160092423,5.047945948306833,23.516264721923196,-0.06454657643773219,-1.6903916985991785,-0.06342429717193557,-1.6269674014272428,extraction,0,-10,500
extraction_electrons,125,0.0125,100011,100011,100011,100011,1.0,1.0,9.976976528033545,9.984855716128523,9.579646108968879,-4.058241988465694,-3.982473226715899,1.2843212527894434,7.9962560325562,-0.06454657643773219,-0.6548109856796779,-0.06196718151672655,-0.5928438041629513,extraction,0,-10,100
extraction_electrons,125,0.0125,100011,100011,100011,100011,1.0,1.0,9.976976528033545,9.984855716128523,10.36960492924523,3.853327720051314,3.9353445415900357,3.931323599038448,21.0290143850207,-0.06454657643773219,-1.41689682767407,-0.06196718151672655,-1.3549296461573435,extraction,0,-10,500
extraction_electrons,150,0.015000000000000001,100011,100011,100011,100011,1.0,1.0,9.976976528033545,9.992684918442968,9.401083900873678,-5.920340953384851,-5.772215916732993,1.0131334460554045,6.1851450406596005,-0.06454657643773219,-0.474872737706608,-0.05453590039042456,-0.42033683731618343,extraction,0,-10,100
extraction_electrons,150,0.015000000000000001,100011,100011,100011,100011,1.0,1.0,9.976976528033545,9.992684918442968,10.14603601309473,1.534633543470676,1.6944961691165439,3.056809309813565,15.281919023132701,-0.06454657643773219,-1.1276781517076775,-0.05453590039042456,-1.0731422513172528,extraction,0,-10,500
extraction_electrons,200,0.02,100011,100011,100011,100011,1.0,1.0,9.976976528033545,9.980837147057345,10.154443490048198,1.7393966100532676,1.7787649546533668,0.590976076807881,4.209862918453199,-0.06454657643773219,-0.4044911709092158,-0.06249978513287948,-0.34199138577633637,extraction,0,-10,100
extraction_electrons,200,0.02,100011,100011,100011,100011,1.0,1.0,9.976976528033545,9.980837147057345,10.136456789532723,1.559184266634972,1.5984828775638338,2.0352203822705635,11.6497876089235,-0.06454657643773219,-0.9172671312496706,-0.06249978513287948,-0.8547673461167912,extraction,0,-10,500
extraction_electrons,250,0.025,100011,100011,100011,100011,1.0,1.0,9.976976528033545,9.981123973341687,9.88790187177016,-0.9339840064156224,-0.8928021030529698,0.4445354296896065,3.079313615159304,-0.06454657643773219,-0.33983694573326045,-0.0599639840553357,-0.27987296167792475,extraction,0,-10,100
extraction_electrons,250,0.025,100011,100011,100011,100011,1.0,1.0,9.976976528033545,9.981123973341687,10.033856209855971,0.5283196226710141,0.5701094080216018,1.3378149820570284,9.157314395989001,-0.06454657643773219,-0.7616054007810031,-0.0599639840553357,-0.7016414167256675,extraction,0,-10,500
extraction_electrons,300,0.030000000000000002,100011,100011,100011,100011,1.0,1.0,9.976976528033545,9.980045813442798,10.03588998089915,0.5595582274896094,0.5904940509789514,0.36248345768077833,2.5319124814822,-0.06454657643773219,-0.293946088564457,-0.061935264807513386,-0.2320108237569436,extraction,0,-10,100
extraction_electrons,300,0.030000000000000002,100011,100011,100011,100011,1.0,1.0,9.976976528033545,9.980045813442798,9.98349092923283,0.034520039831797966,0.06529434223867536,0.995109319611589,6.3163661289593,-0.06454657643773219,-0.6206172905506078,-0.061935264807513386,-0.5586820257430943,extraction,0,-10,500
extraction_electrons,1000,0.1,100011,100011,100011,100011,1.0,1.0,9.976976528033545,9.977178411087987,9.977504754567814,0.0032708995106656147,0.005294455016358057,0.10325059929855893,0.8579057685879006,-0.06454657643773219,-0.1326969727630605,-0.06345872818696036,-0.06923824457610014,extraction,0,-10,100
extraction_electrons,1000,0.1,100011,100011,100011,100011,1.0,1.0,9.976976528033545,9.977178411087987,9.976145349313297,-0.010354247785548942,-0.008330967983249948,0.21416096848396488,1.0073329676595009,-0.06454657643773219,-0.24077797283827285,-0.06345872818696036,-0.1773192446513125,extraction,0,-10,500
extraction_electrons,0,0.0,100011,100011,100011,100011,1.0,1.0,9.976976528033545,10.45146195387538,13.112215071268121,25.45819072140563,31.42473608537726,21.45350508618517,57.9435825864155,-0.06454657643773219,0.010954348243386695,-0.0768225430281896,0.08777689127157629,extraction,0,-9,100
extraction_electrons,0,0.0,100011,100011,100011,100011,1.0,1.0,9.976976528033545,10.45146195387538,16.765976366056428,60.41752283124027,68.04666542962181,21.38968568030166,122.42031931348751,-0.06454657643773219,0.06503310071172651,-0.0768225430281896,0.1418556437399161,extraction,0,-9,500
extraction_electrons,25,0.0025,100011,100011,100011,100011,1.0,1.0,9.976976528033545,10.32029603123065,7.031034946094631,-31.871770685475088,-29.52739814172497,14.892062468993856,42.38902859800331,-0.06454657643773219,-0.6602656842123138,-0.04027333424165983,-0.619992349970654,extraction,0,-9,100
extraction_electrons,25,0.0025,100011,100011,100011,100011,1.0,1.0,9.976976528033545,10.32029603123065,13.675933379017875,32.51493307587883,37.07492786608162,14.334187549418333,71.3646174195782,-0.06454657643773219,-3.460194251279092,-0.04027333424165983,-3.4199209170374325,extraction,0,-9,500
extraction_electrons,50,0.005,100011,100011,100011,100011,1.0,1.0,9.976976528033545,10.13528499759028,7.596337462126979,-25.050578607971552,-23.861327720050163,3.847835383127714,16.117342054953898,-0.06454657643773219,-1.1429901583305313,-0.03020626585845768,-1.1127838924720737,extraction,0,-9,100
extraction_electrons,50,0.005,100011,100011,100011,100011,1.0,1.0,9.976976528033545,10.13528499759028,13.340374323418818,31.623080422411064,33.71159374721107,9.029190793944638,44.01487344889681,-0.06454657643773219,-3.2054513843860257,-0.03020626585845768,-3.175245118527568,extraction,0,-9,500
extraction_electrons,75,0.007500000000000001,100011,100011,100011,100011,1.0,1.0,9.976976528033545,10.031543597161571,12.75847247856744,27.183542143777895,27.879146981236058,3.5369843880033285,13.351209146829397,-0.06454657643773219,-1.1893050150087823,-0.04761817175836374,-1.1416868432504186,extraction,0,-9,100
extraction_electrons,75,0.007500000000000001,100011,100011,100011,100011,1.0,1.0,9.976976528033545,10.031543597161571,12.40776213624456,23.687466600407745,24.363950354908994,6.832479188623656,33.94441227044349,-0.06454657643773219,-2.24720983231572,-0.04761817175836374,-2.199591660557356,extraction,0,-9,500
extraction_electrons,100,0.01,100011,100011,100011,100011,1.0,1.0,9.976976528033545,9.980974638682989,11.616250242988313,16.38392705625693,16.43056601715658,2.2284153106033195,9.147671774970501,-0.06454657643773219,-0.9414474446925176,-0.06361759759157407,-0.8778298471009436,extraction,0,-9,100
extraction_electrons,100,0.01,100011,100011,100011,100011,1.0,1.0,9.976976528033545,9.980974638682989,11.113919069488286,11.351040071922203,11.395662185433974,5.050321991794852,23.436117137357797,-0.06454657643773219,-1.700034605706301,-0.06361759759157407,-1.636417008114727,extraction,0,-9,500
extraction_electrons,125,0.0125,100011,100011,100011,100011,1.0,1.0,9.976976528033545,9.985224702900943,9.541997270694605,-4.438832829446193,-4.3598304167271955,1.2966166704444624,7.9962560325562,-0.06454657643773219,-0.653360060702857,-0.0617529721391749,-0.5916070885636822,extraction,0,-9,100
extraction_electrons,125,0.0125,100011,100011,100011,100011,1.0,1.0,9.976976528033545,9.985224702900943,10.36437020002355,3.7970652479403455,3.882876449608741,3.9316853462812515,21.057079587904603,-0.06454657643773219,-1.4167160143134296,-0.0617529721391749,-1.3549630421742547,extraction,0,-9,500
extraction_electrons,150,0.015000000000000001,100011,100011,100011,100011,1.0,1.0,9.976976528033545,9.992867543138082,9.411755533695693,-5.815267809102787,-5.66525332348613,1.0090049271137822,5.996481522260799,-0.06454657643773219,-0.47505483037878005,-0.05430500043250383,-0.4207498299462762,extraction,0,-9,100
extraction_electrons,150,0.015000000000000001,100011,100011,100011,100011,1.0,1.0,9.976976528033545,9.992867543138082,10.153013661488151,1.6026042340572921,1.7644336734678356,3.058037354933484,15.283702228600998,-0.06454657643773219,-1.134363222809949,-0.05430500043250383,-1.080058222377445,extraction,0,-9,500
extraction_electrons,200,0.02,100011,100011,100011,100011,1.0,1.0,9.976976528033545,9.980616603440359,10.147586389448879,1.672940587167382,1.7100357100765962,0.5914462524874894,4.306650279526901,-0.06454657643773219,-0.4073514440296679,-0.06275494555766264,-0.34459649847200524,extraction,0,-9,100
extraction_electrons,200,0.02,100011,100011,100011,100011,1.0,1.0,9.976976528033545,9.980616603440359,10.134159683833959,1.538412770416131,1.575458811181507,2.036436318935257,11.674251390495101,-0.06454657643773219,-0.9229641456763777,-0.06275494555766264,-0.8602092001187152,extraction,0,-9,500
extraction_electrons,250,0.025,100011,100011,100011,100011,1.0,1.0,9.976976528033545,9.981250277867145,9.895600547226575,-0.8581062317462695,-0.8156376892169415,0.4443184366562198,3.2771559587130987,-0.06454657643773219,-0.34109020994232037,-0.05970406246492041,-0.2813861474774,extraction,0,-9,100
extraction_electrons,250,0.025,100011,100011,100011,100011,1.0,1.0,9.976976528033545,9.981250277867145,10.037066549077526,0.5592112175981656,0.6022868839586693,1.3409855046581098,8.8716341982271,-0.06454657643773219,-0.764943739128328,-0.05970406246492041,-0.7052396766634076,extraction,0,-9,500
extraction_electrons,300,0.030000000000000002,100011,100011,100011,100011,1.0,1.0,9.976976528033545,9.979943156737336,10.030013950815738,0.501714221133609,0.5315981513353885,0.36243519665112794,2.6230248612787,-0.06454657643773219,-0.29486487693349606,-0.06217729031857165,-0.2326875866149244,extraction,0,-9,100
extraction_electrons,300,0.030000000000000002,100011,100011,100011,100011,1.0,1.0,9.976976528033545,9.979943156737336,9.983327351982027,0.03390996513248368,0.06365479492347337,0.9951938954256163,6.359356137065601,-0.06454657643773219,-0.6228902306486284,-0.06217729031857165,-0.5607129403300567,extraction,0,-9,500
extraction_electrons,1000,0.1,100011,100011,100011,100011,1.0,1.0,9.976976528033545,9.977215550172474,9.977907661214271,0.006936915798960719,0.009332819197371833,0.1036025943586706,0.7936200233651007,-0.06454657643773219,-0.13303847942712,-0.06353427787602312,-0.06950420155109688,extraction,0,-9,100
extraction_electrons,1000,0.1,100011,100011,100011,100011,1.0,1.0,9.976976528033545,9.977215550172474,9.976387067838203,-0.008303742964199667,-0.005908204691917884,0.21511203816279903,1.0695029052958027,-0.06454657643773219,-0.24170545989532932,-0.06353427787602312,-0.1781711820193062,extraction,0,-9,500
extraction_electrons,0,0.0,100011,100011,100011,100011,1.0,1.0,9.976976528033545,10.455841810112725,13.211318990594041,26.353470438088134,32.4180622603708,21.56273423015923,58.0031247224307,-0.06454657643773219,0.01148639621019926,-0.07683752941304144,0.08832392562324069,extraction,0,-8,100
extraction_electrons,0,0.0,100011,100011,100011,100011,1.0,1.0,9.976976528033545,10.455841810112725,16.83424640361687,61.00326218913386,68.73094124573318,21.449087356556298,122.6428932517911,-0.06454657643773219,0.06572534525025021,-0.07683752941304144,0.14256287466329165,extraction,0,-8,500
extraction_electrons,25,0.0025,100011,100011,100011,100011,1.0,1.0,9.976976528033545,10.32253995336946,7.036336184304192,-31.83522450782662,-29.47426342506342,14.905124803028537,42.38902859800331,-0.06454657643773219,-0.6726771325530865,-0.04005893445149909,-0.6326181981015874,extraction,0,-8,100
extraction_electrons,25,0.0025,100011,100011,100011,100011,1.0,1.0,9.976976528033545,10.32253995336946,13.718524884177603,32.89873370458238,37.50182578490555,14.34665063686496,71.4598133496846,-0.06454657643773219,-3.499102724284784,-0.04005893445149909,-3.459043789833285,extraction,0,-8,500
extraction_electrons,50,0.005,100011,100011,100011,100011,1.0,1.0,9.976976528033545,10.135436519052062,7.687894041157712,-24.14836769283285,-22.943649114979014,3.788146805392796,15.906261479251697,-0.06454657643773219,-1.1600356317896146,-0.03015630930950397,-1.1298793224801105,extraction,0,-8,100
extraction_electrons,50,0.005,100011,100011,100011,100011,1.0,1.0,9.976976528033545,10.135436519052062,13.371979202994083,31.932938239592712,34.02837187620098,9.037045050247809,44.053106050845095,-0.06454657643773219,-3.230391587308527,-0.03015630930950397,-3.200235277999023,extraction,0,-8,500
extraction_electrons,75,0.007500000000000001,100011,100011,100011,100011,1.0,1.0,9.976976528033545,10.030893756767936,12.809753558173014,27.703012999516186,28.39314117037226,3.5797616635588008,13.259762865294096,-0.06454657643773219,-1.199918185883252,-0.047823806497359636,-1.1520943793858922,extraction,0,-8,100
extraction_electrons,75,0.007500000000000001,100011,100011,100011,100011,1.0,1.0,9.976976528033545,10.030893756767936,12.404765385193835,23.66560434182872,24.3339136895695,6.839035982056238,34.260915084915,-0.06454657643773219,-2.2594353392991158,-0.047823806497359636,-2.211611532801756,extraction,0,-8,500
extraction_electrons,100,0.01,100011,100011,100011,100011,1.0,1.0,9.976976528033545,9.980670314988132,11.580272925381424,16.027005801315198,16.06996260683684,2.2065126193754465,9.1212226340121,-0.06454657643773219,-0.94365382981824,-0.06370186215788891,-0.8799519676603511,extraction,0,-8,100
extraction_electrons,100,0.01,100011,100011,100011,100011,1.0,1.0,9.976976528033545,9.980670314988132,11.106308712935173,11.278184354578391,11.319382998731164,5.053453356843898,23.309562828694197,-0.06454657643773219,-1.7098243186419029,-0.06370186215788891,-1.646122456484014,extraction,0,-8,500
extraction_electrons,125,0.0125,100011,100011,100011,100011,1.0,1.0,9.976976528033545,9.985671638798317,9.504647246944355,-4.817146099467062,-4.734192565874318,1.3091892744461742,7.974569541007899,-0.06454657643773219,-0.6518743839768543,-0.06156827794839634,-0.5903061060284579,extraction,0,-8,100
extraction_electrons,125,0.0125,100011,100011,100011,100011,1.0,1.0,9.976976528033545,9.985671638798317,10.358986991545517,3.7385101999220627,3.82892013866718,3.9314100912678684,20.836705440959,-0.06454657643773219,-1.416088564835445,-0.06156827794839634,-1.3545202868870487,extraction,0,-8,500
extraction_electrons,150,0.015000000000000001,100011,100011,100011,100011,1.0,1.0,9.976976528033545,9.993060897207744,9.423692040149703,-5.697642223086364,-5.545612804933531,1.004535927614522,6.181554651940999,-0.06454657643773219,-0.47528971235641576,-0.05419138205112644,-0.4210983303052893,extraction,0,-8,100
extraction_electrons,150,0.015000000000000001,100011,100011,100011,100011,1.0,1.0,9.976976528033545,9.993060897207744,10.159262620805617,1.6631713276590965,1.8270674713915636,3.0596287035214087,15.456331169019098,-0.06454657643773219,-1.1415035196417276,-0.05419138205112644,-1.0873121375906012,extraction,0,-8,500
extraction_electrons,200,0.02,100011,100011,100011,100011,1.0,1.0,9.976976528033545,9.980366132057549,10.140239504411761,1.6018788312854415,1.6363973185611558,0.5918375297307487,4.375317553104001,-0.06454657643773219,-0.4101561739283422,-0.06288831280820567,-0.3472678611201365,extraction,0,-8,100
extraction_electrons,200,0.02,100011,100011,100011,100011,1.0,1.0,9.976976528033545,9.980366132057549,10.131363908442365,1.5129482664949734,1.5474365402686763,2.037931882961512,11.6067272116547,-0.06454657643773219,-0.9286699766056128,-0.06288831280820567,-0.8657816637974072,extraction,0,-8,500
extraction_electrons,250,0.025,100011,100011,100011,100011,1.0,1.0,9.976976528033545,9.981433857095245,9.903701070100713,-0.7787737524231231,-0.7344455279306383,0.4437800174267093,3.2771559587130987,-0.06454657643773219,-0.342191936484419,-0.059564723757857006,-0.282627212726562,extraction,0,-8,100
extraction_electrons,250,0.025,100011,100011,100011,100011,1.0,1.0,9.976976528033545,9.981433857095245,10.040253972003635,0.5892952430534448,0.6342346681110334,1.3439347699891142,9.033083130800097,-0.06454657643773219,-0.7683975741959176,-0.059564723757857006,-0.7088328504380605,extraction,0,-8,500
extraction_electrons,300,0.030000000000000002,100011,100011,100011,100011,1.0,1.0,9.976976528033545,9.979768699620138,10.023701780292951,0.44022143193043206,0.4683307826586214,0.36223678808751686,2.7535416695977,-0.06454657643773219,-0.2958107885344231,-0.06230626730389239,-0.23350452123053073,extraction,0,-8,100
extraction_electrons,300,0.030000000000000002,100011,100011,100011,100011,1.0,1.0,9.976976528033545,9.979768699620138,9.983366779030726,0.03605373550115143,0.06404997525277789,0.9956556292919253,6.3593561370657,-0.06454657643773219,-0.6253169204080483,-0.06230626730389239,-0.5630106531041559,extraction,0,-8,500
extraction_electrons,1000,0.1,100011,100011,100011,100011,1.0,1.0,9.976976528033545,9.977110591823438,9.978222725439963,0.01114685064669274,0.012490732066150478,0.10393837884078444,0.7591027943325024,-0.06454657643773219,-0.13336939256384245,-0.06362674655139838,-0.06974264601244407,extraction,0,-8,100
extraction_electrons,1000,0.1,100011,100011,100011,100011,1.0,1.0,9.976976528033545,9.977110591823438,9.976649008978505,-0.004626418046438374,-0.0032827485773823106,0.21577651410796123,1.0755702266391012,-0.06454657643773219,-0.24246262214637943,-0.06362674655139838,-0.17883587559498104,extraction,0,-8,500
extraction_electrons,0,0.0,100011,100011,100011,100011,1.0,1.0,9.976976528033545,10.460195825052509,13.310991652355671,27.253751984981143,33.41708898436448,21.671994955032854,58.399202509104995,-0.06454657643773219,0.011702114653807794,-0.07685443214841817,0.08855654680222597,extraction,0,-7,100
extraction_electrons,0,0.0,100011,100011,100011,100011,1.0,1.0,9.976976528033545,10.460195825052509,16.902211957024203,61.58599934183695,69.41216519385375,21.508023363446544,122.86519856531359,-0.06454657643773219,0.06626037762862912,-0.07685443214841817,0.14311480977704727,extraction,0,-7,500
extraction_electrons,25,0.0025,100011,100011,100011,100011,1.0,1.0,9.976976528033545,10.324676454137093,7.0412141153986765,-31.802084581766575,-29.425371548042566,14.917313696453853,42.5397911588791,-0.06454657643773219,-0.6853015525577026,-0.03985430934666449,-0.6454472432110382,extraction,0,-7,100
extraction_electrons,25,0.0025,100011,100011,100011,100011,1.0,1.0,9.976976528033545,10.324676454137093,13.76061539631001,33.27890183712381,37.92370221223942,14.359143228133597,71.5699651919773,-0.06454657643773219,-3.5379871830658765,-0.03985430934666449,-3.498132873719212,extraction,0,-7,500
extraction_electrons,50,0.005,100011,100011,100011,100011,1.0,1.0,9.976976528033545,10.135602111207929,7.779296860832078,-23.24780732829136,-22.02751165171507,3.730717733657097,15.692314488571796,-0.06454657643773219,-1.1765776924136553,-0.030109761554332343,-1.1464679308593229,extraction,0,-7,100
extraction_electrons,50,0.005,100011,100011,100011,100011,1.0,1.0,9.976976528033545,10.135602111207929,13.402689585618786,32.2337779104225,34.336184393734825,9.045519031726807,44.114112716483504,-0.06454657643773219,-3.255004802933802,-0.030109761554332343,-3.2248950413794697,extraction,0,-7,500
extraction_electrons,75,0.007500000000000001,100011,100011,100011,100011,1.0,1.0,9.976976528033545,10.030309203498618,12.85961886372213,28.207601608499132,28.892944947688992,3.6215133798006223,13.330886938743,-0.06454657643773219,-1.210323904458387,-0.04803027623585745,-1.1622936282225294,extraction,0,-7,100
extraction_electrons,75,0.007500000000000001,100011,100011,100011,100011,1.0,1.0,9.976976528033545,10.030309203498618,12.402276076997845,23.64799355010785,24.308963162834306,6.845729375873536,34.5295445117684,-0.06454657643773219,-2.2721805237420534,-0.04803027623585745,-2.224150247506196,extraction,0,-7,500
extraction_electrons,100,0.01,100011,100011,100011,100011,1.0,1.0,9.976976528033545,9.980382170731984,11.542642333896698,15.653310028008027,15.692788305794924,2.1840347010441974,9.035894139950202,-0.06454657643773219,-0.9453845713953736,-0.06378056722710121,-0.8816040041682723,extraction,0,-7,100
extraction_electrons,100,0.01,100011,100011,100011,100011,1.0,1.0,9.976976528033545,9.980382170731984,11.099797696740252,11.216158929174224,11.254122584650549,5.057024157604793,23.1266659680047,-0.06454657643773219,-1.7194901173277308,-0.06378056722710121,-1.6557095501006296,extraction,0,-7,500
extraction_electrons,125,0.0125,100011,100011,100011,100011,1.0,1.0,9.976976528033545,9.986031982582425,9.469039850872429,-5.177152773110782,-5.091088224312279,1.321662831087324,7.9268293206464,-0.06454657643773219,-0.6504496597009599,-0.06136996792662146,-0.5890796917743385,extraction,0,-7,100
extraction_electrons,125,0.0125,100011,100011,100011,100011,1.0,1.0,9.976976528033545,9.986031982582425,10.354263975594082,3.6874705954669906,3.7815809879919504,3.9314933051688503,20.570903386361497,-0.06454657643773219,-1.4155706302010551,-0.06136996792662146,-1.3542006622744336,extraction,0,-7,500
extraction_electrons,150,0.015000000000000001,100011,100011,100011,100011,1.0,1.0,9.976976528033545,9.993230158627988,9.436972217784284,-5.566347737557509,-5.412504567209753,0.9996414169732528,5.984951970629499,-0.06454657643773219,-0.4754882520857503,-0.05408125788297759,-0.4214069942027727,extraction,0,-7,100
extraction_electrons,150,0.015000000000000001,100011,100011,100011,100011,1.0,1.0,9.976976528033545,9.993230158627988,10.166031883000832,1.7291878764910562,1.8949163049153839,3.061611716652976,15.546413759230903,-0.06454657643773219,-1.148962352147867,-0.05408125788297759,-1.0948810942648892,extraction,0,-7,500
extraction_electrons,200,0.02,100011,100011,100011,100011,1.0,1.0,9.976976528033545,9.980148747843407,10.132327853153575,1.524818007778217,1.5570982319495386,0.5921826372679208,4.367087685401801,-0.06454657643773219,-0.4130005457110689,-0.06302506998159936,-0.3499754757294696,extraction,0,-7,100
extraction_electrons,200,0.02,100011,100011,100011,100011,1.0,1.0,9.976976528033545,9.980148747843407,10.128700514860252,1.4884724744102185,1.5207411423730388,2.03940534772009,11.797989077558599,-0.06454657643773219,-0.934070536023653,-0.06302506998159936,-0.8710454660420536,extraction,0,-7,500
extraction_electrons,250,0.025,100011,100011,100011,100011,1.0,1.0,9.976976528033545,9.981562481963275,9.91206929470851,-0.6962155211705401,-0.65057017166128,0.443375340353363,3.4321592772604,-0.06454657643773219,-0.34340461522400423,-0.05941029925174841,-0.28399431597225583,extraction,0,-7,100
extraction_electrons,250,0.025,100011,100011,100011,100011,1.0,1.0,9.976976528033545,9.981562481963275,10.043004860482062,0.6155587226930992,0.6618070340547622,1.3470978813064207,9.133713930994201,-0.06454657643773219,-0.7716738308431804,-0.05941029925174841,-0.712263531591432,extraction,0,-7,500
extraction_electrons,300,0.030000000000000002,100011,100011,100011,100011,1.0,1.0,9.976976528033545,9.979661145692166,10.017178770598425,0.3759408697203481,0.4029501568127314,0.3620452662785636,2.9209063503982007,-0.06454657643773219,-0.2966532050452497,-0.06246598627683397,-0.23418721876841575,extraction,0,-7,100
extraction_electrons,300,0.030000000000000002,100011,100011,100011,100011,1.0,1.0,9.976976528033545,9.979661145692166,9.983279488207227,0.03625716807651447,0.0631750526421726,0.9964698152946951,6.2818384508429,-0.06454657643773219,-0.628111747347789,-0.06246598627683397,-0.565645761070955,extraction,0,-7,500
extraction_electrons,1000,0.1,100011,100011,100011,100011,1.0,1.0,9.976976528033545,9.977164766954097,9.978419290551528,0.012573948879612828,0.014460919236713998,0.10427330584679104,0.8732788587909002,-0.06454657643773219,-0.13365713005337032,-0.06369184714084905,-0.06996528291252127,extraction,0,-7,100
extraction_electrons,1000,0.1,100011,100011,100011,100011,1.0,1.0,9.976976528033545,9.977164766954097,9.976806446722925,-0.0035914033649997457,-0.0017047380049595162,0.21643115874265276,1.0755702266391012,-0.06454657643773219,-0.243293564043086,-0.06369184714084905,-0.17960171690223695,extraction,0,-7,500
extraction_electrons,0,0.0,100011,100011,100011,100011,1.0,1.0,9.976976528033545,10.464501082920593,13.409415598212801,28.14194859321755,34.403599733192806,21.779899019942903,58.8543522781228,-0.06454657643773219,0.012453879237241876,-0.07694220018711205,0.08939607942435393,extraction,0,-6,100
extraction_electrons,0,0.0,100011,100011,100011,100011,1.0,1.0,9.976976528033545,10.464501082920593,16.969289511245535,62.16052133571461,70.08448865811023,21.56593865644361,123.08170668459651,-0.06454657643773219,0.06661839697670432,-0.07694220018711205,0.14356059716381636,extraction,0,-6,500
extraction_electrons,25,0.0025,100011,100011,100011,100011,1.0,1.0,9.976976528033545,10.326854773723216,7.04546456082936,-31.77531092277376,-29.382769007896858,14.928641304826566,42.5806275557333,-0.06454657643773219,-0.6977356740826443,-0.03959485041415522,-0.658140823668489,extraction,0,-6,100
extraction_electrons,25,0.0025,100011,100011,100011,100011,1.0,1.0,9.976976528033545,10.326854773723216,13.801408644652327,33.645809368503436,38.33257606523182,14.371444182775424,71.64370132908459,-0.06454657643773219,-3.577066824701602,-0.03959485041415522,-3.5374719742874468,extraction,0,-6,500
extraction_electrons,50,0.005,100011,100011,100011,100011,1.0,1.0,9.976976528033545,10.13581190784925,7.871838111120158,-22.336383284459473,-21.099963611203442,3.6750325608813035,15.692314488571796,-0.06454657643773219,-1.193966848872024,-0.02998925389501844,-1.1639775949770057,extraction,0,-6,100
extraction_electrons,50,0.005,100011,100011,100011,100011,1.0,1.0,9.976976528033545,10.13581190784925,13.433791474581477,32.53789234366362,34.647921009284644,9.053895898819462,44.15519161642041,-0.06454657643773219,-3.2796713146031813,-0.02998925389501844,-3.249682060708163,extraction,0,-6,500
extraction_electrons,75,0.007500000000000001,100011,100011,100011,100011,1.0,1.0,9.976976528033545,10.029663491996699,12.907332384376586,28.691579679379675,29.371181220174858,3.661650418456118,13.294148821119801,-0.06454657643773219,-1.2204838787522974,-0.04826765569251927,-1.1722162230597781,extraction,0,-6,100
extraction_electrons,75,0.007500000000000001,100011,100011,100011,100011,1.0,1.0,9.976976528033545,10.029663491996699,12.398652229788782,23.619822735652598,24.272641064662782,6.852546038481408,34.7546627613408,-0.06454657643773219,-2.284571280972845,-0.04826765569251927,-2.2363036252803257,extraction,0,-6,500
extraction_electrons,100,0.01,100011,100011,100011,100011,1.0,1.0,9.976976528033545,9.980071034424345,11.504027834619034,15.269999531447143,15.305752221574798,2.1616353110221906,9.035894139950202,-0.06454657643773219,-0.9474377234486976,-0.06393186753271526,-0.8835058559159823,extraction,0,-6,100
extraction_electrons,100,0.01,100011,100011,100011,100011,1.0,1.0,9.976976528033545,9.980071034424345,11.092589390721107,11.147399176412097,11.181873181247726,5.0607296827877875,22.8818955432643,-0.06454657643773219,-1.7289142640422273,-0.06393186753271526,-1.664982396509512,extraction,0,-6,500
extraction_electrons,125,0.0125,100011,100011,100011,100011,1.0,1.0,9.976976528033545,9.986453348412786,9.434042687547846,-5.531600074542364,-5.441867473178375,1.3344956086752955,7.9268293206464,-0.06454657643773219,-0.6487537378411963,-0.06116686806818991,-0.5875868697730063,extraction,0,-6,100
extraction_electrons,125,0.0125,100011,100011,100011,100011,1.0,1.0,9.976976528033545,9.986453348412786,10.35002899169297,3.6406883464585427,3.7391334199415427,3.9323696173064993,20.209214348663696,-0.06454657643773219,-1.4150241673218908,-0.06116686806818991,-1.353857299253701,extraction,0,-6,500
extraction_electrons,150,0.015000000000000001,100011,100011,100011,100011,1.0,1.0,9.976976528033545,9.993434613922933,9.450944007357199,-5.428470065836333,-5.272464250048969,0.9947887764496706,6.148463490764801,-0.06454657643773219,-0.47604838788343085,-0.05390558433770461,-0.42214280354572625,extraction,0,-6,100
extraction_electrons,150,0.015000000000000001,100011,100011,100011,100011,1.0,1.0,9.976976528033545,9.993434613922933,10.173334100510447,1.8001767514131295,1.9681069903810355,3.063194760161624,15.554376161955002,-0.06454657643773219,-1.1558049578259635,-0.05390558433770461,-1.101899373488259,extraction,0,-6,500
extraction_electrons,200,0.02,100011,100011,100011,100011,1.0,1.0,9.976976528033545,9.979896104075344,10.123844111174984,1.4423798163676116,1.4720650362238352,0.5921855243036545,4.390633945942,-0.06454657643773219,-0.4156561334126221,-0.0632137831579815,-0.3524423502546406,extraction,0,-6,100
extraction_electrons,200,0.02,100011,100011,100011,100011,1.0,1.0,9.976976528033545,9.979896104075344,10.12551188020297,1.459091102843879,1.4887812129462885,2.040681633500591,11.9842697767613,-0.06454657643773219,-0.9391907818032775,-0.0632137831579815,-0.875976998645296,extraction,0,-6,500
extraction_electrons,250,0.025,100011,100011,100011,100011,1.0,1.0,9.976976528033545,9.981744961391932,9.92068886393424,-0.61167759438705,-0.564175569032821,0.4428552516588937,3.6390906954897986,-0.06454657643773219,-0.34460733127708865,-0.0592240124628002,-0.28538331881428847,extraction,0,-6,100
extraction_electrons,250,0.025,100011,100011,100011,100011,1.0,1.0,9.976976528033545,9.981744961391932,10.045012634535535,0.633833797480432,0.6819311071928569,1.3500860990025447,9.1337139309943,-0.06454657643773219,-0.7745721290631439,-0.0592240124628002,-0.7153481166003437,extraction,0,-6,500
extraction_electrons,300,0.030000000000000002,100011,100011,100011,100011,1.0,1.0,9.976976528033545,9.9794778253673,10.010356819071891,0.3094249443202024,0.33457321408498775,0.3616693016255297,2.996624573955801,-0.06454657643773219,-0.29751401355032114,-0.06263233475889778,-0.23488167879142335,extraction,0,-6,100
extraction_electrons,300,0.030000000000000002,100011,100011,100011,100011,1.0,1.0,9.976976528033545,9.9794778253673,9.983392351768288,0.039225763807371195,0.06430629276028554,0.9976761094077977,6.1562196155416,-0.06454657643773219,-0.6311750761875692,-0.06263233475889778,-0.5685427414286714,extraction,0,-6,500
extraction_electrons,1000,0.1,100011,100011,100011,100011,1.0,1.0,9.976976528033545,9.977151599931203,9.978436369080617,0.01287711363855415,0.014632098642008984,0.10468424052847275,0.8202434102628,-0.06454657643773219,-0.1339885738986447,-0.06378877720797689,-0.0701997966906678,extraction,0,-6,100
extraction_electrons,1000,0.1,100011,100011,100011,100011,1.0,1.0,9.976976528033545,9.977151599931203,9.976965989369551,-0.0018603562328634027,-0.00010562983648876312,0.2170635992678275,1.0149231261607001,-0.06454657643773219,-0.2442033158435639,-0.06378877720797689,-0.18041453863558699,extraction,0,-6,500
extraction_electrons,0,0.0,100011,100011,100011,100011,1.0,1.0,9.976976528033545,10.46889590247746,13.507350107050536,29.02363566203794,35.38520481728371,21.887281218241046,58.913894414138,-0.06454657643773219,0.013160342107870267,-0.07695110108264154,0.09011144319051181,extraction,0,-5,100
extraction_electrons,0,0.0,100011,100011,100011,100011,1.0,1.0,9.976976528033545,10.46889590247746,17.037347135928766,62.74254032745596,70.766635443682,21.62531219568978,123.29802672955721,-0.06454657643773219,0.06694290616320385,-0.07695110108264154,0.1438940072458454,extraction,0,-5,500
extraction_electrons,25,0.0025,100011,100011,100011,100011,1.0,1.0,9.976976528033545,10.329003713049337,7.048898424790389,-31.75626013295907,-29.34835112637353,14.938924363801863,42.6846282341936,-0.06454657643773219,-0.710509962387727,-0.03937808833669816,-0.6711318740510288,extraction,0,-5,100
extraction_electrons,25,0.0025,100011,100011,100011,100011,1.0,1.0,9.976976528033545,10.329003713049337,13.84277850979811,34.01852583622931,38.74722939261552,14.383892231381171,71.6437013290849,-0.06454657643773219,-3.6159874563319803,-0.03937808833669816,-3.576609367995282,extraction,0,-5,500
extraction_electrons,50,0.005,100011,100011,100011,100011,1.0,1.0,9.976976528033545,10.135888017290068,7.964386897026412,-21.423886259984837,-20.172340040613612,3.6216072257749046,15.468956437389899,-0.06454657643773219,-1.210767781879796,-0.02995366165923139,-1.1808141202205646,extraction,0,-5,100
extraction_electrons,50,0.005,100011,100011,100011,100011,1.0,1.0,9.976976528033545,10.135888017290068,13.463837373831321,32.83332798137024,34.94907335905133,9.06318248501424,44.16480118311289,-0.06454657643773219,-3.3042194574525907,-0.02995366165923139,-3.2742657957933594,extraction,0,-5,500
extraction_electrons,75,0.007500000000000001,100011,100011,100011,100011,1.0,1.0,9.976976528033545,10.029039519953866,12.953241725508875,29.15735050935826,29.831334063105697,3.7003234797835387,13.294148821119801,-0.06454657643773219,-1.2306641596307728,-0.0484868699747066,-1.1821772896560663,extraction,0,-5,100
extraction_electrons,75,0.007500000000000001,100011,100011,100011,100011,1.0,1.0,9.976976528033545,10.029039519953866,12.39450680797216,23.586179746444703,24.23109118424587,6.858853688987978,34.752855041153005,-0.06454657643773219,-2.2964058155672236,-0.0484868699747066,-2.247918945592517,extraction,0,-5,500
extraction_electrons,100,0.01,100011,100011,100011,100011,1.0,1.0,9.976976528033545,9.979861289094003,11.464580231122573,14.877150082747859,14.910365869951935,2.138848795409549,8.9318427652963,-0.06454657643773219,-0.948928153747849,-0.06399613948264354,-0.8849320142652055,extraction,0,-5,100
extraction_electrons,100,0.01,100011,100011,100011,100011,1.0,1.0,9.976976528033545,9.979861289094003,11.085386730256458,11.077563195899053,11.10968036367006,5.064153551238051,22.5890990044508,-0.06454657643773219,-1.7380428032697617,-0.06399613948264354,-1.674046663787118,extraction,0,-5,500
extraction_electrons,125,0.0125,100011,100011,100011,100011,1.0,1.0,9.976976528033545,9.986863664801938,9.399901431346281,-5.877343009341029,-5.784067899385992,1.3473805459382533,7.8532275338285995,-0.06454657643773219,-0.6472621886138996,-0.06095443280682285,-0.5863077558070767,extraction,0,-5,100
extraction_electrons,125,0.0125,100011,100011,100011,100011,1.0,1.0,9.976976528033545,9.986863664801938,10.346298177606352,3.599072990965313,3.701739184562358,3.932466097333729,19.8914592810509,-0.06454657643773219,-1.4145742128380796,-0.06095443280682285,-1.3536197800312568,extraction,0,-5,500
extraction_electrons,150,0.015000000000000001,100011,100011,100011,100011,1.0,1.0,9.976976528033545,9.993551037076852,9.466014691571992,-5.278767712774557,-5.121409627714768,0.9895193560354182,6.086059221546,-0.06454657643773219,-0.47654166415190546,-0.05381318839416681,-0.42272847575773864,extraction,0,-5,100
extraction_electrons,150,0.015000000000000001,100011,100011,100011,100011,1.0,1.0,9.976976528033545,9.993551037076852,10.181388326098478,1.8795850276316806,2.048835110422198,3.0649380907205725,15.524458238859804,-0.06454657643773219,-1.1628851091822048,-0.05381318839416681,-1.109071920788038,extraction,0,-5,500
extraction_electrons,200,0.02,100011,100011,100011,100011,1.0,1.0,9.976976528033545,9.979720213148545,10.114972300965439,1.3552693354939693,1.383142202892329,0.5922950133077212,4.4202685511335,-0.06454657643773219,-0.418393468904801,-0.06333048378601272,-0.3550629851187883,extraction,0,-5,100
extraction_electrons,200,0.02,100011,100011,100011,100011,1.0,1.0,9.976976528033545,9.979720213148545,10.12223382576443,1.4280321449104516,1.4559250222022646,2.0416268604487606,12.0798117515926,-0.06454657643773219,-0.9437815872911005,-0.06333048378601272,-0.8804511035050878,extraction,0,-5,500
extraction_electrons,250,0.025,100011,100011,100011,100011,1.0,1.0,9.976976528033545,9.981855478832554,9.929517939970603,-0.5243267544089103,-0.47568106359267004,0.442252529643519,3.5420903932364993,-0.06454657643773219,-0.345584190077283,-0.05909040203175496,-0.28649378804552805,extraction,0,-5,100
extraction_electrons,250,0.025,100011,100011,100011,100011,1.0,1.0,9.976976528033545,9.981855478832554,10.046442468938382,0.6470439312890486,0.6962624469412315,1.353129409192494,9.108407338632901,-0.06454657643773219,-0.7775025355275967,-0.05909040203175496,-0.7184121334958418,extraction,0,-5,500
extraction_electrons,300,0.030000000000000002,100011,100011,100011,100011,1.0,1.0,9.976976528033545,9.97937249774632,10.003360506388882,0.24037592191270551,0.2644486361294218,0.3613398822982397,3.0301556498718005,-0.06454657643773219,-0.2984794005486872,-0.06277226233933571,-0.23570713820935152,extraction,0,-5,100
extraction_electrons,300,0.030000000000000002,100011,100011,100011,100011,1.0,1.0,9.976976528033545,9.97937249774632,9.983621435852227,0.042577207202820766,0.0666024200819848,0.999436872556313,6.1297254168958,-0.06454657643773219,-0.6345266223551743,-0.06277226233933571,-0.5717543600158386,extraction,0,-5,500
extraction_electrons,1000,0.1,100011,100011,100011,100011,1.0,1.0,9.976976528033545,9.977136337106039,9.978404841073774,0.0127141087870708,0.014316091014299204,0.10494850053285393,0.7778345233232,-0.06454657643773219,-0.13428884010996692,-0.06380758060295647,-0.07048125950701045,extraction,0,-5,100
extraction_electrons,1000,0.1,100011,100011,100011,100011,1.0,1.0,9.976976528033545,9.977136337106039,9.976957107135306,-0.001796406951626306,-0.00019465715073163636,0.21780307635076554,0.8737935882696011,-0.06454657643773219,-0.24512997379741466,-0.06380758060295647,-0.1813223931944582,extraction,0,-5,500
extraction_electrons,0,0.0,100011,100011,100011,100011,1.0,1.0,9.976976528033545,10.47318267803693,13.605222770098552,29.905332393654803,36.36619001628674,21.99421919934519,59.309038751866396,-0.06454657643773219,0.013480825944057884,-0.07705673187656244,0.09053755782062033,extraction,0,-4,100
extraction_electrons,0,0.0,100011,100011,100011,100011,1.0,1.0,9.976976528033545,10.47318267803693,17.10372247678846,63.30969298049467,71.43192056962361,21.682972084678326,123.2980267295568,-0.06454657643773219,0.0673336859679609,-0.07705673187656244,0.14439041784452333,extraction,0,-4,500
extraction_electrons,25,0.0025,100011,100011,100011,100011,1.0,1.0,9.976976528033545,10.331153551697938,7.051979860943818,-31.740634522029577,-29.317465655762565,14.94859562160575,42.8235261674147,-0.06454657643773219,-0.7232498120501023,-0.03914388566735283,-0.6841059263827495,extraction,0,-4,100
extraction_electrons,25,0.0025,100011,100011,100011,100011,1.0,1.0,9.976976528033545,10.331153551697938,13.884000626396569,34.389645424587826,39.16040182499152,14.39660394548349,71.7065059536964,-0.06454657643773219,-3.6547880325072315,-0.03914388566735283,-3.6156441468398786,extraction,0,-4,500
extraction_electrons,50,0.005,100011,100011,100011,100011,1.0,1.0,9.976976528033545,10.13611854505105,8.05665202814432,-20.51541236089851,-19.247559563695983,3.5699109464771657,15.468956437389899,-0.06454657643773219,-1.2273609867919917,-0.02982449727000289,-1.1975364895219889,extraction,0,-4,100
extraction_electrons,50,0.005,100011,100011,100011,100011,1.0,1.0,9.976976528033545,10.13611854505105,13.493844606594628,33.12634956487348,35.249838151661514,9.07265898361614,44.164801183113006,-0.06454657643773219,-3.3282804862017694,-0.02982449727000289,-3.2984559889317664,extraction,0,-4,500
extraction_electrons,75,0.007500000000000001,100011,100011,100011,100011,1.0,1.0,9.976976528033545,10.02837384692893,12.997235111451175,29.60461296954364,30.272283140400667,3.7374437041582285,13.241064342731102,-0.06454657643773219,-1.2403385708490613,-0.04870063535245518,-1.191637935496606,extraction,0,-4,100
extraction_electrons,75,0.007500000000000001,100011,100011,100011,100011,1.0,1.0,9.976976528033545,10.02837384692893,12.390543972274555,23.554867034290016,24.19137137848637,6.8647837026785625,34.9318739063611,-0.06454657643773219,-2.307985005774932,-0.04870063535245518,-2.2592843704224768,extraction,0,-4,500
extraction_electrons,100,0.01,100011,100011,100011,100011,1.0,1.0,9.976976528033545,9.979558531456666,11.42375245028652,14.471521102637919,14.501145895129541,2.1160721417993975,8.8782672661137,-0.06454657643773219,-0.950234630323222,-0.06414763400354835,-0.8860869963196736,extraction,0,-4,100
extraction_electrons,100,0.01,100011,100011,100011,100011,1.0,1.0,9.976976528033545,9.979558531456666,11.078209730146785,11.009016032393104,11.037744741795974,5.0678281550183,22.3459136476505,-0.06454657643773219,-1.7469056243454801,-0.06414763400354835,-1.6827579903419319,extraction,0,-4,500
extraction_electrons,125,0.0125,100011,100011,100011,100011,1.0,1.0,9.976976528033545,9.987281359591544,9.36748301983321,-6.205876428654866,-6.10900012130694,1.3599740820996684,7.8456676383590995,-0.06454657643773219,-0.6456422694879368,-0.06076938318895242,-0.5848728862989844,extraction,0,-4,100
extraction_electrons,125,0.0125,100011,100011,100011,100011,1.0,1.0,9.976976528033545,9.987281359591544,10.341745536534146,3.5491558130800405,3.6561077143527854,3.932073926241892,19.883283488821398,-0.06454657643773219,-1.4139349657092277,-0.06076938318895242,-1.3531655825202753,extraction,0,-4,500
extraction_electrons,150,0.015000000000000001,100011,100011,100011,100011,1.0,1.0,9.976976528033545,9.993769687079507,9.482176388877669,-5.119122355433648,-4.959419697596513,0.9842621964751932,6.086059221546,-0.06454657643773219,-0.47703540382030735,-0.05364325144471468,-0.4233921523755927,extraction,0,-4,100
extraction_electrons,150,0.015000000000000001,100011,100011,100011,100011,1.0,1.0,9.976976528033545,9.993769687079507,10.189612049482662,1.9596445439036936,2.131262119858146,3.067100015536832,15.827878792255198,-0.06454657643773219,-1.1697125611601111,-0.05364325144471468,-1.1160693097153964,extraction,0,-4,500
extraction_electrons,200,0.02,100011,100011,100011,100011,1.0,1.0,9.976976528033545,9.97946115029909,10.105673733442437,1.2647234278733155,1.2899419483174634,0.5922296658606723,4.386739418009201,-0.06454657643773219,-0.42108947716441725,-0.06351184880487182,-0.35757762835954543,extraction,0,-4,100
extraction_electrons,200,0.02,100011,100011,100011,100011,1.0,1.0,9.976976528033545,9.97946115029909,10.118833316274118,1.3965900951561139,1.4218414550939418,2.042803742842384,12.064719488256301,-0.06454657643773219,-0.9491123699693242,-0.06351184880487182,-0.8856005211644524,extraction,0,-4,500
extraction_electrons,250,0.025,100011,100011,100011,100011,1.0,1.0,9.976976528033545,9.98204841443088,9.938522106858093,-0.43604584716160355,-0.3854316091393195,0.44174763071872303,3.7256838034873994,-0.06454657643773219,-0.34682819294904244,-0.05890758503143863,-0.2879206079176038,extraction,0,-4,100
extraction_electrons,250,0.025,100011,100011,100011,100011,1.0,1.0,9.976976528033545,9.98204841443088,10.047866778898491,0.6593673135511846,0.7105384147768401,1.356143540935972,9.345696993744,-0.06454657643773219,-0.7803311570473561,-0.05890758503143863,-0.7214235720159174,extraction,0,-4,500
extraction_electrons,300,0.030000000000000002,100011,100011,100011,100011,1.0,1.0,9.976976528033545,9.979173822532436,9.996255579381055,0.1711740586184396,0.1932354084761112,0.3608261008501877,3.0790273119302,-0.06454657643773219,-0.29922160017909744,-0.06294442752526587,-0.23627717265383158,extraction,0,-4,100
extraction_electrons,300,0.030000000000000002,100011,100011,100011,100011,1.0,1.0,9.976976528033545,9.979173822532436,9.98408535983155,0.04921787501108721,0.07125236566438709,1.0015139954909626,5.9682266513184,-0.06454657643773219,-0.6379787732461183,-0.06294442752526587,-0.5750343457208524,extraction,0,-4,500
extraction_electrons,1000,0.1,100011,100011,100011,100011,1.0,1.0,9.976976528033545,9.977169233568551,9.978143311207127,0.00976306621420786,0.011694757127100885,0.10524451791396683,0.7926146514827002,-0.06454657643773219,-0.13457044876107524,-0.06387896210440402,-0.07069148665667122,extraction,0,-4,100
extraction_electrons,1000,0.1,100011,100011,100011,100011,1.0,1.0,9.976976528033545,9.977169233568551,9.976946520646363,-0.0022322255639251054,-0.00030076634035536287,0.21833396907009134,0.9048083622224001,-0.06454657643773219,-0.24583739006748118,-0.06387896210440402,-0.18195842796307715,extraction,0,-4,500
extraction_electrons,0,0.0,100011,100011,100011,100011,1.0,1.0,9.976976528033545,10.477585441144253,13.702590123844924,30.780037068812206,37.34211046145155,22.10073341569166,59.763268701428004,-0.06454657643773219,0.01399753249064687,-0.07710227731537159,0.09109980980601845,extraction,0,-3,100
extraction_electrons,0,0.0,100011,100011,100011,100011,1.0,1.0,9.976976528033545,10.477585441144253,17.170039745771785,63.874013170506316,72.09662363669997,21.740549727709137,123.51141391038018,-0.06454657643773219,0.06773187833220576,-0.07710227731537159,0.14483415564757735,extraction,0,-3,500
extraction_electrons,25,0.0025,100011,100011,100011,100011,1.0,1.0,9.976976528033545,10.333257278164655,7.054124669535293,-31.733774940052463,-29.295968074952906,14.95693368015574,42.8235261674147,-0.06454657643773219,-0.7358868932316338,-0.0388871192996413,-0.6969997739319925,extraction,0,-3,100
extraction_electrons,25,0.0025,100011,100011,100011,100011,1.0,1.0,9.976976528033545,10.333257278164655,13.924967094920166,34.75873792811876,39.57101187712995,14.409206766138642,71.7584020626764,-0.06454657643773219,-3.6937742969110294,-0.0388871192996413,-3.6548871776113883,extraction,0,-3,500
extraction_electrons,50,0.005,100011,100011,100011,100011,1.0,1.0,9.976976528033545,10.136156308962459,8.149392269486789,-19.60076363186072,-18.31801702060305,3.521106911640221,15.362647606044002,-0.06454657643773219,-1.2443133178026022,-0.02974928392543938,-1.2145640338771628,extraction,0,-3,100
extraction_electrons,50,0.005,100011,100011,100011,100011,1.0,1.0,9.976976528033545,10.136156308962459,13.52288276008932,33.41233449737051,35.54088978852867,9.081975471366803,44.1487051296718,-0.06454657643773219,-3.351943865552545,-0.02974928392543938,-3.3221945816271057,extraction,0,-3,500
extraction_electrons,75,0.007500000000000001,100011,100011,100011,100011,1.0,1.0,9.976976528033545,10.027765743997918,13.039736827804452,30.03631278093366,30.698281099139525,3.773312186143045,13.264764477147798,-0.06454657643773219,-1.2499556807925007,-0.04895994308722411,-1.2009957377052767,extraction,0,-3,100
extraction_electrons,75,0.007500000000000001,100011,100011,100011,100011,1.0,1.0,9.976976528033545,10.027765743997918,12.384833543162951,23.50541346237418,24.13413531006867,6.869839920261665,35.0633255347681,-0.06454657643773219,-2.3202854586752957,-0.04895994308722411,-2.2713255155880714,extraction,0,-3,500
extraction_electrons,100,0.01,100011,100011,100011,100011,1.0,1.0,9.976976528033545,9.979416897500599,11.382141231534654,14.056175310056185,14.084073462063817,2.093447238154069,8.8093304071105,-0.06454657643773219,-0.9517035357262802,-0.06425377858747057,-0.8874497571388096,extraction,0,-3,100
extraction_electrons,100,0.01,100011,100011,100011,100011,1.0,1.0,9.976976528033545,9.979416897500599,11.071256716766614,10.940917996315713,10.968054156069584,5.072361995090672,22.337779075692303,-0.06454657643773219,-1.7558880770230003,-0.06425377858747057,-1.6916342984355297,extraction,0,-3,500
extraction_electrons,125,0.0125,100011,100011,100011,100011,1.0,1.0,9.976976528033545,9.987672095338874,9.335460671610905,-6.530164561893748,-6.429962570525182,1.372806804729897,7.754051051481099,-0.06454657643773219,-0.6441516371861868,-0.06051915155631926,-0.5836324856298676,extraction,0,-3,100
extraction_electrons,125,0.0125,100011,100011,100011,100011,1.0,1.0,9.976976528033545,9.987672095338874,10.338501869179293,3.5126280728033255,3.6235961879826695,3.932024904389239,19.962854425696896,-0.06454657643773219,-1.4126478711843264,-0.06051915155631926,-1.3521287196280072,extraction,0,-3,500
extraction_electrons,150,0.015000000000000001,100011,100011,100011,100011,1.0,1.0,9.976976528033545,9.993827728521747,9.498986278473113,-4.951470682613312,-4.790932886504873,0.9788756128190951,5.9946842426806,-0.06454657643773219,-0.477804877653363,-0.053508037706704675,-0.42429683994665834,extraction,0,-3,100
extraction_electrons,150,0.015000000000000001,100011,100011,100011,100011,1.0,1.0,9.976976528033545,9.993827728521747,10.197653513097972,2.039516690832266,2.211862325669145,3.0689984423977092,16.0512424567319,-0.06454657643773219,-1.1763220032776662,-0.053508037706704675,-1.1228139655709615,extraction,0,-3,500
extraction_electrons,200,0.02,100011,100011,100011,100011,1.0,1.0,9.976976528033545,9.979355360930924,10.095939237206444,1.1682505738992432,1.1923723468591385,0.5921015608182654,4.386739418009201,-0.06454657643773219,-0.4236594407146494,-0.0636705503823181,-0.3599888903323313,extraction,0,-3,100
extraction_electrons,200,0.02,100011,100011,100011,100011,1.0,1.0,9.976976528033545,9.979355360930924,10.115501667845699,1.3642795750894443,1.3884480876839023,2.044083389446343,12.058741813765103,-0.06454657643773219,-0.9531316149501384,-0.0636705503823181,-0.8894610645678204,extraction,0,-3,500
extraction_electrons,250,0.025,100011,100011,100011,100011,1.0,1.0,9.976976528033545,9.982100207644686,9.947600014939445,-0.3456205807152668,-0.29444304105112895,0.44127318634431983,3.6053735310271016,-0.06454657643773219,-0.3478639746919857,-0.058734770858196755,-0.28912920383378893,extraction,0,-3,100
extraction_electrons,250,0.025,100011,100011,100011,100011,1.0,1.0,9.976976528033545,9.982100207644686,10.048994375430869,0.6701412167246401,0.72184040119736,1.3590687809939934,9.592756199595199,-0.06454657643773219,-0.7832413073387213,-0.058734770858196755,-0.7245065364805245,extraction,0,-3,500
extraction_electrons,300,0.030000000000000002,100011,100011,100011,100011,1.0,1.0,9.976976528033545,9.979119311185045,9.989110215622388,0.10011809785803738,0.12161688017156003,0.3604915783172872,3.0937397598107,-0.06454657643773219,-0.30013273906383586,-0.0631188618040471,-0.23701387725978876,extraction,0,-3,100
extraction_electrons,300,0.030000000000000002,100011,100011,100011,100011,1.0,1.0,9.976976528033545,9.979119311185045,9.984596858234116,0.05489008476862178,0.0763791533352931,1.0042759922038988,5.856085826810597,-0.06454657643773219,-0.6418369533530655,-0.0631188618040471,-0.5787180915490183,extraction,0,-3,500
extraction_electrons,1000,0.1,100011,100011,100011,100011,1.0,1.0,9.976976528033545,9.977175286492143,9.97787235158341,0.006986597621572166,0.008978908062462487,0.10519598168938493,0.7443960883204999,-0.06454657643773219,-0.13487879673040018,-0.06394956687782008,-0.0709292298525801,extraction,0,-3,100
extraction_electrons,1000,0.1,100011,100011,100011,100011,1.0,1.0,9.976976528033545,9.977175286492143,9.976784660005682,-0.00391520119917832,-0.0019231079407933116,0.21894456284577882,0.9812898936050001,-0.06454657643773219,-0.2466124439252051,-0.06394956687782008,-0.182662877047385,extraction,0,-3,500
extraction_electrons,0,0.0,100011,100011,100011,100011,1.0,1.0,9.976976528033545,10.481881258381417,13.79946668654745,31.65066791338873,38.31311167038815,22.20633174911539,59.763268701428004,-0.06454657643773219,0.01480643990614642,-0.07712381138675468,0.09193025129290111,extraction,0,-2,100
extraction_electrons,0,0.0,100011,100011,100011,100011,1.0,1.0,9.976976528033545,10.481881258381417,17.236951496531983,64.4452085616706,72.76728524016458,21.79918409961335,123.88568317992141,-0.06454657643773219,0.06819786833929935,-0.07712381138675468,0.14532167972605403,extraction,0,-2,500
extraction_electrons,25,0.0025,100011,100011,100011,100011,1.0,1.0,9.976976528033545,10.335388829155178,7.055668419256045,-31.732917494573066,-29.280494953246993,14.96460503757343,42.956472138139496,-0.06454657643773219,-0.7487451111276872,-0.0386274595321895,-0.7101176515954977,extraction,0,-2,100
extraction_electrons,25,0.0025,100011,100011,100011,100011,1.0,1.0,9.976976528033545,10.335388829155178,13.965525253952679,35.12336579497833,39.9775294119618,14.421875257483208,71.826704910239,-0.06454657643773219,-3.7325887712973564,-0.0386274595321895,-3.693961311765167,extraction,0,-2,500
extraction_electrons,50,0.005,100011,100011,100011,100011,1.0,1.0,9.976976528033545,10.136335688780372,8.242544488940515,-18.683193394394404,-17.384345189342497,3.474157852481583,15.358782619043096,-0.06454657643773219,-1.2613593788151887,-0.029712555387907406,-1.2316468234272813,extraction,0,-2,100
extraction_electrons,50,0.005,100011,100011,100011,100011,1.0,1.0,9.976976528033545,10.136335688780372,13.551749294352971,33.69475627521912,35.83022127269666,9.091923369895387,44.11295382758729,-0.06454657643773219,-3.375574120893535,-0.029712555387907406,-3.3458615655056274,extraction,0,-2,500
extraction_electrons,75,0.007500000000000001,100011,100011,100011,100011,1.0,1.0,9.976976528033545,10.027091631258552,13.080110149104598,30.44769739939881,31.102945991220853,3.807585416285243,13.298663964835002,-0.06454657643773219,-1.259423167055938,-0.04922063794489938,-1.2102025291110385,extraction,0,-2,100
extraction_electrons,75,0.007500000000000001,100011,100011,100011,100011,1.0,1.0,9.976976528033545,10.027091631258552,12.379318579122081,23.458715990294476,24.078858403028015,6.875336815474932,35.1496314777375,-0.06454657643773219,-2.3319010520990613,-0.04922063794489938,-2.282680414154162,extraction,0,-2,500
extraction_electrons,100,0.01,100011,100011,100011,100011,1.0,1.0,9.976976528033545,9.979151442185092,11.33997665462134,13.636682641006947,13.66145467775739,2.070951718713045,8.6686620803514,-0.06454657643773219,-0.9526381650378786,-0.06430952843920891,-0.8883286365986697,extraction,0,-2,100
extraction_electrons,100,0.01,100011,100011,100011,100011,1.0,1.0,9.976976528033545,9.979151442185092,11.064315805109281,10.874315007755552,10.89848486683822,5.076314221142866,22.603751133810604,-0.06454657643773219,-1.7645718283212055,-0.06430952843920891,-1.7002622998819965,extraction,0,-2,500
extraction_electrons,125,0.0125,100011,100011,100011,100011,1.0,1.0,9.976976528033545,9.988092512960616,9.305139126478663,-6.837675818438294,-6.733877740086259,1.3853904335787823,7.729711010426,-0.06454657643773219,-0.6425288674449708,-0.060264735164367395,-0.5822641322806035,extraction,0,-2,100
extraction_electrons,125,0.0125,100011,100011,100011,100011,1.0,1.0,9.976976528033545,9.988092512960616,10.336088265385204,3.484106219210781,3.5994044522668522,3.9322282710285,19.9645547890884,-0.06454657643773219,-1.4116837098122967,-0.060264735164367395,-1.3514189746479293,extraction,0,-2,500
extraction_electrons,150,0.015000000000000001,100011,100011,100011,100011,1.0,1.0,9.976976528033545,9.994034320657866,9.516730373129166,-4.775888617293456,-4.613082466528495,0.9735431690605829,5.8748338484769,-0.06454657643773219,-0.4787213052570348,-0.053430816988881843,-0.42529048826815297,extraction,0,-2,100
extraction_electrons,150,0.015000000000000001,100011,100011,100011,100011,1.0,1.0,9.976976528033545,9.994034320657866,10.205415233555321,2.115070912459527,2.2896586443789335,3.0711689824146364,16.2008088692722,-0.06454657643773219,-1.1826805738680002,-0.053430816988881843,-1.1292497568791184,extraction,0,-2,500
extraction_electrons,200,0.02,100011,100011,100011,100011,1.0,1.0,9.976976528033545,9.979102877086763,10.085950810068898,1.0707168199204586,1.0922575765228482,0.5920399320972367,4.3162071744622015,-0.06454657643773219,-0.42620988648367025,-0.06376947249210467,-0.36244041399156557,extraction,0,-2,100
extraction_electrons,200,0.02,100011,100011,100011,100011,1.0,1.0,9.976976528033545,9.979102877086763,10.112469801689791,1.3364620672390748,1.3580594609552632,2.0454907300248233,11.9312575584585,-0.06454657643773219,-0.9573225266155206,-0.06376947249210467,-0.893553054123416,extraction,0,-2,500
extraction_electrons,250,0.025,100011,100011,100011,100011,1.0,1.0,9.976976528033545,9.982300929798791,9.956700099858036,-0.25646221367994215,-0.20323219282449845,0.4408127470924464,3.6211132710282996,-0.06454657643773219,-0.34889315353835626,-0.058616868720214335,-0.29027628481814194,extraction,0,-2,100
extraction_electrons,250,0.025,100011,100011,100011,100011,1.0,1.0,9.976976528033545,9.982300929798791,10.049937311928925,0.6775630448910608,0.7312915259485075,1.3618082557830118,9.7501958466072,-0.06454657643773219,-0.7856531151700786,-0.058616868720214335,-0.7270362464498643,extraction,0,-2,500
extraction_electrons,300,0.030000000000000002,100011,100011,100011,100011,1.0,1.0,9.976976528033545,9.97891642780532,9.98190388708781,0.02993771221659891,0.04938729724801583,0.36016604502833677,3.0665237472585005,-0.06454657643773219,-0.30090679463071773,-0.06324967190230325,-0.2376571227284145,extraction,0,-2,100
extraction_electrons,300,0.030000000000000002,100011,100011,100011,100011,1.0,1.0,9.976976528033545,9.97891642780532,9.985236719148157,0.06333644928848692,0.08279252829153094,1.0076638688644823,6.001381312003502,-0.06454657643773219,-0.6458345814550891,-0.06324967190230325,-0.5825849095527859,extraction,0,-2,500
extraction_electrons,1000,0.1,100011,100011,100011,100011,1.0,1.0,9.976976528033545,9.977161403552877,9.977499458213451,0.003388284973060429,0.005241369250863492,0.10526620242492389,0.9249723357303004,-0.06454657643773219,-0.13512862203696635,-0.06392543390329689,-0.07120318813366946,extraction,0,-2,100
extraction_electrons,1000,0.1,100011,100011,100011,100011,1.0,1.0,9.976976528033545,9.977161403552877,9.97667651920936,-0.004859942862556199,-0.0030070114261815384,0.2197256119026464,0.9496548931052997,-0.06454657643773219,-0.24732055822903798,-0.06392543390329689,-0.1833951243257411,extraction,0,-2,500
extraction_electrons,0,0.0,100011,100011,100011,100011,1.0,1.0,9.976976528033545,10.486260659486076,13.895707694981178,32.51346830112267,39.27774267020365,22.311324702694915,60.2170488100521,-0.06454657643773219,0.014915200811463785,-0.07716342305225493,0.09207862386371872,extraction,0,-1,100
extraction_electrons,0,0.0,100011,100011,100011,100011,1.0,1.0,9.976976528033545,10.486260659486076,17.302856163766897,65.0050168084883,73.42785276831034,21.856575872623708,124.2836796489483,-0.06454657643773219,0.06852932888803769,-0.07716342305225493,0.14569275194029263,extraction,0,-1,500
extraction_electrons,25,0.0025,100011,100011,100011,100011,1.0,1.0,9.976976528033545,10.337487104952759,7.05686268787907,-31.735221372144885,-29.268524707354672,14.971636332347616,43.0460614712305,-0.06454657643773219,-0.7616611933356865,-0.03844583581946032,-0.7232153575162261,extraction,0,-1,100
extraction_electrons,25,0.0025,100011,100011,100011,100011,1.0,1.0,9.976976528033545,10.337487104952759,14.005314939386569,35.480845559425454,40.376344477047766,14.434079509151115,71.8573058499836,-0.06454657643773219,-3.7713513139858863,-0.03844583581946032,-3.732905478166426,extraction,0,-1,500
extraction_electrons,50,0.005,100011,100011,100011,100011,1.0,1.0,9.976976528033545,10.136417129954717,8.335424976225859,-17.767541830995103,-16.453396950420952,3.4295871067994366,15.176679908357697,-0.06454657643773219,-1.2777090258498964,-0.029662473958717135,-1.2480465518911792,extraction,0,-1,100
extraction_electrons,50,0.005,100011,100011,100011,100011,1.0,1.0,9.976976528033545,10.136417129954717,13.580223386000052,33.97459094168829,36.11561927445675,9.101923088218285,44.0456873683185,-0.06454657643773219,-3.398653217858076,-0.029662473958717135,-3.3689907438993587,extraction,0,-1,500
extraction_electrons,75,0.007500000000000001,100011,100011,100011,100011,1.0,1.0,9.976976528033545,10.026425473876074,13.118602111960836,30.84026950722818,31.48875388350245,3.840272229526393,13.298663964835002,-0.06454657643773219,-1.2685825797543535,-0.04940259599744695,-1.2191799837569066,extraction,0,-1,100
extraction_electrons,75,0.007500000000000001,100011,100011,100011,100011,1.0,1.0,9.976976528033545,10.026425473876074,12.373248998952153,23.406382775105094,24.018022536040906,6.88027256781998,35.1887013585663,-0.06454657643773219,-2.343250382962179,-0.04940259599744695,-2.293847786964732,extraction,0,-1,500
extraction_electrons,100,0.01,100011,100011,100011,100011,1.0,1.0,9.976976528033545,9.979012990918077,11.296493643599337,13.202514656312214,13.225621127384457,2.0486091785495124,8.5976862781955,-0.06454657643773219,-0.9535758391330971,-0.06437051475412821,-0.8892053243789688,extraction,0,-1,100
extraction_electrons,100,0.01,100011,100011,100011,100011,1.0,1.0,9.976976528033545,9.979012990918077,11.057542078047431,10.807973575251628,10.8305912816141,5.080945985848252,22.811240764261697,-0.06454657643773219,-1.7737111878135816,-0.06437051475412821,-1.7093406730594534,extraction,0,-1,500
extraction_electrons,125,0.0125,100011,100011,100011,100011,1.0,1.0,9.976976528033545,9.988516822859646,9.27586941803621,-7.134666912633881,-7.02725026993245,1.3974846197597832,7.588667611139099,-0.06454657643773219,-0.6407818383636111,-0.06008819972614037,-0.5806936386374708,extraction,0,-1,100
extraction_electrons,125,0.0125,100011,100011,100011,100011,1.0,1.0,9.976976528033545,9.988516822859646,10.333527662013827,3.4540747667821003,3.5737393285274033,3.931998313256394,19.9055589624616,-0.06454657643773219,-1.4107693717436145,-0.06008819972614037,-1.350681172017474,extraction,0,-1,500
extraction_electrons,150,0.015000000000000001,100011,100011,100011,100011,1.0,1.0,9.976976528033545,9.994109478531756,9.535286661286532,-4.590932471080256,-4.427091368872538,0.9680353425136616,5.8748338484769,-0.06454657643773219,-0.4794832395283261,-0.053359743121576965,-0.4261234964067491,extraction,0,-1,100
extraction_electrons,150,0.015000000000000001,100011,100011,100011,100011,1.0,1.0,9.976976528033545,9.994109478531756,10.214877302543577,2.2089794442021082,2.3844976866646217,3.073552540596264,16.2703531856775,-0.06454657643773219,-1.1898493588926282,-0.053359743121576965,-1.1364896157710513,extraction,0,-1,500
extraction_electrons,200,0.02,100011,100011,100011,100011,1.0,1.0,9.976976528033545,9.97899158313299,10.075613675532667,0.9682550746209051,0.9886476852177584,0.5919936658654975,4.285868107527001,-0.06454657643773219,-0.42879616601872517,-0.06384830420556871,-0.36494786181315647,extraction,0,-1,100
extraction_electrons,200,0.02,100011,100011,100011,100011,1.0,1.0,9.976976528033545,9.97899158313299,10.108795409630693,1.3007709788743105,1.3212307478799756,2.0464033271150877,11.723524177601098,-0.06454657643773219,-0.9608922224685027,-0.06384830420556871,-0.897043918262934,extraction,0,-1,500
extraction_electrons,250,0.025,100011,100011,100011,100011,1.0,1.0,9.976976528033545,9.982368575448998,9.96581179700159,-0.16586021966898956,-0.11190495437753967,0.4404396984004283,3.7504656611010994,-0.06454657643773219,-0.35000103722433573,-0.058534155275829565,-0.2914668819485062,extraction,0,-1,100
extraction_electrons,250,0.025,100011,100011,100011,100011,1.0,1.0,9.976976528033545,9.982368575448998,10.050167200108097,0.6791837442853499,0.7335957127783121,1.3642123667871835,9.705371372528202,-0.06454657643773219,-0.7878726868481869,-0.058534155275829565,-0.7293385315723573,extraction,0,-1,500
extraction_electrons,300,0.030000000000000002,100011,100011,100011,100011,1.0,1.0,9.976976528033545,9.97883696686806,9.974825483189425,-0.04019991199328832,-0.02156008724762959,0.3597980255754416,2.9929329138354004,-0.06454657643773219,-0.3017060728195795,-0.06333108942201482,-0.2383749833975647,extraction,0,-1,100
extraction_electrons,300,0.030000000000000002,100011,100011,100011,100011,1.0,1.0,9.976976528033545,9.97883696686806,9.986027588462017,0.07205871403481723,0.09071947200678387,1.0110656317583695,6.0305590883840985,-0.06454657643773219,-0.6498583273484545,-0.06333108942201482,-0.5865272379264397,extraction,0,-1,500
extraction_electrons,1000,0.1,100011,100011,100011,100011,1.0,1.0,9.976976528033545,9.977251556398565,9.977071580902653,-0.0018038584563617732,0.0009527221883409709,0.10526334165460717,0.9111677137444993,-0.06454657643773219,-0.1354115212001236,-0.06397780153208658,-0.07143371966803701,extraction,0,-1,100
extraction_electrons,1000,0.1,100011,100011,100011,100011,1.0,1.0,9.976976528033545,9.977251556398565,9.976604081279744,-0.0064895138221277016,-0.0037330623436249155,0.22029679685446354,0.9087555605872986,-0.06454657643773219,-0.2479231007236757,-0.06397780153208658,-0.18394529919158914,extraction,0,-1,500
extraction_electrons,0,0.0,100011,100011,100011,100011,1.0,1.0,9.976976528033545,10.49488460653359,14.087246907330893,34.22965030564393,41.197554867932325,22.519713493916452,60.6703856727481,-0.06454657643773219,0.01634111069859212,-0.07727827103305322,0.09361938173164534,extraction,0,1,100
extraction_electrons,0,0.0,100011,100011,100011,100011,1.0,1.0,9.976976528033545,10.49488460653359,17.434245584979507,66.12136520420451,74.74477900185845,21.971236294497324,124.67833541614651,-0.06454657643773219,0.06934398454818647,-0.07727827103305322,0.1466222555812397,extraction,0,1,500
extraction_electrons,25,0.0025,100011,100011,100011,100011,1.0,1.0,9.976976528033545,10.341629697379837,7.057055221474276,-31.76070476336764,-29.266594928381405,14.982726751517296,43.168227453602796,-0.06454657643773219,-0.7875701732915136,-0.03800375605078813,-0.7495664172407255,extraction,0,1,100
extraction_electrons,25,0.0025,100011,100011,100011,100011,1.0,1.0,9.976976528033545,10.341629697379837,14.084413547158565,36.191431711454555,41.16915588188312,14.459081428872638,71.9142120036134,-0.06454657643773219,-3.8485440890369054,-0.03800375605078813,-3.8105403329861174,extraction,0,1,500
extraction_electrons,50,0.005,100011,100011,100011,100011,1.0,1.0,9.976976528033545,10.136645392517954,8.521911868898387,-15.929663721012,-14.58422453983611,3.348368785641404,15.326356180596301,-0.06454657643773219,-1.3109928558033697,-0.02953064893513734,-1.2814622068682324,extraction,0,1,100
extraction_electrons,50,0.005,100011,100011,100011,100011,1.0,1.0,9.976976528033545,10.136645392517954,13.636640559314207,34.52814053631259,36.68109292427071,9.123872591743446,43.84084524211441,-0.06454657643773219,-3.445316431632307,-0.02953064893513734,-3.4157857826971694,extraction,0,1,500
extraction_electrons,75,0.007500000000000001,100011,100011,100011,100011,1.0,1.0,9.976976528033545,10.0250747596902,13.190251520562246,31.572600072758526,32.2069013944251,3.901120314490226,13.3015606326696,-0.06454657643773219,-1.2864059228949947,-0.04984144276384195,-1.2365644801311526,extraction,0,1,100
extraction_electrons,75,0.007500000000000001,100011,100011,100011,100011,1.0,1.0,9.976976528033545,10.0250747596902,12.359138162715176,23.282254336995134,23.87658854351493,6.889015672909519,35.181802474222195,-0.06454657643773219,-2.3656708890949556,-0.04984144276384195,-2.3158294463311138,extraction,0,1,500
extraction_electrons,100,0.01,100011,100011,100011,100011,1.0,1.0,9.976976528033545,9.978694675587914,11.207666969496078,12.315962496725618,12.335304568518435,2.0048597338305494,8.4307758107486,-0.06454657643773219,-0.9548650777896756,-0.0645222515128294,-0.8903428262768461,extraction,0,1,100
extraction_electrons,100,0.01,100011,100011,100011,100011,1.0,1.0,9.976976528033545,9.978694675587914,11.042506301640241,10.660829503630964,10.679886542909522,5.089983626943202,23.081458250813395,-0.06454657643773219,-1.790473130191991,-0.0645222515128294,-1.7259508786791615,extraction,0,1,500
extraction_electrons,125,0.0125,100011,100011,100011,100011,1.0,1.0,9.976976528033545,9.989345698059358,9.220812295105404,-7.6935309497123345,-7.579092030571111,1.421250566508839,7.423071248936301,-0.06454657643773219,-0.6378079089105925,-0.059664908795452935,-0.5781430001151395,extraction,0,1,100
extraction_electrons,125,0.0125,100011,100011,100011,100011,1.0,1.0,9.976976528033545,9.989345698059358,10.328817168768643,3.398335396233554,3.526525693896221,3.9310970916797747,19.733722077544,-0.06454657643773219,-1.408066311459574,-0.059664908795452935,-1.3484014026641211,extraction,0,1,500
extraction_electrons,150,0.015000000000000001,100011,100011,100011,100011,1.0,1.0,9.976976528033545,9.994347106330682,9.574404462537611,-4.201801671737703,-4.035010650418758,0.9576091887260924,5.727153587240501,-0.06454657643773219,-0.48175065997017674,-0.05318669512982973,-0.42856396484034703,extraction,0,1,100
extraction_electrons,150,0.015000000000000001,100011,100011,100011,100011,1.0,1.0,9.976976528033545,9.994347106330682,10.23282150735313,2.3860928431371997,2.5643538260384346,3.0789717488037445,16.147094771508396,-0.06454657643773219,-1.2032182864149956,-0.05318669512982973,-1.150031591285166,extraction,0,1,500
extraction_electrons,200,0.02,100011,100011,100011,100011,1.0,1.0,9.976976528033545,9.978694377819046,10.054362733673415,0.7582991620884494,0.7756478670910782,0.5919259830558506,4.067204765267599,-0.06454657643773219,-0.4336066444703554,-0.06404143634670204,-0.36956520812365334,extraction,0,1,100
extraction_electrons,200,0.02,100011,100011,100011,100011,1.0,1.0,9.976976528033545,9.978694377819046,10.101537845877953,1.231057525240642,1.248487630440076,2.0492789132130107,11.431699332255402,-0.06454657643773219,-0.9682817936614587,-0.06404143634670204,-0.9042403573147567,extraction,0,1,500
extraction_electrons,250,0.025,100011,100011,100011,100011,1.0,1.0,9.976976528033545,9.98259695096231,9.98377792315826,0.011830310306537584,0.06817090433766104,0.4401741105676706,3.6883486679088016,-0.06454657643773219,-0.3521042498881806,-0.0583257169754557,-0.29377853291272493,extraction,0,1,100
extraction_electrons,250,0.025,100011,100011,100011,100011,1.0,1.0,9.976976528033545,9.98259695096231,10.049393208113456,0.6691270566093088,0.7258379317264474,1.368390923962667,9.571247960801504,-0.06454657643773219,-0.7923969161237909,-0.0583257169754557,-0.7340711991483352,extraction,0,1,500
extraction_electrons,300,0.030000000000000002,100011,100011,100011,100011,1.0,1.0,9.976976528033545,9.978598538320018,9.960935721721814,-0.17700698680656046,-0.16077823042540684,0.359606957763449,2.8598222695174007,-0.06454657643773219,-0.3033135046852156,-0.06354602571528865,-0.23976747896992695,extraction,0,1,100
extraction_electrons,300,0.030000000000000002,100011,100011,100011,100011,1.0,1.0,9.976976528033545,9.978598538320018,9.98769648004116,0.09117454406251113,0.10744690014550251,1.018482426132822,6.0680229338189,-0.06454657643773219,-0.6583046123700876,-0.06354602571528865,-0.594758586654799,extraction,0,1,500
extraction_electrons,1000,0.1,100011,100011,100011,100011,1.0,1.0,9.976976528033545,9.977295282412411,9.976219434777533,-0.010782958752098004,-0.0075884037000983895,0.10558219411428771,0.7569253841865002,-0.06454657643773219,-0.13597333900084832,-0.06389735649720443,-0.07207598250364389,extraction,0,1,100
extraction_electrons,1000,0.1,100011,100011,100011,100011,1.0,1.0,9.976976528033545,9.977295282412411,9.976519982846439,-0.007770638675386188,-0.004575987382782198,0.22165148213918803,0.9294162406093003,-0.06454657643773219,-0.24913189719853976,-0.06389735649720443,-0.18523454070133533,extraction,0,1,500
extraction_electrons,0,0.0,100011,100011,100011,100011,1.0,1.0,9.976976528033545,10.499238507942508,14.18234371556953,35.07973654318655,42.15071746154404,22.62312241087416,61.0637436600261,-0.06454657643773219,0.01655382455272163,-0.07733982263582012,0.09389364718854175,extraction,0,2,100
extraction_electrons,0,0.0,100011,100011,100011,100011,1.0,1.0,9.976976528033545,10.499238507942508,17.49924173030486,66.67153257892903,75.39624034530978,22.02836644698557,125.054798680529,-0.06454657643773219,0.06985958798059466,-0.07733982263582012,0.14719941061641478,extraction,0,2,500
extraction_electrons,25,0.0025,100011,100011,100011,100011,1.0,1.0,9.976976528033545,10.343670378199104,7.0563051922044355,-31.781418643456604,-29.274112529206995,14.98696133107987,43.284413311125704,-0.06454657643773219,-0.8006157245898883,-0.03774211466254011,-0.7628736099273482,extraction,0,2,100
extraction_electrons,25,0.0025,100011,100011,100011,100011,1.0,1.0,9.976976528033545,10.343670378199104,14.123530989178228,36.54274036947049,41.56123299973291,14.47167700368189,71.9142120036135,-0.06454657643773219,-3.88753241573098,-0.03774211466254011,-3.84979030106844,extraction,0,2,500
extraction_electrons,50,0.005,100011,100011,100011,100011,1.0,1.0,9.976976528033545,10.136688338832426,8.615048591253036,-15.011211716455497,-13.650708037186732,3.311831451528178,15.326356180596301,-0.06454657643773219,-1.3273866873555002,-0.029462718355135604,-1.2979239690003646,extraction,0,2,100
extraction_electrons,50,0.005,100011,100011,100011,100011,1.0,1.0,9.976976528033545,10.136688338832426,13.663731600527807,34.794827894468305,36.95262850559116,9.134636573266295,43.7035440151363,-0.06454657643773219,-3.467663167921903,-0.029462718355135604,-3.4382004495667675,extraction,0,2,500
extraction_electrons,75,0.007500000000000001,100011,100011,100011,100011,1.0,1.0,9.976976528033545,10.024437437251656,13.223436394604711,31.912004812013727,32.53951592899098,3.929424274230242,13.4767421741747,-0.06454657643773219,-1.2954244835381337,-0.05010093509326507,-1.2453235484448686,extraction,0,2,100
extraction_electrons,75,0.007500000000000001,100011,100011,100011,100011,1.0,1.0,9.976976528033545,10.024437437251656,12.352338137820471,23.222257759005394,23.808431373097648,6.893596380542292,35.128660763944296,-0.06454657643773219,-2.3768802579160124,-0.05010093509326507,-2.3267793228227474,extraction,0,2,500
extraction_electrons,100,0.01,100011,100011,100011,100011,1.0,1.0,9.976976528033545,9.978581151822327,11.162268498863195,11.86228111022276,11.880272219736998,1.984091530679034,8.246649837171299,-0.06454657643773219,-0.9556045710644465,-0.06459774749979502,-0.8910068235646516,extraction,0,2,100
extraction_electrons,100,0.01,100011,100011,100011,100011,1.0,1.0,9.976976528033545,9.978581151822327,11.036028797848179,10.597174387189657,10.614962026209884,5.095176899026898,23.2338005648474,-0.06454657643773219,-1.7988510441284529,-0.06459774749979502,-1.734253296628658,extraction,0,2,500
extraction_electrons,125,0.0125,100011,100011,100011,100011,1.0,1.0,9.976976528033545,9.989735027528598,9.195137354482844,-7.954141634949174,-7.836433927190978,1.4325638850495725,7.2335455672966,-0.06454657643773219,-0.6361116745883513,-0.0594144001627859,-0.5766972744255654,extraction,0,2,100
extraction_electrons,125,0.0125,100011,100011,100011,100011,1.0,1.0,9.976976528033545,9.989735027528598,10.327211645227523,3.3782339248132676,3.510433408456759,3.9307261201900183,19.8470407452986,-0.06454657643773219,-1.4067830311812286,-0.0594144001627859,-1.3473686310184427,extraction,0,2,500
extraction_electrons,150,0.015000000000000001,100011,100011,100011,100011,1.0,1.0,9.976976528033545,9.994433377122904,9.594956780901105,-3.996990936336564,-3.829013189106245,0.9524751633982281,5.552435829613902,-0.06454657643773219,-0.48296753758442207,-0.05310338025865863,-0.42986415732576344,extraction,0,2,100
extraction_electrons,150,0.015000000000000001,100011,100011,100011,100011,1.0,1.0,9.976976528033545,9.994433377122904,10.24132701287213,2.470311486735821,2.649605159396806,3.0813719007713427,16.182505112572997,-0.06454657643773219,-1.2096175701302785,-0.05310338025865863,-1.1565141898716198,extraction,0,2,500
extraction_electrons,200,0.02,100011,100011,100011,100011,1.0,1.0,9.976976528033545,9.978570069620242,10.04334472915904,0.6491376929446568,0.6652135638388401,0.5920848787194948,4.067204765267599,-0.06454657643773219,-0.4359698938930406,-0.06413154634283309,-0.3718383475502075,extraction,0,2,100
extraction_electrons,200,0.02,100011,100011,100011,100011,1.0,1.0,9.976976528033545,9.978570069620242,10.09760065630636,1.192862162169983,1.2090248777661516,2.0503907842804545,11.1633979354011,-0.06454657643773219,-0.9714576106257025,-0.06413154634283309,-0.9073260642828693,extraction,0,2,500
extraction_electrons,250,0.025,100011,100011,100011,100011,1.0,1.0,9.976976528033545,9.982707483784212,9.992608354633262,0.099180216039918,0.1566789954431158,0.4401810970020319,3.5098507414687,-0.06454657643773219,-0.3531146817329437,-0.05823133569259033,-0.2948833460403534,extraction,0,2,100
extraction_electrons,250,0.025,100011,100011,100011,100011,1.0,1.0,9.976976528033545,9.982707483784212,10.048835051033974,0.6624211653720069,0.7202434805626767,1.3700732834285694,9.3279900150693,-0.06454657643773219,-0.7941853030884667,-0.05823133569259033,-0.7359539673958764,extraction,0,2,500
extraction_electrons,300,0.030000000000000002,100011,100011,100011,100011,1.0,1.0,9.976976528033545,9.978470430970033,9.954238894134964,-0.24283818850494576,-0.2279010463209219,0.3596512244257827,2.7825480032269994,-0.06454657643773219,-0.30406552280072746,-0.06364061533837884,-0.24042490746234862,extraction,0,2,100
extraction_electrons,300,0.030000000000000002,100011,100011,100011,100011,1.0,1.0,9.976976528033545,9.978470430970033,9.988291846178507,0.09842605914822666,0.11341430054654378,1.0225200549141786,5.947109661490599,-0.06454657643773219,-0.6626436256875153,-0.06364061533837884,-0.5990030103491365,extraction,0,2,500
extraction_electrons,1000,0.1,100011,100011,100011,100011,1.0,1.0,9.976976528033545,9.977284679356023,9.975803577608197,-0.014844737776109618,-0.011756571963983387,0.10579330495053635,0.7947972550310993,-0.06454657643773219,-0.13627032206620568,-0.06386378176625337,-0.0724065402999523,extraction,0,2,100
extraction_electrons,1000,0.1,100011,100011,100011,100011,1.0,1.0,9.976976528033545,9.977284679356023,9.976344211188023,-0.00942609335329303,-0.006337760179597751,0.22216173884994062,0.9023140614552005,-0.06454657643773219,-0.2496433132477683,-0.06386378176625337,-0.18577953148151494,extraction,0,2,500
extraction_electrons,0,0.0,100011,100011,100011,100011,1.0,1.0,9.976976528033545,10.503584052951451,14.276986660184225,35.92490513914122,43.09933094528597,22.725789830895046,61.516213461838404,-0.06454657643773219,0.017065597279261976,-0.07738191360821636,0.09444751088747834,extraction,0,3,100
extraction_electrons,0,0.0,100011,100011,100011,100011,1.0,1.0,9.976976528033545,10.503584052951451,17.564410534709992,67.22302069620214,76.04943226394386,22.085413268323776,125.44291424497419,-0.06454657643773219,0.06993589398250505,-0.07738191360821636,0.1473178075907214,extraction,0,3,500
extraction_electrons,25,0.0025,100011,100011,100011,100011,1.0,1.0,9.976976528033545,10.345736875520105,7.054948611475239,-31.808157346737374,-29.287709641772963,14.990544254887228,43.284413311125704,-0.06454657643773219,-0.8136660594454785,-0.037514437112825635,-0.7761516223326529,extraction,0,3,100
extraction_electrons,25,0.0025,100011,100011,100011,100011,1.0,1.0,9.976976528033545,10.345736875520105,14.163300300764323,36.89986968716812,41.95984385618174,14.484592244476831,71.9128333715214,-0.06454657643773219,-3.9262742868533165,-0.037514437112825635,-3.8887598497404907,extraction,0,3,500
extraction_electrons,50,0.005,100011,100011,100011,100011,1.0,1.0,9.976976528033545,10.136758922896103,8.708499014021127,-14.08990703773113,-12.714047291263231,3.2780247690195212,15.297840162266096,-0.06454657643773219,-1.3444747102578383,-0.029417086240295657,-1.3150576240175427,extraction,0,3,100
extraction_electrons,50,0.005,100011,100011,100011,100011,1.0,1.0,9.976976528033545,10.136758922896103,13.690466787240123,35.05763421400096,37.22059732998595,9.145812021882742,43.534945286576104,-0.06454657643773219,-3.4903645562572745,-0.029417086240295657,-3.4609474700169787,extraction,0,3,500
extraction_electrons,75,0.007500000000000001,100011,100011,100011,100011,1.0,1.0,9.976976528033545,10.023715607772303,13.254842297980089,32.234820067145534,32.85429970428737,3.956137185276303,13.510640784749404,-0.06454657643773219,-1.303647241937378,-0.05033314386615287,-1.253314098071225,extraction,0,3,100
extraction_electrons,75,0.007500000000000001,100011,100011,100011,100011,1.0,1.0,9.976976528033545,10.023715607772303,12.344067862181276,23.148624174949582,23.72553776684372,6.897840970079516,35.0295031336071,-0.06454657643773219,-2.387583413643183,-0.05033314386615287,-2.33725026977703,extraction,0,3,500
extraction_electrons,100,0.01,100011,100011,100011,100011,1.0,1.0,9.976976528033545,9.978501356805163,11.11603906661611,11.399885304772406,11.416911079042858,1.9633960773707089,8.2150373639438,-0.06454657643773219,-0.955929692643839,-0.06464966622774904,-0.8912800264160899,extraction,0,3,100
extraction_electrons,100,0.01,100011,100011,100011,100011,1.0,1.0,9.976976528033545,9.978501356805163,11.029370842395931,10.531335798978404,10.548228828697193,5.09941124066375,23.752316307638395,-0.06454657643773219,-1.8069597113322005,-0.06464966622774904,-1.7423100451044515,extraction,0,3,500
extraction_electrons,125,0.0125,100011,100011,100011,100011,1.0,1.0,9.976976528033545,9.990166290218742,9.170861620601741,-8.201111431139763,-8.07975146745873,1.4434892233370586,7.2335455672966,-0.06454657643773219,-0.6347548565697622,-0.0591847291532053,-0.5755701274165569,extraction,0,3,100
extraction_electrons,125,0.0125,100011,100011,100011,100011,1.0,1.0,9.976976528033545,9.990166290218742,10.32621765445669,3.3638215268445792,3.5004705628187027,3.93101302698096,19.855128941672803,-0.06454657643773219,-1.4062111339520984,-0.0591847291532053,-1.3470264047988931,extraction,0,3,500
extraction_electrons,150,0.015000000000000001,100011,100011,100011,100011,1.0,1.0,9.976976528033545,9.994502481792127,9.616031704547597,-3.786789566904647,-3.6177776150094876,0.9476167673655308,5.573079245395602,-0.06454657643773219,-0.48446746213206643,-0.05304299987610958,-0.4314244622559569,extraction,0,3,100
extraction_electrons,150,0.015000000000000001,100011,100011,100011,100011,1.0,1.0,9.976976528033545,9.994502481792127,10.25048699687062,2.561253204397551,2.7414163806896763,3.083708365502668,16.099007124902,-0.06454657643773219,-1.2156963292285943,-0.05304299987610958,-1.1626533293524848,extraction,0,3,500
extraction_electrons,200,0.02,100011,100011,100011,100011,1.0,1.0,9.976976528033545,9.978485817462726,10.032342507743099,0.5397280836549445,0.5549374557912046,0.5921666287013503,3.8911091726385987,-0.06454657643773219,-0.4381763279280389,-0.06420163191243186,-0.37397469601560707,extraction,0,3,100
extraction_electrons,200,0.02,100011,100011,100011,100011,1.0,1.0,9.976976528033545,9.978485817462726,10.094190032965576,1.1595368036737996,1.1748399387598196,2.0516377424206333,11.199916419867998,-0.06454657643773219,-0.9739294316990706,-0.06420163191243186,-0.9097277997866388,extraction,0,3,500
extraction_electrons,250,0.025,100011,100011,100011,100011,1.0,1.0,9.976976528033545,9.982773929698913,10.001161601513871,0.18419401204963215,0.2424088441259853,0.4403756371070918,3.5775635007471998,-0.06454657643773219,-0.35411090023596486,-0.05815157962504031,-0.29595932061092456,extraction,0,3,100
extraction_electrons,250,0.025,100011,100011,100011,100011,1.0,1.0,9.976976528033545,9.982773929698913,10.048250220603622,0.6558927545170068,0.7143816803598879,1.3714303895999707,9.279630672075497,-0.06454657643773219,-0.7959997160571269,-0.05815157962504031,-0.7378481364320866,extraction,0,3,500
extraction_electrons,300,0.030000000000000002,100011,100011,100011,100011,1.0,1.0,9.976976528033545,9.978404159134325,9.947829439313418,-0.30640891402377024,-0.2921435029763608,0.35993477052174244,2.6163810586280967,-0.06454657643773219,-0.3048696049709424,-0.06372845351782938,-0.24114115145311302,extraction,0,3,100
extraction_electrons,300,0.030000000000000002,100011,100011,100011,100011,1.0,1.0,9.976976528033545,9.978404159134325,9.989297094277605,0.10916510265128743,0.12348997924813698,1.0264434715233495,5.873400605131399,-0.06454657643773219,-0.6671615307124209,-0.06372845351782938,-0.6034330771945915,extraction,0,3,500
extraction_electrons,1000,0.1,100011,100011,100011,100011,1.0,1.0,9.976976528033545,9.977327816614025,9.975549011051234,-0.017828476677184124,-0.014308112064809198,0.10620164021102206,0.8497037489955996,-0.06454657643773219,-0.1365560919752067,-0.06378968750810107,-0.07276640446710564,extraction,0,3,100
extraction_electrons,1000,0.1,100011,100011,100011,100011,1.0,1.0,9.976976528033545,9.977327816614025,9.976251564930292,-0.010786973260923371,-0.007266360717750331,0.22289149845879752,0.9217611305227003,-0.06454657643773219,-0.25022672769132165,-0.06378968750810107,-0.18643704018322058,extraction,0,3,500
extraction_electrons,0,0.0,100011,100011,100011,100011,1.0,1.0,9.976976528033545,10.507904284251365,14.371427739272754,36.76778309459683,44.0459211153958,22.82804743005197,61.5931354705569,-0.06454657643773219,0.017604424609013153,-0.07741931115029485,0.095023735759308,extraction,0,4,100
extraction_electrons,0,0.0,100011,100011,100011,100011,1.0,1.0,9.976976528033545,10.507904284251365,17.6295069661908,67.77376810153169,76.70189878321348,22.142272191848143,125.44291424497419,-0.06454657643773219,0.07047757950296904,-0.07741931115029485,0.1478968906532639,extraction,0,4,500
extraction_electrons,25,0.0025,100011,100011,100011,100011,1.0,1.0,9.976976528033545,10.347725431926937,7.053182886833288,-31.838325888785633,-29.30540763511783,14.99333948011145,43.394609383006795,-0.06454657643773219,-0.8268292124741731,-0.037241315836790134,-0.7895878966373829,extraction,0,4,100
extraction_electrons,25,0.0025,100011,100011,100011,100011,1.0,1.0,9.976976528033545,10.347725431926937,14.201991855604357,37.247474810120494,42.34765227420616,14.497027435644911,71.9293253453541,-0.06454657643773219,-3.964713007191386,-0.037241315836790134,-3.9274716913545955,extraction,0,4,500
extraction_electrons,50,0.005,100011,100011,100011,100011,1.0,1.0,9.976976528033545,10.136831355092177,8.801050659766977,-13.177497469701693,-11.786395056282062,3.247396399183469,15.446970340831,-0.06454657643773219,-1.360554372469642,-0.02937733717939173,-1.3311770352902503,extraction,0,4,100
extraction_electrons,50,0.005,100011,100011,100011,100011,1.0,1.0,9.976976528033545,10.136831355092177,13.717380611134013,35.32217446079113,37.49035664853568,9.157941956332305,43.534945286576004,-0.06454657643773219,-3.5125259336054744,-0.02937733717939173,-3.4831485964260827,extraction,0,4,500
extraction_electrons,75,0.007500000000000001,100011,100011,100011,100011,1.0,1.0,9.976976528033545,10.023090190670187,13.28472974637974,32.54125717381644,33.153863889044864,3.9815693386039,13.635536167377902,-0.06454657643773219,-1.3121228781806225,-0.05060890138156847,-1.261513976799054,extraction,0,4,100
extraction_electrons,75,0.007500000000000001,100011,100011,100011,100011,1.0,1.0,9.976976528033545,10.023090190670187,12.335531574041662,23.07114212664643,23.639977896920918,6.901276333946147,34.8838514524359,-0.06454657643773219,-2.3982853509114572,-0.05060890138156847,-2.3476764495298887,extraction,0,4,500
extraction_electrons,100,0.01,100011,100011,100011,100011,1.0,1.0,9.976976528033545,9.97839366299966,11.069286597856745,10.932550585793855,10.948307503320297,1.9431844316909228,8.2150373639438,-0.06454657643773219,-0.9557927728151496,-0.06469383285268454,-0.8910989399624651,extraction,0,4,100
extraction_electrons,100,0.01,100011,100011,100011,100011,1.0,1.0,9.976976528033545,9.97839366299966,11.02273003440197,10.465976856322667,10.481667501472437,5.103879381619047,24.203493650214895,-0.06454657643773219,-1.8147709877919695,-0.06469383285268454,-1.750077154939285,extraction,0,4,500
extraction_electrons,125,0.0125,100011,100011,100011,100011,1.0,1.0,9.976976528033545,9.990524513935055,9.14762512641307,-8.436988331756623,-8.312652628681082,1.4539159232013201,7.0208017454944,-0.06454657643773219,-0.6331645161169922,-0.05891142156570886,-0.5742530945512834,extraction,0,4,100
extraction_electrons,125,0.0125,100011,100011,100011,100011,1.0,1.0,9.976976528033545,9.990524513935055,10.325145254455927,3.3493811066089174,3.489721815462743,3.9307014708397774,19.895655607147102,-0.06454657643773219,-1.4049736488167952,-0.05891142156570886,-1.3460622272510863,extraction,0,4,500
extraction_electrons,150,0.015000000000000001,100011,100011,100011,100011,1.0,1.0,9.976976528033545,9.994594327010985,9.637749692519337,-3.570376373628825,-3.400096557920529,0.9429757054391995,5.3516155653955035,-0.06454657643773219,-0.4857914663147949,-0.05299238969806414,-0.4327990766167308,extraction,0,4,100
extraction_electrons,150,0.015000000000000001,100011,100011,100011,100011,1.0,1.0,9.976976528033545,9.994594327010985,10.260661247510889,2.662108253667106,2.843393674228256,3.087366148535164,15.952696757424903,-0.06454657643773219,-1.2225096984661825,-0.05299238969806414,-1.1695173087681183,extraction,0,4,500
extraction_electrons,200,0.02,100011,100011,100011,100011,1.0,1.0,9.976976528033545,9.978375484849257,10.021152503126277,0.42869721972249586,0.4427791823365057,0.5924826964337891,4.0103826007417,-0.06454657643773219,-0.4404922557264337,-0.06426022904668766,-0.37623202667974603,extraction,0,4,100
extraction_electrons,200,0.02,100011,100011,100011,100011,1.0,1.0,9.976976528033545,9.978375484849257,10.090679894633686,1.1254778892110018,1.1396575533745734,2.0533625310582377,11.2993837432092,-0.06454657643773219,-0.976792272547698,-0.06426022904668766,-0.9125320435010102,extraction,0,4,500
extraction_electrons,250,0.025,100011,100011,100011,100011,1.0,1.0,9.976976528033545,9.982874608574518,10.009616210999816,0.2678747702823836,0.3271500426462959,0.44068902312073766,3.419753505799701,-0.06454657643773219,-0.35512763617981175,-0.058084433984373005,-0.2970432021954387,extraction,0,4,100
extraction_electrons,250,0.025,100011,100011,100011,100011,1.0,1.0,9.976976528033545,9.982874608574518,10.04709734158605,0.6433290563057747,0.7028262856535461,1.3722139719190292,8.9334223370251,-0.06454657643773219,-0.7976021492612148,-0.058084433984373005,-0.7395177152768417,extraction,0,4,500
extraction_electrons,300,0.030000000000000002,100011,100011,100011,100011,1.0,1.0,9.976976528033545,9.978293901817166,9.94165184462234,-0.3672176582025899,-0.3540620077830958,0.360217485736891,2.5613977075572993,-0.06454657643773219,-0.30562904233126076,-0.06380325147242763,-0.24182579085883313,extraction,0,4,100
extraction_electrons,300,0.030000000000000002,100011,100011,100011,100011,1.0,1.0,9.976976528033545,9.978293901817166,9.990044655782802,0.11776315752229927,0.13098284547967687,1.030488088314585,5.8468939854663,-0.06454657643773219,-0.671535652121559,-0.06380325147242763,-0.6077324006491314,extraction,0,4,500
extraction_electrons,1000,0.1,100011,100011,100011,100011,1.0,1.0,9.976976528033545,9.977357166864161,9.97535052815487,-0.020111926191790364,-0.016297521339314613,0.106686105315575,0.8247748363082978,-0.06454657643773219,-0.13689238944661739,-0.06370222560695908,-0.0731901638396583,extraction,0,4,100
extraction_electrons,1000,0.1,100011,100011,100011,100011,1.0,1.0,9.976976528033545,9.977357166864161,9.976229667895277,-0.011300577397677092,-0.007485836377074673,0.22366193805256707,1.0292583534049982,-0.06454657643773219,-0.25085147075317865,-0.06370222560695908,-0.18714924514621956,extraction,0,4,500
extraction_electrons,0,0.0,100011,100011,100011,100011,1.0,1.0,9.976976528033545,10.5122669869082,14.465304109603775,37.60404038081053,44.98685116637111,22.929873777635006,61.968259271487206,-0.06454657643773219,0.018511665662049124,-0.0774802778376493,0.09599194349969842,extraction,0,5,100
extraction_electrons,0,0.0,100011,100011,100011,100011,1.0,1.0,9.976976528033545,10.5122669869082,17.693547218340655,68.31333565229936,77.34377913614317,22.198508850139984,125.82782903899479,-0.06454657643773219,0.07096280650292845,-0.0774802778376493,0.14844308434057774,extraction,0,5,500
extraction_electrons,25,0.0025,100011,100011,100011,100011,1.0,1.0,9.976976528033545,10.349784035475292,7.050719873143718,-31.875681183525984,-29.330094610000945,14.99537171958708,43.4285091652368,-0.06454657643773219,-0.8399962818991653,-0.03703550036763251,-0.8029607815315328,extraction,0,5,100
extraction_electrons,25,0.0025,100011,100011,100011,100011,1.0,1.0,9.976976528033545,10.349784035475292,14.239645013603637,37.58398208885632,42.72505276115211,14.508888692695306,71.90691459791469,-0.06454657643773219,-4.002687320189293,-0.03703550036763251,-3.96565181982166,extraction,0,5,500
extraction_electrons,50,0.005,100011,100011,100011,100011,1.0,1.0,9.976976528033545,10.13685011673833,8.894553305314442,-12.255254809110404,-10.849210877440518,3.2188808357863383,15.2611604396339,-0.06454657643773219,-1.3768533780265082,-0.029322960606485857,-1.3475304174200224,extraction,0,5,100
extraction_electrons,50,0.005,100011,100011,100011,100011,1.0,1.0,9.976976528033545,10.13685011673833,13.743481288690381,35.57940711776584,37.75196573905555,9.169841809233798,43.443098272512806,-0.06454657643773219,-3.5348223545760944,-0.029322960606485857,-3.5054993939696084,extraction,0,5,500
extraction_electrons,75,0.007500000000000001,100011,100011,100011,100011,1.0,1.0,9.976976528033545,10.022341891398247,13.312660493021589,32.82983794882595,33.43381590219603,4.005480977664307,13.573221754397402,-0.06454657643773219,-1.3201719472856204,-0.05081539593717296,-1.2693565513484475,extraction,0,5,100
extraction_electrons,75,0.007500000000000001,100011,100011,100011,100011,1.0,1.0,9.976976528033545,10.022341891398247,12.326281917413809,22.988040629435492,23.547267879994816,6.904151186386942,34.6931216344809,-0.06454657643773219,-2.4090746212106553,-0.05081539593717296,-2.3582592252734824,extraction,0,5,500
extraction_electrons,100,0.01,100011,100011,100011,100011,1.0,1.0,9.976976528033545,9.978374279635016,11.021794415436455,10.456814973667283,10.4722897209105,1.923955141190976,8.187048655133701,-0.06454657643773219,-0.9560915523105302,-0.06474349644439502,-0.8913480558661352,extraction,0,5,100
extraction_electrons,100,0.01,100011,100011,100011,100011,1.0,1.0,9.976976528033545,9.978374279635016,11.015380669395057,10.392538510772042,10.408004253029768,5.109219787662052,24.6153468933295,-0.06454657643773219,-1.8223646323969405,-0.06474349644439502,-1.7576211359525455,extraction,0,5,500
extraction_electrons,125,0.0125,100011,100011,100011,100011,1.0,1.0,9.976976528033545,9.990978226703945,9.125819051453707,-8.65940407054271,-8.531216588394642,1.4639934634282066,6.9153829260959006,-0.06454657643773219,-0.6317416176277098,-0.05871023967525327,-0.5730313779524565,extraction,0,5,100
extraction_electrons,125,0.0125,100011,100011,100011,100011,1.0,1.0,9.976976528033545,9.990978226703945,10.32403406411224,3.333565841611996,3.4785842695282065,3.93023892679621,19.869398270097797,-0.06454657643773219,-1.403529671622067,-0.05871023967525327,-1.3448194319468139,extraction,0,5,500
extraction_electrons,150,0.015000000000000001,100011,100011,100011,100011,1.0,1.0,9.976976528033545,9.994625322358939,9.659754467126541,-3.350509343089225,-3.179541016415799,0.9384932127115759,5.5426122108853,-0.06454657643773219,-0.48736654375940364,-0.05294525233266824,-0.4344212914267354,extraction,0,5,100
extraction_electrons,150,0.015000000000000001,100011,100011,100011,100011,1.0,1.0,9.976976528033545,9.994625322358939,10.269096271794039,2.746185480521035,2.9279385687606796,3.0904197720277526,15.9696418301138,-0.06454657643773219,-1.2283391831596082,-0.05294525233266824,-1.1753939308269399,extraction,0,5,500
extraction_electrons,200,0.02,100011,100011,100011,100011,1.0,1.0,9.976976528033545,9.978332418751233,10.009984257809446,0.31720569860684833,0.3308390040124509,0.5928905432526532,4.1016060482236005,-0.06454657643773219,-0.44258046338562146,-0.06430698903397099,-0.3782734743516505,extraction,0,5,100
extraction_electrons,200,0.02,100011,100011,100011,100011,1.0,1.0,9.976976528033545,9.978332418751233,10.086724923028845,1.0862787460750534,1.1000165700192577,2.0548072784823304,11.343103443847598,-0.06454657643773219,-0.9790069228713957,-0.06430698903397099,-0.9146999338374247,extraction,0,5,500
extraction_electrons,250,0.025,100011,100011,100011,100011,1.0,1.0,9.976976528033545,9.982923017224975,10.017652710121052,0.3478910218595477,0.407700488952889,0.4412479522479052,3.419753505799701,-0.06454657643773219,-0.3561478566969297,-0.058036325120313016,-0.2981115315766167,extraction,0,5,100
extraction_electrons,250,0.025,100011,100011,100011,100011,1.0,1.0,9.976976528033545,9.982923017224975,10.045103921033851,0.6228727167542747,0.6828460787582369,1.3728307860298257,8.917675660374499,-0.06454657643773219,-0.7992789269417376,-0.058036325120313016,-0.7412426018214247,extraction,0,5,500
extraction_electrons,300,0.030000000000000002,100011,100011,100011,100011,1.0,1.0,9.976976528033545,9.978239548729011,9.935824822717748,-0.42507223648148296,-0.4124666946962008,0.36080759554086966,2.664127339892099,-0.06454657643773219,-0.306379299690707,-0.06385365221193863,-0.24252564747876837,extraction,0,5,100
extraction_electrons,300,0.030000000000000002,100011,100011,100011,100011,1.0,1.0,9.976976528033545,9.978239548729011,9.990915506814721,0.12703601696277822,0.13971145208180324,1.0342496209459626,5.798844202371701,-0.06454657643773219,-0.6760522661362842,-0.06385365221193863,-0.6121986139243456,extraction,0,5,500
extraction_electrons,1000,0.1,100011,100011,100011,100011,1.0,1.0,9.976976528033545,9.977387350104735,9.975182726684741,-0.022096199562404717,-0.01797940832839462,0.10715785609319974,0.8779057693003987,-0.06454657643773219,-0.13712180244662556,-0.0636294691447593,-0.07349233330186626,extraction,0,5,100
extraction_electrons,1000,0.1,100011,100011,100011,100011,1.0,1.0,9.976976528033545,9.977387350104735,9.976372120870725,-0.010175301392900682,-0.006058019291932393,0.22430459510066436,1.0508894764832997,-0.06454657643773219,-0.25144391052657267,-0.0636294691447593,-0.18781444138181336,extraction,0,5,500
extraction_electrons,0,0.0,100011,100011,100011,100011,1.0,1.0,9.976976528033545,10.516588976918957,14.558150694303546,38.43034777012502,45.917459597080445,23.030367597855943,62.0986617682838,-0.06454657643773219,0.01858658680833231,-0.07751437411732783,0.09610096092566013,extraction,0,6,100
extraction_electrons,0,0.0,100011,100011,100011,100011,1.0,1.0,9.976976528033545,10.516588976918957,17.757749088223576,68.85464599973423,77.9872793959917,22.25503675421705,126.1946893698121,-0.06454657643773219,0.07108457669908465,-0.07751437411732783,0.14859895081641247,extraction,0,6,500
extraction_electrons,25,0.0025,100011,100011,100011,100011,1.0,1.0,9.976976528033545,10.35175675841271,7.047735709436178,-31.917491166814816,-29.360005111435484,14.996537446253106,43.4988068373376,-0.06454657643773219,-0.8533294538295926,-0.03681153766609116,-0.8165179161635014,extraction,0,6,100
extraction_electrons,25,0.0025,100011,100011,100011,100011,1.0,1.0,9.976976528033545,10.35175675841271,14.277506946425728,37.923516555029394,43.1045458141397,14.521528801091419,71.90287145991681,-0.06454657643773219,-4.041484126322688,-0.03681153766609116,-4.004672588656597,extraction,0,6,500
extraction_electrons,50,0.005,100011,100011,100011,100011,1.0,1.0,9.976976528033545,10.136916192027693,8.987449532039953,-11.339411692993496,-9.9181048809045,3.193997682788614,15.216351510438198,-0.06454657643773219,-1.3933013843954385,-0.029297806836857242,-1.3640035775585813,extraction,0,6,100
extraction_electrons,50,0.005,100011,100011,100011,100011,1.0,1.0,9.976976528033545,10.136916192027693,13.768610438336697,35.82642075274527,38.00383713091166,9.181866858485884,43.32866952708291,-0.06454657643773219,-3.5567879073916724,-0.029297806836857242,-3.527490100554815,extraction,0,6,500
extraction_electrons,75,0.007500000000000001,100011,100011,100011,100011,1.0,1.0,9.976976528033545,10.021686803582158,13.338927317754349,33.100620476250306,33.697090298592116,4.027748629373773,13.7777516438606,-0.06454657643773219,-1.3281355063826514,-0.05104476373903934,-1.277090742643612,extraction,0,6,100
extraction_electrons,75,0.007500000000000001,100011,100011,100011,100011,1.0,1.0,9.976976528033545,10.021686803582158,12.317860913740013,22.912052184040597,23.46286351510396,6.9074904881184995,34.45588823403891,-0.06454657643773219,-2.4189968921698997,-0.05104476373903934,-2.3679521284308604,extraction,0,6,500
extraction_electrons,100,0.01,100011,100011,100011,100011,1.0,1.0,9.976976528033545,9.978304686759868,10.974293075636963,9.981539150620078,9.996180153387503,1.9054825583334274,8.2161098374699,-0.06454657643773219,-0.9558868215068758,-0.06476126895840734,-0.8911255525484685,extraction,0,6,100
extraction_electrons,100,0.01,100011,100011,100011,100011,1.0,1.0,9.976976528033545,9.978304686759868,11.008614347841597,10.325498102386454,10.340184893783523,5.1146771710060825,24.958117010344004,-0.06454657643773219,-1.8301810877809,-0.06476126895840734,-1.7654198188224925,extraction,0,6,500
extraction_electrons,125,0.0125,100011,100011,100011,100011,1.0,1.0,9.976976528033545,9.991337835835965,9.10524493094979,-8.868611185461306,-8.737432574230708,1.4732883868565476,6.7856358804491,-0.06454657643773219,-0.6301878990594412,-0.05847855208334551,-0.5717093469760957,extraction,0,6,100
extraction_electrons,125,0.0125,100011,100011,100011,100011,1.0,1.0,9.976976528033545,9.991337835835965,10.323979702105971,3.329302559232028,3.4780393949751076,3.9297172608167887,19.869398270040897,-0.06454657643773219,-1.4025261998190273,-0.05847855208334551,-1.3440476477356817,extraction,0,6,500
extraction_electrons,150,0.015000000000000001,100011,100011,100011,100011,1.0,1.0,9.976976528033545,9.994707688205192,9.68217824230916,-3.1269493380466806,-2.954785800047277,0.9344692719314851,5.5774493189859005,-0.06454657643773219,-0.48899629156089164,-0.05293284985089774,-0.4360634417099939,extraction,0,6,100
extraction_electrons,150,0.015000000000000001,100011,100011,100011,100011,1.0,1.0,9.976976528033545,9.994707688205192,10.278340331230115,2.8378282974662605,3.020592484604845,3.09311393409925,15.7438415167984,-0.06454657643773219,-1.2340745242908016,-0.05293284985089774,-1.181141674439904,extraction,0,6,500
extraction_electrons,200,0.02,100011,100011,100011,100011,1.0,1.0,9.976976528033545,9.978248305607902,9.998865537035158,0.2066217515920954,0.21939521397198458,0.5933959857544665,4.203298725167699,-0.06454657643773219,-0.44466748295848013,-0.06431622111123225,-0.3803512618472479,extraction,0,6,100
extraction_electrons,200,0.02,100011,100011,100011,100011,1.0,1.0,9.976976528033545,9.978248305607902,10.083416167083909,1.053971180662061,1.0668526557247926,2.056178584705178,11.4216457115558,-0.06454657643773219,-0.9816184780918005,-0.06431622111123225,-0.9173022569805682,extraction,0,6,500
extraction_electrons,250,0.025,100011,100011,100011,100011,1.0,1.0,9.976976528033545,9.983013552040921,10.025551342806674,0.4261017030980252,0.4868690894144434,0.4418255168534222,3.2172477298501967,-0.06454657643773219,-0.3570958216144704,-0.05802820265595983,-0.2990676189585106,extraction,0,6,100
extraction_electrons,250,0.025,100011,100011,100011,100011,1.0,1.0,9.976976528033545,9.983013552040921,10.043668795895451,0.6075845088092668,0.6684617095621403,1.373649530003697,8.780342574777098,-0.06454657643773219,-0.8008349375409055,-0.05802820265595983,-0.7428067348849456,extraction,0,6,500
extraction_electrons,300,0.030000000000000002,100011,100011,100011,100011,1.0,1.0,9.976976528033545,9.97815093505857,9.930369740393523,-0.47885820705684257,-0.46714340270386234,0.36152075481207724,2.664127339892099,-0.06454657643773219,-0.3071723140341204,-0.06386222285915442,-0.24331009117496594,extraction,0,6,100
extraction_electrons,300,0.030000000000000002,100011,100011,100011,100011,1.0,1.0,9.976976528033545,9.97815093505857,9.991688576974793,0.13567285165689835,0.14745999351517547,1.038058840292734,5.6321407557165,-0.06454657643773219,-0.6803242403159823,-0.06386222285915442,-0.6164620174568278,extraction,0,6,500
extraction_electrons,1000,0.1,100011,100011,100011,100011,1.0,1.0,9.976976528033545,9.97742070612325,9.97519920005232,-0.022265334261850622,-0.017814294503259998,0.10751030091272973,0.8665764287817019,-0.06454657643773219,-0.13744338534141384,-0.06355135280926005,-0.07389203253215379,extraction,0,6,100
extraction_electrons,1000,0.1,100011,100011,100011,100011,1.0,1.0,9.976976528033545,9.97742070612325,9.97636915236511,-0.010539334654824373,-0.006087772851093298,0.22493728416713488,1.0718482958280005,-0.06454657643773219,-0.2519913503496701,-0.06355135280926005,-0.18843999754041002,extraction,0,6,500
extraction_electrons,0,0.0,100011,100011,100011,100011,1.0,1.0,9.976976528033545,10.520909962767458,14.651866507480307,39.26425146999573,46.85678037139955,23.13161600750448,62.4198873297916,-0.06454657643773219,0.01955184153445506,-0.07765490077216919,0.09720674230662425,extraction,0,7,100
extraction_electrons,0,0.0,100011,100011,100011,100011,1.0,1.0,9.976976528033545,10.520909962767458,17.8214167241275,69.39044994392947,78.62542498774513,22.311000521406545,126.57333817325278,-0.06454657643773219,0.07138404520139707,-0.07765490077216919,0.14903894597356626,extraction,0,7,500
extraction_electrons,25,0.0025,100011,100011,100011,100011,1.0,1.0,9.976976528033545,10.353754871849898,7.0441816134905055,-31.964956668595278,-29.395628087350932,14.997002198282258,43.5969976702518,-0.06454657643773219,-0.8665344913227168,-0.036601826955574415,-0.8299326643671423,extraction,0,7,100
extraction_electrons,25,0.0025,100011,100011,100011,100011,1.0,1.0,9.976976528033545,10.353754871849898,14.315886988305467,38.267586643643,43.48923191390046,14.534691863141987,71.85955118539721,-0.06454657643773219,-4.080241796965767,-0.036601826955574415,-4.043639970010193,extraction,0,7,500
extraction_electrons,50,0.005,100011,100011,100011,100011,1.0,1.0,9.976976528033545,10.13694742020307,9.080247262778574,-10.424244238640112,-8.987986117190106,3.1713332829274394,15.351191834001398,-0.06454657643773219,-1.4092405140639672,-0.02916544740437245,-1.3800750666595947,extraction,0,7,100
extraction_electrons,50,0.005,100011,100011,100011,100011,1.0,1.0,9.976976528033545,10.13694742020307,13.794242516321498,36.07886027729996,38.26074941202988,9.194118454692124,43.3010427862011,-0.06454657643773219,-3.578480344508324,-0.02916544740437245,-3.5493148971039514,extraction,0,7,500
extraction_electrons,75,0.007500000000000001,100011,100011,100011,100011,1.0,1.0,9.976976528033545,10.020973409305808,13.363378584335143,33.35409683779289,33.9421672165551,4.048695124421678,13.9032193551045,-0.06454657643773219,-1.3359562606442097,-0.0512480644773274,-1.2847081961668823,extraction,0,7,100
extraction_electrons,75,0.007500000000000001,100011,100011,100011,100011,1.0,1.0,9.976976528033545,10.020973409305808,12.309141816924377,22.8337938257944,23.37547133981783,6.911212832093635,34.45727978364601,-0.06454657643773219,-2.429246873428523,-0.0512480644773274,-2.3779988089511956,extraction,0,7,500
extraction_electrons,100,0.01,100011,100011,100011,100011,1.0,1.0,9.976976528033545,9.978290408675479,10.926234974219637,9.50006991899115,9.514490121519724,1.887713981081223,8.1423597545557,-0.06454657643773219,-0.9556259283554432,-0.06488488348283698,-0.8907410448726063,extraction,0,7,100
extraction_electrons,100,0.01,100011,100011,100011,100011,1.0,1.0,9.976976528033545,9.978290408675479,11.002108322464386,10.26045416456074,10.274974503051126,5.119455654755817,25.25979104561931,-0.06454657643773219,-1.8378172295532342,-0.06488488348283698,-1.7729323460703972,extraction,0,7,500
extraction_electrons,125,0.0125,100011,100011,100011,100011,1.0,1.0,9.976976528033545,9.991747084115048,9.086129811363463,-9.06365288400205,-8.929024882106907,1.482179735980929,6.664981564642201,-0.06454657643773219,-0.6288382902031004,-0.058288430711800676,-0.5705498594912998,extraction,0,7,100
extraction_electrons,125,0.0125,100011,100011,100011,100011,1.0,1.0,9.976976528033545,9.991747084115048,10.324163391076393,3.3269087394117935,3.4798805235966457,3.9293996070048465,19.7683449052482,-0.06454657643773219,-1.4015028744869542,-0.058288430711800676,-1.3432144437751536,extraction,0,7,500
extraction_electrons,150,0.015000000000000001,100011,100011,100011,100011,1.0,1.0,9.976976528033545,9.994743154535339,9.705131744121026,-2.897637347317883,-2.724721093095517,0.930800613500966,5.7687630673271,-0.06454657643773219,-0.49074475563198433,-0.05281765035793355,-0.43792710527405077,extraction,0,7,100
extraction_electrons,150,0.015000000000000001,100011,100011,100011,100011,1.0,1.0,9.976976528033545,9.994743154535339,10.288104480070546,2.9351562216192395,3.118459296388898,3.095535889015636,15.4554197761099,-0.06454657643773219,-1.239871332284908,-0.05281765035793355,-1.1870536819269744,extraction,0,7,500
extraction_electrons,200,0.02,100011,100011,100011,100011,1.0,1.0,9.976976528033545,9.978215751889225,9.987748807920342,0.09553868415113076,0.10797138648697135,0.5940128197660437,4.2739759443251,-0.06454657643773219,-0.446716555688533,-0.0644241828799792,-0.3822923728085538,extraction,0,7,100
extraction_electrons,200,0.02,100011,100011,100011,100011,1.0,1.0,9.976976528033545,9.978215751889225,10.080859163163346,1.028675003892232,1.041223609556563,2.0580136395535296,11.421645711555897,-0.06454657643773219,-0.9834579353202979,-0.0644241828799792,-0.9190337524403187,extraction,0,7,500
extraction_electrons,250,0.025,100011,100011,100011,100011,1.0,1.0,9.976976528033545,9.983059269207292,10.033016486748016,0.5004199233276774,0.5616927989858356,0.4427042794695742,3.2172477298501967,-0.06454657643773219,-0.3580659455137433,-0.057925716683680815,-0.3001402288300625,extraction,0,7,100
extraction_electrons,250,0.025,100011,100011,100011,100011,1.0,1.0,9.976976528033545,9.983059269207292,10.041650409348488,0.5869056624948632,0.648231266588839,1.3745639165837513,8.628989816933002,-0.06454657643773219,-0.802038035229248,-0.057925716683680815,-0.7441123185455671,extraction,0,7,500
extraction_electrons,300,0.030000000000000002,100011,100011,100011,100011,1.0,1.0,9.976976528033545,9.978104528563406,9.925263855763607,-0.5295662382423183,-0.5183200754721007,0.3623888651905702,2.717364783228902,-0.06454657643773219,-0.3079604667460911,-0.06396113501369476,-0.24399933173239635,extraction,0,7,100
extraction_electrons,300,0.030000000000000002,100011,100011,100011,100011,1.0,1.0,9.976976528033545,9.978104528563406,9.992401628108261,0.14328472410694015,0.15460695964728544,1.0412155321084784,5.686400074918301,-0.06454657643773219,-0.6845461788919854,-0.06396113501369476,-0.6205850438782907,extraction,0,7,500
extraction_electrons,1000,0.1,100011,100011,100011,100011,1.0,1.0,9.976976528033545,9.977419753371356,9.97526467183952,-0.021599587720133595,-0.017158065764855124,0.10787873654928601,0.7869007558415992,-0.06454657643773219,-0.13771146668147172,-0.06346451955226788,-0.07424694712920384,extraction,0,7,100
extraction_electrons,1000,0.1,100011,100011,100011,100011,1.0,1.0,9.976976528033545,9.977419753371356,9.976464561707765,-0.009573533911588772,-0.005131477701092457,0.22557229287059247,0.9295185526148995,-0.06454657643773219,-0.25262521838629165,-0.06346451955226788,-0.18916069883402375,extraction,0,7,500
extraction_electrons,0,0.0,100011,100011,100011,100011,1.0,1.0,9.976976528033545,10.525234034017261,14.74424483684042,40.08472200416098,47.782695442970045,23.23144568832225,62.871103789278095,-0.06454657643773219,0.01963050895271681,-0.07760520314961275,0.09723571210232956,extraction,0,8,100
extraction_electrons,0,0.0,100011,100011,100011,100011,1.0,1.0,9.976976528033545,10.525234034017261,17.88551842103797,69.9298881453132,79.26792120621728,22.36719552491177,126.57333817325278,-0.06454657643773219,0.07197892956941183,-0.07760520314961275,0.1495841327190246,extraction,0,8,500
extraction_electrons,25,0.0025,100011,100011,100011,100011,1.0,1.0,9.976976528033545,10.355709573700747,7.040192328123278,-32.016321257188615,-29.435613000175167,14.99674053460505,43.5969976702518,-0.06454657643773219,-0.8798201073609061,-0.036362143037229816,-0.8434579643236763,extraction,0,8,100
extraction_electrons,25,0.0025,100011,100011,100011,100011,1.0,1.0,9.976976528033545,10.355709573700747,14.353204128248441,38.601841101257705,43.86326446612827,14.546944466274352,71.85955118539741,-0.06454657643773219,-4.118661242080778,-0.036362143037229816,-4.082299099043548,extraction,0,8,500
extraction_electrons,50,0.005,100011,100011,100011,100011,1.0,1.0,9.976976528033545,10.136991014425856,9.173064546540825,-9.508999924270189,-8.057671372022057,3.152165174878329,15.1634525472747,-0.06454657643773219,-1.4256088231824096,-0.029227146503333065,-1.3963816766790764,extraction,0,8,100
extraction_electrons,50,0.005,100011,100011,100011,100011,1.0,1.0,9.976976528033545,10.136991014425856,13.8194667249607,36.32710836277104,38.51357358745342,9.207002181530466,43.144516583381304,-0.06454657643773219,-3.6001490553141466,-0.029227146503333065,-3.5709219088108135,extraction,0,8,500
extraction_electrons,75,0.007500000000000001,100011,100011,100011,100011,1.0,1.0,9.976976528033545,10.020285910057282,13.38609269518957,33.589927626257186,34.16983248960253,4.0679571376518835,13.9032193551045,-0.06454657643773219,-1.3432586034135874,-0.05150060156904044,-1.291758001844547,extraction,0,8,100
extraction_electrons,75,0.007500000000000001,100011,100011,100011,100011,1.0,1.0,9.976976528033545,10.020285910057282,12.299187603068884,22.742880926424313,23.275699491828373,6.914017389336366,34.17475353430789,-0.06454657643773219,-2.4395149105851464,-0.05150060156904044,-2.388014309016106,extraction,0,8,500
extraction_electrons,100,0.01,100011,100011,100011,100011,1.0,1.0,9.976976528033545,9.978267106026276,10.877575974203465,9.012675834605188,9.026777236965478,1.8709400713184898,8.1616518166665,-0.06454657643773219,-0.9554137886928,-0.06481449348040805,-0.890599295212392,extraction,0,8,100
extraction_electrons,100,0.01,100011,100011,100011,100011,1.0,1.0,9.976976528033545,9.978267106026276,10.99491488457046,10.188620606579967,10.20287412400629,5.124154378085157,25.491179860081502,-0.06454657643773219,-1.8451140928024083,-0.06481449348040805,-1.7802995993220003,extraction,0,8,500
extraction_electrons,125,0.0125,100011,100011,100011,100011,1.0,1.0,9.976976528033545,9.992123239570915,9.068106340128441,-9.247452991604154,-9.109675514935189,1.490523046617505,6.573476774068599,-0.06454657643773219,-0.6274472131059423,-0.058028444948107036,-0.5694187681578353,extraction,0,8,100
extraction_electrons,125,0.0125,100011,100011,100011,100011,1.0,1.0,9.976976528033545,9.992123239570915,10.324230386067562,3.3236894555246588,3.480552019525107,3.929068963388294,19.590551154866798,-0.06454657643773219,-1.4003913062664322,-0.058028444948107036,-1.3423628613183252,extraction,0,8,500
extraction_electrons,150,0.015000000000000001,100011,100011,100011,100011,1.0,1.0,9.976976528033545,9.994801772197695,9.72822477942536,-2.66715637636622,-2.493257831260154,0.9274055948214865,5.7877793408657,-0.06454657643773219,-0.492661725360744,-0.05289324228595766,-0.43976848307478633,extraction,0,8,100
extraction_electrons,150,0.015000000000000001,100011,100011,100011,100011,1.0,1.0,9.976976528033545,9.994801772197695,10.297175105777765,3.025305958755231,3.2093748726833127,3.099040471556081,15.088100404697801,-0.06454657643773219,-1.245934157152088,-0.05289324228595766,-1.1930409148661305,extraction,0,8,500
extraction_electrons,200,0.02,100011,100011,100011,100011,1.0,1.0,9.976976528033545,9.978168244048305,9.976611815123245,-0.015598343172740226,-0.003655545437786234,0.5949416523456112,4.4116596169633,-0.06454657643773219,-0.44861916414377256,-0.06434674606190606,-0.3842724180818665,extraction,0,8,100
extraction_electrons,200,0.02,100011,100011,100011,100011,1.0,1.0,9.976976528033545,9.978168244048305,10.077191361715183,0.9923977552287022,1.0044609546795424,2.0590088172336207,11.462044579696096,-0.06454657643773219,-0.9853330683436481,-0.06434674606190606,-0.920986322281742,extraction,0,8,500
extraction_electrons,250,0.025,100011,100011,100011,100011,1.0,1.0,9.976976528033545,9.983127263367598,10.040115326157208,0.5708437976016167,0.632845010171712,0.44363507067131064,3.040514411553,-0.06454657643773219,-0.3590109022981326,-0.058002090933511066,-0.30100881136462154,extraction,0,8,100
extraction_electrons,250,0.025,100011,100011,100011,100011,1.0,1.0,9.976976528033545,9.983127263367598,10.039930855833925,0.5689959765890595,0.6309960499905953,1.3746543323020726,8.6289898169335,-0.06454657643773219,-0.8031246608859427,-0.058002090933511066,-0.7451225699524316,extraction,0,8,500
extraction_electrons,300,0.030000000000000002,100011,100011,100011,100011,1.0,1.0,9.976976528033545,9.978044792119162,9.920567642660899,-0.5760361940212899,-0.565390579141356,0.36347288669944344,2.7205158858124,-0.06454657643773219,-0.30869253666906266,-0.06388798000579221,-0.24480455666327045,extraction,0,8,100
extraction_electrons,300,0.030000000000000002,100011,100011,100011,100011,1.0,1.0,9.976976528033545,9.978044792119162,9.993120563276609,0.15108943156232346,0.1618129019117287,1.043935593013206,5.735621884224502,-0.06454657643773219,-0.6885645377955006,-0.06388798000579221,-0.6246765577897084,extraction,0,8,500
extraction_electrons,1000,0.1,100011,100011,100011,100011,1.0,1.0,9.976976528033545,9.97741004113365,9.975462726351347,-0.0195172371815433,-0.015172950221375991,0.10805639842945096,0.7875133730115995,-0.06454657643773219,-0.13798337896173773,-0.06341397992457155,-0.07456939903716618,extraction,0,8,100
extraction_electrons,1000,0.1,100011,100011,100011,100011,1.0,1.0,9.976976528033545,9.97741004113365,9.976561183865973,-0.008507791743317394,-0.004163026407888459,0.22621003641160126,0.8891774266522003,-0.06454657643773219,-0.25325789820961925,-0.06341397992457155,-0.1898439182850477,extraction,0,8,500
extraction_electrons,0,0.0,100011,100011,100011,100011,1.0,1.0,9.976976528033545,10.52954340984549,14.836656340282008,40.90503037775805,48.708943020900385,23.331112019506108,63.1085732097591,-0.06454657643773219,0.020366139488646417,-0.07772037384254629,0.09808651333119271,extraction,0,9,100
extraction_electrons,0,0.0,100011,100011,100011,100011,1.0,1.0,9.976976528033545,10.52954340984549,17.94910229815736,70.46420342760851,79.90522727725728,22.42302952775377,126.9489205359933,-0.06454657643773219,0.07213777990732763,-0.07772037384254629,0.14985815374987393,extraction,0,9,500
extraction_electrons,25,0.0025,100011,100011,100011,100011,1.0,1.0,9.976976528033545,10.357656900902871,7.035565617241932,-32.073772238693806,-29.481986877755663,14.995674475123396,43.689174705182495,-0.06454657643773219,-0.8932650004858818,-0.036140070077979626,-0.8571249304079022,extraction,0,9,100
extraction_electrons,25,0.0025,100011,100011,100011,100011,1.0,1.0,9.976976528033545,10.357656900902871,14.3903335592959,38.93425604821399,44.23541559771742,14.559060920298966,71.80561051438869,-0.06454657643773219,-4.156978559060205,-0.036140070077979626,-4.120838488982225,extraction,0,9,500
extraction_electrons,50,0.005,100011,100011,100011,100011,1.0,1.0,9.976976528033545,10.137015929008218,9.265595363295288,-8.59642099623481,-7.130227907617104,3.1361283930388346,15.2910469419916,-0.06454657643773219,-1.4417169143189406,-0.029126686908969333,-1.4125902274099713,extraction,0,9,100
extraction_electrons,50,0.005,100011,100011,100011,100011,1.0,1.0,9.976976528033545,10.137015929008218,13.84386145602462,36.56742332236891,38.75808384560002,9.219689786422025,43.072845626238205,-0.06454657643773219,-3.6213773915207343,-0.029126686908969333,-3.592250704611765,extraction,0,9,500
extraction_electrons,75,0.007500000000000001,100011,100011,100011,100011,1.0,1.0,9.976976528033545,10.019599964586977,13.407275110611973,33.81048303323795,34.3821454620034,4.0860436814004615,14.011791991580198,-0.06454657643773219,-1.3509067460258843,-0.05172584333482551,-1.2991809026910588,extraction,0,9,100
extraction_electrons,75,0.007500000000000001,100011,100011,100011,100011,1.0,1.0,9.976976528033545,10.019599964586977,12.2884474616031,22.64409262879836,23.1680502311971,6.915882568109066,33.84926808482009,-0.06454657643773219,-2.4494684467981407,-0.05172584333482551,-2.3977426034633154,extraction,0,9,500
extraction_electrons,100,0.01,100011,100011,100011,100011,1.0,1.0,9.976976528033545,9.978276838183332,10.828752418164918,8.523271039415503,8.53741499479359,1.8552505488727689,8.090581641641801,-0.06454657643773219,-0.9548121678753784,-0.06490140205610687,-0.8899107658192715,extraction,0,9,100
extraction_electrons,100,0.01,100011,100011,100011,100011,1.0,1.0,9.976976528033545,9.978276838183332,10.987979949861664,10.119012812057449,10.133364742187956,5.129441066927861,25.680182954368497,-0.06454657643773219,-1.8526132185793336,-0.06490140205610687,-1.7877118165232266,extraction,0,9,500
extraction_electrons,125,0.0125,100011,100011,100011,100011,1.0,1.0,9.976976528033545,9.992496067240918,9.051626902551753,-9.41575716775792,-9.274850180129446,1.4983215593935513,6.6169747392218,-0.06454657643773219,-0.6261828964689401,-0.05780655439879368,-0.5683763420701464,extraction,0,9,100
extraction_electrons,125,0.0125,100011,100011,100011,100011,1.0,1.0,9.976976528033545,9.992496067240918,10.324840149476584,3.3259365828044896,3.4866637248830212,3.928484831537909,19.5928464123384,-0.06454657643773219,-1.3992476236347535,-0.05780655439879368,-1.3414410692359597,extraction,0,9,500
extraction_electrons,150,0.015000000000000001,100011,100011,100011,100011,1.0,1.0,9.976976528033545,9.99482432093143,9.751639918505347,-2.433103320453567,-2.2585660986075395,0.9243298087138394,5.9686639602145,-0.06454657643773219,-0.4944780797460451,-0.052817046390091986,-0.4416610333559531,extraction,0,9,100
extraction_electrons,150,0.015000000000000001,100011,100011,100011,100011,1.0,1.0,9.976976528033545,9.99482432093143,10.305512874035605,3.108494387975602,3.2929449626240004,3.1027609637870457,15.4945599449636,-0.06454657643773219,-1.2516621491584021,-0.052817046390091986,-1.1988451027683102,extraction,0,9,500
extraction_electrons,200,0.02,100011,100011,100011,100011,1.0,1.0,9.976976528033545,9.978159654105184,9.965630727171018,-0.12556350437840091,-0.11371983115974205,0.5959948589405637,4.4116596169633,-0.06454657643773219,-0.4507039985449386,-0.06441646804487791,-0.3862875305000607,extraction,0,9,100
extraction_electrons,200,0.02,100011,100011,100011,100011,1.0,1.0,9.976976528033545,9.978159654105184,10.074117007876604,0.9616738667028724,0.9736464706528114,2.06081180184105,11.4180457893956,-0.06454657643773219,-0.9868597886532328,-0.06441646804487791,-0.9224433206083549,extraction,0,9,500
extraction_electrons,250,0.025,100011,100011,100011,100011,1.0,1.0,9.976976528033545,9.98315736579235,10.046885802730664,0.6383595349972238,0.7007060155016509,0.4448208404670216,2.9844475285695005,-0.06454657643773219,-0.3600112592787539,-0.057933748170533886,-0.30207751110822,extraction,0,9,100
extraction_electrons,250,0.025,100011,100011,100011,100011,1.0,1.0,9.976976528033545,9.98315736579235,10.037521433103615,0.5445578519832406,0.606846221397328,1.3745518474533722,8.472036415516998,-0.06454657643773219,-0.8044644790458112,-0.057933748170533886,-0.7465307308752773,extraction,0,9,500
extraction_electrons,300,0.030000000000000002,100011,100011,100011,100011,1.0,1.0,9.976976528033545,9.97801585745188,9.916403499279735,-0.6174810608877812,-0.6071281072337897,0.36454366758781637,2.7200311106595,-0.06454657643773219,-0.3094469080277907,-0.0639601436339547,-0.245486764393836,extraction,0,9,100
extraction_electrons,300,0.030000000000000002,100011,100011,100011,100011,1.0,1.0,9.976976528033545,9.97801585745188,9.993996335839597,0.16015687503425635,0.17059083739678904,1.046913614707149,6.2354172590918004,-0.06454657643773219,-0.6926801641824969,-0.0639601436339547,-0.6287200205485421,extraction,0,9,500
extraction_electrons,1000,0.1,100011,100011,100011,100011,1.0,1.0,9.976976528033545,9.97736483960944,9.975808650718939,-0.015597193402439036,-0.011705723786403777,0.1082584105017911,0.8498181686683997,-0.06454657643773219,-0.13829910513129745,-0.06337025904406843,-0.07492884608722902,extraction,0,9,100
extraction_electrons,1000,0.1,100011,100011,100011,100011,1.0,1.0,9.976976528033545,9.97736483960944,9.976718461695777,-0.006478443196711314,-0.0025866186719292195,0.22682551533736467,0.8997328964582003,-0.06454657643773219,-0.2538353956857466,-0.06337025904406843,-0.19046513664167816,extraction,0,9,500
extraction_electrons,0,0.0,100011,100011,100011,100011,1.0,1.0,9.976976528033545,10.53385669692553,14.928519272757622,41.71940726243923,49.62969223001694,23.430162208820892,63.321914714476,-0.06454657643773219,0.020897141009994454,-0.0777136354876664,0.09861077649766085,extraction,0,10,100
extraction_electrons,0,0.0,100011,100011,100011,100011,1.0,1.0,9.976976528033545,10.53385669692553,18.011789161910794,70.98950251684946,80.53354251461695,22.478548930433902,127.3065809461329,-0.06454657643773219,0.07253821814738526,-0.0777136354876664,0.15025185363505167,extraction,0,10,500
extraction_electrons,25,0.0025,100011,100011,100011,100011,1.0,1.0,9.976976528033545,10.359606382386051,7.030470458974344,-32.13573759976131,-29.533056039372628,14.994025239533734,43.689174705182495,-0.06454657643773219,-0.9066967213501393,-0.035917339143366096,-0.8707793822067732,extraction,0,10,100
extraction_electrons,25,0.0025,100011,100011,100011,100011,1.0,1.0,9.976976528033545,10.359606382386051,14.427426442912191,39.26616427668972,44.60720041160433,14.571596859402243,71.7709993571417,-0.06454657643773219,-4.1951532436120775,-0.035917339143366096,-4.159235904468711,extraction,0,10,500
extraction_electrons,50,0.005,100011,100011,100011,100011,1.0,1.0,9.976976528033545,10.137047584211334,9.357989060776857,-7.685260594493782,-6.204158800188031,3.1226356101135506,15.387153418722601,-0.06454657643773219,-1.4576712715722058,-0.029154437233851378,-1.4285168343383543,extraction,0,10,100
extraction_electrons,50,0.005,100011,100011,100011,100011,1.0,1.0,9.976976528033545,10.137047584211334,13.867159174772183,36.79682431766993,38.99159866526609,9.232268750798234,43.102803942536106,-0.06454657643773219,-3.642477261645969,-0.029154437233851378,-3.6133228244121174,extraction,0,10,500
extraction_electrons,75,0.007500000000000001,100011,100011,100011,100011,1.0,1.0,9.976976528033545,10.01889862214892,13.426987244958921,34.016599541946576,34.57972169455801,4.102856257337348,14.176100621342302,-0.06454657643773219,-1.3579574488421504,-0.051954896698019386,-1.306002552144131,extraction,0,10,100
extraction_electrons,75,0.007500000000000001,100011,100011,100011,100011,1.0,1.0,9.976976528033545,10.01889862214892,12.27847832307786,22.553174616755346,23.068128792099497,6.918674270917329,33.477448523118305,-0.06454657643773219,-2.4587361745808827,-0.051954896698019386,-2.4067812778828634,extraction,0,10,500
extraction_electrons,100,0.01,100011,100011,100011,100011,1.0,1.0,9.976976528033545,9.978278490602893,10.779158247178437,8.026231752599177,8.04032881996768,1.8401068950008288,8.003395328888601,-0.06454657643773219,-0.9543830191159203,-0.06485505497763303,-0.8895279641382873,extraction,0,10,100
extraction_electrons,100,0.01,100011,100011,100011,100011,1.0,1.0,9.976976528033545,9.978278490602893,10.981984784539094,10.05891241541763,10.073274740916283,5.134704860746586,25.680182954368497,-0.06454657643773219,-1.8595092209156283,-0.06485505497763303,-1.7946541659379953,extraction,0,10,500
extraction_electrons,125,0.0125,100011,100011,100011,100011,1.0,1.0,9.976976528033545,9.99287159587299,9.03625092425473,-9.573030759379908,-9.428964788436067,1.5055242362175958,6.671186442380601,-0.06454657643773219,-0.6247951490267875,-0.05757690194493291,-0.5672182470818545,extraction,0,10,100
extraction_electrons,125,0.0125,100011,100011,100011,100011,1.0,1.0,9.976976528033545,9.99287159587299,10.326195257651534,3.335614378515639,3.5002460779249844,3.9284772392307414,19.3431889661577,-0.06454657643773219,-1.3985862096113861,-0.05757690194493291,-1.3410093076664533,extraction,0,10,500
extraction_electrons,150,0.015000000000000001,100011,100011,100011,100011,1.0,1.0,9.976976528033545,9.99487724386686,9.775381831713636,-2.1960791193099682,-2.020599083835295,0.9218054538917417,6.141285783906301,-0.06454657643773219,-0.496617417917327,-0.05287871692207077,-0.44373870099525625,extraction,0,10,100
extraction_electrons,150,0.015000000000000001,100011,100011,100011,100011,1.0,1.0,9.976976528033545,9.99487724386686,10.31457963386016,3.198662496725291,3.383821790880326,3.1055340213405382,15.804326250383896,-0.06454657643773219,-1.2568292188474612,-0.05287871692207077,-1.2039505019253904,extraction,0,10,500
extraction_electrons,200,0.02,100011,100011,100011,100011,1.0,1.0,9.976976528033545,9.97812615127456,9.954830351754614,-0.23346868106063345,-0.2219728212921379,0.5970803984127979,4.513398722737799,-0.06454657643773219,-0.45241080506644654,-0.06434337457112824,-0.38806743049531833,extraction,0,10,100
extraction_electrons,200,0.02,100011,100011,100011,100011,1.0,1.0,9.976976528033545,9.97812615127456,10.071696436266032,0.9377540790012961,0.9493848959786666,2.062556533421396,11.262063154111496,-0.06454657643773219,-0.9889629654029791,-0.06434337457112824,-0.9246195908318509,extraction,0,10,500
extraction_electrons,250,0.025,100011,100011,100011,100011,1.0,1.0,9.976976528033545,9.983227166769082,10.053160510155928,0.7005083849001448,0.7635978886822103,0.44610281098360743,2.8986029989476,-0.06454657643773219,-0.36097832452461354,-0.05801404311409372,-0.3029642814105198,extraction,0,10,100
extraction_electrons,250,0.025,100011,100011,100011,100011,1.0,1.0,9.976976528033545,9.983227166769082,10.035383585050857,0.5224404634944779,0.5854184066004242,1.37483074920983,8.624168099599501,-0.06454657643773219,-0.8056277681820455,-0.05801404311409372,-0.7476137250679518,extraction,0,10,500
extraction_electrons,300,0.030000000000000002,100011,100011,100011,100011,1.0,1.0,9.976976528033545,9.9779573685283,9.912626402260996,-0.6547529103839045,-0.6449862399869999,0.3660147956495637,2.685825780661702,-0.06454657643773219,-0.3102657622160703,-0.0638768250857323,-0.246388937130338,extraction,0,10,100
extraction_electrons,300,0.030000000000000002,100011,100011,100011,100011,1.0,1.0,9.976976528033545,9.9779573685283,9.9944830363407,0.16562175204841711,0.17546907380172616,1.0493124876353732,6.652382724220203,-0.06454657643773219,-0.6967505329311336,-0.0638768250857323,-0.6328737078454013,extraction,0,10,500
extraction_electrons,1000,0.1,100011,100011,100011,100011,1.0,1.0,9.976976528033545,9.977379837831856,9.97607066333462,-0.013121425850437518,-0.009079551268664776,0.10837511450801765,0.8204332782568997,-0.06454657643773219,-0.1385549045808535,-0.06331625307044576,-0.07523865151040775,extraction,0,10,100
extraction_electrons,1000,0.1,100011,100011,100011,100011,1.0,1.0,9.976976528033545,9.977379837831856,9.977032129024227,-0.0034849711375239956,0.0005572929887787126,0.22768269907960034,0.9067544688750004,-0.06454657643773219,-0.2546130596216495,-0.06331625307044576,-0.19129680655120374,extraction,0,10,500
injection_electrons,5,0.0005,100031,100031,100031,100031,1.0,1.0,9.998651729884015,10.395895658602845,5.336144071061268,-48.67066536354196,-46.63136375564941,9.998657431743705,26.3535525170153,0.025766252849588486,0.026799640030684833,0.07366246433453312,-0.04686282430384829,injection,0,-5,100
injection_electrons,5,0.0005,100031,100031,100031,100031,1.0,1.0,9.998651729884015,10.395895658602845,17.84847424198937,71.68770087856106,78.5088102293209,25.793767209574394,102.8101951039488,0.025766252849588486,-0.24568961978491347,0.07366246433453312,-0.3193520841194466,injection,0,-5,500
injection_electrons,10,0.001,100031,100031,100031,100031,1.0,1.0,9.998651729884015,10.391571724687525,5.267018440244483,-49.314515842377425,-47.322713276407114,9.655182240526974,25.5309192241323,0.025766252849588486,0.05754980102288886,0.12526133315760082,-0.06771153213471195,injection,0,-5,100
injection_electrons,10,0.001,100031,100031,100031,100031,1.0,1.0,9.998651729884015,10.391571724687525,16.34388498971282,57.28020190520584,63.46088884028376,23.98803164711361,97.25015133818441,0.025766252849588486,-0.41243820111255913,0.12526133315760082,-0.5376995342701599,injection,0,-5,500
injection_electrons,15,0.0015,100031,100031,100031,100031,1.0,1.0,9.998651729884015,10.383981392744742,5.200324427875974,-49.919744352494455,-47.98974333376148,9.100745738849682,24.1168078022473,0.025766252849588486,0.08432001654315337,0.1721513918977691,-0.08783137535461573,injection,0,-5,100
injection_electrons,15,0.0015,100031,100031,100031,100031,1.0,1.0,9.998651729884015,10.383981392744742,14.251470369514596,37.24476027539936,42.533921117781695,21.285290284615982,89.295879223862,0.025766252849588486,-0.5955371351413502,0.1721513918977691,-0.7676885270391193,injection,0,-5,500
injection_electrons,20,0.002,100031,100031,100031,100031,1.0,1.0,9.998651729884015,10.372397337269765,5.199708567570881,-49.86975143260801,-47.99590276727043,8.361200349430488,22.171575397360904,0.025766252849588486,0.10515790657255346,0.21225191820222714,-0.10709401162967368,injection,0,-5,100
injection_electrons,20,0.002,100031,100031,100031,100031,1.0,1.0,9.998651729884015,10.372397337269765,12.177923440024422,17.407027942008146,21.795655744533924,18.0930735649276,78.8215007880263,0.025766252849588486,-0.7057101835397306,0.21225191820222714,-0.9179621017419577,injection,0,-5,500
injection_electrons,30,0.003,100031,100031,100031,100031,1.0,1.0,9.998651729884015,10.334763929288444,5.643906753564596,-45.389108138504106,-43.55332192743485,6.469013310787115,17.053560586891,0.025766252849588486,0.12352594813815197,0.26599295718867766,-0.14246700905052567,injection,0,-5,100
injection_electrons,30,0.003,100031,100031,100031,100031,1.0,1.0,9.998651729884015,10.334763929288444,10.383098701398573,0.4676911097422298,3.844988123403903,11.941723199303425,56.16934699524751,0.025766252849588486,-0.9127413957995849,0.26599295718867766,-1.1787343529882626,injection,0,-5,500
injection_electrons,35,0.0035,100031,100031,100031,100031,1.0,1.0,9.998651729884015,10.308336780267162,6.136722534533491,-40.46835425205767,-38.624499579358016,5.400829659289138,14.110098527041398,0.025766252849588486,0.11974824130567328,0.27795717249553314,-0.15820893118985985,injection,0,-5,100
injection_electrons,35,0.0035,100031,100031,100031,100031,1.0,1.0,9.998651729884015,10.308336780267162,10.881332277530399,5.558563999966504,8.827995728746352,9.617629818068965,47.7495679712874,0.025766252849588486,-0.9314173115698525,0.27795717249553314,-1.2093744840653857,injection,0,-5,500
injection_electrons,40,0.004,100031,100031,100031,100031,1.0,1.0,9.998651729884015,10.277434636497471,6.774870881716905,-34.08013651910934,-32.2421555951575,4.311926552205934,11.3124639956093,0.025766252849588486,0.10749171342431382,0.27985691911240546,-0.17236520568809163,injection,0,-5,100
injection_electrons,40,0.004,100031,100031,100031,100031,1.0,1.0,9.998651729884015,10.277434636497471,11.754927259630476,14.376083871028445,17.565123550581283,7.96490530772612,39.1296325296213,0.025766252849588486,-0.9342675782207626,0.27985691911240546,-1.214124497333168,injection,0,-5,500
injection_electrons,45,0.0045000000000000005,100031,100031,100031,100031,1.0,1.0,9.998651729884015,10.243168071826982,7.50118906426842,-26.768856942806174,-24.977994364491842,3.247562643047006,8.942362163432099,0.025766252849588486,0.08767311009937447,0.27232539973806275,-0.1846522896386883,injection,0,-5,100
injection_electrons,45,0.0045000000000000005,100031,100031,100031,100031,1.0,1.0,9.998651729884015,10.243168071826982,12.623085454582947,23.23419244971423,26.247876169694084,6.959945246527955,33.4471824228611,0.025766252849588486,-0.939883480869528,0.27232539973806275,-1.2122088806075908,injection,0,-5,500
injection_electrons,55,0.0055000000000000005,100031,100031,100031,100031,1.0,1.0,9.998651729884015,10.170774576724737,8.982461320338532,-11.683606272285251,-10.16327437936746,1.3754781611959361,5.088973269196497,0.025766252849588486,0.031504393332739036,0.23398155570363777,-0.20247716237089874,injection,0,-5,100
injection_electrons,55,0.0055000000000000005,100031,100031,100031,100031,1.0,1.0,9.998651729884015,10.170774576724737,13.651029728629753,34.21819179700816,36.52870504359598,6.154144008694845,29.4624859947002,0.025766252849588486,-0.9031828359271261,0.23398155570363777,-1.1371643916307639,injection,0,-5,500
injection_electrons,60,0.006,100031,100031,100031,100031,1.0,1.0,9.998651729884015,10.136027315357891,9.641734325088505,-4.87659489157497,-3.5696553339162107,0.7092330020305825,4.782068667792,0.025766252849588486,-0.0008062209274076034,0.2066018825968787,-0.2074081035242863,injection,0,-5,100
injection_electrons,60,0.006,100031,100031,100031,100031,1.0,1.0,9.998651729884015,10.136027315357891,13.760210707509684,35.755461971383085,37.62066205769627,5.937232569064507,27.5269982499577,0.025766252849588486,-0.8564556780332463,0.2066018825968787,-1.063057560630125,injection,0,-5,500
injection_electrons,65,0.006500000000000001,100031,100031,100031,100031,1.0,1.0,9.998651729884015,10.104235194053484,10.202663783455787,0.9741320101122497,2.0403956361638276,0.5633492164922531,5.500964610376499,0.025766252849588486,-0.0327138054994689,0.17639742548171647,-0.20911123098118536,injection,0,-5,100
injection_electrons,65,0.006500000000000001,100031,100031,100031,100031,1.0,1.0,9.998651729884015,10.104235194053484,13.662012095504844,35.21074908811676,36.63854352154061,5.6890575671875006,26.988094140508,0.025766252849588486,-0.8153828029414018,0.17639742548171647,-0.9917802284231182,injection,0,-5,500
injection_electrons,70,0.007,100031,100031,100031,100031,1.0,1.0,9.998651729884015,10.076437481776717,10.645970512824551,5.652126875970187,6.474060707663476,0.8757545191412627,5.6256514810635,0.025766252849588486,-0.062715704520725,0.14541155607274397,-0.20812726059346898,injection,0,-5,100
injection_electrons,70,0.007,100031,100031,100031,100031,1.0,1.0,9.998651729884015,10.076437481776717,13.350891801612027,32.49615080485712,33.52692105185364,5.369652543791314,24.6887630528169,0.025766252849588486,-0.778908636312356,0.14541155607274397,-0.9243201923850999,injection,0,-5,500
injection_electrons,80,0.008,100031,100031,100031,100031,1.0,1.0,9.998651729884015,10.03471232698154,11.15743688587997,11.188408021220763,11.589414126032338,1.3685899708045943,4.4238691333755025,0.025766252849588486,-0.109202829654452,0.08855475535204366,-0.19775758500649565,injection,0,-5,100
injection_electrons,80,0.008,100031,100031,100031,100031,1.0,1.0,9.998651729884015,10.03471232698154,12.405887018506256,23.62972264933847,24.075598927278218,4.5428855850385625,18.0630069263626,0.025766252849588486,-0.7132897043467917,0.08855475535204366,-0.8018444596988354,injection,0,-5,500
injection_electrons,85,0.0085,100031,100031,100031,100031,1.0,1.0,9.998651729884015,10.020713080735419,11.235970273100975,12.127452233931923,12.374853896739468,1.4389883659293825,4.277426377551201,0.025766252849588486,-0.12323718943361933,0.06571627799002085,-0.18895346742364016,injection,0,-5,100
injection_electrons,85,0.0085,100031,100031,100031,100031,1.0,1.0,9.998651729884015,10.020713080735419,11.865651006647203,18.411243900981788,18.67251032639823,4.096410088559293,16.528639771626697,0.025766252849588486,-0.6694393098022908,0.06571627799002085,-0.7351555877923117,injection,0,-5,500
injection_electrons,90,0.009000000000000001,100031,100031,100031,100031,1.0,1.0,9.998651729884015,10.010765803877833,11.21456934154693,12.02508940128022,12.160815723071682,1.4026260963505213,4.094859029667802,0.025766252849588486,-0.13031945792802185,0.047995865984879656,-0.1783153239129015,injection,0,-5,100
injection_electrons,90,0.009000000000000001,100031,100031,100031,100031,1.0,1.0,9.998651729884015,10.010765803877833,11.31367801168352,13.015110265600093,13.15203606771449,3.67374858921053,15.1733890263882,0.025766252849588486,-0.6254634860071456,0.047995865984879656,-0.6734593519920253,injection,0,-5,500
injection_electrons,95,0.0095,100031,100031,100031,100031,1.0,1.0,9.998651729884015,10.004299180531262,11.112320928369677,11.075455939928958,11.138193714229704,1.2800626325197066,3.7398189522474006,0.025766252849588486,-0.1304015584818213,0.03589583347713906,-0.16629739195896037,injection,0,-5,100
injection_electrons,95,0.0095,100031,100031,100031,100031,1.0,1.0,9.998651729884015,10.004299180531262,10.814019604199066,8.093724598356179,8.15477822752917,3.2970831562676985,14.454123482617502,0.025766252849588486,-0.5800350869608785,0.03589583347713906,-0.6159309204380176,injection,0,-5,500
injection_electrons,105,0.0105,100031,100031,100031,100031,1.0,1.0,9.998651729884015,9.999459716443663,10.751904723705449,7.524856628247867,7.533545663662911,0.8769651393974315,2.8067415350777996,0.025766252849588486,-0.11204797475952649,0.02839373800122607,-0.14044171276075257,injection,0,-5,100
injection_electrons,105,0.0105,100031,100031,100031,100031,1.0,1.0,9.998651729884015,9.999459716443663,10.029407348213985,0.2994924987904435,0.30759765577239584,2.7280107045821302,12.8615239067967,0.025766252849588486,-0.501161903024488,0.02839373800122607,-0.5295556410257141,injection,0,-5,500
injection_electrons,110,0.011000000000000001,100031,100031,100031,100031,1.0,1.0,9.998651729884015,10.000016518787568,10.536377469340097,5.363600645507316,5.377982491868627,0.6515126957878461,3.2648863179955,0.025766252849588486,-0.09571199540833246,0.03194535925415647,-0.12765735466248893,injection,0,-5,100
injection_electrons,110,0.011000000000000001,100031,100031,100031,100031,1.0,1.0,9.998651729884015,10.000016518787568,9.778235603660656,-2.2178054877233455,-2.2044584827830116,2.528532372081282,12.0590511756279,0.025766252849588486,-0.46495175009810846,0.03194535925415647,-0.49689710935226494,injection,0,-5,500
injection_electrons,115,0.0115,100031,100031,100031,100031,1.0,1.0,9.998651729884015,10.001927203665488,10.322420069894127,3.2043111262715973,3.2381199861420518,0.4535616387786392,3.5956863218921997,0.025766252849588486,-0.07649019772501092,0.039164275699552206,-0.11565447342456313,injection,0,-5,100
injection_electrons,115,0.0115,100031,100031,100031,100031,1.0,1.0,9.998651729884015,10.001927203665488,9.620284138455371,-3.8156952899062624,-3.7841861247929764,2.366542361177688,11.7406910728576,0.025766252849588486,-0.43041481934600334,0.039164275699552206,-0.46957909504555556,injection,0,-5,500
injection_electrons,120,0.012,100031,100031,100031,100031,1.0,1.0,9.998651729884015,10.004760714546373,10.125029457249148,1.2021151343271086,1.263947687940914,0.3316844336289205,3.6374788371306996,0.025766252849588486,-0.05591101767310896,0.048906827163452606,-0.10481784483656156,injection,0,-5,100
injection_electrons,120,0.012,100031,100031,100031,100031,1.0,1.0,9.998651729884015,10.004760714546373,9.53993623480579,-4.646032953739255,-4.587773506574033,2.2288374256769794,10.802074332381899,0.025766252849588486,-0.4065923207528332,0.048906827163452606,-0.4554991479162858,injection,0,-5,500
injection_electrons,130,0.013000000000000001,100031,100031,100031,100031,1.0,1.0,9.998651729884015,10.01155166340419,9.821343081161316,-1.8998911321424172,-1.7733255794154523,0.3894157654958161,3.8371828619701995,0.025766252849588486,-0.01684639378538545,0.0711129642578874,-0.08795935804327286,injection,0,-5,100
injection_electrons,130,0.013000000000000001,100031,100031,100031,100031,1.0,1.0,9.998651729884015,10.01155166340419,9.562263487385204,-4.487697722834461,-4.364470873553206,1.9661441920872527,9.0595681316448,0.025766252849588486,-0.35850935201976614,0.0711129642578874,-0.42962231627765357,injection,0,-5,500
injection_electrons,135,0.0135,100031,100031,100031,100031,1.0,1.0,9.998651729884015,10.014738775584092,9.72622237837183,-2.880917851953013,-2.7246608730049804,0.4527109835261677,3.4396198468740997,0.025766252849588486,-0.0007735027019112964,0.0812998179529089,-0.0820733206548202,injection,0,-5,100
injection_electrons,135,0.0135,100031,100031,100031,100031,1.0,1.0,9.998651729884015,10.014738775584092,9.635532858036445,-3.7864783699815607,-3.6316783668169816,1.8326688699909819,8.4307003801339,0.025766252849588486,-0.3397711238131277,0.0812998179529089,-0.4210709417660366,injection,0,-5,500
injection_electrons,140,0.014,100031,100031,100031,100031,1.0,1.0,9.998651729884015,10.017346909658587,9.67070920915251,-3.4603743249807195,-3.2798674220379964,0.48813263750574554,2.904392575288399,0.025766252849588486,0.01171074584096786,0.08961903620676412,-0.07790829036579626,injection,0,-5,100
injection_electrons,140,0.014,100031,100031,100031,100031,1.0,1.0,9.998651729884015,10.017346909658587,9.723882947948995,-2.929557739750799,-2.748058331842773,1.69990715968181,7.461315060829898,0.025766252849588486,-0.3239137438453711,0.08961903620676412,-0.41353278005213523,injection,0,-5,500
injection_electrons,145,0.0145,100031,100031,100031,100031,1.0,1.0,9.998651729884015,10.019140769823697,9.652174174888808,-3.662655345058552,-3.4652427582776313,0.4900227324076377,3.0756631499919003,0.025766252849588486,0.020194666346843273,0.09541348520857135,-0.07521881886172807,injection,0,-5,100
injection_electrons,145,0.0145,100031,100031,100031,100031,1.0,1.0,9.998651729884015,10.019140769823697,9.827503054558086,-1.9127160668587218,-1.7117175390197747,1.5722449893707704,7.172094822380798,0.025766252849588486,-0.3108531546381551,0.09541348520857135,-0.40626663984672645,injection,0,-5,500
injection_electrons,155,0.0155,100031,100031,100031,100031,1.0,1.0,9.998651729884015,10.01986270269,9.706012888511363,-3.1322765939135966,-2.9267830231351266,0.41059076104415776,2.7179073248809997,0.025766252849588486,0.024946947860853202,0.09815331464287225,-0.07320636678201904,injection,0,-5,100
injection_electrons,155,0.0155,100031,100031,100031,100031,1.0,1.0,9.998651729884015,10.01986270269,10.00777233445948,-0.12066401096768598,0.09121834445142696,1.3410251019081305,6.388419481187498,0.025766252849588486,-0.2878860288747328,0.09815331464287225,-0.38603934351760505,injection,0,-5,500
injection_electrons,160,0.016,100031,100031,100031,100031,1.0,1.0,9.998651729884015,10.018846250070125,9.76463721551651,-2.5373084705420546,-2.3404607009971268,0.34801286875341475,3.1402141105647,0.025766252849588486,0.021928052519540886,0.09513701960980238,-0.07320896709026149,injection,0,-5,100
injection_electrons,160,0.016,100031,100031,100031,100031,1.0,1.0,9.998651729884015,10.018846250070125,10.079659971550285,0.6069932601244776,0.8101916523820085,1.2489941279215913,6.189365480874901,0.025766252849588486,-0.28119090014138987,0.09513701960980238,-0.37632791975119223,injection,0,-5,500
injection_electrons,165,0.0165,100031,100031,100031,100031,1.0,1.0,9.998651729884015,10.017097167063731,9.83403622789506,-1.8274849102050905,-1.6463769959798813,0.2868985372296381,3.2956900920255,0.025766252849588486,0.016197270456754512,0.08962314785977789,-0.07342587740302338,injection,0,-5,100
injection_electrons,165,0.0165,100031,100031,100031,100031,1.0,1.0,9.998651729884015,10.017097167063731,10.1306570155642,1.1336602471407886,1.3202308595832601,1.1683496295194005,5.7203291981255,0.025766252849588486,-0.2747030357662173,0.08962314785977789,-0.36432618362599517,injection,0,-5,500
injection_electrons,170,0.017,100031,100031,100031,100031,1.0,1.0,9.998651729884015,10.014825153993664,9.906724153176153,-1.0794097665739355,-0.9193997269962728,0.2413562256586463,3.3537221364336998,0.025766252849588486,0.008705330728235067,0.0821659149900656,-0.07346058426183054,injection,0,-5,100
injection_electrons,170,0.017,100031,100031,100031,100031,1.0,1.0,9.998651729884015,10.014825153993664,10.156022192897968,1.409880219905757,1.5739168366431189,1.097450403341145,5.304207336701502,0.025766252849588486,-0.2712569715176983,0.0821659149900656,-0.3534228865077639,injection,0,-5,500
injection_electrons,175,0.0175,100031,100031,100031,100031,1.0,1.0,9.998651729884015,10.012257798736098,9.975876444669877,-0.3633681313201187,-0.22778356351853546,0.2216927429779902,3.2132018918367002,0.025766252849588486,0.00028895366786494027,0.0734378935260025,-0.07314893985813756,injection,0,-5,100
injection_electrons,175,0.0175,100031,100031,100031,100031,1.0,1.0,9.998651729884015,10.012257798736098,10.162380800126998,1.4993920892633295,1.6375114832095639,1.0364772079708366,5.093988767944401,0.025766252849588486,-0.26721476411793926,0.0734378935260025,-0.34065265764394176,injection,0,-5,500
injection_electrons,180,0.018000000000000002,100031,100031,100031,100031,1.0,1.0,9.998651729884015,10.009612075156133,10.03594834958157,0.2631098410976751,0.37301648967413836,0.225343850512922,3.3256626961116007,0.025766252849588486,-0.00805175668322328,0.06416634011992059,-0.07221809680314387,injection,0,-5,100
injection_electrons,180,0.018000000000000002,100031,100031,100031,100031,1.0,1.0,9.998651729884015,10.009612075156133,10.150979688049716,1.4123185976852914,1.523484988585233,0.9787848808485993,4.766164349926101,0.025766252849588486,-0.2617648340628258,0.06416634011992059,-0.3259311741827464,injection,0,-5,500
injection_electrons,185,0.018500000000000003,100031,100031,100031,100031,1.0,1.0,9.998651729884015,10.007073927278853,10.082843632291135,0.757161439626608,0.8420325528039729,0.23890078759524808,3.1436985560836006,0.025766252849588486,-0.015546429730811584,0.05507044163799857,-0.07061687136881015,injection,0,-5,100
injection_electrons,185,0.018500000000000003,100031,100031,100031,100031,1.0,1.0,9.998651729884015,10.007073927278853,10.126814966208487,1.1965639486606117,1.2818051852072854,0.9240560087488314,4.501143243578502,0.025766252849588486,-0.25731368956089895,0.05507044163799857,-0.3123841311988975,injection,0,-5,500
injection_electrons,190,0.019,100031,100031,100031,100031,1.0,1.0,9.998651729884015,10.004787459481328,10.114233639610784,1.093938082869883,1.1559749539162167,0.25001682141853604,2.6897619834558006,0.025766252849588486,-0.021521469595154608,0.04680435017606214,-0.06832581977121674,injection,0,-5,100
injection_electrons,190,0.019,100031,100031,100031,100031,1.0,1.0,9.998651729884015,10.004787459481328,10.092451369333894,0.8762196119367793,0.9381228788030382,0.8708319033007571,4.577739336330403,0.025766252849588486,-0.25033026144987547,0.04680435017606214,-0.29713461162593763,injection,0,-5,500
injection_electrons,195,0.0195,100031,100031,100031,100031,1.0,1.0,9.998651729884015,10.0028527716327,10.129521530002295,1.2663263297128413,1.3088744728165347,0.252472910318927,2.1895476531057003,0.025766252849588486,-0.02549232521067938,0.03991002286837762,-0.06540234807905701,injection,0,-5,100
injection_electrons,195,0.0195,100031,100031,100031,100031,1.0,1.0,9.998651729884015,10.0028527716327,10.05625656282962,0.5338856065978392,0.5761260068038565,0.8223972035541048,4.660509675196001,0.025766252849588486,-0.24734417732815459,0.03991002286837762,-0.2872542001965322,injection,0,-5,500
injection_electrons,205,0.0205,100031,100031,100031,100031,1.0,1.0,9.998651729884015,10.000244990128468,10.116325082220177,1.160772483137107,1.1768922002199478,0.2301020095380161,2.4943406573782996,0.025766252849588486,-0.026493721386898046,0.031651221571662835,-0.05814494295856088,injection,0,-5,100
injection_electrons,205,0.0205,100031,100031,100031,100031,1.0,1.0,9.998651729884015,10.000244990128468,9.986958224916009,-0.13286439707802522,-0.11695081780933592,0.7387166494394045,4.2732908950252995,0.025766252849588486,-0.235188561802809,0.031651221571662835,-0.26683978337447184,injection,0,-5,500
injection_electrons,210,0.021,100031,100031,100031,100031,1.0,1.0,9.998651729884015,9.999597965525691,10.09295701313774,0.9336280111851503,0.9431799986778788,0.21196144213081253,2.7547292595978994,0.025766252849588486,-0.023694595045276882,0.0305719604152684,-0.054266555460545284,injection,0,-5,100
injection_electrons,210,0.021,100031,100031,100031,100031,1.0,1.0,9.998651729884015,9.999597965525691,9.961498364171074,-0.38101133151520195,-0.37158375665687915,0.7060869769542478,5.107852139532199,0.025766252849588486,-0.2271304590275946,0.0305719604152684,-0.257702419442863,injection,0,-5,500
injection_electrons,215,0.021500000000000002,100031,100031,100031,100031,1.0,1.0,9.998651729884015,9.999366710447,10.062901458858624,0.6353877225569349,0.6425839274167178,0.19593605829695268,2.7167969253434,0.025766252849588486,-0.019082985222706295,0.03143824572864146,-0.05052123095134776,injection,0,-5,100
injection_electrons,215,0.021500000000000002,100031,100031,100031,100031,1.0,1.0,9.998651729884015,9.999366710447,9.943371931541316,-0.5599832522111825,-0.5528725255774081,0.6821450310791136,5.2031498777317,0.025766252849588486,-0.2215345976248784,0.03143824572864146,-0.2529728433535199,injection,0,-5,500
injection_electrons,220,0.022000000000000002,100031,100031,100031,100031,1.0,1.0,9.998651729884015,9.99951078106428,10.02982640842851,0.30317110534685554,0.31178882300020305,0.18660466135008943,2.9543797353551997,0.025766252849588486,-0.013153508896441686,0.034000752473696154,-0.04715426137013784,injection,0,-5,100
injection_electrons,220,0.022000000000000002,100031,100031,100031,100031,1.0,1.0,9.998651729884015,9.99951078106428,9.934608943289543,-0.649050130508777,-0.6405142245635043,0.6587077492791711,4.5687578060089,0.025766252849588486,-0.2153023954869825,0.034000752473696154,-0.24930314796067865,injection,0,-5,500
injection_electrons,225,0.022500000000000003,100031,100031,100031,100031,1.0,1.0,9.998651729884015,9.99997332801291,9.997241630550137,-0.027317047487718238,-0.01410289478993576,0.1853660001338438,2.9614195166263,0.025766252849588486,-0.006460800012296182,0.037897830095128975,-0.044358630107425155,injection,0,-5,100
injection_electrons,225,0.022500000000000003,100031,100031,100031,100031,1.0,1.0,9.998651729884015,9.99997332801291,9.933580428845346,-0.6639307625109114,-0.6508007559077544,0.6355310345262829,4.043587465911199,0.025766252849588486,-0.2080100882316012,0.037897830095128975,-0.24590791832673017,injection,0,-5,500
injection_electrons,230,0.023,100031,100031,100031,100031,1.0,1.0,9.998651729884015,10.0006830963643,9.968115176643463,-0.32565695170039266,-0.30540670947948323,0.18998855648716748,3.1730053951988,0.025766252849588486,0.0004020329420017435,0.04269207953659276,-0.04229004659459101,injection,0,-5,100
injection_electrons,230,0.023,100031,100031,100031,100031,1.0,1.0,9.998651729884015,10.0006830963643,9.941210153413591,-0.5946888065309297,-0.5744932219085341,0.6132221097785565,3.5554788849294994,0.025766252849588486,-0.20258528351143432,0.04269207953659276,-0.24527736304802708,injection,0,-5,500
injection_electrons,235,0.0235,100031,100031,100031,100031,1.0,1.0,9.998651729884015,10.001557523691485,9.94485146110672,-0.5669723185657838,-0.5380752348488782,0.19641872161345952,3.2198668549003004,0.025766252849588486,0.006850181739284625,0.04790987812522691,-0.041059696385942285,injection,0,-5,100
injection_electrons,235,0.0235,100031,100031,100031,100031,1.0,1.0,9.998651729884015,10.001557523691485,9.952439960209519,-0.4910991449643465,-0.46218001109468165,0.5917106139262688,3.5290816606266997,0.025766252849588486,-0.1966068936217504,0.04790987812522691,-0.2445167717469773,injection,0,-5,500
injection_electrons,240,0.024,100031,100031,100031,100031,1.0,1.0,9.998651729884015,10.002507530485302,9.928961545818543,-0.7352754741009382,-0.696995814517487,0.20094034262290592,3.0126219342161003,0.025766252849588486,0.012413655788816098,0.05308053820427053,-0.04066688241545443,injection,0,-5,100
injection_electrons,240,0.024,100031,100031,100031,100031,1.0,1.0,9.998651729884015,10.002507530485302,9.968375071177489,-0.34123902635199155,-0.3028074136839365,0.5707245672781087,3.634987121344,0.025766252849588486,-0.19090751345996498,0.05308053820427053,-0.2439880516642355,injection,0,-5,500
injection_electrons,245,0.0245,100031,100031,100031,100031,1.0,1.0,9.998651729884015,10.003443881998308,9.921247359003612,-0.8216822522752687,-0.7741480848768467,0.2015646183315956,2.5734704506207007,0.025766252849588486,0.016683984723212256,0.05777210297554943,-0.04108811825233717,injection,0,-5,100
injection_electrons,245,0.0245,100031,100031,100031,100031,1.0,1.0,9.998651729884015,10.003443881998308,9.986811774417891,-0.16626381650770572,-0.11841552027196389,0.5525132685155971,4.0818292707505,0.025766252849588486,-0.18591446431454073,0.05777210297554943,-0.24368656729009017,injection,0,-5,500
injection_electrons,255,0.025500000000000002,100031,100031,100031,100031,1.0,1.0,9.998651729884015,10.004960590581149,9.929416427010382,-0.7550670778442181,-0.6924463892136745,0.1915471708159242,2.5286887791828,0.025766252849588486,0.020519549340555852,0.06435589302847258,-0.04383634368791673,injection,0,-5,100
injection_electrons,255,0.025500000000000002,100031,100031,100031,100031,1.0,1.0,9.998651729884015,10.004960590581149,10.021464808789139,0.16496035200306292,0.2281615513913815,0.5246281118117119,3.3649039485706,0.025766252849588486,-0.1764394947937394,0.06435589302847258,-0.240795387822212,injection,0,-5,500
injection_electrons,260,0.026000000000000002,100031,100031,100031,100031,1.0,1.0,9.998651729884015,10.00542342356704,9.943284793243258,-0.6210494817982304,-0.5537440260597992,0.18422169448034845,2.7181631796017007,0.025766252849588486,0.01998925762430782,0.06580824000084519,-0.045818982376537365,injection,0,-5,100
injection_electrons,260,0.026000000000000002,100031,100031,100031,100031,1.0,1.0,9.998651729884015,10.00542342356704,10.034491762856227,0.290525828429411,0.3584486582835167,0.514732087835635,3.5838757085471986,0.025766252849588486,-0.1721068148768283,0.06580824000084519,-0.2379150548776735,injection,0,-5,500
injection_electrons,265,0.026500000000000003,100031,100031,100031,100031,1.0,1.0,9.998651729884015,10.005645923971219,9.96152483608664,-0.4409619151011013,-0.3713190018051038,0.17843279577025836,2.6489026290419995,0.025766252849588486,0.018025793748502883,0.06591998622917633,-0.04789419248067345,injection,0,-5,100
injection_electrons,265,0.026500000000000003,100031,100031,100031,100031,1.0,1.0,9.998651729884015,10.005645923971219,10.043784342304253,0.38116897822322304,0.4513869833604245,0.5059268289723472,3.9420724828661005,0.025766252849588486,-0.1695111437015232,0.06591998622917633,-0.23543112993069953,injection,0,-5,500
injection_electrons,270,0.027,100031,100031,100031,100031,1.0,1.0,9.998651729884015,10.005623705765991,9.982225928972024,-0.2338462596837787,-0.1642801585227449,0.17594141171351899,2.6233223460398998,0.025766252849588486,0.014881030699413359,0.06473808325749121,-0.049857052558077854,injection,0,-5,100
injection_electrons,270,0.027,100031,100031,100031,100031,1.0,1.0,9.998651729884015,10.005623705765991,10.048488061847825,0.428402639778791,0.4984305215358198,0.49628803093533524,4.137989588162201,0.025766252849588486,-0.16679381618356057,0.06473808325749121,-0.2315318994410518,injection,0,-5,500
injection_electrons,275,0.0275,100031,100031,100031,100031,1.0,1.0,9.998651729884015,10.005372741310792,10.003411211282009,-0.019604767153591496,0.04760123191178689,0.17705944100413848,2.8774039953972,0.025766252849588486,0.010947333453685216,0.0624032986244794,-0.051455965170794184,injection,0,-5,100
injection_electrons,275,0.0275,100031,100031,100031,100031,1.0,1.0,9.998651729884015,10.005372741310792,10.049086766008237,0.43690550894677216,0.5044183704637106,0.48498119433210257,3.820088264730499,0.025766252849588486,-0.16392577997783442,0.0624032986244794,-0.22632907860231383,injection,0,-5,500
injection_electrons,280,0.028,100031,100031,100031,100031,1.0,1.0,9.998651729884015,10.004925282873616,10.023223549711956,0.18289258860995083,0.24575133219713052,0.18068341984203182,2.9143344171988654,0.025766252849588486,0.006591243506625581,0.059132678744041815,-0.05254143523741624,injection,0,-5,100
injection_electrons,280,0.028,100031,100031,100031,100031,1.0,1.0,9.998651729884015,10.004925282873616,10.044968134972086,0.400231395700823,0.46322650632624196,0.4715098167052948,3.2221463143896,0.025766252849588486,-0.16081747569930938,0.059132678744041815,-0.2199501544433512,injection,0,-5,500
injection_electrons,285,0.0285,100031,100031,100031,100031,1.0,1.0,9.998651729884015,10.0043247511971,10.040088181390026,0.3574797008528474,0.41442039012284937,0.18493688266063849,2.8030977987947003,0.025766252849588486,0.002199857530359945,0.05519779621801886,-0.05299793868765892,injection,0,-5,100
injection_electrons,285,0.0285,100031,100031,100031,100031,1.0,1.0,9.998651729884015,10.0043247511971,10.038253937772192,0.33914519389259823,0.39607548055518027,0.46002682439763354,3.0416366535228,0.025766252849588486,-0.1593425927667095,0.05519779621801886,-0.21454038898472838,injection,0,-5,500
injection_electrons,290,0.029,100031,100031,100031,100031,1.0,1.0,9.998651729884015,10.00362046456564,10.052826172516545,0.4918789964613035,0.5418174779566742,0.18800894060214027,2.8918745807174004,0.025766252849588486,-0.0018099291708465494,0.050900755660735916,-0.05271068483158246,injection,0,-5,100
injection_electrons,290,0.029,100031,100031,100031,100031,1.0,1.0,9.998651729884015,10.00362046456564,10.02871773727838,0.2508818962258408,0.30070061650915303,0.44689245112618176,2.715025405064802,0.025766252849588486,-0.15612714213273657,0.050900755660735916,-0.20702789779347247,injection,0,-5,500
injection_electrons,295,0.029500000000000002,100031,100031,100031,100031,1.0,1.0,9.998651729884015,10.002862913016227,10.060620336402199,0.5774089267065241,0.619769626868516,0.18860840408801344,2.7605856740170998,0.025766252849588486,-0.0051051798280514074,0.046549918421771495,-0.0516550982498229,injection,0,-5,100
injection_electrons,295,0.029500000000000002,100031,100031,100031,100031,1.0,1.0,9.998651729884015,10.002862913016227,10.017201029052663,0.14334012333387935,0.18551800452462075,0.4341678890187587,2.5015586807498,0.025766252849588486,-0.15311071455917485,0.046549918421771495,-0.19966063298094636,injection,0,-5,500
injection_electrons,5,0.0005,100031,100031,100031,100031,1.0,1.0,9.998651729884015,10.430813364017983,5.494074511326198,-47.32841706977046,-45.05184639139412,10.535750370519153,27.6074461877915,0.025766252849588486,0.025816341581495657,0.07817576137309386,-0.0523594197915982,injection,0,5,100
injection_electrons,5,0.0005,100031,100031,100031,100031,1.0,1.0,9.998651729884015,10.430813364017983,18.56587924334127,77.9907145821046,85.6838276289941,26.478990667357888,108.3234959068232,0.025766252849588486,-0.27719690797971425,0.07817576137309386,-0.3553726693528081,injection,0,5,500
injection_electrons,10,0.001,100031,100031,100031,100031,1.0,1.0,9.998651729884015,10.425659333352366,5.380708269694335,-48.38975552863983,-46.18566167663937,10.13722661147672,26.6582963634898,0.025766252849588486,0.05678239813485648,0.13403419669351954,-0.07725179855866307,injection,0,5,100
injection_electrons,10,0.001,100031,100031,100031,100031,1.0,1.0,9.998651729884015,10.425659333352366,16.89522608791146,62.05426964089003,68.97504327923467,24.478003365536157,102.3323684350988,0.025766252849588486,-0.46993300581385444,0.13403419669351954,-0.603967202507374,injection,0,5,500
injection_electrons,15,0.0015,100031,100031,100031,100031,1.0,1.0,9.998651729884015,10.4165720409111,5.255126439535097,-49.550327891982306,-47.4416493192922,9.495808154038281,25.0415085306853,0.025766252849588486,0.08312217410176011,0.18433463801562114,-0.10121246391386103,injection,0,5,100
injection_electrons,15,0.0015,100031,100031,100031,100031,1.0,1.0,9.998651729884015,10.4165720409111,14.59745380745105,40.13682956465458,45.99422203917869,21.50109107299802,92.66918425987829,0.025766252849588486,-0.6793346206233184,0.18433463801562114,-0.8636692586389395,injection,0,5,500
injection_electrons,20,0.002,100031,100031,100031,100031,1.0,1.0,9.998651729884015,10.402656058125979,5.202980295836668,-49.98411687587817,-47.96318107284427,8.644307603681467,22.832541919555602,0.025766252849588486,0.10282258569839128,0.22666727445930854,-0.12384468876091725,injection,0,5,100
injection_electrons,20,0.002,100031,100031,100031,100031,1.0,1.0,9.998651729884015,10.402656058125979,12.386004640396104,19.065790228841053,23.876748335745688,18.02965271313966,80.0542519590395,0.025766252849588486,-0.8078960262027486,0.22666727445930854,-1.0345633006620572,injection,0,5,500
injection_electrons,30,0.003,100031,100031,100031,100031,1.0,1.0,9.998651729884015,10.357493823460493,5.65454154690991,-45.40627642855114,-43.446959653474174,6.488565434861924,17.0878344531181,0.025766252849588486,0.11568247224895564,0.2806197950009009,-0.16493732275194525,injection,0,5,100
injection_electrons,30,0.003,100031,100031,100031,100031,1.0,1.0,9.998651729884015,10.357493823460493,10.798147009987408,4.254438322992815,7.996030881982397,11.57191369461445,56.174040251403795,0.025766252849588486,-1.028692409889809,0.2806197950009009,-1.3093122048907098,injection,0,5,500
injection_electrons,35,0.0035,100031,100031,100031,100031,1.0,1.0,9.998651729884015,10.326026563565733,6.215515606311175,-39.807286296919386,-37.83646261291196,5.288838257665772,13.829882229919601,0.025766252849588486,0.10776769507399842,0.2905518264734719,-0.18278413139947347,injection,0,5,100
injection_electrons,35,0.0035,100031,100031,100031,100031,1.0,1.0,9.998651729884015,10.326026563565733,11.486668859032182,11.239970072918947,14.88217781104202,9.29691540675123,45.9177337837821,0.025766252849588486,-1.0474423241431663,0.2905518264734719,-1.3379941506166382,injection,0,5,500
injection_electrons,40,0.004,100031,100031,100031,100031,1.0,1.0,9.998651729884015,10.289600893407114,6.9432840989916595,-32.52134683435146,-30.557796325283128,4.081950642959496,10.865272406210497,0.025766252849588486,0.09077261160972357,0.28921784916383064,-0.1984452375541071,injection,0,5,100
injection_electrons,40,0.004,100031,100031,100031,100031,1.0,1.0,9.998651729884015,10.289600893407114,12.459583183503629,21.08908122458757,24.612632983948934,7.819762989023645,35.6457855244249,0.025766252849588486,-1.0437656173091716,0.28921784916383064,-1.3329834664730023,injection,0,5,500
injection_electrons,45,0.0045000000000000005,100031,100031,100031,100031,1.0,1.0,9.998651729884015,10.24975306965732,7.7590901768868275,-24.299735572593296,-22.398635471056327,2.923002841540238,8.301230503295,0.025766252849588486,0.0662498159302685,0.2775683120177526,-0.2113184960874841,injection,0,5,100
injection_electrons,45,0.0045000000000000005,100031,100031,100031,100031,1.0,1.0,9.998651729884015,10.24975306965732,13.327502222831937,30.027544393101312,33.29299372433023,7.028762777853846,33.4820138521933,0.025766252849588486,-1.0432612711227354,0.2775683120177526,-1.320829583140488,injection,0,5,500
injection_electrons,55,0.0055000000000000005,100031,100031,100031,100031,1.0,1.0,9.998651729884015,10.167816501620113,9.36149834456011,-7.930101383433962,-6.372393023947209,0.9933764433519692,4.670461823098301,0.025766252849588486,0.0018481572491472113,0.22998305903189672,-0.2281349017827495,injection,0,5,100
injection_electrons,55,0.0055000000000000005,100031,100031,100031,100031,1.0,1.0,9.998651729884015,10.167816501620113,14.133047004979222,38.99785664628488,41.34952778421421,6.42645620235957,30.0665837895605,0.025766252849588486,-0.987611103929516,0.22998305903189672,-1.2175941629614127,injection,0,5,500
injection_electrons,60,0.006,100031,100031,100031,100031,1.0,1.0,9.998651729884015,10.12980362361429,10.03812927515367,-0.904996304636263,0.3948286862684114,0.5583244370645749,5.317784654082001,0.025766252849588486,-0.03303241527764616,0.1983698377395582,-0.23140225301720438,injection,0,5,100
injection_electrons,60,0.006,100031,100031,100031,100031,1.0,1.0,9.998651729884015,10.12980362361429,14.084549173770446,39.0406931575354,40.86448407513268,6.184695165920333,28.7251013714911,0.025766252849588486,-0.9275804285642412,0.1983698377395582,-1.1259502663037995,injection,0,5,500
injection_electrons,65,0.006500000000000001,100031,100031,100031,100031,1.0,1.0,9.998651729884015,10.095966560310057,10.585500086057039,4.848802963269194,5.869274898525045,0.832968728956398,5.7881962152056,0.025766252849588486,-0.06647598399274833,0.16474031418496887,-0.23121629817771722,injection,0,5,100
injection_electrons,65,0.006500000000000001,100031,100031,100031,100031,1.0,1.0,9.998651729884015,10.095966560310057,13.807214106787152,36.7597052179927,38.090759432295144,5.86172226836399,27.312369788974905,0.025766252849588486,-0.8785152451511179,0.16474031418496887,-1.0432555593360868,injection,0,5,500
injection_electrons,70,0.007,100031,100031,100031,100031,1.0,1.0,9.998651729884015,10.067300431267057,10.98795653675773,9.14501471150395,9.894382098707144,1.2097713230273475,5.619261304759,0.025766252849588486,-0.09612546299875177,0.13145837502535931,-0.22758383802411108,injection,0,5,100
injection_electrons,70,0.007,100031,100031,100031,100031,1.0,1.0,9.998651729884015,10.067300431267057,13.33637670472411,32.472223271533096,33.38175051006414,5.450308439692475,23.776139509634,0.025766252849588486,-0.8349052639370728,0.13145837502535931,-0.966363638962432,injection,0,5,500
injection_electrons,80,0.008,100031,100031,100031,100031,1.0,1.0,9.998651729884015,10.026601653995057,11.357733897331917,13.276006061400448,13.592654331442212,1.5740785268024533,4.869793248975601,0.025766252849588486,-0.13665930118406552,0.07410184455919515,-0.21076114574326066,injection,0,5,100
injection_electrons,80,0.008,100031,100031,100031,100031,1.0,1.0,9.998651729884015,10.026601653995057,12.126062552458663,20.93890802600187,21.276976936962733,4.474401547907964,18.4417927218691,0.025766252849588486,-0.7525019707647367,0.07410184455919515,-0.8266038153239318,injection,0,5,500
injection_electrons,85,0.0085,100031,100031,100031,100031,1.0,1.0,9.998651729884015,10.013995784822203,11.349832396917142,13.339696169231585,13.513628672501032,1.552438352302531,4.5000369984146005,0.025766252849588486,-0.14545929395583188,0.053080747709593014,-0.19854004166542488,injection,0,5,100
injection_electrons,85,0.0085,100031,100031,100031,100031,1.0,1.0,9.998651729884015,10.013995784822203,11.505465840747693,14.89385543966424,15.070172975023265,3.9991050034430486,16.376595606500697,0.025766252849588486,-0.7021418869657062,0.053080747709593014,-0.7552226346752993,injection,0,5,500
injection_electrons,90,0.009000000000000001,100031,100031,100031,100031,1.0,1.0,9.998651729884015,10.005722154736993,11.241722810111415,12.352938011468417,12.432387023863466,1.4232974160541083,3.964024837928001,0.025766252849588486,-0.14621668650287975,0.0383504585613076,-0.18456714506418737,injection,0,5,100
injection_electrons,90,0.009000000000000001,100031,100031,100031,100031,1.0,1.0,9.998651729884015,10.005722154736993,10.91413674966597,9.078950833138077,9.156084685355603,3.5796667227663135,15.280126238406401,0.025766252849588486,-0.6468776278772417,0.0383504585613076,-0.6852280864385493,injection,0,5,500
injection_electrons,95,0.0095,100031,100031,100031,100031,1.0,1.0,9.998651729884015,10.00104471713797,11.05963343376965,10.584781356068351,10.611247721675987,1.2164336840889545,3.4637321508672,0.025766252849588486,-0.13945579451734527,0.03011817592521578,-0.16957397044256106,injection,0,5,100
injection_electrons,95,0.0095,100031,100031,100031,100031,1.0,1.0,9.998651729884015,10.00104471713797,10.421712853170261,4.206241927020149,4.2311817104480065,3.2313288661516166,14.333205204482901,0.025766252849588486,-0.5962001593682664,0.03011817592521578,-0.6263183352934822,injection,0,5,500
injection_electrons,105,0.0105,100031,100031,100031,100031,1.0,1.0,9.998651729884015,9.99971754334525,10.580704419847933,5.810032873271775,5.821311769708681,0.7024915282298466,3.4841848103482995,0.025766252849588486,-0.10777906626217004,0.03144625275639878,-0.13922531901856883,injection,0,5,100
injection_electrons,105,0.0105,100031,100031,100031,100031,1.0,1.0,9.998651729884015,9.99971754334525,9.740348992638559,-2.5937587695094355,-2.583375681277511,2.747305163695253,12.963065005086502,0.025766252849588486,-0.5089964724295414,0.03144625275639878,-0.5404427251859402,injection,0,5,500
injection_electrons,110,0.011000000000000001,100031,100031,100031,100031,1.0,1.0,9.998651729884015,10.00185092145754,10.332978724900226,3.31066525629069,3.3437207740416808,0.47400683923196746,3.6282578492093,0.025766252849588486,-0.08603825637670567,0.03912647401992843,-0.12516473039663412,injection,0,5,100
injection_electrons,110,0.011000000000000001,100031,100031,100031,100031,1.0,1.0,9.998651729884015,10.00185092145754,9.569753155621045,-4.320178027343835,-4.289564091737253,2.5763295294172095,12.5972100907005,0.025766252849588486,-0.4697665290187679,0.03912647401992843,-0.5088930030386963,injection,0,5,500
injection_electrons,115,0.0115,100031,100031,100031,100031,1.0,1.0,9.998651729884015,10.005119961609084,10.1062200632365,1.0104836525233862,1.0758283842508876,0.3448365376279121,3.6603157395246004,0.025766252849588486,-0.06278173143315476,0.04976376790862394,-0.1125454993417787,injection,0,5,100
injection_electrons,115,0.0115,100031,100031,100031,100031,1.0,1.0,9.998651729884015,10.005119961609084,9.497193271535906,-5.076667666376389,-5.015260776103925,2.4263951001165807,11.667831918508197,0.025766252849588486,-0.4371030786284774,0.04976376790862394,-0.4868668465371013,injection,0,5,500
injection_electrons,120,0.012,100031,100031,100031,100031,1.0,1.0,9.998651729884015,10.009007791013184,9.914183596034576,-0.9473885619686317,-0.8447952397119707,0.36156530109868573,3.9626134858284,0.025766252849588486,-0.03992354248625829,0.061907395423795,-0.10183093791005329,injection,0,5,100
injection_electrons,120,0.012,100031,100031,100031,100031,1.0,1.0,9.998651729884015,10.009007791013184,9.500591364817527,-5.07958867463516,-4.981275261122287,2.2808666555186368,10.135044761231697,0.025766252849588486,-0.4150788543406653,0.061907395423795,-0.47698624976446036,injection,0,5,500
injection_electrons,130,0.013000000000000001,100031,100031,100031,100031,1.0,1.0,9.998651729884015,10.016677511062637,9.66510907842176,-3.5098308022055824,-3.3358762808525566,0.5185806804216161,3.4704343564229,0.025766252849588486,-0.001604291232987534,0.08515389012391085,-0.08675818135689839,injection,0,5,100
injection_electrons,130,0.013000000000000001,100031,100031,100031,100031,1.0,1.0,9.998651729884015,10.016677511062637,9.644512797648495,-3.715450687147659,-3.5418668616796323,1.9857705769145941,8.2168343250018,0.025766252849588486,-0.3727881838197917,0.08515389012391085,-0.4579420739437025,injection,0,5,500
injection_electrons,135,0.0135,100031,100031,100031,100031,1.0,1.0,9.998651729884015,10.019603630636446,9.6118701431456,-4.06935745685727,-3.8683374237588497,0.5523397074534254,2.7372581632339,0.025766252849588486,0.011587236684031074,0.09392443076534795,-0.08233719408131689,injection,0,5,100
injection_electrons,135,0.0135,100031,100031,100031,100031,1.0,1.0,9.998651729884015,10.019603630636446,9.755488069281109,-2.635988119807098,-2.431964500534989,1.8333337942024597,7.883745858455001,0.025766252849588486,-0.3523412619828007,0.09392443076534795,-0.44626569274814865,injection,0,5,500
injection_electrons,140,0.014,100031,100031,100031,100031,1.0,1.0,9.998651729884015,10.021509399290046,9.602471123502701,-4.1813888416552425,-3.9623402943139596,0.5442339654416756,2.7130840974984,0.025766252849588486,0.02005639864419772,0.09969856639857003,-0.0796421677543723,injection,0,5,100
injection_electrons,140,0.014,100031,100031,100031,100031,1.0,1.0,9.998651729884015,10.021509399290046,9.868753313513045,-1.5242822182836346,-1.299159325479149,1.689892240437246,7.472997350979298,0.025766252849588486,-0.3394915655924312,0.09969856639857003,-0.4391901319910012,injection,0,5,500
injection_electrons,145,0.0145,100031,100031,100031,100031,1.0,1.0,9.998651729884015,10.022247518499205,9.63039648043751,-3.9098120190946273,-3.6830490689645945,0.5005963124024279,3.1246870176002,0.025766252849588486,0.023626807540439092,0.10207051787911389,-0.0784437103386748,injection,0,5,100
injection_electrons,145,0.0145,100031,100031,100031,100031,1.0,1.0,9.998651729884015,10.022247518499205,9.979521651174041,-0.42631023875931984,-0.19132658309117812,1.5581176910719745,7.486178357479197,0.025766252849588486,-0.32741073300331003,0.10207051787911389,-0.42948125088242395,injection,0,5,500
injection_electrons,155,0.0155,100031,100031,100031,100031,1.0,1.0,9.998651729884015,10.02034049475321,9.763172924631581,-2.5664554039484533,-2.3551055843722857,0.35530251696236975,3.4368941862442997,0.025766252849588486,0.018131055768578288,0.09668035778299693,-0.07854930201441863,injection,0,5,100
injection_electrons,155,0.0155,100031,100031,100031,100031,1.0,1.0,9.998651729884015,10.02034049475321,10.136485927038402,1.1590966628929111,1.378527834332166,1.3376555299307509,6.552553783538199,0.025766252849588486,-0.30771246505512234,0.09668035778299693,-0.4043928228381193,injection,0,5,500
injection_electrons,160,0.016,100031,100031,100031,100031,1.0,1.0,9.998651729884015,10.018048115721843,9.848530677477383,-1.6921204239219834,-1.5014129550882327,0.2861303227707993,3.3292273693673002,0.025766252849588486,0.010726351070016855,0.08970258670826567,-0.07897623563824882,injection,0,5,100
injection_electrons,160,0.016,100031,100031,100031,100031,1.0,1.0,9.998651729884015,10.018048115721843,10.181941832276452,1.635984521749334,1.833148181815547,1.2534129347767484,6.047493536476697,0.025766252849588486,-0.30322488525808,0.08970258670826567,-0.3929274719663457,injection,0,5,500
injection_electrons,165,0.0165,100031,100031,100031,100031,1.0,1.0,9.998651729884015,10.01521714050684,9.933945341514404,-0.8114831446212944,-0.6471511371499927,0.2435454222515686,3.0008014527965994,0.025766252849588486,0.0016116682523392002,0.08077250570205134,-0.07916083744971214,injection,0,5,100
injection_electrons,165,0.0165,100031,100031,100031,100031,1.0,1.0,9.998651729884015,10.01521714050684,10.200184614051707,1.8468643360388226,2.015600599082279,1.1773164333221988,5.686922342051302,0.025766252849588486,-0.2958038809489231,0.08077250570205134,-0.3765763866509745,injection,0,5,500
injection_electrons,170,0.017,100031,100031,100031,100031,1.0,1.0,9.998651729884015,10.01213651939946,10.011377178154971,-0.007584207856314862,0.12727164236476796,0.23554289966825795,3.3221273915416005,0.025766252849588486,-0.008020289294218467,0.0707374645380486,-0.07875775383226707,injection,0,5,100
injection_electrons,170,0.017,100031,100031,100031,100031,1.0,1.0,9.998651729884015,10.01213651939946,10.195225434953318,1.8286697869041912,1.9660021208837808,1.108461073989239,5.2406251953372,0.025766252849588486,-0.291450138431108,0.0707374645380486,-0.36218760296915664,injection,0,5,500
injection_electrons,175,0.0175,100031,100031,100031,100031,1.0,1.0,9.998651729884015,10.009069304948854,10.074728933968194,0.6560013425711331,0.7608746272939948,0.2499684411703477,3.318452020337199,0.025766252849588486,-0.017089535567596265,0.06048098671521955,-0.07757052228281582,injection,0,5,100
injection_electrons,175,0.0175,100031,100031,100031,100031,1.0,1.0,9.998651729884015,10.009069304948854,10.172248951895757,1.6303178844632393,1.7362063076253875,1.0469225893470322,5.032496192186997,0.025766252849588486,-0.28815243964451215,0.06048098671521955,-0.3486334263597317,injection,0,5,500
injection_electrons,180,0.018000000000000002,100031,100031,100031,100031,1.0,1.0,9.998651729884015,10.006229733282451,10.120015753199347,1.1371517839374068,1.2138038867040235,0.2673486541775445,2.9980403702712,0.025766252849588486,-0.024640512301754208,0.05084263557770019,-0.0754831478794544,injection,0,5,100
injection_electrons,180,0.018000000000000002,100031,100031,100031,100031,1.0,1.0,9.998651729884015,10.006229733282451,10.135564016864526,1.2925376193581473,1.3693074894418622,0.9829468786217374,4.923139373964103,0.025766252849588486,-0.28148482099418504,0.05084263557770019,-0.3323274565718852,injection,0,5,500
injection_electrons,185,0.018500000000000003,100031,100031,100031,100031,1.0,1.0,9.998651729884015,10.0037739848198,10.145564924247049,1.4173744792956189,1.469330049009887,0.27576358047634486,2.4942646321329,0.025766252849588486,-0.030040461230114553,0.04254826177075703,-0.07258872300087159,injection,0,5,100
injection_electrons,185,0.018500000000000003,100031,100031,100031,100031,1.0,1.0,9.998651729884015,10.0037739848198,10.092558461625641,0.8875098231984069,0.9391939461293353,0.9246833566477315,4.8877566867909,0.025766252849588486,-0.27732770278453356,0.04254826177075703,-0.3198759645552906,injection,0,5,500
injection_electrons,190,0.019,100031,100031,100031,100031,1.0,1.0,9.998651729884015,10.001801838679294,10.151698128780167,1.4986928607322536,1.530670364672515,0.2712230688919949,2.4387975327583,0.025766252849588486,-0.032829572339289084,0.03615576325461415,-0.06898533559390324,injection,0,5,100
injection_electrons,190,0.019,100031,100031,100031,100031,1.0,1.0,9.998651729884015,10.001801838679294,10.048595182150352,0.4678491358436787,0.499501869007668,0.8691152834926089,4.6085479754751,0.025766252849588486,-0.26876650647528333,0.03615576325461415,-0.3049222697298975,injection,0,5,500
injection_electrons,195,0.0195,100031,100031,100031,100031,1.0,1.0,9.998651729884015,10.000364568398975,10.140697734139268,1.4032804982304636,1.420651584760213,0.25527898972931756,2.7209290196439,0.025766252849588486,-0.03284956609308077,0.03201973338870158,-0.06486929948178236,injection,0,5,100
injection_electrons,195,0.0195,100031,100031,100031,100031,1.0,1.0,9.998651729884015,10.000364568398975,10.008542247913356,0.08177381392895366,0.09891851718146771,0.8229558176269124,4.6602351595288,0.025766252849588486,-0.2636059301179365,0.03201973338870158,-0.29562566350663805,injection,0,5,500
injection_electrons,205,0.0205,100031,100031,100031,100031,1.0,1.0,9.998651729884015,9.999112354895978,10.082227516904211,0.8312254033983058,0.8358705681327461,0.2109937110436197,3.0361874209029,0.025766252849588486,-0.025460744720959525,0.03084893883236314,-0.056309683553322665,injection,0,5,100
injection_electrons,205,0.0205,100031,100031,100031,100031,1.0,1.0,9.998651729884015,9.999112354895978,9.953252652230635,-0.45863773740764113,-0.45405199500739846,0.7497888099122617,5.2698318118731,0.025766252849588486,-0.24762338802095946,0.03084893883236314,-0.27847232685332257,injection,0,5,500
injection_electrons,210,0.021,100031,100031,100031,100031,1.0,1.0,9.998651729884015,9.999233087490504,10.043872416782033,0.44642753000103674,0.45226784690242106,0.19635160388331327,2.9300303970640997,0.025766252849588486,-0.01896043403018726,0.033469631505023203,-0.052430065535210464,injection,0,5,100
injection_electrons,210,0.021,100031,100031,100031,100031,1.0,1.0,9.998651729884015,9.999233087490504,9.942052218479612,-0.57185254619605,-0.5660714357640706,0.7204960169199848,5.2013357680914,0.025766252849588486,-0.23876031059549008,0.033469631505023203,-0.27222994210051327,injection,0,5,500
injection_electrons,215,0.021500000000000002,100031,100031,100031,100031,1.0,1.0,9.998651729884015,9.999767770197371,10.005478789757152,0.05711152189755708,0.06827980469339412,0.19228520646024322,2.7995906283981995,0.025766252849588486,-0.011486295577918665,0.03771784942414685,-0.04920414500206551,injection,0,5,100
injection_electrons,215,0.021500000000000002,100031,100031,100031,100031,1.0,1.0,9.998651729884015,9.999767770197371,9.939541318918916,-0.6022784994862529,-0.5911838171983708,0.6942477912875262,4.3607579239906995,0.025766252849588486,-0.23111110712630784,0.03771784942414685,-0.2688289565504547,injection,0,5,500
injection_electrons,220,0.022000000000000002,100031,100031,100031,100031,1.0,1.0,9.998651729884015,10.000626465293267,9.970988169144096,-0.29636439529092673,-0.2766729103808818,0.19682950037304428,3.1762759078638,0.025766252849588486,-0.0037532433055685855,0.043067066876875594,-0.04682031018244418,injection,0,5,100
injection_electrons,220,0.022000000000000002,100031,100031,100031,100031,1.0,1.0,9.998651729884015,10.000626465293267,9.944520450036684,-0.5610250062963229,-0.5413857919017495,0.6658141402157168,3.8900397725669986,0.025766252849588486,-0.22341376739990976,0.043067066876875594,-0.26648083427678537,injection,0,5,500
injection_electrons,225,0.022500000000000003,100031,100031,100031,100031,1.0,1.0,9.998651729884015,10.0017020714692,9.943434164135493,-0.5825799140720456,-0.5522501157179782,0.20454095615677234,3.2725263988948,0.025766252849588486,0.0035316666423813488,0.048937489589289423,-0.04540582294690808,injection,0,5,100
injection_electrons,225,0.022500000000000003,100031,100031,100031,100031,1.0,1.0,9.998651729884015,10.0017020714692,9.956272690239997,-0.4542165013972421,-0.4238475425377142,0.6399663780734909,3.7923554864707008,0.025766252849588486,-0.2170018037216462,0.048937489589289423,-0.26593929331093563,injection,0,5,500
injection_electrons,230,0.023,100031,100031,100031,100031,1.0,1.0,9.998651729884015,10.002876897857565,9.92486681731835,-0.7798764429053806,-0.7379486210639441,0.21028639555066098,3.0860301092012,0.025766252849588486,0.009769546219818489,0.05474892622710867,-0.04497938000729018,injection,0,5,100
injection_electrons,230,0.023,100031,100031,100031,100031,1.0,1.0,9.998651729884015,10.002876897857565,9.973664151139852,-0.2920434492597823,-0.24990948199026253,0.6153204210821575,3.765013303571699,0.025766252849588486,-0.21090998415325315,0.05474892622710867,-0.2656589103803618,injection,0,5,500
injection_electrons,235,0.0235,100031,100031,100031,100031,1.0,1.0,9.998651729884015,10.004031824029758,9.91619759479659,-0.8779883028979363,-0.8246525363113322,0.21123243736963498,2.6392909905070003,0.025766252849588486,0.014495798233837648,0.05996947850882745,-0.045473680274989804,injection,0,5,100
injection_electrons,235,0.0235,100031,100031,100031,100031,1.0,1.0,9.998651729884015,10.004031824029758,9.991617225678796,-0.12409595020620445,-0.07035452774292184,0.5943306505908513,3.8191063120381,0.025766252849588486,-0.20473044406705612,0.05996947850882745,-0.2646999225758836,injection,0,5,500
injection_electrons,240,0.024,100031,100031,100031,100031,1.0,1.0,9.998651729884015,10.005056883833243,9.91732284191104,-0.876896982604547,-0.8133985478251837,0.2070251590471064,2.518201522689434,0.025766252849588486,0.01737441649386857,0.06415630026865764,-0.04678188377478906,injection,0,5,100
injection_electrons,240,0.024,100031,100031,100031,100031,1.0,1.0,9.998651729884015,10.005056883833243,10.010556216212661,0.054965528365014116,0.11906091591395995,0.5764073061840504,4.3516925034454,0.025766252849588486,-0.1988708020872262,0.06415630026865764,-0.26302710235588384,injection,0,5,500
injection_electrons,245,0.0245,100031,100031,100031,100031,1.0,1.0,9.998651729884015,10.005861445204776,9.927189883521455,-0.7862547579151502,-0.714714826489804,0.1992579180257634,2.7251037629453005,0.025766252849588486,0.01831979259357258,0.06698567162615551,-0.04866587903258293,injection,0,5,100
injection_electrons,245,0.0245,100031,100031,100031,100031,1.0,1.0,9.998651729884015,10.005861445204776,10.02715308008589,0.21279162216780723,0.2850519347192604,0.5619034163722397,3.6941578177798995,0.025766252849588486,-0.19498093835278973,0.06698567162615551,-0.2619666099789453,injection,0,5,500
injection_electrons,255,0.025500000000000002,100031,100031,100031,100031,1.0,1.0,9.998651729884015,10.00658696074497,9.965685244198758,-0.40874792480859456,-0.3297093105736115,0.18461919112246455,2.993106390736,0.025766252849588486,0.01484123073868501,0.06796671969277845,-0.05312548895409344,injection,0,5,100
injection_electrons,255,0.025500000000000002,100031,100031,100031,100031,1.0,1.0,9.998651729884015,10.00658696074497,10.048508722710137,0.418941664421868,0.4986371580190996,0.5397808295585286,4.325489980732,0.025766252849588486,-0.18700726469271708,0.06796671969277845,-0.25497398438549557,injection,0,5,500
injection_electrons,260,0.026000000000000002,100031,100031,100031,100031,1.0,1.0,9.998651729884015,10.006475666344397,9.989581397552486,-0.16883335707028602,-0.09071555422236477,0.18280693594393677,2.95288485026884,0.025766252849588486,0.011029780629839607,0.06616350418330348,-0.055133723553463874,injection,0,5,100
injection_electrons,260,0.026000000000000002,100031,100031,100031,100031,1.0,1.0,9.998651729884015,10.006475666344397,10.050949755714985,0.4444530807202307,0.5230507796832429,0.527467577044082,4.1720725297574,0.025766252849588486,-0.1834792993552171,0.06616350418330348,-0.24964280353852059,injection,0,5,500
injection_electrons,265,0.026500000000000003,100031,100031,100031,100031,1.0,1.0,9.998651729884015,10.006075791390481,10.013259664724742,0.07179511213020184,0.1460990465051104,0.1852561241725977,2.6539868773299,0.025766252849588486,0.006392021863561615,0.0630684680080166,-0.05667644614445499,injection,0,5,100
injection_electrons,265,0.026500000000000003,100031,100031,100031,100031,1.0,1.0,9.998651729884015,10.006075791390481,10.048635422043285,0.4253378801050367,0.4999043221985522,0.5140941380997736,3.6539192420274,0.025766252849588486,-0.180358035190334,0.0630684680080166,-0.2434265031983506,injection,0,5,500
injection_electrons,270,0.027,100031,100031,100031,100031,1.0,1.0,9.998651729884015,10.005436428105163,10.034478990088884,0.2902678178249296,0.35832091338663385,0.19004521665852633,2.6366643404809005,0.025766252849588486,0.0014562572401182606,0.05898061058128062,-0.057524353341162356,injection,0,5,100
injection_electrons,270,0.027,100031,100031,100031,100031,1.0,1.0,9.998651729884015,10.005436428105163,10.042283938744372,0.3682748963923732,0.4363809245395478,0.49835833082389436,3.2649724256345003,0.025766252849588486,-0.1767448694542898,0.05898061058128062,-0.23572548003557042,injection,0,5,500
injection_electrons,275,0.0275,100031,100031,100031,100031,1.0,1.0,9.998651729884015,10.004620531129175,10.051401010463245,0.4675887425066527,0.5275639356611572,0.19460386888868625,2.896205755262601,0.025766252849588486,-0.003270897108256339,0.05425953479968271,-0.05753043190793904,injection,0,5,100
injection_electrons,275,0.0275,100031,100031,100031,100031,1.0,1.0,9.998651729884015,10.004620531129175,10.032717600456552,0.2808409298479031,0.34070464191406913,0.48324862999579954,3.0130343446884,0.025766252849588486,-0.1740403749470681,0.05425953479968271,-0.2282999097467508,injection,0,5,500
injection_electrons,280,0.028,100031,100031,100031,100031,1.0,1.0,9.998651729884015,10.00369731324069,10.062750452320278,0.5903131335394107,0.64107365840822,0.19685035957505412,2.9093301597654007,0.025766252849588486,-0.007339820451615385,0.04929200262820052,-0.05663182307981591,injection,0,5,100
injection_electrons,280,0.028,100031,100031,100031,100031,1.0,1.0,9.998651729884015,10.00369731324069,10.020251798009966,0.1654836631988621,0.21602980791293191,0.4673893296213912,2.6336433663378997,0.025766252849588486,-0.16981840401061532,0.04929200262820052,-0.21911040663881584,injection,0,5,500
injection_electrons,285,0.0285,100031,100031,100031,100031,1.0,1.0,9.998651729884015,10.002735701333485,10.067860400011998,0.65106887378652,0.6921800258442135,0.19567146665106824,2.6809083812153003,0.025766252849588486,-0.010381508407294064,0.04445900393433866,-0.05484051234163272,injection,0,5,100
injection_electrons,285,0.0285,100031,100031,100031,100031,1.0,1.0,9.998651729884015,10.002735701333485,10.008197299438102,0.054601043831326024,0.0954685672824862,0.45467729751947716,2.9530779039125017,0.025766252849588486,-0.16749968185150071,0.04445900393433866,-0.21195868578583937,injection,0,5,500
injection_electrons,290,0.029,100031,100031,100031,100031,1.0,1.0,9.998651729884015,10.001799365597678,10.066662617484129,0.6485158271576141,0.6802005854133597,0.19111245352412548,2.2352949434947993,0.025766252849588486,-0.012126422596151336,0.04010593661662771,-0.05223235921277904,injection,0,5,100
injection_electrons,290,0.029,100031,100031,100031,100031,1.0,1.0,9.998651729884015,10.001799365597678,9.994606353945061,-0.07191717599693837,-0.04045921438451394,0.4424952641819074,2.972435837765599,0.025766252849588486,-0.16364065823093632,0.04010593661662771,-0.20374659484756402,injection,0,5,500
injection_electrons,295,0.029500000000000002,100031,100031,100031,100031,1.0,1.0,9.998651729884015,10.000943370287718,10.05970697412169,0.5875806077310308,0.610634772438301,0.18427475298877224,2.4095723428142,0.025766252849588486,-0.012452176015992475,0.03651800908431971,-0.04897018510031218,injection,0,5,100
injection_electrons,295,0.029500000000000002,100031,100031,100031,100031,1.0,1.0,9.998651729884015,10.000943370287718,9.982869807507601,-0.1807185793473498,-0.15784050492773094,0.43322602900709845,2.6953424525428002,0.025766252849588486,-0.16034588194438804,0.03651800908431971,-0.19686389102870774,injection,0,5,500
extraction_electrons,5,0.0005,100011,100011,100011,100011,1.0,1.0,9.976976528033545,10.461730916362956,13.201225272830309,26.18586138726404,32.31689215402276,21.572004973603644,58.267856858657304,-0.06454657643773219,-0.13405472446495248,-0.06874332036201714,-0.06531140410293534,extraction,0,-5,100
extraction_electrons,5,0.0005,100011,100011,100011,100011,1.0,1.0,9.976976528033545,10.461730916362956,16.72425835893579,59.86129343833299,67.62852264855562,21.123165777189797,121.47534108868359,-0.06454657643773219,-0.9888762433066229,-0.06874332036201714,-0.9201329229446058,extraction,0,-5,500
extraction_electrons,10,0.001,100011,100011,100011,100011,1.0,1.0,9.976976528033545,10.44175734111316,12.30555477867646,17.849461318401083,23.339518180683495,20.6464778906957,55.940681268252405,-0.06454657643773219,-0.281435696279425,-0.06051419034532263,-0.22092150593410237,extraction,0,-5,100
extraction_electrons,10,0.001,100011,100011,100011,100011,1.0,1.0,9.976976528033545,10.44175734111316,15.985455619008961,53.091621427249216,60.223446192267275,19.85485147874105,109.4838579125094,-0.06454657643773219,-1.9169507215706834,-0.06051419034532263,-1.8564365312253608,extraction,0,-5,500
extraction_electrons,15,0.0015,100011,100011,100011,100011,1.0,1.0,9.976976528033545,10.410969648023261,10.88949408400072,4.596348391701599,9.1462333644182,19.167529625140357,52.315673939053305,-0.06454657643773219,-0.4279476257727977,-0.052646017738195265,-0.37530160803460244,extraction,0,-5,100
extraction_electrons,15,0.0015,100011,100011,100011,100011,1.0,1.0,9.976976528033545,10.410969648023261,15.126145250526998,45.29045575883519,51.6105125438072,18.083371059728933,97.046180262255,-0.06454657643773219,-2.691157189644194,-0.052646017738195265,-2.638511171905999,extraction,0,-5,500
extraction_electrons,20,0.002,100011,100011,100011,100011,1.0,1.0,9.976976528033545,10.372269316063676,9.073281652705102,-12.52365922804196,-9.057802960538385,17.225784968174082,47.9457057382839,-0.06454657643773219,-0.5718358386069124,-0.04549678848165219,-0.5263390501252603,extraction,0,-5,100
extraction_electrons,20,0.002,100011,100011,100011,100011,1.0,1.0,9.976976528033545,10.372269316063676,14.35662112315212,38.4135012857584,43.897513267797585,16.17010363684354,90.7433497769965,-0.06454657643773219,-3.2763957679526463,-0.04549678848165219,-3.230898979470994,extraction,0,-5,500
extraction_electrons,30,0.003,100011,100011,100011,100011,1.0,1.0,9.976976528033545,10.284458074454296,5.162224019167415,-49.80558059748492,-48.2586332175637,12.44565716580392,36.7740299006654,-0.06454657643773219,-0.840840008549987,-0.03453633982462639,-0.8063036687253606,extraction,0,-5,100
extraction_electrons,30,0.003,100011,100011,100011,100011,1.0,1.0,9.976976528033545,10.284458074454296,13.76342684244665,33.82743886752586,37.95188155223026,13.019558773157161,59.9474841295457,-0.06454657643773219,-3.7894996147400986,-0.03453633982462639,-3.754963274915472,extraction,0,-5,500
extraction_electrons,35,0.0035,100011,100011,100011,100011,1.0,1.0,9.976976528033545,10.241400769315876,4.113638369058796,-59.833244868381556,-58.76868751269287,9.89657741378517,30.6286576476285,-0.06454657643773219,-0.9592462140505418,-0.031138652495425658,-0.9281075615551161,extraction,0,-5,100
extraction_electrons,35,0.0035,100011,100011,100011,100011,1.0,1.0,9.976976528033545,10.241400769315876,13.784409741747604,34.59496461701694,38.16219475926241,11.872909772031134,57.3130936889596,-0.06454657643773219,-3.76938511732901,-0.031138652495425658,-3.7382464648335842,extraction,0,-5,500
extraction_electrons,40,0.004,100011,100011,100011,100011,1.0,1.0,9.976976528033545,10.201770086385766,4.624079336224182,-54.67375468111164,-53.65249859783338,7.451358127532574,24.8638332289506,-0.06454657643773219,-1.0622037217658937,-0.029264233304660717,-1.032939488461233,extraction,0,-5,100
extraction_electrons,40,0.004,100011,100011,100011,100011,1.0,1.0,9.976976528033545,10.201770086385766,13.720883951675434,34.49513011458587,37.52547089914635,10.768748327008906,51.76781409827569,-0.06454657643773219,-3.6611744188247504,-0.029264233304660717,-3.6319101855200895,extraction,0,-5,500
extraction_electrons,45,0.0045000000000000005,100011,100011,100011,100011,1.0,1.0,9.976976528033545,10.166556748052987,6.178354311861457,-39.2286448108925,-38.0738814559564,5.2844467295625766,19.6188837002723,-0.06454657643773219,-1.1467551924533093,-0.028901884557991427,-1.117853307895318,extraction,0,-5,100
extraction_electrons,45,0.0045000000000000005,100011,100011,100011,100011,1.0,1.0,9.976976528033545,10.166556748052987,13.646911363813235,34.23336634034702,36.78403798453189,9.787164747155819,47.8898334651357,-0.06454657643773219,-3.4601789861719983,-0.028901884557991427,-3.4312771016140067,extraction,0,-5,500
extraction_electrons,55,0.0055000000000000005,100011,100011,100011,100011,1.0,1.0,9.976976528033545,10.109270381490576,9.60893786223072,-4.949244607958391,-3.6888797399562967,2.769738924610381,14.6697137894373,-0.06454657643773219,-1.2533340954244019,-0.0322443076201987,-1.2210897878042033,extraction,0,-5,100
extraction_electrons,55,0.0055000000000000005,100011,100011,100011,100011,1.0,1.0,9.976976528033545,10.109270381490576,13.323957891912753,31.79940182733725,33.5470505966891,8.507959572986648,38.9609919542708,-0.06454657643773219,-3.0861471150460957,-0.0322443076201987,-3.053902807425897,extraction,0,-5,500
extraction_electrons,60,0.006,100011,100011,100011,100011,1.0,1.0,9.976976528033545,10.085913074627602,10.963418848786818,8.700310697369517,9.887186944677516,2.795464293212234,15.324174274976098,-0.06454657643773219,-1.2749247692358447,-0.035535661494890514,-1.2393891077409542,extraction,0,-5,100
extraction_electrons,60,0.006,100011,100011,100011,100011,1.0,1.0,9.976976528033545,10.085913074627602,13.290361528981043,31.771525598556273,33.21031167746531,8.065830764937996,39.757961998264,-0.06454657643773219,-2.8225795926681125,-0.035535661494890514,-2.787043931173222,extraction,0,-5,500
extraction_electrons,65,0.006500000000000001,100011,100011,100011,100011,1.0,1.0,9.976976528033545,10.06504367931538,11.97185800350702,18.944918521420064,19.994849841214023,3.1996948607492213,14.481950595289202,-0.06454657643773219,-1.2768136629967237,-0.039544885924991904,-1.2372687770717319,extraction,0,-5,100
extraction_electrons,65,0.006500000000000001,100011,100011,100011,100011,1.0,1.0,9.976976528033545,10.06504367931538,13.055855722896482,29.714844156389542,30.85984201939165,7.684384832386987,34.6399116417654,-0.06454657643773219,-2.697134099921526,-0.039544885924991904,-2.657589213996534,extraction,0,-5,500
extraction_electrons,70,0.007,100011,100011,100011,100011,1.0,1.0,9.976976528033545,10.046140700226378,12.62678687418918,25.687935805086347,26.559252081130346,3.550980572720251,14.5494417225004,-0.06454657643773219,-1.2611370025075581,-0.04396510136857291,-1.2171719011389852,extraction,0,-5,100
extraction_electrons,70,0.007,100011,100011,100011,100011,1.0,1.0,9.976976528033545,10.046140700226378,12.755240512143486,26.966572465544523,27.84675273419266,7.287849841004377,32.953707216809796,-0.06454657643773219,-2.4592647426805945,-0.04396510136857291,-2.4152996413120214,extraction,0,-5,500
extraction_electrons,80,0.008,100011,100011,100011,100011,1.0,1.0,9.976976528033545,10.01390666330663,12.99521999591019,29.771730782430915,30.25208548297085,3.631873572373723,12.6281863003179,-0.06454657643773219,-1.188065725892476,-0.05281894979288141,-1.1352467760995946,extraction,0,-5,100
extraction_electrons,80,0.008,100011,100011,100011,100011,1.0,1.0,9.976976528033545,10.01390666330663,11.992049701842612,19.75395921937615,20.19723278036254,6.487401815158166,29.225921462729204,-0.06454657643773219,-2.2030989686718896,-0.05281894979288141,-2.150280018879008,extraction,0,-5,500
extraction_electrons,85,0.0085,100011,100011,100011,100011,1.0,1.0,9.976976528033545,10.001111878991024,12.807871469931634,28.064475479338146,28.374276855756598,3.381099603625475,11.911195732149798,-0.06454657643773219,-1.1359418605403329,-0.05670683944676668,-1.0792350210935662,extraction,0,-5,100
extraction_electrons,85,0.0085,100011,100011,100011,100011,1.0,1.0,9.976976528033545,10.001111878991024,11.664211183451755,16.629144085012637,16.91128219734084,6.094020207068982,28.319528077833702,-0.06454657643773219,-2.0020201542430076,-0.05670683944676668,-1.945313314796241,extraction,0,-5,500
extraction_electrons,90,0.009000000000000001,100011,100011,100011,100011,1.0,1.0,9.976976528033545,9.991049954445854,12.451424594008369,24.625786586801013,24.801582513721087,3.0052582451396845,10.420707088270499,-0.06454657643773219,-1.077309698605579,-0.05994784418572457,-1.0173618544198544,extraction,0,-5,100
extraction_electrons,90,0.009000000000000001,100011,100011,100011,100011,1.0,1.0,9.976976528033545,9.991049954445854,11.447403694920828,14.576583513396614,14.738204131839371,5.7076450275332435,27.553850600021004,-0.06454657643773219,-1.8599828874421902,-0.05994784418572457,-1.8000350432564656,extraction,0,-5,500
extraction_electrons,95,0.0095,100011,100011,100011,100011,1.0,1.0,9.976976528033545,9.98397018729801,11.985565898450279,20.048093830436088,20.132245122286818,2.5694049550641767,9.7089917526691,-0.06454657643773219,-1.0142912213387882,-0.06240169723801961,-0.9518895241007687,extraction,0,-5,100
extraction_electrons,95,0.0095,100011,100011,100011,100011,1.0,1.0,9.976976528033545,9.98397018729801,11.276702467977529,12.948078333849434,13.02725265807716,5.345400330083725,26.337981810224896,-0.06454657643773219,-1.7730959620728886,-0.06240169723801961,-1.7106942648348689,extraction,0,-5,500
extraction_electrons,105,0.0105,100011,100011,100011,100011,1.0,1.0,9.976976528033545,9.978417621467251,10.935721481189011,9.59374417905947,9.60957410756218,1.7750899133487181,7.7728883932321,-0.06454657643773219,-0.8830886354057635,-0.06472726473355654,-0.818361370672207,extraction,0,-5,100
extraction_electrons,105,0.0105,100011,100011,100011,100011,1.0,1.0,9.976976528033545,9.978417621467251,10.907882500994457,9.314752246163604,9.330541876541766,4.789161788683516,23.803825448531,-0.06454657643773219,-1.6734636677012409,-0.06472726473355654,-1.6087364029676843,extraction,0,-5,500
extraction_electrons,110,0.011000000000000001,100011,100011,100011,100011,1.0,1.0,9.976976528033545,9.979086419047203,10.438341292418142,4.602173526570064,4.624294375036819,1.5243479784933134,6.8358300220696,-0.06454657643773219,-0.8188135391272696,-0.06465484436850952,-0.7541586947587601,extraction,0,-5,100
extraction_electrons,110,0.011000000000000001,100011,100011,100011,100011,1.0,1.0,9.976976528033545,9.979086419047203,10.79849506907254,8.21125918361949,8.234143267057647,4.58631969345888,21.186006152839997,-0.06454657643773219,-1.6205977138929824,-0.06465484436850952,-1.5559428695244728,extraction,0,-5,500
extraction_electrons,115,0.0115,100011,100011,100011,100011,1.0,1.0,9.976976528033545,9.981173068097934,10.003531387300765,0.2240049245743725,0.26616138859909544,1.3962695039869424,7.976063513797699,-0.06454657643773219,-0.7574281350020152,-0.06389322124682822,-0.6935349137551869,extraction,0,-5,100
extraction_electrons,115,0.0115,100011,100011,100011,100011,1.0,1.0,9.976976528033545,9.981173068097934,10.590298111573757,6.102740021838948,6.147369213677978,4.380206656931369,21.314085123498593,-0.06454657643773219,-1.5662335537755605,-0.06389322124682822,-1.5023403325287323,extraction,0,-5,500
extraction_electrons,120,0.012,100011,100011,100011,100011,1.0,1.0,9.976976528033545,9.983968697546004,9.65291324728493,-3.315870274537669,-3.248111086941552,1.3555699624220436,8.321037752740601,-0.06454657643773219,-0.6997691695418472,-0.06259867974540383,-0.6371704897964434,extraction,0,-5,100
extraction_electrons,120,0.012,100011,100011,100011,100011,1.0,1.0,9.976976528033545,9.983968697546004,10.422296316828437,4.3903144386878035,4.463474355618868,4.154912843968472,19.904072568941203,-0.06454657643773219,-1.5132140050449796,-0.06259867974540383,-1.4506153252995757,extraction,0,-5,500
extraction_electrons,130,0.013000000000000001,100011,100011,100011,100011,1.0,1.0,9.976976528033545,9.989420306597356,9.248690660567284,-7.415141452611307,-7.299665037999292,1.3293673132526596,6.6789057655183,-0.06454657643773219,-0.6004115249158684,-0.0591545020552777,-0.5412570228605906,extraction,0,-5,100
extraction_electrons,130,0.013000000000000001,100011,100011,100011,100011,1.0,1.0,9.976976528033545,9.989420306597356,10.250113531224745,2.609693221689935,2.73767310591273,3.7081762136435645,19.258602861809198,-0.06454657643773219,-1.3010264920500063,-0.0591545020552777,-1.2418719899947286,extraction,0,-5,500
extraction_electrons,135,0.0135,100011,100011,100011,100011,1.0,1.0,9.976976528033545,9.991394031868447,9.194903456606648,-7.971766229230093,-7.8387783035212095,1.281950588268069,6.360247676874899,-0.06454657643773219,-0.5600351200849087,-0.05738779576064037,-0.5026473243242684,extraction,0,-5,100
extraction_electrons,135,0.0135,100011,100011,100011,100011,1.0,1.0,9.976976528033545,9.991394031868447,10.217211672762712,2.2601214622704147,2.4078952581891855,3.529610665760054,16.5242787177391,-0.06454657643773219,-1.2432635516435524,-0.05738779576064037,-1.185875755882912,extraction,0,-5,500
extraction_electrons,140,0.014,100011,100011,100011,100011,1.0,1.0,9.976976528033545,9.992707950941261,9.22603841665115,-7.672290014418914,-7.526710213985077,1.2026816216220586,6.584282458837899,-0.06454657643773219,-0.5259126112490581,-0.05582361312691869,-0.4700889981221394,extraction,0,-5,100
extraction_electrons,140,0.014,100011,100011,100011,100011,1.0,1.0,9.976976528033545,9.992707950941261,10.213831476143017,2.212848872271178,2.3740152885390886,3.3654344915070706,17.103407561372,-0.06454657643773219,-1.2049593572080557,-0.05582361312691869,-1.149135744081137,extraction,0,-5,500
extraction_electrons,145,0.0145,100011,100011,100011,100011,1.0,1.0,9.976976528033545,9.993398079354549,9.323623266493758,-6.702172849938648,-6.548609788787008,1.1005246316671076,6.402986684252898,-0.06454657643773219,-0.4982395420109175,-0.0545996320291865,-0.44363990998173103,extraction,0,-5,100
extraction_electrons,145,0.0145,100011,100011,100011,100011,1.0,1.0,9.976976528033545,9.993398079354549,10.205530701704465,2.122727631436616,2.2908159904829306,3.2179642340961485,17.0195475535505,-0.06454657643773219,-1.1743768314491452,-0.0545996320291865,-1.1197771994199586,extraction,0,-5,500
extraction_electrons,155,0.0155,100011,100011,100011,100011,1.0,1.0,9.976976528033545,9.993253803922219,9.630936645894202,-3.625617492931199,-3.468384246139411,0.8855466295102935,5.329398495487599,-0.06454657643773219,-0.4602075018642493,-0.05351635218953529,-0.406691149674714,extraction,0,-5,100
extraction_electrons,155,0.0155,100011,100011,100011,100011,1.0,1.0,9.976976528033545,9.993253803922219,10.187739550512012,1.9461703906034966,2.112493919237557,2.9530182938667955,15.887907884272,-0.06454657643773219,-1.1401623760120871,-0.05351635218953529,-1.086646023822552,extraction,0,-5,500
extraction_electrons,160,0.016,100011,100011,100011,100011,1.0,1.0,9.976976528033545,9.992567340840782,9.797917682756943,-1.9479444215330322,-1.7947205225298246,0.8018656566119181,5.5748194239964,-0.06454657643773219,-0.4484177082655782,-0.053714974405666284,-0.3947027338599119,extraction,0,-5,100
extraction_electrons,160,0.016,100011,100011,100011,100011,1.0,1.0,9.976976528033545,9.992567340840782,10.201966500586527,2.095549147714082,2.2550917296517703,2.8015918785267386,15.350492525996499,-0.06454657643773219,-1.0665086983669538,-0.053714974405666284,-1.0127937239612876,extraction,0,-5,500
extraction_electrons,165,0.0165,100011,100011,100011,100011,1.0,1.0,9.976976528033545,9.991525918651938,9.950124006749153,-0.4143702597567911,-0.26914487779881036,0.7451628216924477,5.6358941334278,-0.06454657643773219,-0.440476445499224,-0.05437154972565724,-0.38610489577356677,extraction,0,-5,100
extraction_electrons,165,0.0165,100011,100011,100011,100011,1.0,1.0,9.976976528033545,9.991525918651938,10.289614649718875,2.983415481217655,3.1335958424566046,2.6738899613955587,14.4510960363392,-0.06454657643773219,-1.042477766955559,-0.05437154972565724,-0.9881062172299017,extraction,0,-5,500
extraction_electrons,170,0.017,100011,100011,100011,100011,1.0,1.0,9.976976528033545,9.990155206334471,10.075060154630469,0.849886178366499,0.9830997028140498,0.7133702110807458,5.1167366494332,-0.06454657643773219,-0.4353856264524432,-0.05541143790633976,-0.37997418854610343,extraction,0,-5,100
extraction_electrons,170,0.017,100011,100011,100011,100011,1.0,1.0,9.976976528033545,9.990155206334471,10.258757425295142,2.6886691288875886,2.824311518322653,2.551426188479361,13.755090053581394,-0.06454657643773219,-1.0223784747007578,-0.05541143790633976,-0.9669670367944181,extraction,0,-5,500
extraction_electrons,175,0.0175,100011,100011,100011,100011,1.0,1.0,9.976976528033545,9.988497113908272,10.165232355884898,1.7693877263130542,1.8869025833867292,0.6973988542032148,4.1409210289798,-0.06454657643773219,-0.43221643937930454,-0.05673173698487629,-0.37548470239442827,extraction,0,-5,100
extraction_electrons,175,0.0175,100011,100011,100011,100011,1.0,1.0,9.976976528033545,9.988497113908272,10.259318978059532,2.7113374621108965,2.829940004696363,2.489418622792011,13.912520700131903,-0.06454657643773219,-1.047003047198552,-0.05673173698487629,-0.9902713102136758,extraction,0,-5,500
extraction_electrons,180,0.018000000000000002,100011,100011,100011,100011,1.0,1.0,9.976976528033545,9.986629083317947,10.217668170835553,2.313484215645323,2.412470773342079,0.686375511995502,4.0610530195164,-0.06454657643773219,-0.4299730079416906,-0.058211921773562304,-0.37176108616812825,extraction,0,-5,100
extraction_electrons,180,0.018000000000000002,100011,100011,100011,100011,1.0,1.0,9.976976528033545,9.986629083317947,10.238745693742636,2.524541647850276,2.623732400026868,2.412461544453566,13.340007652399597,-0.06454657643773219,-1.066912262246454,-0.058211921773562304,-1.0087003404728916,extraction,0,-5,500
extraction_electrons,185,0.018500000000000003,100011,100011,100011,100011,1.0,1.0,9.976976528033545,9.984669351225493,10.233302180885754,2.4901458517476494,2.5691716536766496,0.6721827065042808,4.2211395190113,-0.06454657643773219,-0.42801902754340015,-0.05972526356537448,-0.36829376397802566,extraction,0,-5,100
extraction_electrons,185,0.018500000000000003,100011,100011,100011,100011,1.0,1.0,9.976976528033545,9.984669351225493,10.16694336643795,1.8255388215743462,1.9040521732273552,2.2913275301622273,13.0997000903347,-0.06454657643773219,-0.9904396622729852,-0.05972526356537448,-0.9307143987076107,extraction,0,-5,500
extraction_electrons,190,0.019,100011,100011,100011,100011,1.0,1.0,9.976976528033545,9.982765829565528,10.216582719531523,2.342205496531924,2.4015912117737015,0.6510231844314824,4.0255735353427,-0.06454657643773219,-0.4256800860269317,-0.06115003600380318,-0.3645300500231285,extraction,0,-5,100
extraction_electrons,190,0.019,100011,100011,100011,100011,1.0,1.0,9.976976528033545,9.982765829565528,10.176745178975164,1.9431423387207492,2.002296491129396,2.1977706763430422,11.756079895607197,-0.06454657643773219,-0.9505467654223372,-0.06115003600380318,-0.889396729418534,extraction,0,-5,500
extraction_electrons,195,0.0195,100011,100011,100011,100011,1.0,1.0,9.976976528033545,9.981072359455062,10.174361315866614,1.9365550058200842,1.9784028485829719,0.6232861930311133,4.354922079191899,-0.06454657643773219,-0.4225467597859911,-0.06237958463604749,-0.3601671751499436,extraction,0,-5,100
extraction_electrons,195,0.0195,100011,100011,100011,100011,1.0,1.0,9.976976528033545,9.981072359455062,10.164051190240052,1.8332582331361813,1.8750636696484246,2.1192865922213087,12.4402833480849,-0.06454657643773219,-0.9307338701569065,-0.06237958463604749,-0.8683542855208589,extraction,0,-5,500
extraction_electrons,205,0.0205,100011,100011,100011,100011,1.0,1.0,9.976976528033545,9.978793769134077,10.04737601041274,0.6872798743551511,0.7056194046501485,0.5625441997931285,4.057572278264301,-0.06454657643773219,-0.4131642187084605,-0.06394820825308219,-0.3492160104553783,extraction,0,-5,100
extraction_electrons,205,0.0205,100011,100011,100011,100011,1.0,1.0,9.976976528033545,9.978793769134077,10.070253718833648,0.9165431395372625,0.934924428638384,1.9670538792501733,11.4622210499851,-0.06454657643773219,-0.9252814383237848,-0.06394820825308219,-0.8613332300707026,extraction,0,-5,500
extraction_electrons,210,0.021,100011,100011,100011,100011,1.0,1.0,9.976976528033545,9.978317310482401,9.980044553178056,0.017309959604516756,0.03075105104126674,0.5381693048232445,4.0141950548834,-0.06454657643773219,-0.40689694962962175,-0.06420998893823242,-0.3426869606913893,extraction,0,-5,100
extraction_electrons,210,0.021,100011,100011,100011,100011,1.0,1.0,9.976976528033545,9.978317310482401,10.06290315562191,0.8476964853648239,0.8612491704969694,1.8614999586390828,11.033033634660697,-0.06454657643773219,-0.8579553243271368,-0.06420998893823242,-0.7937453353889045,extraction,0,-5,500
extraction_electrons,215,0.021500000000000002,100011,100011,100011,100011,1.0,1.0,9.976976528033545,9.978255905721651,9.920418327458453,-0.5796361489389557,-0.566887176853359,0.5210635517028326,4.192591067768202,-0.06454657643773219,-0.3997565304964226,-0.06412477846476,-0.3356317520316626,extraction,0,-5,100
extraction_electrons,215,0.021500000000000002,100011,100011,100011,100011,1.0,1.0,9.976976528033545,9.978255905721651,10.055996254716758,0.7790975670460609,0.7920207736400231,1.7804877011234748,10.474804415391297,-0.06454657643773219,-0.839591976950414,-0.06412477846476,-0.775467198485654,extraction,0,-5,500
extraction_electrons,220,0.022000000000000002,100011,100011,100011,100011,1.0,1.0,9.976976528033545,9.978528856991783,9.874056585464128,-1.0469706809982604,-1.0315744682793393,0.5105639175714178,3.9473025520285,-0.06454657643773219,-0.3919273837435716,-0.06373050253679677,-0.3281968812067748,extraction,0,-5,100
extraction_electrons,220,0.022000000000000002,100011,100011,100011,100011,1.0,1.0,9.976976528033545,9.978528856991783,10.036387341281676,0.5798298037626326,0.5954791321919783,1.7481619371318993,10.246704424764602,-0.06454657643773219,-0.8939758583140276,-0.06373050253679677,-0.8302453557772308,extraction,0,-5,500
extraction_electrons,225,0.022500000000000003,100011,100011,100011,100011,1.0,1.0,9.976976528033545,9.979030734490866,9.844512496882569,-1.3480090520550991,-1.3276971312779495,0.5038098549807946,3.504480917285603,-0.06454657643773219,-0.3837251633420895,-0.06308899417347512,-0.32063616916861437,extraction,0,-5,100
extraction_electrons,225,0.022500000000000003,100011,100011,100011,100011,1.0,1.0,9.976976528033545,9.979030734490866,9.994503610720807,0.15505389893690769,0.17567529238957658,1.63729935859949,9.8272196057268,-0.06454657643773219,-0.7820599162182228,-0.06308899417347512,-0.7189709220447477,extraction,0,-5,500
extraction_electrons,230,0.023,100011,100011,100011,100011,1.0,1.0,9.976976528033545,9.979653529108434,9.833061623222068,-1.4689077677776052,-1.4424701151406039,0.49728638748631737,3.3790195590074017,-0.06454657643773219,-0.375439253803016,-0.06227918349475665,-0.3131600703082594,extraction,0,-5,100
extraction_electrons,230,0.023,100011,100011,100011,100011,1.0,1.0,9.976976528033545,9.979653529108434,10.022171674186108,0.4260483087279221,0.4529944119400664,1.5954024186297755,9.0331344074875,-0.06454657643773219,-0.7989008083880045,-0.06227918349475665,-0.7366216248932478,extraction,0,-5,500
extraction_electrons,235,0.0235,100011,100011,100011,100011,1.0,1.0,9.976976528033545,9.980304145783313,9.838959936531742,-1.4162314813951693,-1.3833508690132779,0.4881977997621638,3.4346671168324017,-0.06454657643773219,-0.3672991795809691,-0.061389232634853595,-0.3059099469461155,extraction,0,-5,100
extraction_electrons,235,0.0235,100011,100011,100011,100011,1.0,1.0,9.976976528033545,9.980304145783313,10.03528097374898,0.5508532321522042,0.5843899256614549,1.5555772835700787,9.061092190737002,-0.06454657643773219,-0.8487501526795934,-0.061389232634853595,-0.7873609200447398,extraction,0,-5,500
extraction_electrons,240,0.024,100011,100011,100011,100011,1.0,1.0,9.976976528033545,9.980913799102861,9.859659692749256,-1.2148597692979268,-1.1758756267958415,0.4754169278683684,3.1611861378569994,-0.06454657643773219,-0.3595249330470009,-0.06050835653232767,-0.2990165765146732,extraction,0,-5,100
extraction_electrons,240,0.024,100011,100011,100011,100011,1.0,1.0,9.976976528033545,9.980913799102861,10.0050209353556,0.24153235603441292,0.28109124285553566,1.441506923529257,8.7639877139491,-0.06454657643773219,-0.7585275182555196,-0.06050835653232767,-0.6980191617231919,extraction,0,-5,500
extraction_electrons,245,0.0245,100011,100011,100011,100011,1.0,1.0,9.976976528033545,9.98143887901016,9.891352169919406,-0.9025423106100994,-0.8582195004022464,0.45946306203217524,3.2411822097643004,-0.06454657643773219,-0.3522557612199854,-0.059719054758569125,-0.2925367064614163,extraction,0,-5,100
extraction_electrons,245,0.0245,100011,100011,100011,100011,1.0,1.0,9.976976528033545,9.98143887901016,10.008009081805401,0.26619611778733177,0.31104166362083685,1.3900612692001044,9.232201875384002,-0.06454657643773219,-0.757826369864161,-0.059719054758569125,-0.6981073151055919,extraction,0,-5,500
extraction_electrons,255,0.025500000000000002,100011,100011,100011,100011,1.0,1.0,9.976976528033545,9.98215124946548,9.969464817447777,-0.12709116202163084,-0.07529045061558381,0.4261499053478628,3.5567718256572007,-0.06454657643773219,-0.33951045554013454,-0.058672915624735526,-0.280837539915399,extraction,0,-5,100
extraction_electrons,255,0.025500000000000002,100011,100011,100011,100011,1.0,1.0,9.976976528033545,9.98215124946548,10.0161274645622,0.34036966829709137,0.3924128358791634,1.3051641100744082,8.360767960796199,-0.06454657643773219,-0.7567399073838023,-0.058672915624735526,-0.6980669917590667,extraction,0,-5,500
extraction_electrons,260,0.026000000000000002,100011,100011,100011,100011,1.0,1.0,9.976976528033545,9.9823182760315,10.00687211887353,0.24597335171114842,0.29964579706069916,0.4132721437268304,3.2913625373442983,-0.06454657643773219,-0.3339865133166945,-0.05849535056173674,-0.2754911627549578,extraction,0,-5,100
extraction_electrons,260,0.026000000000000002,100011,100011,100011,100011,1.0,1.0,9.976976528033545,9.9823182760315,10.032031227666131,0.4980100840302537,0.5518174717349833,1.2818716347649763,7.943522276566899,-0.06454657643773219,-0.7709409976278032,-0.05849535056173674,-0.7124456470660665,extraction,0,-5,500
extraction_electrons,265,0.026500000000000003,100011,100011,100011,100011,1.0,1.0,9.976976528033545,9.982349485732211,10.03810522602284,0.5585432604851226,0.6126976225466096,0.40452407518126693,2.9012676720966,-0.06454657643773219,-0.3289171641628216,-0.058563584973070404,-0.27035357918975117,extraction,0,-5,100
extraction_electrons,265,0.026500000000000003,100011,100011,100011,100011,1.0,1.0,9.976976528033545,9.982349485732211,10.017116346623784,0.34828334693415286,0.402324476533078,1.2300627847454435,8.257036345895202,-0.06454657643773219,-0.7277523031876688,-0.058563584973070404,-0.6691887182145984,extraction,0,-5,500
extraction_electrons,270,0.027,100011,100011,100011,100011,1.0,1.0,9.976976528033545,9.982239269222209,10.060601037877833,0.7850119251021415,0.8381748680005296,0.39939265676570174,2.6527023603446995,-0.06454657643773219,-0.3241944463992436,-0.05886156591638664,-0.26533288048285697,extraction,0,-5,100
extraction_electrons,270,0.027,100011,100011,100011,100011,1.0,1.0,9.976976528033545,9.982239269222209,10.006175296376584,0.23978614926789543,0.2926614917956094,1.1867132333939803,7.264805975351499,-0.06454657643773219,-0.6963274198180831,-0.05886156591638664,-0.6374658539016964,extraction,0,-5,500
extraction_electrons,275,0.0275,100011,100011,100011,100011,1.0,1.0,9.976976528033545,9.981987236689665,10.07288767432089,0.9106446990546413,0.9613247662541013,0.3962711799297134,2.8910691735531016,-0.06454657643773219,-0.3197370909535228,-0.0593541074527967,-0.26038298350072614,extraction,0,-5,100
extraction_electrons,275,0.0275,100011,100011,100011,100011,1.0,1.0,9.976976528033545,9.981987236689665,10.009434569779089,0.27496862537088607,0.3253294387767891,1.1553750191451597,8.199447237918799,-0.06454657643773219,-0.684495252836566,-0.0593541074527967,-0.6251411453837693,extraction,0,-5,500
extraction_electrons,280,0.028,100011,100011,100011,100011,1.0,1.0,9.976976528033545,9.981602914485148,10.07464675267124,0.9321532722071035,0.9789561433091398,0.39312270017502726,3.0714948047729997,-0.06454657643773219,-0.315429474644166,-0.05999118277359159,-0.2554382918705744,extraction,0,-5,100
extraction_electrons,280,0.028,100011,100011,100011,100011,1.0,1.0,9.976976528033545,9.981602914485148,10.016041437150374,0.34501996282831904,0.3915505765405447,1.1377204661760907,7.5823051113794,-0.06454657643773219,-0.696282716440274,-0.05999118277359159,-0.6362915336666823,extraction,0,-5,500
extraction_electrons,285,0.0285,100011,100011,100011,100011,1.0,1.0,9.976976528033545,9.981109003631834,10.06664535083372,0.8569823971540824,0.8987574797657549,0.38835369928919666,2.960170153251001,-0.06454657643773219,-0.3111881757091907,-0.06071324237721073,-0.25047493333198,extraction,0,-5,100
extraction_electrons,285,0.0285,100011,100011,100011,100011,1.0,1.0,9.976976528033545,9.981109003631834,10.009113949299529,0.2805794993071764,0.3221158351498943,1.113332375712571,7.6899416560525005,-0.06454657643773219,-0.6971764978544601,-0.06071324237721073,-0.6364632554772494,extraction,0,-5,500
extraction_electrons,290,0.029,100011,100011,100011,100011,1.0,1.0,9.976976528033545,9.98054150571176,10.050530029297303,0.7012497623048786,0.7372323775352685,0.3812096581888891,2.5748774385731004,-0.06454657643773219,-0.30697174324431853,-0.06145702817433113,-0.2455147150699874,extraction,0,-5,100
extraction_electrons,290,0.029,100011,100011,100011,100011,1.0,1.0,9.976976528033545,9.98054150571176,10.000564420168091,0.20061951994161387,0.23642324975174933,1.0808460845945584,6.693616794945502,-0.06454657643773219,-0.6787725284276321,-0.06145702817433113,-0.6173155002533011,extraction,0,-5,500
extraction_electrons,295,0.029500000000000002,100011,100011,100011,100011,1.0,1.0,9.976976528033545,9.97994623388894,10.028565371423896,0.48716833132687043,0.5170789291264466,0.3718899612457126,2.7945832262560004,-0.06454657643773219,-0.30274025424700685,-0.06216134178316961,-0.24057891246383722,extraction,0,-5,100
extraction_electrons,295,0.029500000000000002,100011,100011,100011,100011,1.0,1.0,9.976976528033545,9.97994623388894,9.983798544617603,0.03860051585831137,0.06837759480429195,1.0336974292187815,5.7458110273195,-0.06454657643773219,-0.6491110149667693,-0.06216134178316961,-0.5869496731835997,extraction,0,-5,500
extraction_electrons,5,0.0005,100011,100011,100011,100011,1.0,1.0,9.976976528033545,10.503837084683752,14.10973494532104,34.329339188773744,41.42295419534339,22.565546049002023,61.229065538605994,-0.06454657643773219,-0.15838078546714005,-0.06853502470246389,-0.08984576076467615,extraction,0,5,100
extraction_electrons,5,0.0005,100011,100011,100011,100011,1.0,1.0,9.976976528033545,10.503837084683752,17.344384941297175,65.12427602850028,73.84409888669691,21.653965250489296,121.58591963345552,-0.06454657643773219,-1.1136983461273497,-0.06853502470246389,-1.0451633214248859,extraction,0,5,500
extraction_electrons,10,0.001,100011,100011,100011,100011,1.0,1.0,9.976976528033545,10.48034637552766,13.071411633497847,24.723088008050055,31.01576010296794,21.498289072403697,58.583646552490094,-0.06454657643773219,-0.33503599762245495,-0.059585057627049944,-0.275450939995405,extraction,0,5,100
extraction_electrons,10,0.001,100011,100011,100011,100011,1.0,1.0,9.976976528033545,10.48034637552766,16.529958236300207,57.72339619326716,65.68103763553958,20.283373028492818,110.1929502440033,-0.06454657643773219,-2.151673503846365,-0.059585057627049944,-2.092088446219315,extraction,0,5,500
extraction_electrons,15,0.0015,100011,100011,100011,100011,1.0,1.0,9.976976528033545,10.444325864921339,11.435002533581484,9.485309836870037,14.613906341777415,19.799225669351927,54.7365064652936,-0.06454657643773219,-0.5093522549962936,-0.05108227979524088,-0.45826997520105267,extraction,0,5,100
extraction_electrons,15,0.0015,100011,100011,100011,100011,1.0,1.0,9.976976528033545,10.444325864921339,15.58518653762093,49.221565270821884,56.211518527975926,18.3768022512819,98.07892794313639,-0.06454657643773219,-3.008387382304911,-0.05108227979524088,-2.9573051025096704,extraction,0,5,500
extraction_electrons,20,0.002,100011,100011,100011,100011,1.0,1.0,9.976976528033545,10.399424374433796,9.34860952151888,-10.104548243057243,-6.298170640665179,17.582426416730062,49.6181886273502,-0.06454657643773219,-0.6787883287762738,-0.04344612602799315,-0.6353422027482807,extraction,0,5,100
extraction_electrons,20,0.002,100011,100011,100011,100011,1.0,1.0,9.976976528033545,10.399424374433796,14.751999434930296,41.85399983480798,47.86042037364506,16.34734251516093,90.21241685431619,-0.06454657643773219,-3.645109820792399,-0.04344612602799315,-3.601663694764406,extraction,0,5,500
extraction_electrons,30,0.003,100011,100011,100011,100011,1.0,1.0,9.976976528033545,10.29936640868737,4.990773534141464,-51.54290724202396,-49.977094562483224,12.209553130462098,36.7224852754633,-0.06454657643773219,-0.9887306196720881,-0.0321253986774365,-0.9566052209946516,extraction,0,5,100
extraction_electrons,30,0.003,100011,100011,100011,100011,1.0,1.0,9.976976528033545,10.29936640868737,14.1738934945039,37.619081913120624,42.06602024849673,13.123099618833479,65.530436945413,-0.06454657643773219,-4.163397494286002,-0.0321253986774365,-4.131272095608566,extraction,0,5,500
extraction_electrons,35,0.0035,100011,100011,100011,100011,1.0,1.0,9.976976528033545,10.251372890612101,4.1148816979102465,-59.860189051570536,-58.756225532372916,9.41229108194861,30.230950840693502,-0.06454657643773219,-1.1204187676751425,-0.028889965375214006,-1.0915288022999285,extraction,0,5,100
extraction_electrons,35,0.0035,100011,100011,100011,100011,1.0,1.0,9.976976528033545,10.251372890612101,14.156929759079937,38.09789098633245,41.8959914288809,11.926038366280906,56.8053382572886,-0.06454657643773219,-4.112781303215214,-0.028889965375214006,-4.08389133784,extraction,0,5,500
extraction_electrons,40,0.004,100011,100011,100011,100011,1.0,1.0,9.976976528033545,10.207880448243863,5.088117626896271,-50.15500374740755,-49.00140726401874,6.804631198568051,23.800571175721696,-0.06454657643773219,-1.2308129941101769,-0.027393204606557423,-1.2034197895036194,extraction,0,5,100
extraction_electrons,40,0.004,100011,100011,100011,100011,1.0,1.0,9.976976528033545,10.207880448243863,14.062355895179437,37.75980201255871,40.94807034642906,10.794791905605793,51.276242873251405,-0.06454657643773219,-3.9587113937335023,-0.027393204606557423,-3.931318189126945,extraction,0,5,500
extraction_electrons,45,0.0045000000000000005,100011,100011,100011,100011,1.0,1.0,9.976976528033545,10.169757554060055,6.961549544676656,-31.546553517419806,-30.223855642880082,4.625399258478922,18.745548457030292,-0.06454657643773219,-1.3169072150768555,-0.027587941340502357,-1.289319273736353,extraction,0,5,100
extraction_electrons,45,0.0045000000000000005,100011,100011,100011,100011,1.0,1.0,9.976976528033545,10.169757554060055,13.959977096016631,37.26951721128704,39.92191979996702,9.846012036780568,46.1375810103885,-0.06454657643773219,-3.7282369872311714,-0.027587941340502357,-3.700649045890669,extraction,0,5,500
extraction_electrons,55,0.0055000000000000005,100011,100011,100011,100011,1.0,1.0,9.976976528033545,10.108357073476956,10.564844288382371,4.515938758269433,5.8922435940088835,2.9039419796184593,16.1612467293747,-0.06454657643773219,-1.4104809204599609,-0.03235760020234676,-1.3781233202576142,extraction,0,5,100
extraction_electrons,55,0.0055000000000000005,100011,100011,100011,100011,1.0,1.0,9.976976528033545,10.108357073476956,13.578728231947348,34.33170329505084,36.100633230854214,8.653361305216047,42.9074865951556,-0.06454657643773219,-3.2743829216025038,-0.03235760020234676,-3.242025321400157,extraction,0,5,500
extraction_electrons,60,0.006,100011,100011,100011,100011,1.0,1.0,9.976976528033545,10.083273054492143,11.852036576868112,17.541561284884356,18.793870503413324,3.3058339768841414,15.894551466628002,-0.06454657643773219,-1.4187841298585488,-0.036382488728186294,-1.3824016411303626,extraction,0,5,100
extraction_electrons,60,0.006,100011,100011,100011,100011,1.0,1.0,9.976976528033545,10.083273054492143,13.469569012343497,33.58330117166415,35.006522010915674,8.214031767270669,40.3894545866094,-0.06454657643773219,-2.990904880885758,-0.036382488728186294,-2.9545223921575716,extraction,0,5,500
extraction_electrons,65,0.006500000000000001,100011,100011,100011,100011,1.0,1.0,9.976976528033545,10.060772822807754,12.723712006297584,26.46853507568474,27.530740104942588,3.771455938011895,15.590824651842398,-0.06454657643773219,-1.404050922968103,-0.04104465517625516,-1.363006267791848,extraction,0,5,100
extraction_electrons,65,0.006500000000000001,100011,100011,100011,100011,1.0,1.0,9.976976528033545,10.060772822807754,13.144142569856681,30.647444300292047,31.74474784945076,7.806481598125867,35.86213447587849,-0.06454657643773219,-2.832089871070212,-0.04104465517625516,-2.7910452158939565,extraction,0,5,500
extraction_electrons,70,0.007,100011,100011,100011,100011,1.0,1.0,9.976976528033545,10.040445575254989,13.195040595334733,31.418874754466565,32.254902657723974,4.021971063962602,14.7728036532435,-0.06454657643773219,-1.370044392465898,-0.04597492616921846,-1.3240694662966797,extraction,0,5,100
extraction_electrons,70,0.007,100011,100011,100011,100011,1.0,1.0,9.976976528033545,10.040445575254989,12.762882953967729,27.114706795705136,27.923353514025795,7.37700842695814,32.4135913415031,-0.06454657643773219,-2.5767972183125782,-0.04597492616921846,-2.53082229214336,extraction,0,5,500
extraction_electrons,80,0.008,100011,100011,100011,100011,1.0,1.0,9.976976528033545,10.006853485469941,13.141656857572192,31.326564105830258,31.71983336481201,3.756065541705421,12.9954308203098,-0.06454657643773219,-1.2581509545503855,-0.05524481001824551,-1.20290614453214,extraction,0,5,100
extraction_electrons,80,0.008,100011,100011,100011,100011,1.0,1.0,9.976976528033545,10.006853485469941,11.910654806150164,19.024974468193868,19.38140550579952,6.5219692130323255,29.3464319413532,-0.06454657643773219,-2.2844527331927598,-0.05524481001824551,-2.2292079231745143,extraction,0,5,500
extraction_electrons,85,0.0085,100011,100011,100011,100011,1.0,1.0,9.976976528033545,9.994489770973216,12.756274682219537,27.63307556997372,27.85711830008475,3.3420393304913945,11.4759531805682,-0.06454657643773219,-1.1876697756314478,-0.05899993787699839,-1.1286698377544495,extraction,0,5,100
extraction_electrons,85,0.0085,100011,100011,100011,100011,1.0,1.0,9.976976528033545,9.994489770973216,11.587334812302494,15.93723219323655,16.14074444040363,6.106569586844525,28.2296391646692,-0.06454657643773219,-2.0740747402841038,-0.05899993787699839,-2.0150748024071055,extraction,0,5,500
extraction_electrons,90,0.009000000000000001,100011,100011,100011,100011,1.0,1.0,9.976976528033545,9.98563537787454,12.229920956286403,22.475140474131372,22.581434585141924,2.843350999990304,10.1188302775022,-0.06454657643773219,-1.112082727727332,-0.061891398253409224,-1.0501913294739227,extraction,0,5,100
extraction_electrons,90,0.009000000000000001,100011,100011,100011,100011,1.0,1.0,9.976976528033545,9.98563537787454,11.3786951772589,13.950637557535916,14.049533396082193,5.694052936194319,27.630190761726,-0.06454657643773219,-1.934029533255703,-0.061891398253409224,-1.8721381350022936,extraction,0,5,500
extraction_electrons,95,0.0095,100011,100011,100011,100011,1.0,1.0,9.976976528033545,9.980366331309533,11.631749239994829,16.546315574657022,16.58591365141198,2.3438291102850664,9.4736573902087,-0.06454657643773219,-1.0338873198499379,-0.0638129072304667,-0.9700744126194711,extraction,0,5,100
extraction_electrons,95,0.0095,100011,100011,100011,100011,1.0,1.0,9.976976528033545,9.980366331309533,11.190571842932874,12.125862633186024,12.163958805449138,5.339084627484795,25.5239219440218,-0.06454657643773219,-1.8548392825815578,-0.0638129072304667,-1.791026375351091,extraction,0,5,500
extraction_electrons,105,0.0105,100011,100011,100011,100011,1.0,1.0,9.976976528033545,9.979008718304144,10.449467546254677,4.7144845869067975,4.735813669537214,1.643435232726551,7.205674792378799,-0.06454657643773219,-0.8804866601200863,-0.06474284610973924,-0.815743814010347,extraction,0,5,100
extraction_electrons,105,0.0105,100011,100011,100011,100011,1.0,1.0,9.976976528033545,9.979008718304144,10.857592633530277,8.804320549540945,8.826482682627912,4.83439350881522,23.916153079707698,-0.06454657643773219,-1.741121966261237,-0.06474284610973924,-1.6763791201514977,extraction,0,5,500
extraction_electrons,110,0.011000000000000001,100011,100011,100011,100011,1.0,1.0,9.976976528033545,9.981410031723623,9.952297727879964,-0.2916652431984246,-0.24735750439260906,1.513610936442117,8.523297739839,-0.06454657643773219,-0.8086950194303196,-0.06394044266783688,-0.7447545767624828,extraction,0,5,100
extraction_electrons,110,0.011000000000000001,100011,100011,100011,100011,1.0,1.0,9.976976528033545,9.981410031723623,10.723142092719444,7.431135066472527,7.478874612857966,4.626243658558797,24.0773553955777,-0.06454657643773219,-1.6869654210330436,-0.06394044266783688,-1.6230249783652066,extraction,0,5,500
extraction_electrons,115,0.0115,100011,100011,100011,100011,1.0,1.0,9.976976528033545,9.984682776855475,9.557086766120015,-4.2825197383999924,-4.2085872481880005,1.4846712271288025,8.8749885339396,-0.06454657643773219,-0.7426435551487729,-0.06251975611871596,-0.6801237990300569,extraction,0,5,100
extraction_electrons,115,0.0115,100011,100011,100011,100011,1.0,1.0,9.976976528033545,9.984682776855475,10.505363769543917,5.214797548655059,5.296065797345495,4.414824240012168,21.9715500441538,-0.06454657643773219,-1.6155952159956166,-0.06251975611871596,-1.5530754598769008,extraction,0,5,500
extraction_electrons,120,0.012,100011,100011,100011,100011,1.0,1.0,9.976976528033545,9.988054438999248,9.280225789600921,-7.086752016834696,-6.983586024031196,1.4846332404364877,8.294214511184698,-0.06454657643773219,-0.6834699501717104,-0.06069899799856045,-0.6227709521731499,extraction,0,5,100
extraction_electrons,120,0.012,100011,100011,100011,100011,1.0,1.0,9.976976528033545,9.988054438999248,10.36921854872381,3.8161997619503563,3.931471820026178,4.178912279268247,19.5023650494048,-0.06454657643773219,-1.5333750576750667,-0.06069899799856045,-1.4726760596765063,extraction,0,5,500
extraction_electrons,130,0.013000000000000001,100011,100011,100011,100011,1.0,1.0,9.976976528033545,9.993162234413735,9.087177816092751,-9.066043331119145,-8.918520650425666,1.4029497709546424,6.881236538411,-0.06454657643773219,-0.5878743148606522,-0.0567787281191074,-0.5310955867415448,extraction,0,5,100
extraction_electrons,130,0.013000000000000001,100011,100011,100011,100011,1.0,1.0,9.976976528033545,9.993162234413735,10.255059937522862,2.6207690515342996,2.787251315144945,3.7161869442168447,17.953823041608405,-0.06454657643773219,-1.3108487823823483,-0.0567787281191074,-1.2540700542632408,extraction,0,5,500
extraction_electrons,135,0.0135,100011,100011,100011,100011,1.0,1.0,9.976976528033545,9.994532318113231,9.147110619926904,-8.478852948932214,-8.317809566604307,1.3036029755233562,6.872609398481999,-0.06454657643773219,-0.5519619805811656,-0.05510413321970555,-0.4968578473614601,extraction,0,5,100
extraction_electrons,135,0.0135,100011,100011,100011,100011,1.0,1.0,9.976976528033545,9.994532318113231,10.268750631969256,2.7436832973070313,2.9244741943200703,3.54930281184405,18.796656431974398,-0.06454657643773219,-1.2748585191380684,-0.05510413321970555,-1.2197543859183628,extraction,0,5,500
extraction_electrons,140,0.014,100011,100011,100011,100011,1.0,1.0,9.976976528033545,9.99515436418559,9.28114987698053,-7.1435063550740585,-6.9743238254381446,1.1801203812446326,6.895001450807101,-0.06454657643773219,-0.523754601495594,-0.05384521193123278,-0.4699093895643613,extraction,0,5,100
extraction_electrons,140,0.014,100011,100011,100011,100011,1.0,1.0,9.976976528033545,9.99515436418559,10.26166132384864,2.6663616183657313,2.853417515969703,3.389141666923067,18.434963936207794,-0.06454657643773219,-1.25911295381309,-0.05384521193123278,-1.2052677418818574,extraction,0,5,500
extraction_electrons,145,0.0145,100011,100011,100011,100011,1.0,1.0,9.976976528033545,9.995148749737286,9.461329903325513,-5.340779409869246,-5.168365619174864,1.0518703342379503,6.3633551374195,-0.06454657643773219,-0.5024232324775799,-0.05310900736346294,-0.449314225114117,extraction,0,5,100
extraction_electrons,145,0.0145,100011,100011,100011,100011,1.0,1.0,9.976976528033545,9.995148749737286,10.259548865623904,2.6452844525557184,2.8322441853639857,3.225576790381693,17.334077606743,-0.06454657643773219,-1.2234279734562985,-0.05310900736346294,-1.1703189660928355,extraction,0,5,500
extraction_electrons,155,0.0155,100011,100011,100011,100011,1.0,1.0,9.976976528033545,9.993654455619359,9.852020304634863,-1.4172408263010916,-1.2524457990612414,0.854243040357248,6.049728707438301,-0.06454657643773219,-0.47727257993571637,-0.0533461597578079,-0.4239264201779085,extraction,0,5,100
extraction_electrons,155,0.0155,100011,100011,100011,100011,1.0,1.0,9.976976528033545,9.993654455619359,10.266832859824994,2.7335186084208596,2.9052522172123396,2.957367191217522,15.4314658144266,-0.06454657643773219,-1.1697015780247395,-0.0533461597578079,-1.1163554182669315,extraction,0,5,500
extraction_electrons,160,0.016,100011,100011,100011,100011,1.0,1.0,9.976976528033545,9.99227412296508,10.01906368268528,0.26810273007453755,0.42184277504790924,0.8029980531540434,5.838880940254301,-0.06454657643773219,-0.4711296346546757,-0.05425130143607345,-0.4168783332186023,extraction,0,5,100
extraction_electrons,160,0.016,100011,100011,100011,100011,1.0,1.0,9.976976528033545,9.99227412296508,10.28905990996489,2.970152573353757,3.1280356434080447,2.8017624907310212,15.397497777174898,-0.06454657643773219,-1.0991332238359866,-0.05425130143607345,-1.044881922399913,extraction,0,5,500
extraction_electrons,165,0.0165,100011,100011,100011,100011,1.0,1.0,9.976976528033545,9.990520098692448,10.147927798781701,1.575570626296563,1.7134576819722191,0.7770070890823728,5.009045182346,-0.06454657643773219,-0.467569539109492,-0.05555684472411002,-0.41201269438538196,extraction,0,5,100
extraction_electrons,165,0.0165,100011,100011,100011,100011,1.0,1.0,9.976976528033545,9.990520098692448,10.339280352029995,3.490911883388259,3.6313989812288394,2.680985173869258,14.654344831410201,-0.06454657643773219,-1.089731661343701,-0.05555684472411002,-1.034174816619591,extraction,0,5,500
extraction_electrons,170,0.017,100011,100011,100011,100011,1.0,1.0,9.976976528033545,9.988460242130648,10.231941435166014,2.4376248904548703,2.5555327950914197,0.762803274056821,4.305784270296099,-0.06454657643773219,-0.46546895966390434,-0.05712807001986459,-0.40834088964403975,extraction,0,5,100
extraction_electrons,170,0.017,100011,100011,100011,100011,1.0,1.0,9.976976528033545,9.988460242130648,10.29991277074228,3.1181235251650286,3.236814698334123,2.5986540181120117,14.3870240640676,-0.06454657643773219,-1.0967089356092647,-0.05712807001986459,-1.0395808655894,extraction,0,5,500
extraction_electrons,175,0.0175,100011,100011,100011,100011,1.0,1.0,9.976976528033545,9.986215431816738,10.27016878661162,2.8434531252969686,2.9386884669344138,0.7483789292526237,4.466992998245101,-0.06454657643773219,-0.46394842676177533,-0.05881385806748917,-0.40513456869428616,extraction,0,5,100
extraction_electrons,175,0.0175,100011,100011,100011,100011,1.0,1.0,9.976976528033545,9.986215431816738,10.272657392696273,2.868373537856095,2.9636319563538738,2.5249568829733176,13.3348573818628,-0.06454657643773219,-1.124024190786778,-0.05881385806748917,-1.065210332719289,extraction,0,5,500
extraction_electrons,180,0.018000000000000002,100011,100011,100011,100011,1.0,1.0,9.976976528033545,9.983957366678924,10.266360141258058,2.8285655097210594,2.9005141228046094,0.72672101496218,4.342900926792299,-0.06454657643773219,-0.46210205164070445,-0.060461731055965695,-0.40164032058473875,extraction,0,5,100
extraction_electrons,180,0.018000000000000002,100011,100011,100011,100011,1.0,1.0,9.976976528033545,9.983957366678924,10.22501060222722,2.4144056980131223,2.4860645256280067,2.4287045650441432,12.9796720131327,-0.06454657643773219,-1.0924033030344829,-0.060461731055965695,-1.0319415719785172,extraction,0,5,500
extraction_electrons,185,0.018500000000000003,100011,100011,100011,100011,1.0,1.0,9.976976528033545,9.981883598805426,10.228163663848278,2.4672704565732007,2.5176679037877125,0.6965457697653413,4.4950087997253,-0.06454657643773219,-0.4593528406612107,-0.06193205894248308,-0.3974207817187276,extraction,0,5,100
extraction_electrons,185,0.018500000000000003,100011,100011,100011,100011,1.0,1.0,9.976976528033545,9.981883598805426,10.16682074529228,1.8527279411371556,1.902823132091247,2.305360879781272,12.896782743594002,-0.06454657643773219,-1.0095754958057257,-0.06193205894248308,-0.9476434368632426,extraction,0,5,500
extraction_electrons,190,0.019,100011,100011,100011,100011,1.0,1.0,9.976976528033545,9.980178909417319,10.165365707374729,1.8555458738586994,1.8882391755843386,0.6606532779680632,4.668697381882398,-0.06454657643773219,-0.4552419060705231,-0.06311019385741758,-0.39213171221310555,extraction,0,5,100
extraction_electrons,190,0.019,100011,100011,100011,100011,1.0,1.0,9.976976528033545,9.980178909417319,10.175630859550596,1.958401266222265,1.9911275821774987,2.2092369846643622,12.580229241530299,-0.06454657643773219,-0.9786736975422187,-0.06311019385741758,-0.9155635036848011,extraction,0,5,500
extraction_electrons,195,0.0195,100011,100011,100011,100011,1.0,1.0,9.976976528033545,9.978976600524524,10.088972797390163,1.1022793345347504,1.122547186935119,0.6243094661391468,4.3743772428708,-0.06454657643773219,-0.44964574853701134,-0.06391555131788666,-0.38573019721912466,extraction,0,5,100
extraction_electrons,195,0.0195,100011,100011,100011,100011,1.0,1.0,9.976976528033545,9.978976600524524,10.13437219605271,1.5572297816593528,1.577588837428956,2.136104000494333,12.3107632648056,-0.06454657643773219,-0.9763685001271958,-0.06391555131788666,-0.9124529488093092,extraction,0,5,500
extraction_electrons,205,0.0205,100011,100011,100011,100011,1.0,1.0,9.976976528033545,9.97821859827181,9.938135996666182,-0.4017009770919566,-0.38930162116977973,0.5698517444453236,4.3954742860172,-0.06454657643773219,-0.4343271560248854,-0.06428420831128952,-0.3700429477135959,extraction,0,5,100
extraction_electrons,205,0.0205,100011,100011,100011,100011,1.0,1.0,9.976976528033545,9.97821859827181,10.043927940456731,0.6585277876784534,0.6710591353509265,1.9682916992965025,11.517047601091598,-0.06454657643773219,-0.9171427947642459,-0.06428420831128952,-0.8528585864529563,extraction,0,5,500
extraction_electrons,210,0.021,100011,100011,100011,100011,1.0,1.0,9.976976528033545,9.978538259664282,9.880982700760647,-0.9776538042448379,-0.9621534841058432,0.5550308641889156,4.279127263997601,-0.06454657643773219,-0.42515634701315336,-0.06388528303863543,-0.3612710639745179,extraction,0,5,100
extraction_electrons,210,0.021,100011,100011,100011,100011,1.0,1.0,9.976976528033545,9.978538259664282,10.061723343764472,0.8336399774748982,0.8494238258735409,1.8716027546107064,11.835942202891701,-0.06454657643773219,-0.8757732238098668,-0.06388528303863543,-0.8118879407712314,extraction,0,5,500
extraction_electrons,215,0.021500000000000002,100011,100011,100011,100011,1.0,1.0,9.976976528033545,9.97915389996088,9.843438035798306,-1.359993698094042,-1.338466537031724,0.5454664815059296,3.7256375611671,-0.06454657643773219,-0.4154446000106945,-0.063180771714796,-0.35226382829589853,extraction,0,5,100
extraction_electrons,215,0.021500000000000002,100011,100011,100011,100011,1.0,1.0,9.976976528033545,9.97915389996088,10.053042767960504,0.7404321923516477,0.7624177496381446,1.8221925669297938,10.2205497307426,-0.06454657643773219,-0.9010097497582247,-0.063180771714796,-0.8378289780434287,extraction,0,5,500
extraction_electrons,220,0.022000000000000002,100011,100011,100011,100011,1.0,1.0,9.976976528033545,9.979920109996616,9.827444407055216,-1.52782488497748,-1.4987719030727376,0.5369814045476774,3.5238773339000993,-0.06454657643773219,-0.40554477132841077,-0.06226515798412934,-0.3432796133442814,extraction,0,5,100
extraction_electrons,220,0.022000000000000002,100011,100011,100011,100011,1.0,1.0,9.976976528033545,9.979920109996616,10.021524748434715,0.4168834818269129,0.44651022557782305,1.761748662626727,10.909121962859901,-0.06454657643773219,-0.8927145663036788,-0.06226515798412934,-0.8304494083195495,extraction,0,5,500
extraction_electrons,225,0.022500000000000003,100011,100011,100011,100011,1.0,1.0,9.976976528033545,9.980710809651475,9.8322320758999,-1.4876569072414636,-1.4507847314959466,0.5260777491302085,3.6005052899693997,-0.06454657643773219,-0.3958257777865209,-0.061246570842208185,-0.3345792069443127,extraction,0,5,100
extraction_electrons,225,0.022500000000000003,100011,100011,100011,100011,1.0,1.0,9.976976528033545,9.980710809651475,10.023429990292772,0.4280174173565632,0.46560661066707976,1.6535539462921307,10.478326078279101,-0.06454657643773219,-0.8051254564720058,-0.061246570842208185,-0.7438788856297976,extraction,0,5,500
extraction_electrons,230,0.023,100011,100011,100011,100011,1.0,1.0,9.976976528033545,9.981434622707152,9.854706251676607,-1.2696408464395015,-1.2255243461120724,0.5111582673111803,3.3026049359086995,-0.06454657643773219,-0.38649800239155235,-0.06023584215054911,-0.32626216024100324,extraction,0,5,100
extraction_electrons,230,0.023,100011,100011,100011,100011,1.0,1.0,9.976976528033545,9.981434622707152,10.048059512828585,0.6674881180894099,0.7124702017220264,1.6188164880432603,9.651390386616898,-0.06454657643773219,-0.8539156558976556,-0.06023584215054911,-0.7936798137471065,extraction,0,5,500
extraction_electrons,235,0.0235,100011,100011,100011,100011,1.0,1.0,9.976976528033545,9.982036921235903,9.890158048066185,-0.9204421291435283,-0.8701882752095713,0.49278154372166166,3.5516859514976034,-0.06454657643773219,-0.37779762639623155,-0.05933596145415814,-0.3184616649420734,extraction,0,5,100
extraction_electrons,235,0.0235,100011,100011,100011,100011,1.0,1.0,9.976976528033545,9.982036921235903,10.06565749984814,0.8377105722213951,0.8888561736656087,1.5777007225704363,9.988099986408201,-0.06454657643773219,-0.8745118903217736,-0.05933596145415814,-0.8151759288676155,extraction,0,5,500
extraction_electrons,240,0.024,100011,100011,100011,100011,1.0,1.0,9.976976528033545,9.982491641618866,9.932885578647603,-0.4969306737452772,-0.44192696316417424,0.4732032723912252,3.8401044875352,-0.06454657643773219,-0.3698411566866467,-0.05863289141128646,-0.3112082652753602,extraction,0,5,100
extraction_electrons,240,0.024,100011,100011,100011,100011,1.0,1.0,9.976976528033545,9.982491641618866,10.002740940181983,0.20284813942337276,0.25823867657746025,1.4423002987341278,9.271080602007899,-0.06454657643773219,-0.7458910081428289,-0.05863289141128646,-0.6872581167315425,extraction,0,5,500
extraction_electrons,245,0.0245,100011,100011,100011,100011,1.0,1.0,9.976976528033545,9.982788695305423,9.977149723310639,-0.056486941343714125,0.0017359495294799743,0.45524631595245163,3.791440499367102,-0.06454657643773219,-0.36264584469651856,-0.05818852556182841,-0.30445731913469015,extraction,0,5,100
extraction_electrons,245,0.0245,100011,100011,100011,100011,1.0,1.0,9.976976528033545,9.982788695305423,10.053974747315738,0.7130878373073468,0.7717590501074456,1.4319828482650312,8.8425570929959,-0.06454657643773219,-0.840652629748917,-0.05818852556182841,-0.7824641041870886,extraction,0,5,500
extraction_electrons,255,0.025500000000000002,100011,100011,100011,100011,1.0,1.0,9.976976528033545,9.982889329898226,10.050198349866946,0.674243876140479,0.7339079291974082,0.4320179374878549,2.8907892479766,-0.06454657643773219,-0.3502143996545303,-0.05817988934983942,-0.29203451030469085,extraction,0,5,100
extraction_electrons,255,0.025500000000000002,100011,100011,100011,100011,1.0,1.0,9.976976528033545,9.982889329898226,10.020302545522902,0.37477341867975245,0.43425999216917255,1.3299013985180352,8.6314164156836,-0.06454657643773219,-0.7971243085587358,-0.05817988934983942,-0.7389444192088964,extraction,0,5,500
extraction_electrons,260,0.026000000000000002,100011,100011,100011,100011,1.0,1.0,9.976976528033545,9.982683588692494,10.071889040095247,0.8936019118526151,0.9513153789127982,0.42662653969489145,2.8360588508186,-0.06454657643773219,-0.344770247165071,-0.05859442341393009,-0.2861758237511409,extraction,0,5,100
extraction_electrons,260,0.026000000000000002,100011,100011,100011,100011,1.0,1.0,9.976976528033545,9.982683588692494,10.027237468973386,0.4463116544268564,0.503769261144571,1.2805441216003857,8.0579028635013,-0.06454657643773219,-0.7682046017215104,-0.05859442341393009,-0.7096101783075803,extraction,0,5,500
extraction_electrons,265,0.026500000000000003,100011,100011,100011,100011,1.0,1.0,9.976976528033545,9.982309107093302,10.081345978803341,0.9921238728188175,1.0461030000074478,0.42292637876623984,3.2232108685750003,-0.06454657643773219,-0.3396747751938406,-0.05923079634211604,-0.28044397885172456,extraction,0,5,100
extraction_electrons,265,0.026500000000000003,100011,100011,100011,100011,1.0,1.0,9.976976528033545,9.982309107093302,10.005075559966421,0.22806800138999161,0.2816387495141903,1.2331188691962143,7.6004273718838,-0.06454657643773219,-0.7269420559751089,-0.05923079634211604,-0.6677112596329928,extraction,0,5,500
extraction_electrons,270,0.027,100011,100011,100011,100011,1.0,1.0,9.976976528033545,9.98178359880511,10.07865453820053,0.9704772542555862,1.0191264846748593,0.4185833229524786,3.2716034628197015,-0.06454657643773219,-0.3347743191201948,-0.060021654547658704,-0.2747526645725361,extraction,0,5,100
extraction_electrons,270,0.027,100011,100011,100011,100011,1.0,1.0,9.976976528033545,9.98178359880511,10.005206275721525,0.23465422471409259,0.28294892354070456,1.205194701724378,8.1234562092466,-0.06454657643773219,-0.7184322841499635,-0.060021654547658704,-0.6584106296023048,extraction,0,5,500
extraction_electrons,275,0.0275,100011,100011,100011,100011,1.0,1.0,9.976976528033545,9.98114329575685,10.065204586632607,0.8422010223166909,0.8843165898121175,0.4120018591111989,2.9850726468971,-0.06454657643773219,-0.32998800381221083,-0.06088889240865668,-0.26909911140355414,extraction,0,5,100
extraction_electrons,275,0.0275,100011,100011,100011,100011,1.0,1.0,9.976976528033545,9.98114329575685,10.007108101545498,0.2601385935385503,0.3020110694586631,1.1796179922013554,8.141678815622404,-0.06454657643773219,-0.7268564836185919,-0.06088889240865668,-0.6659675912099352,extraction,0,5,500
extraction_electrons,280,0.028,100011,100011,100011,100011,1.0,1.0,9.976976528033545,9.980441717158063,10.043395267632091,0.6307691809451565,0.6657201148255742,0.4027814201729971,2.963106176545,-0.06454657643773219,-0.32523735307639823,-0.061751692946580644,-0.26348566012981756,extraction,0,5,100
extraction_electrons,280,0.028,100011,100011,100011,100011,1.0,1.0,9.976976528033545,9.980441717158063,10.00554841812587,0.25155901591653596,0.2863782430683637,1.1578794035979774,7.625394844147001,-0.06454657643773219,-0.7334477618335196,-0.061751692946580644,-0.6716960688869389,extraction,0,5,500
extraction_electrons,285,0.0285,100011,100011,100011,100011,1.0,1.0,9.976976528033545,9.979742872449792,10.016309730179431,0.3664108203687899,0.3942396981226448,0.3915768508571166,3.2110957296238,-0.06454657643773219,-0.3204875461878355,-0.06253434294489382,-0.2579532032429417,extraction,0,5,100
extraction_electrons,285,0.0285,100011,100011,100011,100011,1.0,1.0,9.976976528033545,9.979742872449792,10.002218945147812,0.2252169518321745,0.253006680363943,1.1275066279622057,7.952818168281302,-0.06454657643773219,-0.7146881589597961,-0.06253434294489382,-0.6521538160149023,extraction,0,5,500
extraction_electrons,290,0.029,100011,100011,100011,100011,1.0,1.0,9.976976528033545,9.97911078414203,9.98726586320675,0.08172150045351323,0.10313079462795915,0.3798142585844694,3.1700753383598994,-0.06454657643773219,-0.3157425186358587,-0.06317309441596389,-0.2525694242198948,extraction,0,5,100
extraction_electrons,290,0.029,100011,100011,100011,100011,1.0,1.0,9.976976528033545,9.97911078414203,9.987431627901463,0.08338261734357477,0.10479226686102017,1.0860113398684794,6.784073371538495,-0.06454657643773219,-0.6867641757152325,-0.06317309441596389,-0.6235910812992687,extraction,0,5,500
extraction_electrons,295,0.029500000000000002,100011,100011,100011,100011,1.0,1.0,9.976976528033545,9.978598467520877,9.959516865906059,-0.19122526752556324,-0.17499953095436727,0.3691244138186432,2.8524184493313003,-0.06454657643773219,-0.31102401834248794,-0.06362147749322397,-0.24740254084926397,extraction,0,5,100
extraction_electrons,295,0.029500000000000002,100011,100011,100011,100011,1.0,1.0,9.976976528033545,9.978598467520877,9.982667227125063,0.04077486049196555,0.05703831291503647,1.0467350191812101,6.240644821553204,-0.06454657643773219,-0.6631973070738321,-0.06362147749322397,-0.5995758295806081,extraction,0,5,500
injection_electrons,0,0.0,100031,100031,100031,100031,1.0,1.0,9.998651729884015,10.415262351080944,5.428391013297002,-47.880419807825405,-45.70876994272535,10.36987368721731,27.421398191565196,0.025766252849588486,-0.0056920914774311535,0.019699540054796055,-0.025391631532227208,injection,0,0,100
injection_electrons,5,0.0005,100031,100031,100031,100031,1.0,1.0,9.998651729884015,10.413577274319435,5.393133987767163,-48.21055391726928,-46.06138774042764,10.245048527315008,27.060764200296,0.025766252849588486,0.026818721268946934,0.07594463824483573,-0.04912591697588879,injection,0,0,100
injection_electrons,10,0.001,100031,100031,100031,100031,1.0,1.0,9.998651729884015,10.408859796756792,5.305584521566394,-49.02818728311129,-46.93700045868145,9.877091317854356,25.966042538125897,0.025766252849588486,0.05749294483593979,0.12964567307014835,-0.07215272823420857,injection,0,0,100
injection_electrons,15,0.0015,100031,100031,100031,100031,1.0,1.0,9.998651729884015,10.400506190410784,5.214808051932332,-49.860055304420094,-47.84488756272718,9.283937893685627,24.189821037016998,0.025766252849588486,0.08409099630858381,0.17822359765274823,-0.09413260134416442,injection,0,0,100
injection_electrons,20,0.002,100031,100031,100031,100031,1.0,1.0,9.998651729884015,10.3877183465903,5.193992335758486,-49.99871807784064,-48.05307279345816,8.494239527464504,22.171575397360904,0.025766252849588486,0.10431733477118207,0.21943796242731717,-0.1151206276561351,injection,0,0,100
injection_electrons,25,0.0025,100031,100031,100031,100031,1.0,1.0,9.998651729884015,10.369764598229818,5.3208243585847805,-48.689053563539154,-46.78458153831004,7.545982820018116,19.7814144413997,0.025766252849588486,0.11658226678414195,0.2515302486790705,-0.13494798189492851,injection,0,0,100
injection_electrons,30,0.003,100031,100031,100031,100031,1.0,1.0,9.998651729884015,10.346242542536835,5.646245812367658,-45.42708824818219,-43.529928185295894,6.4836556319635035,17.053560586891,0.025766252849588486,0.11990354868550716,0.2733308816906243,-0.15342733300511713,injection,0,0,100
injection_electrons,35,0.0035,100031,100031,100031,100031,1.0,1.0,9.998651729884015,10.317278065957897,6.171144321881089,-40.1863138472256,-38.28023528975667,5.355913942963946,14.110098527041398,0.025766252849588486,0.11406849430441185,0.2843222975700295,-0.17025380326561768,injection,0,0,100
injection_electrons,40,0.004,100031,100031,100031,100031,1.0,1.0,9.998651729884015,10.283612913335919,6.8509222491717665,-33.380201035305355,-31.481539368996124,4.212976534170304,11.0807767921059,0.025766252849588486,0.09941692666265621,0.2846540359871303,-0.18523710932447407,injection,0,0,100
injection_electrons,45,0.0045000000000000005,100031,100031,100031,100031,1.0,1.0,9.998651729884015,10.246561857782794,7.61903700392277,-25.642990208118277,-23.79935605566741,3.1044218607785963,8.6061852010954,0.025766252849588486,0.07722106237688525,0.2751097116858854,-0.19788864930900013,injection,0,0,100
injection_electrons,50,0.005,100031,100031,100031,100031,1.0,1.0,9.998651729884015,10.207852074437625,8.407490608837236,-17.637025423877684,-15.913756814742431,2.0797154414339163,6.434572224055103,0.025766252849588486,0.049054961652792675,0.25702954330986316,-0.2079745816570705,injection,0,0,100
injection_electrons,55,0.0055000000000000005,100031,100031,100031,100031,1.0,1.0,9.998651729884015,10.16938409512765,9.158624730096523,-9.939238754050027,-8.401402733898767,1.1969877988385091,4.783056804972599,0.025766252849588486,0.016972410985752865,0.2321955615865296,-0.21522315060077674,injection,0,0,100
injection_electrons,60,0.006,100031,100031,100031,100031,1.0,1.0,9.998651729884015,10.132969639118084,9.827583286896829,-3.013789274985279,-1.7109151074429008,0.6029012283788832,5.317784654082001,0.025766252849588486,-0.01666897305275412,0.20268939310014752,-0.21935836615290163,injection,0,0,100
injection_electrons,65,0.006500000000000001,100031,100031,100031,100031,1.0,1.0,9.998651729884015,10.100103205189399,10.384272162204413,2.8135252803061395,3.856724313817761,0.6670635173756759,5.7881962152056,0.025766252849588486,-0.04950581964775931,0.17073439904926127,-0.2202402186970206,injection,0,0,100
injection_electrons,70,0.007,100031,100031,100031,100031,1.0,1.0,9.998651729884015,10.071811632902143,10.81077162990388,7.3369124039982525,8.122294104840112,1.0289158849952378,5.619261304759,0.025766252849588486,-0.07927548122776323,0.13853480305343496,-0.2178102842811982,injection,0,0,100
injection_electrons,75,0.007500000000000001,100031,100031,100031,100031,1.0,1.0,9.998651729884015,10.048602845686727,11.101348954136148,10.47654210855098,11.028459176714666,1.3149723503349717,5.108748457197201,0.025766252849588486,-0.10432286543786862,0.10812422536731522,-0.21244709080518384,injection,0,0,100
injection_electrons,80,0.008,100031,100031,100031,100031,1.0,1.0,9.998651729884015,10.030508666550787,11.259944391961502,12.256962894719114,12.614627413291423,1.4711376697661411,5.2719522351051,0.025766252849588486,-0.12302539439765996,0.08123480574141628,-0.20426020013907625,injection,0,0,100
injection_electrons,85,0.0085,100031,100031,100031,100031,1.0,1.0,9.998651729884015,10.017194783226167,11.299138142129426,12.797428687818657,13.006617765858476,1.500912032280206,5.025017583257499,0.025766252849588486,-0.13452690381154894,0.05919598467200483,-0.19372288848355376,injection,0,0,100
injection_electrons,90,0.009000000000000001,100031,100031,100031,100031,1.0,1.0,9.998651729884015,10.008099540213864,11.237388348981135,12.282939471453357,12.389036567748214,1.422446710259739,4.3788599824932,0.025766252849588486,-0.13853668901230215,0.042869236257208315,-0.18140592526951047,injection,0,0,100
injection_electrons,95,0.0095,100031,100031,100031,100031,1.0,1.0,9.998651729884015,10.002564217514957,11.097049669255016,10.942048738098208,10.985460530524382,1.2604607656142597,3.578944831445999,0.025766252849588486,-0.13529987831254228,0.03262186903227257,-0.16792174734481485,injection,0,0,100
injection_electrons,100,0.01,100031,100031,100031,100031,1.0,1.0,9.998651729884015,9.999928557309948,10.902331138260724,9.024090280036257,9.038012652003747,1.0431522849349817,3.0127171633413994,0.025766252849588486,-0.12551177841116748,0.02833972223227275,-0.15385150064344022,injection,0,0,100
injection_electrons,105,0.0105,100031,100031,100031,100031,1.0,1.0,9.998651729884015,9.999581418122574,10.677279183360112,6.77726133625276,6.7871896312561075,0.8008563693386194,3.2382324812029,0.025766252849588486,-0.11038500531523553,0.029475469612908294,-0.13986047492814382,injection,0,0,100
injection_electrons,110,0.011000000000000001,100031,100031,100031,100031,1.0,1.0,9.998651729884015,10.000971821348893,10.443859840861526,4.428449828917702,4.452681451508811,0.5671629584804551,3.6282578492093998,0.025766252849588486,-0.09137679926363178,0.035126558693316816,-0.1265033579569486,injection,0,0,100
injection_electrons,115,0.0115,100031,100031,100031,100031,1.0,1.0,9.998651729884015,10.003595877171076,10.220854596388083,2.1718062373231817,2.2223282949234813,0.38735152017387253,3.6603157395246004,0.025766252849588486,-0.07014260634917419,0.04413476735480263,-0.11427737370397681,injection,0,0,100
injection_electrons,120,0.012,100031,100031,100031,100031,1.0,1.0,9.998651729884015,10.006978136005488,10.023091753263078,0.16102380797267113,0.2444331899871699,0.32383108594754867,3.2447895213885,0.025766252849588486,-0.048284769626136904,0.0551980930343513,-0.1034828626604882,injection,0,0,100
injection_electrons,125,0.0125,100031,100031,100031,100031,1.0,1.0,9.998651729884015,10.010662365741197,9.861066862605089,-1.4943616882740818,-1.3760341993682257,0.3739430554882259,2.9486506896613003,0.025766252849588486,-0.02755347819501255,0.0669852675226746,-0.09453874571768715,injection,0,0,100
injection_electrons,130,0.013000000000000001,100031,100031,100031,100031,1.0,1.0,9.998651729884015,10.014219062631708,9.740718840897287,-2.7311188223852034,-2.5796766999676257,0.4511023347647709,3.0916435799497,0.025766252849588486,-0.009215121381689341,0.07824360036565124,-0.08745872174734058,injection,0,0,100
injection_electrons,135,0.0135,100031,100031,100031,100031,1.0,1.0,9.998651729884015,10.017268426654711,9.664209007796568,-3.52450791793395,-3.344878200806445,0.5050632130877966,3.0471506401464,0.025766252849588486,0.0056225675294533034,0.08789201177521551,-0.0822694442457622,injection,0,0,100
injection_electrons,140,0.014,100031,100031,100031,100031,1.0,1.0,9.998651729884015,10.019510988443955,9.630020065798327,-3.887324671781378,-3.6868137229334685,0.522099446703631,2.7010044459067,0.025766252849588486,0.0162744349487515,0.09509287716956952,-0.07881844222081802,injection,0,0,100
injection_electrons,145,0.0145,100031,100031,100031,100031,1.0,1.0,9.998651729884015,10.020755296250782,9.633733799751425,-3.8621988568482313,-3.6496713756107857,0.5029241530560127,2.472265636138901,0.025766252849588486,0.022450841355103758,0.0992984816392985,-0.07684764028419475,injection,0,0,100
injection_electrons,150,0.015000000000000001,100031,100031,100031,100031,1.0,1.0,9.998651729884015,10.02093328452994,9.668845696823059,-3.513520923748936,-3.298505058189305,0.45470730301458906,2.7900399490179995,0.025766252849588486,0.024262157567293878,0.10027026126087965,-0.07600810369358577,injection,0,0,100
injection_electrons,155,0.0155,100031,100031,100031,100031,1.0,1.0,9.998651729884015,10.020098089204822,9.727349865734709,-2.9216103561451767,-2.7133844790136807,0.38852837144880553,3.2245831713020996,0.025766252849588486,0.022206859861583814,0.09807137308635643,-0.07586451322477261,injection,0,0,100
injection_electrons,160,0.016,100031,100031,100031,100031,1.0,1.0,9.998651729884015,10.018404375962303,9.800604448707235,-2.173998164594426,-1.9807398690050992,0.3182045094891179,3.3804813362751,0.025766252849588486,0.01698533206124915,0.09303528650515606,-0.07604995444390691,injection,0,0,100
injection_electrons,165,0.0165,100031,100031,100031,100031,1.0,1.0,9.998651729884015,10.016075901182745,9.879839947236581,-1.3601729388859396,-1.188278038451207,0.2601189581075169,3.3474705882577003,0.025766252849588486,0.009462690766550274,0.08571485774139928,-0.076252166974849,injection,0,0,100
injection_electrons,170,0.017,100031,100031,100031,100031,1.0,1.0,9.998651729884015,10.013367740007064,9.957135430297866,-0.5615724017058676,-0.4152189785955329,0.2293381073899518,3.0148433789395996,0.025766252849588486,0.0007163220398016682,0.07681761390237393,-0.07610129186257227,injection,0,0,100
injection_electrons,175,0.0175,100031,100031,100031,100031,1.0,1.0,9.998651729884015,10.010530905820106,10.025708076708066,0.15161204766007685,0.2705999524234226,0.22843514990947167,2.424893043801199,0.025766252849588486,-0.008236895024677409,0.06713366333592696,-0.07537055836060437,injection,0,0,100
injection_electrons,180,0.018000000000000002,100031,100031,100031,100031,1.0,1.0,9.998651729884015,10.007785266554016,10.080549577302053,0.7270770586097042,0.8190889094902731,0.24355668005733544,2.6548501407839993,0.025766252849588486,-0.016438819255567037,0.05746275015202649,-0.07390156940759353,injection,0,0,100
injection_electrons,185,0.018500000000000003,100031,100031,100031,100031,1.0,1.0,9.998651729884015,10.00530362078222,10.118482526332645,1.1311891156939868,1.198469550554293,0.2584277270906069,2.6311524762146012,0.025766252849588486,-0.023104403652955307,0.048546519751134644,-0.07165092340408995,injection,0,0,100
injection_electrons,190,0.019,100031,100031,100031,100031,1.0,1.0,9.998651729884015,10.003206621163438,10.13840753650437,1.3515757542675644,1.3977465201898465,0.2640478001409292,2.3649832305776,0.025766252849588486,-0.027681727571692304,0.041011140929292526,-0.06869286850098483,injection,0,0,100
injection_electrons,195,0.0195,100031,100031,100031,100031,1.0,1.0,9.998651729884015,10.001565855094473,10.14106686294414,1.3947916743317634,1.4243433705613873,0.2579901672702884,2.2932351833904008,0.025766252849588486,-0.02978358046323295,0.03532415438384598,-0.06510773484707894,injection,0,0,100
injection_electrons,200,0.02,100031,100031,100031,100031,1.0,1.0,9.998651729884015,10.000411327493904,10.12857506755616,1.2815846855208646,1.2994085720960724,0.2421750718304509,2.6763715584392997,0.025766252849588486,-0.029374281000902922,0.03176792401612405,-0.06114220501702697,injection,0,0,100
injection_electrons,205,0.0205,100031,100031,100031,100031,1.0,1.0,9.998651729884015,9.999739855644128,10.104237960424381,1.0450082331018962,1.0560046833593573,0.22133407921704726,2.8015255224487996,0.025766252849588486,-0.026618318501538365,0.030430500393460617,-0.05704881889499898,injection,0,0,100
injection_electrons,210,0.021,100031,100031,100031,100031,1.0,1.0,9.998651729884015,9.99952208976126,10.072007855715631,0.7248923028890575,0.7336601755251415,0.2017275771379749,2.9331660234682864,0.025766252849588486,-0.02189396704275982,0.031213203259765652,-0.05310717030252547,injection,0,0,100
injection_electrons,215,0.021500000000000002,100031,100031,100031,100031,1.0,1.0,9.998651729884015,9.999707418049653,10.036068500210753,0.3636214605186261,0.37421815798330815,0.18926176709255946,3.0080438133579004,0.025766252849588486,-0.015725543333663113,0.03385291281961918,-0.04957845615328229,injection,0,0,100
injection_electrons,220,0.022000000000000002,100031,100031,100031,100031,1.0,1.0,9.998651729884015,10.000227326278178,10.000399866887864,0.001725366874727463,0.01748372731720238,0.18677958101386496,2.8093191085441,0.025766252849588486,-0.008721262758408623,0.03795602205505059,-0.04667728481345921,injection,0,0,100
injection_electrons,225,0.022500000000000003,100031,100031,100031,100031,1.0,1.0,9.998651729884015,10.000998482586791,9.968453483847899,-0.3254174950186983,-0.3020231812441265,0.19201133598970682,2.3600951056776998,0.025766252849588486,-0.001501317654449325,0.04304030679897986,-0.044541624453429185,injection,0,0,100
injection_electrons,230,0.023,100031,100031,100031,100031,1.0,1.0,9.998651729884015,10.001926808052865,9.942995114379377,-0.589203408547645,-0.5566412053166325,0.19987194292909294,2.3834586906393,0.025766252849588486,0.005285077473818105,0.04858064432844867,-0.04329556685463057,injection,0,0,100
injection_electrons,235,0.0235,100031,100031,100031,100031,1.0,1.0,9.998651729884015,10.002913224314062,9.925774149706903,-0.7711660880917792,-0.7288740736843047,0.20573891959599636,2.2507932523434,0.025766252849588486,0.011090247907254346,0.054054548741619024,-0.04296430083436468,injection,0,0,100
injection_electrons,240,0.024,100031,100031,100031,100031,1.0,1.0,9.998651729884015,10.003860946364698,9.917602264360449,-0.8622539084331748,-0.8106039465433645,0.20705543232702062,2.0574890884464,0.025766252849588486,0.015513834327511057,0.058983856179721045,-0.04347002185220999,injection,0,0,100
injection_electrons,245,0.0245,100031,100031,100031,100031,1.0,1.0,9.998651729884015,10.004683442874999,9.91844585075256,-0.8619722214584846,-0.8021669450865576,0.20325034192593516,2.5078182075599003,0.025766252849588486,0.01828600666912795,0.06296952479181672,-0.04468351812268877,injection,0,0,100
injection_electrons,250,0.025,100031,100031,100031,100031,1.0,1.0,9.998651729884015,10.005311765668937,9.92742491983087,-0.7784549613468306,-0.712364146460498,0.19570837890632947,2.749770214599,0.025766252849588486,0.019265241826946587,0.06571733633169813,-0.046452094504751545,injection,0,0,100
injection_electrons,255,0.025500000000000002,100031,100031,100031,100031,1.0,1.0,9.998651729884015,10.005699956245593,9.942982590142849,-0.626816378434325,-0.5567664645702353,0.18700544211179612,2.7072861344854995,0.025766252849588486,0.018526896685905587,0.06705321306334097,-0.04852631637743539,injection,0,0,100
injection_electrons,260,0.026000000000000002,100031,100031,100031,100031,1.0,1.0,9.998651729884015,10.005827622063254,9.963175039645535,-0.4262774058156782,-0.3548147409960012,0.18012174361326447,2.7251161950277,0.025766252849588486,0.01628152997354464,0.0669278094554573,-0.050646279481912665,injection,0,0,100
injection_electrons,265,0.026500000000000003,100031,100031,100031,100031,1.0,1.0,9.998651729884015,10.005699382522478,9.985756568800197,-0.1993145402421015,-0.1289689993429599,0.17724999334695013,2.9480316656848,0.025766252849588486,0.012821087844664087,0.06541092403042102,-0.05258983618575694,injection,0,0,100
injection_electrons,270,0.027,100031,100031,100031,100031,1.0,1.0,9.998651729884015,10.005341516862504,10.008516337396344,0.03173125603448401,0.09865937707227435,0.17881885983599113,2.9285396910099375,0.025766252849588486,0.00856520789952559,0.06267703652342045,-0.05411182862389486,injection,0,0,100
injection_electrons,275,0.0275,100031,100031,100031,100031,1.0,1.0,9.998651729884015,10.004796630841634,10.029405932424073,0.24597503068255477,0.3075834959641588,0.18344976758732276,2.6734928419657003,0.025766252849588486,0.003952430194413832,0.058983860000399034,-0.0550314298059852,injection,0,0,100
injection_electrons,280,0.028,100031,100031,100031,100031,1.0,1.0,9.998651729884015,10.00411739354866,10.046671770461526,0.42536862812414533,0.4802651584911999,0.18873738441261118,2.2089324258529,0.025766252849588486,-0.0005749852000333266,0.054646176867560355,-0.05522116206759368,injection,0,0,100
injection_electrons,285,0.0285,100031,100031,100031,100031,1.0,1.0,9.998651729884015,10.003360363690927,10.059037792017776,0.5565872497100166,0.6039420490392633,0.19232700151863252,2.2625055289272007,0.025766252849588486,-0.0045758868813481155,0.05000739160867099,-0.0545832784900191,injection,0,0,100
injection_electrons,290,0.029,100031,100031,100031,100031,1.0,1.0,9.998651729884015,10.002580684364226,10.06574655409447,0.6314957281872591,0.6710387162493392,0.19281059582715698,2.2060086331979,0.025766252849588486,-0.007727998295072195,0.04541118991569224,-0.05313918821076444,injection,0,0,100
injection_electrons,295,0.029500000000000002,100031,100031,100031,100031,1.0,1.0,9.998651729884015,10.001828078519981,10.066593903587158,0.6475398752980865,0.6795133537862652,0.1897897126798848,2.2741439849797995,0.025766252849588486,-0.009749749257093024,0.04117546775609948,-0.050925217013192504,injection,0,0,100
injection_electrons,300,0.030000000000000002,100031,100031,100031,100031,1.0,1.0,9.998651729884015,10.001144232759604,10.061877224396063,0.6072604316366581,0.6323402016601865,0.18386901952014653,2.4395684889063,0.025766252849588486,-0.010510127062774741,0.03757032110622655,-0.0480804481690013,injection,0,0,100
injection_electrons,1000,0.1,100031,100031,100031,100031,1.0,1.0,9.998651729884015,9.998798806214241,9.996580258936097,-0.02218813800678454,-0.020717502758160755,0.10585273788127952,1.3976130262282993,0.025766252849588486,0.025480995900246755,0.034078399549812316,-0.008597403649565561,injection,0,0,100
injection_electrons,0,0.0,100031,100031,100031,100031,1.0,1.0,9.998651729884015,10.415262351080944,18.789321801302332,80.40181003556084,87.91855451015182,26.813225192893,107.75382918849111,0.025766252849588486,-0.011306169410601417,0.019699540054796055,-0.03100570946539747,injection,0,0,500
injection_electrons,5,0.0005,100031,100031,100031,100031,1.0,1.0,9.998651729884015,10.413577274319435,18.21401523922719,74.90642033400134,82.16471311616004,26.143317194582178,105.3866424841629,0.025766252849588486,-0.2608335293212961,0.07594463824483573,-0.3367781675661318,injection,0,0,500
injection_electrons,10,0.001,100031,100031,100031,100031,1.0,1.0,9.998651729884015,10.408859796756792,16.62602840241228,59.729583518769694,66.282703424106,24.238966114134335,99.9045848095601,0.025766252849588486,-0.44158155761212503,0.12964567307014835,-0.5712272306822734,injection,0,0,500
injection_electrons,15,0.0015,100031,100031,100031,100031,1.0,1.0,9.998651729884015,10.400506190410784,14.42953760060948,38.738801135597065,44.31483354383086,21.399027545321125,91.0675166365578,0.025766252849588486,-0.6388468908824627,0.17822359765274823,-0.8170704885352109,injection,0,0,500
injection_electrons,20,0.002,100031,100031,100031,100031,1.0,1.0,9.998651729884015,10.3877183465903,12.285317883851983,18.267722265347697,22.86974499905392,18.066166850246812,79.49475087917321,0.025766252849588486,-0.7550402664201041,0.21943796242731717,-0.9744782288474213,injection,0,0,500
injection_electrons,25,0.0025,100031,100031,100031,100031,1.0,1.0,9.998651729884015,10.369764598229818,10.871466988590747,4.838127091588684,8.729329536481977,14.71862635648127,66.26298556608339,0.025766252849588486,-0.8645881971776946,0.2515302486790705,-1.116118445856765,injection,0,0,500
injection_electrons,30,0.003,100031,100031,100031,100031,1.0,1.0,9.998651729884015,10.346242542536835,10.588512545693852,2.341623078726074,5.899403557050187,11.751876938380592,56.341337161740896,0.025766252849588486,-0.969148214939831,0.2733308816906243,-1.2424790966304553,injection,0,0,500
injection_electrons,35,0.0035,100031,100031,100031,100031,1.0,1.0,9.998651729884015,10.317278065957897,11.183718642284397,8.397957007530321,11.852267129761596,9.448312103221454,47.009930234249396,0.025766252849588486,-0.9890702638265045,0.2843222975700295,-1.273392561396534,injection,0,0,500
injection_electrons,40,0.004,100031,100031,100031,100031,1.0,1.0,9.998651729884015,10.283612913335919,12.109151175221319,17.75191537516956,21.107840360410137,7.879571378017995,37.598191955430195,0.025766252849588486,-0.9886666942443288,0.2846540359871303,-1.273320730231459,injection,0,0,500
injection_electrons,45,0.0045000000000000005,100031,100031,100031,100031,1.0,1.0,9.998651729884015,10.246561857782794,12.980880962495394,26.685234936982738,29.82631371885951,6.9808865760263625,33.6327991167316,0.025766252849588486,-0.9917032969176865,0.2751097116858854,-1.266813008603572,injection,0,0,500
injection_electrons,50,0.005,100031,100031,100031,100031,1.0,1.0,9.998651729884015,10.207852074437625,13.590056655435898,33.13336200735066,35.91889209239958,6.535514948652503,30.8695659912579,0.025766252849588486,-0.9740688244759568,0.25702954330986316,-1.2310983677858198,injection,0,0,500
injection_electrons,55,0.0055000000000000005,100031,100031,100031,100031,1.0,1.0,9.998651729884015,10.16938409512765,13.908038155065938,36.76381996161939,39.09913587146485,6.294187002255139,29.7565549811596,0.025766252849588486,-0.9472098864493493,0.2321955615865296,-1.1794054480358789,injection,0,0,500
injection_electrons,60,0.006,100031,100031,100031,100031,1.0,1.0,9.998651729884015,10.132969639118084,13.93781905760775,37.54920377735207,39.39698505499831,6.06744077072125,28.510969931219904,0.025766252849588486,-0.8943668913473853,0.20268939310014752,-1.097056284447533,injection,0,0,500
injection_electrons,65,0.006500000000000001,100031,100031,100031,100031,1.0,1.0,9.998651729884015,10.100103205189399,13.750235276201607,36.139552209098056,37.52089429322598,5.782906254885699,27.312369788974905,0.025766252849588486,-0.8475493680778361,0.17073439904926127,-1.0182837671270975,injection,0,0,500
injection_electrons,70,0.007,100031,100031,100031,100031,1.0,1.0,9.998651729884015,10.071811632902143,13.35731791772316,32.620807502873376,33.5911908782736,5.418627758255846,24.3114796427203,0.025766252849588486,-0.8074437425469236,0.13853480305343496,-0.9459785456003587,injection,0,0,500
injection_electrons,75,0.007500000000000001,100031,100031,100031,100031,1.0,1.0,9.998651729884015,10.048602845686727,12.846158953579549,27.840249543683072,28.478911963548946,4.984118526839489,20.4845596966723,0.025766252849588486,-0.7718654446136992,0.10812422536731522,-0.8799896699810145,injection,0,0,500
injection_electrons,80,0.008,100031,100031,100031,100031,1.0,1.0,9.998651729884015,10.030508666550787,12.277606553975785,22.402631433024943,22.792621301934336,4.514012751899155,18.132194611447197,0.025766252849588486,-0.7330088911507686,0.08123480574141628,-0.8142436968921849,injection,0,0,500
injection_electrons,85,0.0085,100031,100031,100031,100031,1.0,1.0,9.998651729884015,10.017194783226167,11.691863206364575,16.717938099223616,16.93439797907834,4.049409283484775,16.6512472009386,0.025766252849588486,-0.6864245855032415,0.05919598467200483,-0.7456205701752463,injection,0,0,500
injection_electrons,90,0.009000000000000001,100031,100031,100031,100031,1.0,1.0,9.998651729884015,10.008099540213864,11.11600123319918,11.070050697773537,11.175001725238864,3.621880062805884,14.826618126109798,0.025766252849588486,-0.6357000072014644,0.042869236257208315,-0.6785692434586726,injection,0,0,500
injection_electrons,95,0.0095,100031,100031,100031,100031,1.0,1.0,9.998651729884015,10.002564217514957,10.614780902060733,6.120597391154536,6.162122542334658,3.260339361921084,14.007447294750701,0.025766252849588486,-0.5893911183853321,0.03262186903227257,-0.6220129874176047,injection,0,0,500
injection_electrons,100,0.01,100031,100031,100031,100031,1.0,1.0,9.998651729884015,9.999928557309948,10.193096568424611,1.9316939116875709,1.9447105849225377,2.960683485158061,13.9320925286597,0.025766252849588486,-0.5440029445472059,0.02833972223227275,-0.5723426667794786,injection,0,0,500
injection_electrons,105,0.0105,100031,100031,100031,100031,1.0,1.0,9.998651729884015,9.999581418122574,9.873366292399886,-1.2622040908026766,-1.2530233162304838,2.7321832600051237,13.199462945309703,0.025766252849588486,-0.5066029274135984,0.029475469612908294,-0.5360783970265066,injection,0,0,500
injection_electrons,110,0.011000000000000001,100031,100031,100031,100031,1.0,1.0,9.998651729884015,10.000971821348893,9.659588275771117,-3.4135037241983857,-3.391091751895947,2.5500625671818393,12.321512784298399,0.025766252849588486,-0.46783745750799827,0.035126558693316816,-0.502964016201315,injection,0,0,500
injection_electrons,115,0.0115,100031,100031,100031,100031,1.0,1.0,9.998651729884015,10.003595877171076,9.545156085166543,-4.582750019427772,-4.535567964249243,2.395642173020603,11.6854817078847,0.025766252849588486,-0.43445025070243354,0.04413476735480263,-0.4785850180572362,injection,0,0,500
injection_electrons,120,0.012,100031,100031,100031,100031,1.0,1.0,9.998651729884015,10.006978136005488,9.507930953394375,-4.98699183538257,-4.907869478271476,2.2562604556366725,10.802074332381899,0.025766252849588486,-0.4106818120808991,0.0551980930343513,-0.4658799051152504,injection,0,0,500
injection_electrons,125,0.0125,100031,100031,100031,100031,1.0,1.0,9.998651729884015,10.010662365741197,9.528814433960289,-4.813347151032721,-4.6990065122427875,2.1160837349724773,9.472652668642699,0.025766252849588486,-0.38161232075150553,0.0669852675226746,-0.4485975882741801,injection,0,0,500
injection_electrons,130,0.013000000000000001,100031,100031,100031,100031,1.0,1.0,9.998651729884015,10.014219062631708,9.595121866088538,-4.185021257494171,-4.035842778575882,1.9780503020669185,8.1830222906668,0.025766252849588486,-0.3645086380196086,0.07824360036565124,-0.44275223838525984,injection,0,0,500
injection_electrons,135,0.0135,100031,100031,100031,100031,1.0,1.0,9.998651729884015,10.017268426654711,9.688241348161027,-3.2845987995907544,-3.104522390706266,1.836381673359276,7.901920680169699,0.025766252849588486,-0.3448229105823709,0.08789201177521551,-0.4327149223575864,injection,0,0,500
injection_electrons,140,0.014,100031,100031,100031,100031,1.0,1.0,9.998651729884015,10.019510988443955,9.791673520310235,-2.273938003526288,-2.0700611959026727,1.6973675590760187,7.696672422709403,0.025766252849588486,-0.33153857194282216,0.09509287716956952,-0.4266314491123917,injection,0,0,500
injection_electrons,145,0.0145,100031,100031,100031,100031,1.0,1.0,9.998651729884015,10.020755296250782,9.902111055498535,-1.183985011555333,-0.9655369243128931,1.5651269264649037,7.377787464014101,0.025766252849588486,-0.31896306274288383,0.0992984816392985,-0.4182615443821823,injection,0,0,500
injection_electrons,150,0.015000000000000001,100031,100031,100031,100031,1.0,1.0,9.998651729884015,10.02093328452994,9.997272653522531,-0.23611205000173552,-0.013792623233011003,1.444371484264373,6.817541871095202,0.025766252849588486,-0.3069102272510106,0.10027026126087965,-0.40718048851189026,injection,0,0,500
injection_electrons,155,0.0155,100031,100031,100031,100031,1.0,1.0,9.998651729884015,10.020098089204822,10.077390795631176,0.5717778999397183,0.7874968333162924,1.3388847732982057,6.552553783538199,0.025766252849588486,-0.2975118650707759,0.09807137308635643,-0.39558323815713237,injection,0,0,500
injection_electrons,160,0.016,100031,100031,100031,100031,1.0,1.0,9.998651729884015,10.018404375962303,10.13657924496815,1.1795777508181837,1.3794611394643885,1.2501818616424518,6.121307804222898,0.025766252849588486,-0.292193256554717,0.09303528650515606,-0.3852285430598731,injection,0,0,500
injection_electrons,165,0.0165,100031,100031,100031,100031,1.0,1.0,9.998651729884015,10.016075901182745,10.17249759036767,1.5617063082205007,1.7386930276215518,1.1722800707306413,5.667942915240399,0.025766252849588486,-0.2853989586137031,0.08571485774139928,-0.37111381635510243,injection,0,0,500
injection_electrons,170,0.017,100031,100031,100031,100031,1.0,1.0,9.998651729884015,10.013367740007064,10.181364310311071,1.6777229665979387,1.8273721834011214,1.1033349006705937,5.692497343617502,0.025766252849588486,-0.28069789884364216,0.07681761390237393,-0.3575155127460161,injection,0,0,500
injection_electrons,175,0.0175,100031,100031,100031,100031,1.0,1.0,9.998651729884015,10.010530905820106,10.172115393863086,1.6141450394907109,1.7348705472020942,1.0422671665934524,5.372107277263501,0.025766252849588486,-0.2774226170910795,0.06713366333592696,-0.3445562804270065,injection,0,0,500
injection_electrons,180,0.018000000000000002,100031,100031,100031,100031,1.0,1.0,9.998651729884015,10.007785266554016,10.148263031855725,1.4036848469479501,1.4963147633650475,0.9815828617044797,4.9209454458323005,0.025766252849588486,-0.2716176483620052,0.05746275015202649,-0.3290803985140317,injection,0,0,500
injection_electrons,185,0.018500000000000003,100031,100031,100031,100031,1.0,1.0,9.998651729884015,10.00530362078222,10.112987125792044,1.076264240359004,1.1435081348648568,0.9250650159137821,4.8073755504972,0.025766252849588486,-0.2668538790035305,0.048546519751134644,-0.3154003987546652,injection,0,0,500
injection_electrons,190,0.019,100031,100031,100031,100031,1.0,1.0,9.998651729884015,10.003206621163438,10.072751591069826,0.6952267661777034,0.7410985319584729,0.8700339587209938,4.8132228131592,0.025766252849588486,-0.2600432145298194,0.041011140929292526,-0.3010543554591119,injection,0,0,500
injection_electrons,195,0.0195,100031,100031,100031,100031,1.0,1.0,9.998651729884015,10.001565855094473,10.03210288357229,0.30532247570276283,0.33455664415529274,0.8213638953521553,4.8708903069896,0.025766252849588486,-0.25626914239184995,0.03532415438384598,-0.2915932967756959,injection,0,0,500
injection_electrons,200,0.02,100031,100031,100031,100031,1.0,1.0,9.998651729884015,10.000411327493904,9.99641250157758,-0.03998661440384188,-0.022395302556066365,0.7778980216302268,4.531200650847278,0.025766252849588486,-0.2473087282952603,0.03176792401612405,-0.27907665231138434,injection,0,0,500
injection_electrons,205,0.0205,100031,100031,100031,100031,1.0,1.0,9.998651729884015,9.999739855644128,9.968052464588377,-0.316882154067899,-0.306033914594539,0.7428743220047344,4.3644392137129,0.025766252849588486,-0.24157848167835524,0.030430500393460617,-0.27200898207181584,injection,0,0,500
injection_electrons,210,0.021,100031,100031,100031,100031,1.0,1.0,9.998651729884015,9.99952208976126,9.948226769517772,-0.5129777181652528,-0.5043175992972437,0.7135140206270335,5.107852139532199,0.025766252849588486,-0.23351399151397215,0.031213203259765652,-0.2647271947737378,injection,0,0,500
injection_electrons,215,0.021500000000000002,100031,100031,100031,100031,1.0,1.0,9.998651729884015,9.999707418049653,9.938134690705295,-0.6157452890393267,-0.605251996105094,0.6904401689077679,5.2031498777317,0.025766252849588486,-0.22728256658355972,0.03385291281961918,-0.2611354794031789,injection,0,0,500
injection_electrons,220,0.022000000000000002,100031,100031,100031,100031,1.0,1.0,9.998651729884015,10.000227326278178,9.936649288068013,-0.6357659294713991,-0.620108025471966,0.6636475137951581,4.5687578060089,0.025766252849588486,-0.21971140583808213,0.03795602205505059,-0.25766742789313274,injection,0,0,500
injection_electrons,225,0.022500000000000003,100031,100031,100031,100031,1.0,1.0,9.998651729884015,10.000998482586791,9.942792239871192,-0.5820043150385867,-0.5586702239649965,0.6382809624150192,4.043587465911199,0.025766252849588486,-0.21240376535711628,0.04304030679897986,-0.25544407215609616,injection,0,0,500
injection_electrons,230,0.023,100031,100031,100031,100031,1.0,1.0,9.998651729884015,10.001926808052865,9.956274334326137,-0.4564367906588873,-0.4238310994593486,0.6143852545984294,3.5554788849294994,0.025766252849588486,-0.2063746285642208,0.04858064432844867,-0.2549552728926695,injection,0,0,500
injection_electrons,235,0.0235,100031,100031,100031,100031,1.0,1.0,9.998651729884015,10.002913224314062,9.971480098788481,-0.3142397101793981,-0.2717529505935623,0.5919871050021498,3.6639738841441982,0.025766252849588486,-0.2001248902704874,0.054054548741619024,-0.25417943901210643,injection,0,0,500
injection_electrons,240,0.024,100031,100031,100031,100031,1.0,1.0,9.998651729884015,10.003860946364698,9.989729202993317,-0.14126289286854332,-0.08923730050552914,0.5719305649746405,4.1875799811937,0.025766252849588486,-0.19392540053345536,0.058983856179721045,-0.25290925671317643,injection,0,0,500
injection_electrons,245,0.0245,100031,100031,100031,100031,1.0,1.0,9.998651729884015,10.004683442874999,10.00850518117178,0.03819949245373877,0.09854779978297756,0.5553122444431651,4.138940923880099,0.025766252849588486,-0.18949906712440534,0.06296952479181672,-0.25246859191622206,injection,0,0,500
injection_electrons,250,0.025,100031,100031,100031,100031,1.0,1.0,9.998651729884015,10.005311765668937,10.025368591497342,0.20046177768517914,0.2672046425367114,0.5428396214248036,3.9976247875948,0.025766252849588486,-0.18491064736045268,0.06571733633169813,-0.2506279836921508,injection,0,0,500
injection_electrons,255,0.025500000000000002,100031,100031,100031,100031,1.0,1.0,9.998651729884015,10.005699956245593,10.038413879671944,0.32695287255672945,0.3976751152266589,0.5325925071895692,3.4201982702346,0.025766252849588486,-0.18131767782569733,0.06705321306334097,-0.2483708908890383,injection,0,0,500
injection_electrons,260,0.026000000000000002,100031,100031,100031,100031,1.0,1.0,9.998651729884015,10.005827622063254,10.046495753348534,0.40644445238697813,0.4785047500106776,0.5225502884397754,3.9224179435423006,0.025766252849588486,-0.1779360143807634,0.0669278094554573,-0.24486382383622068,injection,0,0,500
injection_electrons,265,0.026500000000000003,100031,100031,100031,100031,1.0,1.0,9.998651729884015,10.005699382522478,10.050394314027239,0.4466947266358323,0.517495613819352,0.5117938417807794,4.0844104222609,0.025766252849588486,-0.1752457357836366,0.06541092403042102,-0.24065665981405765,injection,0,0,500
injection_electrons,270,0.027,100031,100031,100031,100031,1.0,1.0,9.998651729884015,10.005341516862504,10.049156719459688,0.4379181112742714,0.5051179993070809,0.4993005031590754,3.7188972841505006,0.025766252849588486,-0.1722258810852559,0.06267703652342045,-0.23490291760867638,injection,0,0,500
injection_electrons,275,0.0275,100031,100031,100031,100031,1.0,1.0,9.998651729884015,10.004796630841634,10.043990754079193,0.391753322768551,0.4534513794461681,0.4856454476620525,3.2836924470394013,0.025766252849588486,-0.16910861701531418,0.058983860000399034,-0.22809247701571322,injection,0,0,500
injection_electrons,280,0.028,100031,100031,100031,100031,1.0,1.0,9.998651729884015,10.00411739354866,10.0347595498932,0.3062954495546055,0.36112688975120655,0.4702235278302227,2.9232696529530973,0.025766252849588486,-0.16618335175592286,0.054646176867560355,-0.2208295286234832,injection,0,0,500
injection_electrons,285,0.0285,100031,100031,100031,100031,1.0,1.0,9.998651729884015,10.003360363690927,10.024552314436557,0.2118483187164788,0.25904077121847724,0.45741921816566333,2.8841777619128006,0.025766252849588486,-0.164227008944216,0.05000739160867099,-0.21423440055288698,injection,0,0,500
injection_electrons,290,0.029,100031,100031,100031,100031,1.0,1.0,9.998651729884015,10.002580684364226,10.012074906121915,0.09491772230871831,0.13424986288681495,0.4435914545802793,2.7177982520407014,0.025766252849588486,-0.16054356679993123,0.04541118991569224,-0.20595475671562347,injection,0,0,500
injection_electrons,295,0.029500000000000002,100031,100031,100031,100031,1.0,1.0,9.998651729884015,10.001828078519981,9.99928373247328,-0.02543881005279136,0.006320878117760387,0.4326075885191765,3.025780450151199,0.025766252849588486,-0.15710713172601468,0.04117546775609948,-0.19828259948211416,injection,0,0,500
injection_electrons,300,0.030000000000000002,100031,100031,100031,100031,1.0,1.0,9.998651729884015,10.001144232759604,9.986592052911165,-0.14550514930853353,-0.12061303162311798,0.42252067755569556,3.0151956177741006,0.025766252849588486,-0.15421381587269822,0.03757032110622655,-0.19178413697892477,injection,0,0,500
injection_electrons,1000,0.1,100031,100031,100031,100031,1.0,1.0,9.998651729884015,9.998798806214241,9.9988992001442,0.0010040599066396538,0.002475036303595246,0.13210341011206644,1.4207984988823004,0.025766252849588486,-0.024436899567588974,0.034078399549812316,-0.05851529911740129,injection,0,0,500
extraction_electrons,0,0.0,100011,100011,100011,100011,1.0,1.0,9.976976528033545,10.490615502178484,13.991807319437065,33.37451283512891,40.24095656757891,22.415885359823555,60.6108435367329,-0.06454657643773219,0.015751332105920512,-0.07722882807883079,0.0929801601847513,extraction,0,0,100
extraction_electrons,5,0.0005,100011,100011,100011,100011,1.0,1.0,9.976976528033545,10.482830299500458,13.661076481977814,30.318588507807952,36.92601604897634,22.07624885670269,59.92644019595439,-0.06454657643773219,-0.1461014340522921,-0.06864077796667356,-0.07746065608561853,extraction,0,0,100
extraction_electrons,10,0.001,100011,100011,100011,100011,1.0,1.0,9.976976528033545,10.461128014447374,12.694726464735659,21.351411121282204,27.240215801507773,21.08049758715092,57.406907005526705,-0.06454657643773219,-0.30789500287293886,-0.06003944071660619,-0.24785556215633267,extraction,0,0,100
extraction_electrons,15,0.0015,100011,100011,100011,100011,1.0,1.0,9.976976528033545,10.42776203045877,11.169584475877624,7.1139180511795574,11.953600817773413,19.49269701563995,53.67815205476229,-0.06454657643773219,-0.4680580399608339,-0.05184223458698773,-0.41621580537384617,extraction,0,0,100
extraction_electrons,20,0.002,100011,100011,100011,100011,1.0,1.0,9.976976528033545,10.385996196528804,9.218788331104369,-11.238285122947945,-7.599378376793819,17.414125937936475,48.715619334963996,-0.06454657643773219,-0.6245893201105219,-0.04443826032598932,-0.5801510597845326,extraction,0,0,100
extraction_electrons,25,0.0025,100011,100011,100011,100011,1.0,1.0,9.976976528033545,10.339565869208739,7.057232360721902,-31.74537064715296,-29.264819448133174,14.97749380061193,43.0834541604384,-0.06454657643773219,-0.7744985626315904,-0.038163263508155736,-0.7363352991234348,extraction,0,0,100
extraction_electrons,30,0.003,100011,100011,100011,100011,1.0,1.0,9.976976528033545,10.292090155663445,5.079341483468122,-50.648105422268344,-49.08937122187199,12.337266796347214,36.7808699487938,-0.06454657643773219,-0.9141375542501368,-0.033278572194287356,-0.8808589820558494,extraction,0,0,100
extraction_electrons,35,0.0035,100011,100011,100011,100011,1.0,1.0,9.976976528033545,10.246556030476748,4.10227095774256,-59.964392469616044,-58.882623947085555,9.661631972802814,30.432480823080198,-0.06454657643773219,-1.0393768575843616,-0.029955526756647647,-1.009421330827714,extraction,0,0,100
extraction_electrons,40,0.004,100011,100011,100011,100011,1.0,1.0,9.976976528033545,10.20497833801401,4.840179914992309,-52.570404809558326,-51.48650594303539,7.129854072400344,24.328288224390302,-0.06454657643773219,-1.1463889198691708,-0.02826648425330108,-1.1181224356158697,extraction,0,0,100
extraction_electrons,45,0.0045000000000000005,100011,100011,100011,100011,1.0,1.0,9.976976528033545,10.168295607866584,6.561976593083115,-35.46630776541826,-34.2288059449161,4.945231282063495,19.105989603494095,-0.06454657643773219,-1.232014431907123,-0.02818296315255413,-1.2038314687545688,extraction,0,0,100
extraction_electrons,50,0.005,100011,100011,100011,100011,1.0,1.0,9.976976528033545,10.136500868386776,8.428686937117122,-16.848160459354368,-15.518625172325518,3.3878946253403694,15.346678694063401,-0.06454657643773219,-1.2944103787776957,-0.029580938132892406,-1.2648294406448033,extraction,0,0,100
extraction_electrons,55,0.0055000000000000005,100011,100011,100011,100011,1.0,1.0,9.976976528033545,10.108947559217118,10.09268160220777,-0.16090653269356103,1.159720821725041,2.7949573521377142,15.601238415319301,-0.06454657643773219,-1.3327689192202188,-0.032252744703688496,-1.3005161745165303,extraction,0,0,100
extraction_electrons,60,0.006,100011,100011,100011,100011,1.0,1.0,9.976976528033545,10.084731787387755,11.419481802539385,13.235354626098307,14.458340865618503,3.0350879664752797,15.753349839084699,-0.06454657643773219,-1.3482680643753535,-0.03592455417156914,-1.3123435102037844,extraction,0,0,100
extraction_electrons,65,0.006500000000000001,100011,100011,100011,100011,1.0,1.0,9.976976528033545,10.063044328367246,12.364319375754253,22.868577065687965,23.928520238698535,3.490536651096469,15.098893538588802,-0.06454657643773219,-1.3424595907503938,-0.040277970983298717,-1.302181619767095,extraction,0,0,100
extraction_electrons,70,0.007,100011,100011,100011,100011,1.0,1.0,9.976976528033545,10.043408156463691,12.931281085800423,28.753913854214595,29.611220889071998,3.8009527306944753,14.732067518339402,-0.06454657643773219,-1.3178695662718312,-0.04497401863910585,-1.2728955476327253,extraction,0,0,100
extraction_electrons,75,0.007500000000000001,100011,100011,100011,100011,1.0,1.0,9.976976528033545,10.025759572542334,13.15545918943823,31.216583584023304,31.858175194395912,3.8716259023896455,13.3858380953385,-0.06454657643773219,-1.2778072863654184,-0.049677638470638774,-1.2281296478947796,extraction,0,0,100
extraction_electrons,80,0.008,100011,100011,100011,100011,1.0,1.0,9.976976528033545,10.010378693206404,13.091080790357957,30.775080459666214,31.21290556887979,3.713229661519037,12.8922023736721,-0.06454657643773219,-1.2256186772410795,-0.05408083657562907,-1.1715378406654504,extraction,0,0,100
extraction_electrons,85,0.0085,100011,100011,100011,100011,1.0,1.0,9.976976528033545,9.997714677140653,12.803270973559016,28.06197603171401,28.328165728205157,3.3787497317184196,11.776132795964902,-0.06454657643773219,-1.164493698009455,-0.057922774150691185,-1.1065709238587638,extraction,0,0,100
extraction_electrons,90,0.009000000000000001,100011,100011,100011,100011,1.0,1.0,9.976976528033545,9.988173235441122,12.358851766445763,23.734855965380564,23.873717971768006,2.936518509455972,10.0440675579456,-0.06454657643773219,-1.0971307901504515,-0.06100538904623877,-1.0361254011042127,extraction,0,0,100
extraction_electrons,95,0.0095,100011,100011,100011,100011,1.0,1.0,9.976976528033545,9.981934881480198,11.822569612402235,18.439658771337264,18.4985208613341,2.4613570531070628,9.6889373310059,-0.06454657643773219,-1.0264334489806342,-0.06320353448836868,-0.9632299144922655,extraction,0,0,100
extraction_electrons,100,0.01,100011,100011,100011,100011,1.0,1.0,9.976976528033545,9.978854071383525,11.252280071490103,12.761244838306606,12.782465107271545,2.0266044308066014,8.5101851972695,-0.06454657643773219,-0.9545001264071447,-0.06446908920251704,-0.8900310372046276,extraction,0,0,100
extraction_electrons,105,0.0105,100011,100011,100011,100011,1.0,1.0,9.976976528033545,9.978459080528719,10.696318840548797,7.194094340887358,7.2100231016283045,1.695512412568063,7.5717120351227,-0.06454657643773219,-0.8832712790201864,-0.06482899116594809,-0.8184422878542383,extraction,0,0,100
extraction_electrons,110,0.011000000000000001,100011,100011,100011,100011,1.0,1.0,9.976976528033545,9.980040380982647,10.193612602353959,2.139993559327502,2.171359967738762,1.5024172167248726,7.8366816594851,-0.06454657643773219,-0.8148566805607501,-0.06437763290793791,-0.7504790476528123,extraction,0,0,100
extraction_electrons,115,0.0115,100011,100011,100011,100011,1.0,1.0,9.976976528033545,9.982791308907894,9.773376975021971,-2.097753297707994,-2.040693916032521,1.4293551183603854,8.613191743401401,-0.06454657643773219,-0.7507205345708268,-0.06326448975635264,-0.6874560448144741,extraction,0,0,100
extraction_electrons,120,0.012,100011,100011,100011,100011,1.0,1.0,9.976976528033545,9.985955153871338,9.454915371124104,-5.317866689410888,-5.23265896679762,1.41761773993097,8.443015512041999,-0.06454657643773219,-0.6919517837629107,-0.06167819924928688,-0.6302735845136238,extraction,0,0,100
extraction_electrons,125,0.0125,100011,100011,100011,100011,1.0,1.0,9.976976528033545,9.988938270517957,9.247473589751062,-7.422857772134861,-7.311863832020737,1.4098053940262614,7.588667611139099,-0.06454657643773219,-0.6394216850202725,-0.0598285439314209,-0.5795931410888516,extraction,0,0,100
extraction_electrons,130,0.013000000000000001,100011,100011,100011,100011,1.0,1.0,9.976976528033545,9.991365313905435,9.150683535018171,-8.414083085494328,-8.28199796495096,1.3736182788001872,6.269370499076899,-0.06454657643773219,-0.5937430093019391,-0.05792789510610932,-0.5358151141958298,extraction,0,0,100
extraction_electrons,135,0.0135,100011,100011,100011,100011,1.0,1.0,9.976976528033545,9.993073420677959,9.153575518391646,-8.400797902166913,-8.253011394066,1.300705217241263,6.7875863043455,-0.06454657643773219,-0.5551629278256732,-0.0561736474040315,-0.4989892804216417,extraction,0,0,100
extraction_electrons,140,0.014,100011,100011,100011,100011,1.0,1.0,9.976976528033545,9.994060200992923,9.237776828767414,-7.56732856332375,-7.409055210154191,1.197612715462283,6.588766791098802,-0.06454657643773219,-0.5236496346960461,-0.054733020329406794,-0.4689166143666393,extraction,0,0,100
extraction_electrons,145,0.0145,100011,100011,100011,100011,1.0,1.0,9.976976528033545,9.994410855004036,9.379799952590135,-6.1495460946172305,-5.985546560778698,1.0790622428912857,6.4039960225188,-0.06454657643773219,-0.4990954853423456,-0.053731340868827686,-0.4453641444735179,extraction,0,0,100
extraction_electrons,150,0.015000000000000001,100011,100011,100011,100011,1.0,1.0,9.976976528033545,9.994230715283901,9.554481510807639,-4.400030547661526,-4.234699921752538,0.9626454665596204,5.727153587240501,-0.06454657643773219,-0.480624756046787,-0.05324457710847349,-0.42738017893831354,extraction,0,0,100
extraction_electrons,155,0.0155,100011,100011,100011,100011,1.0,1.0,9.976976528033545,9.993602277968744,9.737762509086046,-2.5600355283970644,-2.3976604362589082,0.8650452394144604,5.6162225205469,-0.06454657643773219,-0.46753888924923,-0.0532964990589769,-0.4142423901902531,extraction,0,0,100
extraction_electrons,160,0.016,100011,100011,100011,100011,1.0,1.0,9.976976528033545,9.99257386889406,9.909267954005905,-0.8336782492794903,-0.6786482241126879,0.7961813015717287,5.8300249134469,-0.06454657643773219,-0.45869489096832883,-0.0538604351090448,-0.404834455859284,extraction,0,0,100
extraction_electrons,165,0.0165,100011,100011,100011,100011,1.0,1.0,9.976976528033545,9.991174994931304,10.053707105423847,0.6258734385521825,0.7690764549230122,0.7561126573297752,5.40119341524,-0.06454657643773219,-0.45311920691036517,-0.05486520620421867,-0.39825400070614647,extraction,0,0,100
extraction_electrons,170,0.017,100011,100011,100011,100011,1.0,1.0,9.976976528033545,9.989445077552924,10.16120336964447,1.719397731887029,1.8465197456692506,0.7360845556576006,4.451445192921315,-0.06454657643773219,-0.4498095524089521,-0.056204487267059025,-0.3936050651418931,extraction,0,0,100
extraction_electrons,175,0.0175,100011,100011,100011,100011,1.0,1.0,9.976976528033545,9.987459809405006,10.227318974044064,2.401603302705513,2.5092015131748635,0.7238885482569328,4.173268708074899,-0.06454657643773219,-0.4477310601328548,-0.0577485929137817,-0.3899824672190731,extraction,0,0,100
extraction_electrons,180,0.018000000000000002,100011,100011,100011,100011,1.0,1.0,9.976976528033545,9.985342729765453,10.252339498429224,2.6738868748878986,2.7599841457174756,0.7094950797896588,4.337780703061199,-0.06454657643773219,-0.44603264582072427,-0.059357530527986625,-0.3866751152927376,extraction,0,0,100
extraction_electrons,185,0.018500000000000003,100011,100011,100011,100011,1.0,1.0,9.976976528033545,9.983256796195732,10.24044817898935,2.576227257738428,2.6407965400689903,0.6876881736143861,4.1988552185026,-0.06454657643773219,-0.44387306904363016,-0.06089411722168373,-0.3829789518219464,extraction,0,0,100
extraction_electrons,190,0.019,100011,100011,100011,100011,1.0,1.0,9.976976528033545,9.981378776361108,10.199012408186253,2.180396483305147,2.2254826352335,0.6584035731525073,4.3841125135661,-0.06454657643773219,-0.4408847548736656,-0.062236017347743915,-0.37864873752592165,extraction,0,0,100
extraction_electrons,195,0.0195,100011,100011,100011,100011,1.0,1.0,9.976976528033545,9.979865364772676,10.137238594539484,1.5769073430821123,1.6063189690346702,0.6248367907612085,4.5269456084975985,-0.06454657643773219,-0.4366992175026549,-0.06328571387568628,-0.3734135036269686,extraction,0,0,100
extraction_electrons,200,0.02,100011,100011,100011,100011,1.0,1.0,9.976976528033545,9.978822246867573,10.064996402887335,0.863570408289549,0.8822299481858975,0.591923870190829,4.209354828375702,-0.06454657643773219,-0.43119387643550683,-0.0639776618700978,-0.36721621456540904,extraction,0,0,100
extraction_electrons,205,0.0205,100011,100011,100011,100011,1.0,1.0,9.976976528033545,9.978285574805957,9.992072043153522,0.1381647001803099,0.15130350439898077,0.5643370988489537,3.981575884463001,-0.06454657643773219,-0.42449597789220217,-0.0642821611466367,-0.36021381674556546,extraction,0,0,100
extraction_electrons,210,0.021,100011,100011,100011,100011,1.0,1.0,9.976976528033545,9.978220574141952,9.926922155401705,-0.5141038761278138,-0.5016988111698484,0.5446113598436454,4.270112907229999,-0.06454657643773219,-0.41677000239696693,-0.06420579984200284,-0.3525642025549641,extraction,0,0,100
extraction_electrons,215,0.021500000000000002,100011,100011,100011,100011,1.0,1.0,9.976976528033545,9.97853622347443,9.875919150737419,-1.0283780149598076,-1.0129058338683272,0.5322065242500001,4.106202063670801,-0.06454657643773219,-0.4082573427361691,-0.06378863199598019,-0.3444687107401889,extraction,0,0,100
extraction_electrons,220,0.022000000000000002,100011,100011,100011,100011,1.0,1.0,9.976976528033545,9.979110196199791,9.843201140794628,-1.3619356108214853,-1.340840953800293,0.524237564926858,3.5924606793342004,-0.06454657643773219,-0.3993384704075635,-0.06309853279552546,-0.336239937612038,extraction,0,0,100
extraction_electrons,225,0.022500000000000003,100011,100011,100011,100011,1.0,1.0,9.976976528033545,9.979815968167927,9.830273313743794,-1.4984510225551362,-1.4704175546323195,0.516754713287096,3.5036029530319013,-0.06454657643773219,-0.3902942755918383,-0.062223401385223476,-0.32807087420661485,extraction,0,0,100
extraction_electrons,230,0.023,100011,100011,100011,100011,1.0,1.0,9.976976528033545,9.980544596042064,9.83630283693851,-1.4452293431037377,-1.409983181776231,0.5066990364232469,3.503571111251599,-0.06454657643773219,-0.3814042551966154,-0.061262035584362086,-0.3201422196122533,extraction,0,0,100
extraction_electrons,235,0.0235,100011,100011,100011,100011,1.0,1.0,9.976976528033545,9.981216550851086,9.858374350288582,-1.230733748102375,-1.1887587127393906,0.49277891307879856,3.1912228193408,-0.06454657643773219,-0.3729206442734278,-0.06031457523663023,-0.31260606903679755,extraction,0,0,100
extraction_electrons,240,0.024,100011,100011,100011,100011,1.0,1.0,9.976976528033545,9.981782868701087,9.892203721151935,-0.8974263288178408,-0.8496843371678109,0.4755756343618926,3.375086350424098,-0.06454657643773219,-0.36498045973540033,-0.059473398913376115,-0.3055070608220242,extraction,0,0,100
extraction_electrons,245,0.0245,100011,100011,100011,100011,1.0,1.0,9.976976528033545,9.982218331432007,9.932762560272943,-0.495438684238525,-0.4431599857568913,0.45719891193667334,3.6352810943077998,-0.06454657643773219,-0.35771407112259185,-0.05881526770191036,-0.2988988034206815,extraction,0,0,100
extraction_electrons,250,0.025,100011,100011,100011,100011,1.0,1.0,9.976976528033545,9.982511343622216,9.974833480497312,-0.07691314200017896,-0.021479929618073434,0.4402385334387394,3.5891075817983022,-0.06454657643773219,-0.3510716518405405,-0.05839535214241537,-0.29267629969812514,extraction,0,0,100
extraction_electrons,255,0.025500000000000002,100011,100011,100011,100011,1.0,1.0,9.976976528033545,9.98265521690258,10.013630877157018,0.3102948021483254,0.3673893490726554,0.42695034031798146,3.2489047449947996,-0.06454657643773219,-0.3450703114288627,-0.05824357179235864,-0.28682673963650407,extraction,0,0,100
extraction_electrons,260,0.026000000000000002,100011,100011,100011,100011,1.0,1.0,9.976976528033545,9.982643996764057,10.04527498801689,0.6273988261339847,0.6845606962333717,0.41811074263966436,2.8938301798208,-0.06454657643773219,-0.3395736246750956,-0.05836344273200262,-0.281210181943093,extraction,0,0,100
extraction_electrons,265,0.026500000000000003,100011,100011,100011,100011,1.0,1.0,9.976976528033545,9.98247356353784,10.067083179684797,0.8475816700983296,0.9031458718788077,0.41301031022332124,2.7112483074622986,-0.06454657643773219,-0.33451315600898585,-0.058733389362384515,-0.2757797666466013,extraction,0,0,100
extraction_electrons,270,0.027,100011,100011,100011,100011,1.0,1.0,9.976976528033545,9.982146466374086,10.07762198038802,0.9564627641515111,1.0087770786237682,0.4096600676993008,3.0072151469467006,-0.06454657643773219,-0.32972209865405283,-0.0593102551558948,-0.27041184349815806,extraction,0,0,100
extraction_electrons,275,0.0275,100011,100011,100011,100011,1.0,1.0,9.976976528033545,9.981677582898454,10.076823090487132,0.9532015715643771,1.000769743950336,0.40590518376212614,3.1221456523289,-0.06454657643773219,-0.32510024404634696,-0.06003456195321785,-0.2650656820931291,extraction,0,0,100
extraction_electrons,280,0.028,100011,100011,100011,100011,1.0,1.0,9.976976528033545,9.981097592643795,10.06580373716219,0.8486656275240145,0.8903219214664526,0.40019424574226764,2.9292245715682013,-0.06454657643773219,-0.3205782637077046,-0.06083693394585658,-0.259741329761848,extraction,0,0,100
extraction_electrons,285,0.0285,100011,100011,100011,100011,1.0,1.0,9.976976528033545,9.98045228035871,10.04656747257056,0.6624468546577056,0.697515367922108,0.3919132927896959,2.7511128385928996,-0.06454657643773219,-0.31606534242653944,-0.06164503009090398,-0.25442031233563545,extraction,0,0,100
extraction_electrons,290,0.029,100011,100011,100011,100011,1.0,1.0,9.976976528033545,9.979797343717147,10.021853071760399,0.4214086378189652,0.4498010354214932,0.3815227709161985,3.0831149990312,-0.06454657643773219,-0.31154362262745733,-0.062390320689258476,-0.24915330193819885,extraction,0,0,100
extraction_electrons,295,0.029500000000000002,100011,100011,100011,100011,1.0,1.0,9.976976528033545,9.979190015093742,9.994593507698065,0.15435614093954886,0.17657633667895745,0.37026638821327845,3.1471085911552006,-0.06454657643773219,-0.3070257334029553,-0.06301409740273435,-0.24401163600022097,extraction,0,0,100
extraction_electrons,300,0.030000000000000002,100011,100011,100011,100011,1.0,1.0,9.976976528033545,9.978679855685334,9.967765711122356,-0.10937463392775015,-0.09232072347076237,0.35964559900064924,2.9455172027231007,-0.06454657643773219,-0.30250730176823015,-0.0634722127153096,-0.23903508905292054,extraction,0,0,100
extraction_electrons,1000,0.1,100011,100011,100011,100011,1.0,1.0,9.976976528033545,9.977210832273157,9.976611667234526,-0.006005336047354426,-0.0036570277377467875,0.1053476449279245,0.9111677137444993,-0.06454657643773219,-0.13570392176350812,-0.06396039123810739,-0.07174353052540074,extraction,0,0,100
extraction_electrons,0,0.0,100011,100011,100011,100011,1.0,1.0,9.976976528033545,10.490615502178484,17.368494621813024,65.5622076531761,74.08575206136464,21.913848719091547,124.2836796489483,-0.06454657643773219,0.06902167867061265,-0.07722882807883079,0.14625050674944345,extraction,0,0,500
extraction_electrons,5,0.0005,100011,100011,100011,100011,1.0,1.0,9.976976528033545,10.482830299500458,17.03785474702048,62.53105564279133,70.77172326853844,21.39093561470635,121.0618025587718,-0.06454657643773219,-1.0509363601960764,-0.06864077796667356,-0.9822955822294028,extraction,0,0,500
extraction_electrons,10,0.001,100011,100011,100011,100011,1.0,1.0,9.976976528033545,10.461128014447374,16.261761093465992,55.449403458285154,62.99287712838966,20.071673931296353,109.72597640466978,-0.06454657643773219,-2.0338748711372485,-0.06003944071660619,-1.9738354304206422,extraction,0,0,500
extraction_electrons,15,0.0015,100011,100011,100011,100011,1.0,1.0,9.976976528033545,10.42776203045877,15.3593247231619,47.292627874498635,53.94768826011473,18.231779283526464,97.67729289123031,-0.06454657643773219,-2.849211766402262,-0.05184223458698773,-2.7973695318152743,extraction,0,0,500
extraction_electrons,20,0.002,100011,100011,100011,100011,1.0,1.0,9.976976528033545,10.385996196528804,14.557872068267544,40.16827844721396,45.914666906978184,16.259694784299654,90.5921221313186,-0.06454657643773219,-3.460661019404492,-0.04443826032598932,-3.4162227590785026,extraction,0,0,500
extraction_electrons,25,0.0025,100011,100011,100011,100011,1.0,1.0,9.976976528033545,10.339565869208739,14.045268998571448,35.84002632449304,40.77680707283133,14.446695115403454,71.904809714449,-0.06454657643773219,-3.8097390987280595,-0.038163263508155736,-3.771575835219904,extraction,0,0,500
extraction_electrons,30,0.003,100011,100011,100011,100011,1.0,1.0,9.976976528033545,10.292090155663445,13.97314345227667,35.76584776210541,40.0538871973348,13.07074864269623,62.684030601920796,-0.06454657643773219,-3.9775345360372123,-0.033278572194287356,-3.944255963842925,extraction,0,0,500
extraction_electrons,35,0.0035,100011,100011,100011,100011,1.0,1.0,9.976976528033545,10.246556030476748,13.97549532513084,36.39212320279084,40.077460199111044,11.898406040774532,56.0531571145178,-0.06454657643773219,-3.9422621869522,-0.029955526756647647,-3.912306660195552,extraction,0,0,500
extraction_electrons,40,0.004,100011,100011,100011,100011,1.0,1.0,9.976976528033545,10.20497833801401,13.897029781186932,36.178924843180326,39.290994041518786,10.779750739280248,51.375726750339105,-0.06454657643773219,-3.8114996990034884,-0.02826648425330108,-3.7832332147501875,extraction,0,0,500
extraction_electrons,45,0.0045000000000000005,100011,100011,100011,100011,1.0,1.0,9.976976528033545,10.168295607866584,13.808765751279768,35.80216669347001,38.40631690853007,9.8128887424778,47.3991480942459,-0.06454657643773219,-3.5965145180961544,-0.02818296315255413,-3.5683315549436,extraction,0,0,500
extraction_electrons,50,0.005,100011,100011,100011,100011,1.0,1.0,9.976976528033545,10.136500868386776,13.608634316852502,34.253767582602855,36.400384210733975,9.113055697231479,43.958984977554806,-0.06454657643773219,-3.4221161906198754,-0.029580938132892406,-3.392535252486983,extraction,0,0,500
extraction_electrons,55,0.0055000000000000005,100011,100011,100011,100011,1.0,1.0,9.976976528033545,10.108947559217118,13.4576677340893,33.12629880861231,34.887234587308356,8.57859065219411,41.059035726792104,-0.06454657643773219,-3.182902378329257,-0.032252744703688496,-3.1506496336255685,extraction,0,0,500
extraction_electrons,60,0.006,100011,100011,100011,100011,1.0,1.0,9.976976528033545,10.084731787387755,13.388194499583289,32.75707060773729,34.19089903604387,8.14093345312647,39.830945120890696,-0.06454657643773219,-2.9089728266564854,-0.03592455417156914,-2.8730482724849162,extraction,0,0,500
extraction_electrons,65,0.006500000000000001,100011,100011,100011,100011,1.0,1.0,9.976976528033545,10.063044328367246,13.108266805342687,30.261443531467936,31.385162313560322,7.748286682044981,34.00953277049939,-0.06454657643773219,-2.7675324668597785,-0.040277970983298717,-2.7272544958764797,extraction,0,0,500
extraction_electrons,70,0.007,100011,100011,100011,100011,1.0,1.0,9.976976528033545,10.043408156463691,12.767556834198425,27.123747589422997,27.970200173608117,7.3374573461150385,32.2338107402099,-0.06454657643773219,-2.5198533806243857,-0.04497401863910585,-2.47487936198528,extraction,0,0,500
extraction_electrons,75,0.007500000000000001,100011,100011,100011,100011,1.0,1.0,9.976976528033545,10.025759572542334,12.366303511663052,23.345302888878283,23.948407384901827,6.884749504770386,35.18201179755909,-0.06454657643773219,-2.3545144629190404,-0.049677638470638774,-2.304836824448402,extraction,0,0,500
extraction_electrons,80,0.008,100011,100011,100011,100011,1.0,1.0,9.976976528033545,10.010378693206404,11.954701256760986,19.42306703016248,19.822886454331968,6.507485986281963,29.406236555629608,-0.06454657643773219,-2.2454451087167464,-0.05408083657562907,-2.1913642721411173,extraction,0,0,500
extraction_electrons,85,0.0085,100011,100011,100011,100011,1.0,1.0,9.976976528033545,9.997714677140653,11.627912855649958,16.30570816585397,16.5474612772474,6.102713457197955,28.074512072844797,-0.06454657643773219,-2.039464220351247,-0.057922774150691185,-1.981541446200556,extraction,0,0,500
extraction_electrons,90,0.009000000000000001,100011,100011,100011,100011,1.0,1.0,9.976976528033545,9.988173235441122,11.413758604097621,14.272733712688135,14.400976809226451,5.700076200792167,27.877896964959,-0.06454657643773219,-1.8975986092178512,-0.06100538904623877,-1.8365932201716124,extraction,0,0,500
extraction_electrons,95,0.0095,100011,100011,100011,100011,1.0,1.0,9.976976528033545,9.981934881480198,11.232628702909622,12.529573036484898,12.585497934649004,5.338127240194971,25.974866318665008,-0.06454657643773219,-1.814750061240858,-0.06320353448836868,-1.7515465267524895,extraction,0,0,500
extraction_electrons,100,0.01,100011,100011,100011,100011,1.0,1.0,9.976976528033545,9.978854071383525,11.049997937449788,10.734136990117893,10.754975782505284,5.085475355560724,22.9759596087532,-0.06454657643773219,-1.7819103118752158,-0.06446908920251704,-1.7174412226726987,extraction,0,0,500
extraction_electrons,105,0.0105,100011,100011,100011,100011,1.0,1.0,9.976976528033545,9.978459080528719,10.882540380344045,9.060329781574072,9.076535859997525,4.81025843906064,23.5043987390343,-0.06454657643773219,-1.7088387131980538,-0.06482899116594809,-1.6440097220321057,extraction,0,0,500
extraction_electrons,110,0.011000000000000001,100011,100011,100011,100011,1.0,1.0,9.976976528033545,9.980040380982647,10.760722812009845,7.822437597695697,7.855549041075838,4.608691860113155,22.755139878077802,-0.06454657643773219,-1.6563501678509478,-0.06437763290793791,-1.5919725349430098,extraction,0,0,500
extraction_electrons,115,0.0115,100011,100011,100011,100011,1.0,1.0,9.976976528033545,9.982791308907894,10.545430487983745,5.6360907652531544,5.697657585471361,4.401919419623056,21.238940964835997,-0.06454657643773219,-1.5932891138322272,-0.06326448975635264,-1.5300246240758746,extraction,0,0,500
extraction_electrons,120,0.012,100011,100011,100011,100011,1.0,1.0,9.976976528033545,9.985955153871338,10.391650409956204,4.062658502202332,4.1563080834910116,4.170465353898384,19.299836079014504,-0.06454657643773219,-1.525591798697877,-0.06167819924928688,-1.4639135994485901,extraction,0,0,500
extraction_electrons,125,0.0125,100011,100011,100011,100011,1.0,1.0,9.976976528033545,9.988938270517957,10.330971899763163,3.4241239657542666,3.5481227277117,3.931575680828834,19.7686085508425,-0.06454657643773219,-1.409269976951407,-0.0598285439314209,-1.3494414330199862,extraction,0,0,500
extraction_electrons,130,0.013000000000000001,100011,100011,100011,100011,1.0,1.0,9.976976528033545,9.991365313905435,10.247216097857956,2.560718939947493,2.708631909327308,3.7117500305009616,18.4330744579964,-0.06454657643773219,-1.3050130638426218,-0.05792789510610932,-1.2470851687365125,extraction,0,0,500
extraction_electrons,135,0.0135,100011,100011,100011,100011,1.0,1.0,9.976976528033545,9.993073420677959,10.238891915342831,2.4598888081440284,2.6251979903265443,3.5396632987023566,17.6988855884293,-0.06454657643773219,-1.2581566995328037,-0.0561736474040315,-1.2019830521287722,extraction,0,0,500
extraction_electrons,140,0.014,100011,100011,100011,100011,1.0,1.0,9.976976528033545,9.994060200992923,10.234428563985336,2.4051122182407125,2.580461477767315,3.378495090822169,18.4090995727177,-0.06454657643773219,-1.231250498263953,-0.054733020329406794,-1.1765174779345462,extraction,0,0,500
extraction_electrons,145,0.0145,100011,100011,100011,100011,1.0,1.0,9.976976528033545,9.994410855004036,10.23064778325122,2.3636903832996214,2.542566422852688,3.2223345470605222,17.1259390547143,-0.06454657643773219,-1.198016600116354,-0.053731340868827686,-1.1442852592475263,extraction,0,0,500
extraction_electrons,150,0.015000000000000001,100011,100011,100011,100011,1.0,1.0,9.976976528033545,9.994230715283901,10.224035960113733,2.2993790255251723,2.476295613064683,3.0763634684484567,16.263212953525894,-0.06454657643773219,-1.1969415706462534,-0.05324457710847349,-1.1436969935377799,extraction,0,0,500
extraction_electrons,155,0.0155,100011,100011,100011,100011,1.0,1.0,9.976976528033545,9.993602277968744,10.22714096531044,2.3368819455277023,2.507417318001881,2.9581244647456737,15.3286086569249,-0.06454657643773219,-1.1551656524869283,-0.0532964990589769,-1.1018691534279514,extraction,0,0,500
extraction_electrons,160,0.016,100011,100011,100011,100011,1.0,1.0,9.976976528033545,9.99257386889406,10.246324770511567,2.539394804049522,2.6996980670566995,2.7998074748672144,14.644276450706103,-0.06454657643773219,-1.0812751831362535,-0.0538604351090448,-1.0274147480272087,extraction,0,0,500
extraction_electrons,165,0.0165,100011,100011,100011,100011,1.0,1.0,9.976976528033545,9.991174994931304,10.319526895790323,3.2864192752664056,3.4334085761780875,2.67569967454636,14.6095658092589,-0.06454657643773219,-1.0651751815872879,-0.05486520620421867,-1.010309975383069,extraction,0,0,500
extraction_electrons,170,0.017,100011,100011,100011,100011,1.0,1.0,9.976976528033545,9.989445077552924,10.282555793739341,2.9342041916328387,3.0628443882490197,2.573493564056664,14.193163952080305,-0.06454657643773219,-1.060055182710997,-0.056204487267059025,-1.003850695443938,extraction,0,0,500
extraction_electrons,175,0.0175,100011,100011,100011,100011,1.0,1.0,9.976976528033545,9.987459809405006,10.270209990310063,2.8310520022197805,2.9391014547601957,2.5077969807377687,14.042327658232702,-0.06454657643773219,-1.0891128078565018,-0.0577485929137817,-1.03136421494272,extraction,0,0,500
extraction_electrons,180,0.018000000000000002,100011,100011,100011,100011,1.0,1.0,9.976976528033545,9.985342729765453,10.235422211792674,2.504465683303536,2.5904208858559707,2.422913608487261,13.4940914379286,-0.06454657643773219,-1.0837863181884682,-0.059357530527986625,-1.0244287876604816,extraction,0,0,500
extraction_electrons,185,0.018500000000000003,100011,100011,100011,100011,1.0,1.0,9.976976528033545,9.983256796195732,10.1678913536798,1.8494421334972033,1.9135539219704345,2.298546776686184,13.1594133042364,-0.06454657643773219,-1.0010367006542125,-0.06089411722168373,-0.9401425834325288,extraction,0,0,500
extraction_electrons,190,0.019,100011,100011,100011,100011,1.0,1.0,9.976976528033545,9.981378776361108,10.17839469969385,1.973834755167636,2.0188297636499097,2.204138580815958,12.7628927773631,-0.06454657643773219,-0.9645914977644933,-0.062236017347743915,-0.9023554804167494,extraction,0,0,500
extraction_electrons,195,0.0195,100011,100011,100011,100011,1.0,1.0,9.976976528033545,9.979865364772676,10.151643920353767,1.7212512323807605,1.7507046531525683,2.129961369892744,13.074444392675304,-0.06454657643773219,-0.954434199285309,-0.06328571387568628,-0.8911484854096228,extraction,0,0,500
extraction_electrons,200,0.02,100011,100011,100011,100011,1.0,1.0,9.976976528033545,9.978822246867573,10.104730196709953,1.2617516048239352,1.2804848073706854,2.0472104983340724,11.627315298075398,-0.06454657643773219,-0.9644599029186424,-0.0639776618700978,-0.9004822410485446,extraction,0,0,500
extraction_electrons,205,0.0205,100011,100011,100011,100011,1.0,1.0,9.976976528033545,9.978285574805957,10.054466674080473,0.763468821406188,0.7766896697531056,1.9686586937661683,11.046936171765301,-0.06454657643773219,-0.9223346521780644,-0.0642821611466367,-0.8580524910314278,extraction,0,0,500
extraction_electrons,210,0.021,100011,100011,100011,100011,1.0,1.0,9.976976528033545,9.978220574141952,10.0613268780994,0.8328769978568573,0.8454500201423354,1.8645995046991553,10.617641108565401,-0.06454657643773219,-0.8649579157844157,-0.06420579984200284,-0.8007521159424129,extraction,0,0,500
extraction_electrons,215,0.021500000000000002,100011,100011,100011,100011,1.0,1.0,9.976976528033545,9.97853622347443,10.053639912654003,0.7526523680185804,0.7684029766437561,1.8006591401007357,10.8412233211132,-0.06454657643773219,-0.8702498708226757,-0.06378863199598019,-0.8064612388266955,extraction,0,0,500
extraction_electrons,220,0.022000000000000002,100011,100011,100011,100011,1.0,1.0,9.976976528033545,9.979110196199791,10.02680123945522,0.4779087746078936,0.49939689926781217,1.7592675897519918,10.357970692671197,-0.06454657643773219,-0.8961877844956911,-0.06309853279552546,-0.8330892517001657,extraction,0,0,500
extraction_electrons,225,0.022500000000000003,100011,100011,100011,100011,1.0,1.0,9.976976528033545,9.979815968167927,10.006618780849367,0.26857020978074964,0.2971065706382392,1.6448302453697115,10.1017625436368,-0.06454657643773219,-0.7890986315276948,-0.062223401385223476,-0.7268752301424712,extraction,0,0,500
extraction_electrons,230,0.023,100011,100011,100011,100011,1.0,1.0,9.976976528033545,9.980544596042064,10.035157351035155,0.5471921343325192,0.5831508457309953,1.6079780678239672,10.0194964140757,-0.06454657643773219,-0.8269149714074538,-0.061262035584362086,-0.7656529358230918,extraction,0,0,500
extraction_electrons,235,0.0235,100011,100011,100011,100011,1.0,1.0,9.976976528033545,9.981216550851086,10.053119712797518,0.7203847504971828,0.7631889736336772,1.5698467967723393,9.900335791512,-0.06454657643773219,-0.8665733996318841,-0.06031457523663023,-0.8062588243952539,extraction,0,0,500
extraction_electrons,240,0.024,100011,100011,100011,100011,1.0,1.0,9.976976528033545,9.981782868701087,10.001470553860813,0.19723615929834182,0.24550549716584324,1.4373387298133924,9.537207136728501,-0.06454657643773219,-0.746994070191355,-0.059473398913376115,-0.6875206712779789,extraction,0,0,500
extraction_electrons,245,0.0245,100011,100011,100011,100011,1.0,1.0,9.976976528033545,9.982218331432007,10.032575860687823,0.5044723285329233,0.557276370231552,1.4127281579811573,9.297751132670001,-0.06454657643773219,-0.8007623353473019,-0.05881526770191036,-0.7419470676453915,extraction,0,0,500
extraction_electrons,250,0.025,100011,100011,100011,100011,1.0,1.0,9.976976528033545,9.982511343622216,10.050131510956842,0.6773863310240991,0.733237997681413,1.3663777010024303,9.728885454975998,-0.06454657643773219,-0.7900727492922832,-0.05839535214241537,-0.7316773971498678,extraction,0,0,500
extraction_electrons,255,0.025500000000000002,100011,100011,100011,100011,1.0,1.0,9.976976528033545,9.98265521690258,10.018094383212624,0.35500741576286465,0.4121274121828833,1.317674076585629,7.947151976259299,-0.06454657643773219,-0.7792057756954383,-0.05824357179235864,-0.7209622039030796,extraction,0,0,500
extraction_electrons,260,0.026000000000000002,100011,100011,100011,100011,1.0,1.0,9.976976528033545,9.982643996764057,10.031237972945624,0.4867846253689745,0.5438666189061747,1.2815589190955736,8.195844522764501,-0.06454657643773219,-0.7720682125598389,-0.05836344273200262,-0.7137047698278363,extraction,0,0,500
extraction_electrons,265,0.026500000000000003,100011,100011,100011,100011,1.0,1.0,9.976976528033545,9.98247356353784,10.010608623618637,0.2818445739096731,0.3370970703458376,1.2313138705193805,8.447749883686297,-0.06454657643773219,-0.7257879440647136,-0.058733389362384515,-0.6670545547023291,extraction,0,0,500
extraction_electrons,270,0.027,100011,100011,100011,100011,1.0,1.0,9.976976528033545,9.982146466374086,10.004464857341539,0.223583084486223,0.27551763032374055,1.195593716806156,7.376662726427501,-0.06454657643773219,-0.7044087417150416,-0.0593102551558948,-0.6450984865591468,extraction,0,0,500
extraction_electrons,275,0.0275,100011,100011,100011,100011,1.0,1.0,9.976976528033545,9.981677582898454,10.007404262133866,0.2577390325599005,0.30497950972245835,1.166127208985349,8.2754092860775,-0.06454657643773219,-0.7043755453603585,-0.06003456195321785,-0.6443409834071406,extraction,0,0,500
extraction_electrons,280,0.028,100011,100011,100011,100011,1.0,1.0,9.976976528033545,9.981097592643795,10.010688713312437,0.2964716093994513,0.3378998154818458,1.1464609448056167,7.381371313696599,-0.06454657643773219,-0.7169719351927322,-0.06083693394585658,-0.6561350012468756,extraction,0,0,500
extraction_electrons,285,0.0285,100011,100011,100011,100011,1.0,1.0,9.976976528033545,9.98045228035871,10.006016712071244,0.25614502223354485,0.2910719891552338,1.1234965668904473,7.303486856854802,-0.06454657643773219,-0.7083810248483059,-0.06164503009090398,-0.646735994757402,extraction,0,0,500
extraction_electrons,290,0.029,100011,100011,100011,100011,1.0,1.0,9.976976528033545,9.979797343717147,9.99280272162976,0.13031705419148665,0.15862715073795552,1.084416319490422,7.032329756816498,-0.06454657643773219,-0.6829681374396497,-0.062390320689258476,-0.6205778167503913,extraction,0,0,500
extraction_electrons,295,0.029500000000000002,100011,100011,100011,100011,1.0,1.0,9.976976528033545,9.979190015093742,9.98059103141649,0.014039379154295872,0.03622844428659011,1.0361512232312668,6.337356624990102,-0.06454657643773219,-0.6531202413657611,-0.06301409740273435,-0.5901061439630267,extraction,0,0,500
extraction_electrons,300,0.030000000000000002,100011,100011,100011,100011,1.0,1.0,9.976976528033545,9.978679855685334,9.986712784245064,0.08050091470921394,0.09758724182784562,1.0149550776009637,6.006161153360798,-0.06454657643773219,-0.6540775005513475,-0.0634722127153096,-0.5906052878360379,extraction,0,0,500
extraction_electrons,1000,0.1,100011,100011,100011,100011,1.0,1.0,9.976976528033545,9.977210832273157,9.97645770986673,-0.007548426299563982,-0.00520015422864617,0.22086707229853578,0.9986490834215971,-0.06454657643773219,-0.24848334702963834,-0.06396039123810739,-0.18452295579153094,extraction,0,0,500
