family,b_gs,b_t,n_sc_on,n_sc_off,n_all_on,n_all_off,detected_frac_on,detected_frac_off,sigma_initial_mm,sigma_sc_off_mm,sigma_sc_on_mm,expansion_vs_no_sc_pct,expansion_vs_initial_pct,rms_particle_dx_mm,max_abs_particle_dx_mm,block,beam,species,train,energy_mev,sigma_t_ns,sigma_mm,voltage_kv,power_kw,dx_mm,dy_mm
E1_ramp_e_10mm,500,0.05,100031,100031,100031,100031,1.0,1.0,9.998651729884015,10.000201434622403,9.998535232371305,-0.016661686886920712,-0.0011651322183947599,0.142337563469537,1.9772256060749,E1,ramp,,3-bunch,80.0,120.0,10.0,25,100,0,0
E1_ramp_e_10mm,500,0.05,100031,100031,100031,100031,1.0,1.0,9.998651729884015,10.000201434622403,10.007809224520551,0.07607636654007877,0.09158729480662764,0.24259516853258806,2.037208224534,E1,ramp,,3-bunch,80.0,120.0,10.0,25,500,0,0
E1_ramp_e_10mm,0,0.0,100011,100011,100011,100011,1.0,1.0,9.976976528033545,10.399461369675844,18.436910771277255,77.287170132081,84.79456897059731,25.760666082573067,115.6390198146685,E1,ramp,,3-bunch,80.0,20.0,10.0,25,100,0,0
E1_ramp_e_10mm,0,0.0,100011,100011,100011,100011,1.0,1.0,9.976976528033545,10.399461369675844,16.667892102259124,60.2764942313418,67.06355934009956,20.115264282314232,134.70854391436518,E1,ramp,,3-bunch,80.0,20.0,10.0,25,500,0,0
E1_ramp_e_10mm,100,0.01,100011,100011,100011,100011,1.0,1.0,9.976976528033545,9.978261519958489,10.29664068629244,3.1907278206442014,3.2040183452441306,3.310764178878435,16.3898264448067,E1,ramp,,3-bunch,80.0,20.0,10.0,25,100,0,0
E1_ramp_e_10mm,100,0.01,100011,100011,100011,100011,1.0,1.0,9.976976528033545,9.978261519958489,11.991203189988088,20.17327032372642,20.188748127199887,6.655086907134096,32.260342464001596,E1,ramp,,3-bunch,80.0,20.0,10.0,25,500,0,0
E1_ramp_e_10mm,200,0.02,100011,100011,100011,100011,1.0,1.0,9.976976528033545,9.97841091054378,9.991052792725444,0.12669233904074595,0.14108747928140986,0.887164577324966,5.4762609021827995,E1,ramp,,3-bunch,80.0,20.0,10.0,25,100,0,0
E1_ramp_e_10mm,200,0.02,100011,100011,100011,100011,1.0,1.0,9.976976528033545,9.97841091054378,10.503673572764134,5.263991099678322,5.279124825548731,3.2682968051214596,18.5965655693017,E1,ramp,,3-bunch,80.0,20.0,10.0,25,500,0,0
E1_ramp_e_10mm,300,0.030000000000000002,100011,100011,100011,100011,1.0,1.0,9.976976528033545,9.978441945800695,9.95872256736475,-0.19761981422603547,-0.18296084607900553,0.4487514766108988,2.997702438585701,E1,ramp,,3-bunch,80.0,20.0,10.0,25,100,0,0
E1_ramp_e_10mm,300,0.030000000000000002,100011,100011,100011,100011,1.0,1.0,9.976976528033545,9.978441945800695,10.161869099102967,1.8382344087241487,1.853192403028192,2.031762852619955,12.996246099418801,E1,ramp,,3-bunch,80.0,20.0,10.0,25,500,0,0
E1_ramp_e_10mm,500,0.05,100011,100011,100011,100011,1.0,1.0,9.976976528033545,9.978130244863236,9.972976958781713,-0.05164580893475268,-0.04008798898738064,0.23151798643972105,1.6495068797293015,E1,ramp,,3-bunch,80.0,20.0,10.0,25,100,0,0
E1_ramp_e_10mm,500,0.05,100011,100011,100011,100011,1.0,1.0,9.976976528033545,9.978130244863236,9.999286086921288,0.2120221077384965,0.22361041769576318,0.6943573391721841,6.389025671958301,E1,ramp,,3-bunch,80.0,20.0,10.0,25,500,0,0
E1_ramp_e_10mm,1000,0.1,100011,100011,100011,100011,1.0,1.0,9.976976528033545,9.977250637134341,9.97629040258921,-0.009624239984085126,-0.00687708788735808,0.10420717962765416,0.7371069067657006,E1,ramp,,3-bunch,80.0,20.0,10.0,25,100,0,0
E1_ramp_e_10mm,1000,0.1,100011,100011,100011,100011,1.0,1.0,9.976976528033545,9.977250637134341,9.978224552939905,0.009761364538030115,0.012509049238040859,0.19399596698191854,1.0742290020643992,E1,ramp,,3-bunch,80.0,20.0,10.0,25,500,0,0
E1_ramp_e_10mm,0,0.0,100031,100031,100031,100031,1.0,1.0,9.998651729884015,10.460571621543814,5.69114204437396,-45.59434942682379,-43.08090532482246,7.237331481573331,19.0606720731262,E1,ramp,,3-bunch,200.0,120.0,10.0,25,100,0,0
E1_ramp_e_10mm,0,0.0,100031,100031,100031,100031,1.0,1.0,9.998651729884015,10.460571621543814,18.28269178497618,74.77717706480314,82.85157118067016,27.36180265970485,84.0927251016951,E1,ramp,,3-bunch,200.0,120.0,10.0,25,500,0,0
E1_ramp_e_10mm,100,0.01,100031,100031,100031,100031,1.0,1.0,9.998651729884015,9.999700299497164,10.65457103453446,6.5489036213437934,6.560077522152619,0.7735343535516853,2.7111613927331,E1,ramp,,3-bunch,200.0,120.0,10.0,25,100,0,0
E1_ramp_e_10mm,100,0.01,100031,100031,100031,100031,1.0,1.0,9.998651729884015,9.999700299497164,10.482523654294345,4.828378254710897,4.839371722130603,2.3511824867864184,9.7432528982135,E1,ramp,,3-bunch,200.0,120.0,10.0,25,500,0,0
E1_ramp_e_10mm,200,0.02,100031,100031,100031,100031,1.0,1.0,9.998651729884015,10.00011859562257,10.090785209191235,0.9066553831506896,0.9214590306396042,0.18171993743084325,1.9551346151800004,E1,ramp,,3-bunch,200.0,120.0,10.0,25,100,0,0
E1_ramp_e_10mm,200,0.02,100031,100031,100031,100031,1.0,1.0,9.998651729884015,10.00011859562257,10.005857599462047,0.057389357782100525,0.07206841254900898,0.6301969965299588,3.6337116966378016,E1,ramp,,3-bunch,200.0,120.0,10.0,25,500,0,0
E1_ramp_e_10mm,300,0.030000000000000002,100031,100031,100031,100031,1.0,1.0,9.998651729884015,10.000995359498303,10.042986625068554,0.4198708634573167,0.4434087353200944,0.1364205307636358,1.7059934255293001,E1,ramp,,3-bunch,200.0,120.0,10.0,25,100,0,0
E1_ramp_e_10mm,300,0.030000000000000002,100031,100031,100031,100031,1.0,1.0,9.998651729884015,10.000995359498303,9.992245404046516,-0.08749084603341117,-0.06407189699739746,0.3742321596266509,3.1310019749545,E1,ramp,,3-bunch,200.0,120.0,10.0,25,500,0,0
E1_ramp_e_10mm,500,0.05,100031,100031,100031,100031,1.0,1.0,9.998651729884015,10.001263072655899,9.995177535822549,-0.06084768282906827,-0.034746625398329734,0.1148067482606184,1.4610871420506992,E1,ramp,,3-bunch,200.0,120.0,10.0,25,100,0,0
E1_ramp_e_10mm,500,0.05,100031,100031,100031,100031,1.0,1.0,9.998651729884015,10.001263072655899,10.012145554498868,0.10881107480036345,0.13495644192229594,0.22446636950069257,1.9439843637681005,E1,ramp,,3-bunch,200.0,120.0,10.0,25,500,0,0
E1_ramp_e_10mm,1000,0.1,100031,100031,100031,100031,1.0,1.0,9.998651729884015,9.999255016078346,9.996749343990725,-0.025058587700699242,-0.01902642420882339,0.09814798054099322,1.1600310378134,E1,ramp,,3-bunch,200.0,120.0,10.0,25,100,0,0
E1_ramp_e_10mm,1000,0.1,100031,100031,100031,100031,1.0,1.0,9.998651729884015,9.999255016078346,10.000502141071195,0.012472179085776247,0.01850660706232965,0.12837389266724486,1.297242304529398,E1,ramp,,3-bunch,200.0,120.0,10.0,25,500,0,0
E1_ramp_e_10mm,0,0.0,100011,100011,100011,100011,1.0,1.0,9.976976528033545,10.443149549442715,18.55011338919474,77.62949100144449,85.92920748156709,27.36849992611509,91.40462663811721,E1,ramp,,3-bunch,200.0,20.0,10.0,25,100,0,0
E1_ramp_e_10mm,0,0.0,100011,100011,100011,100011,1.0,1.0,9.976976528033545,10.443149549442715,16.762995728968225,60.51666836335556,68.01679027576304,20.58177591772592,142.89322101220841,E1,ramp,,3-bunch,200.0,20.0,10.0,25,500,0,0
E1_ramp_e_10mm,100,0.01,100011,100011,100011,100011,1.0,1.0,9.976976528033545,9.978001058784226,10.416005361603668,4.389699903206967,4.400419629499286,2.683896489141376,12.4276735528082,E1,ramp,,3-bunch,200.0,20.0,10.0,25,100,0,0
E1_ramp_e_10mm,100,0.01,100011,100011,100011,100011,1.0,1.0,9.976976528033545,9.978001058784226,11.631198615586385,16.56842434734711,16.580394700787025,5.906772095769538,30.4221791747173,E1,ramp,,3-bunch,200.0,20.0,10.0,25,500,0,0
E1_ramp_e_10mm,200,0.02,100011,100011,100011,100011,1.0,1.0,9.976976528033545,9.978110972387986,9.98594402299825,0.07850234009163515,0.0898818889621289,0.7175567549589336,3.9460598009353003,E1,ramp,,3-bunch,200.0,20.0,10.0,25,100,0,0
E1_ramp_e_10mm,200,0.02,100011,100011,100011,100011,1.0,1.0,9.976976528033545,9.978110972387986,10.318490419696316,3.4112613925646684,3.423019896891377,2.6736397039784205,15.985076511484602,E1,ramp,,3-bunch,200.0,20.0,10.0,25,500,0,0
E1_ramp_e_10mm,300,0.030000000000000002,100011,100011,100011,100011,1.0,1.0,9.976976528033545,9.978153621584841,9.950558732260072,-0.27655306153109294,-0.26478759070188707,0.4019532389064382,3.2444384693680988,E1,ramp,,3-bunch,200.0,20.0,10.0,25,100,0,0
E1_ramp_e_10mm,300,0.030000000000000002,100011,100011,100011,100011,1.0,1.0,9.976976528033545,9.978153621584841,10.047482067712096,0.6948023527848068,0.706682425085825,1.4551624739669975,11.2637217026183,E1,ramp,,3-bunch,200.0,20.0,10.0,25,500,0,0
E1_ramp_e_10mm,500,0.05,100011,100011,100011,100011,1.0,1.0,9.976976528033545,9.978036617781491,9.971598796245006,-0.06451992293766695,-0.05390141766323797,0.22358197500965088,1.7710371841286996,E1,ramp,,3-bunch,200.0,20.0,10.0,25,100,0,0
E1_ramp_e_10mm,500,0.05,100011,100011,100011,100011,1.0,1.0,9.976976528033545,9.978036617781491,9.983091457707427,0.05065966501793806,0.06129040853910528,0.5215231570106548,3.870574240174099,E1,ramp,,3-bunch,200.0,20.0,10.0,25,500,0,0
E1_ramp_e_10mm,1000,0.1,100011,100011,100011,100011,1.0,1.0,9.976976528033545,9.977279817697045,9.976318845035218,-0.009631609811355801,-0.006592007072270256,0.10727991447493747,0.8317940848473997,E1,ramp,,3-bunch,200.0,20.0,10.0,25,100,0,0
E1_ramp_e_10mm,1000,0.1,100011,100011,100011,100011,1.0,1.0,9.976976528033545,9.977279817697045,9.976235224248898,-0.01046972188045725,-0.007430144619102741,0.17854036470704743,1.0560157219167,E1,ramp,,3-bunch,200.0,20.0,10.0,25,500,0,0
E1_ramp_e_10mm,0,0.0,100031,100031,100031,100031,1.0,1.0,9.998651729884015,10.480489230953742,6.334872457447324,-39.55556541447025,-36.642733154574934,5.786686916623075,15.3013637706199,E1,ramp,,3-bunch,400.0,120.0,10.0,25,100,0,0
E1_ramp_e_10mm,0,0.0,100031,100031,100031,100031,1.0,1.0,9.998651729884015,10.480489230953742,15.986811167697395,52.53878722074283,59.889669123247316,24.720225448183875,68.7186090519633,E1,ramp,,3-bunch,400.0,120.0,10.0,25,500,0,0
E1_ramp_e_10mm,100,0.01,100031,100031,100031,100031,1.0,1.0,9.998651729884015,9.999685420653636,10.530086367714215,5.304176329038057,5.31506299236173,0.638505088753492,1.9992606588269002,E1,ramp,,3-bunch,400.0,120.0,10.0,25,100,0,0
E1_ramp_e_10mm,100,0.01,100031,100031,100031,100031,1.0,1.0,9.998651729884015,9.999685420653636,10.924366329663593,9.247099984766471,9.258394279428671,2.0007160328520555,10.2328126141061,E1,ramp,,3-bunch,400.0,120.0,10.0,25,500,0,0
E1_ramp_e_10mm,200,0.02,100031,100031,100031,100031,1.0,1.0,9.998651729884015,9.999973689834675,10.071273584864294,0.7130008262131504,0.7263164768828378,0.1524100786619097,1.2560750840617008,E1,ramp,,3-bunch,400.0,120.0,10.0,25,100,0,0
E1_ramp_e_10mm,200,0.02,100031,100031,100031,100031,1.0,1.0,9.998651729884015,9.999973689834675,10.035611896894787,0.3563830082506936,0.3696515091160313,0.571210486708763,5.2897381897465,E1,ramp,,3-bunch,400.0,120.0,10.0,25,500,0,0
E1_ramp_e_10mm,300,0.030000000000000002,100031,100031,100031,100031,1.0,1.0,9.998651729884015,10.000641563053332,10.032886496245663,0.3224286460926429,0.3423938275530336,0.11423150644114885,1.3673895596469992,E1,ramp,,3-bunch,400.0,120.0,10.0,25,100,0,0
E1_ramp_e_10mm,300,0.030000000000000002,100031,100031,100031,100031,1.0,1.0,9.998651729884015,10.000641563053332,10.003990061578456,0.03348283711612776,0.0533905154280534,0.3546770855333232,3.1697961390178993,E1,ramp,,3-bunch,400.0,120.0,10.0,25,500,0,0
E1_ramp_e_10mm,500,0.05,100031,100031,100031,100031,1.0,1.0,9.998651729884015,10.000376789202496,9.994430659641637,-0.05945905525559514,-0.04221639433407143,0.09882008103746615,1.2969862615090997,E1,ramp,,3-bunch,400.0,120.0,10.0,25,100,0,0
E1_ramp_e_10mm,500,0.05,100031,100031,100031,100031,1.0,1.0,9.998651729884015,10.000376789202496,10.015503825265949,0.1512646611454116,0.16854367805976267,0.2148580905348219,1.9201818293056998,E1,ramp,,3-bunch,400.0,120.0,10.0,25,500,0,0
E1_ramp_e_10mm,1000,0.1,100031,100031,100031,100031,1.0,1.0,9.998651729884015,9.998928674509537,9.996898522048843,-0.02030369979405533,-0.01753444246820335,0.0883240599806478,1.0998003217134995,E1,ramp,,3-bunch,400.0,120.0,10.0,25,100,0,0
E1_ramp_e_10mm,1000,0.1,100031,100031,100031,100031,1.0,1.0,9.998651729884015,9.998928674509537,10.000648328712645,0.01719838453784206,0.01996868060383239,0.12609739639483128,1.0520645884518007,E1,ramp,,3-bunch,400.0,120.0,10.0,25,500,0,0
E1_ramp_e_10mm,0,0.0,100011,100011,100011,100011,1.0,1.0,9.976976528033545,10.45451542325499,17.42711762557633,66.69464743254866,74.6733349187422,26.361237296620132,76.63269134431211,E1,ramp,,3-bunch,400.0,20.0,10.0,25,100,0,0
E1_ramp_e_10mm,0,0.0,100011,100011,100011,100011,1.0,1.0,9.976976528033545,10.45451542325499,16.99517094295084,62.56297164330387,70.34390023067014,21.05139650338531,125.45075441747179,E1,ramp,,3-bunch,400.0,20.0,10.0,25,500,0,0
E1_ramp_e_10mm,100,0.01,100011,100011,100011,100011,1.0,1.0,9.976976528033545,9.978633677676141,10.766767348505926,7.898212283240436,7.916133893401556,2.3399630173491768,10.065744764110399,E1,ramp,,3-bunch,400.0,20.0,10.0,25,100,0,0
E1_ramp_e_10mm,100,0.01,100011,100011,100011,100011,1.0,1.0,9.976976528033545,9.978633677676141,11.38477509924897,14.091522617155494,14.110472919924778,5.468899335269168,27.455861945256395,E1,ramp,,3-bunch,400.0,20.0,10.0,25,500,0,0
E1_ramp_e_10mm,200,0.02,100011,100011,100011,100011,1.0,1.0,9.976976528033545,9.978571704312445,10.003781773704045,0.25264206279846935,0.2686710306993634,0.6463454651344465,4.6498691548835005,E1,ramp,,3-bunch,400.0,20.0,10.0,25,100,0,0
E1_ramp_e_10mm,200,0.02,100011,100011,100011,100011,1.0,1.0,9.976976528033545,9.978571704312445,10.22740767968475,2.493703334964925,2.5100906166065418,2.3700445114638358,13.6925049153346,E1,ramp,,3-bunch,400.0,20.0,10.0,25,500,0,0
E1_ramp_e_10mm,300,0.030000000000000002,100011,100011,100011,100011,1.0,1.0,9.976976528033545,9.978404951468077,9.953836922163664,-0.2462119890293546,-0.2319300421812387,0.37899218134971274,3.356655022958501,E1,ramp,,3-bunch,400.0,20.0,10.0,25,100,0,0
E1_ramp_e_10mm,300,0.030000000000000002,100011,100011,100011,100011,1.0,1.0,9.976976528033545,9.978404951468077,10.00282413637145,0.24472032376057218,0.2590725583575093,1.1456962264788941,9.443905190678,E1,ramp,,3-bunch,400.0,20.0,10.0,25,500,0,0
E1_ramp_e_10mm,500,0.05,100011,100011,100011,100011,1.0,1.0,9.976976528033545,9.97793939457419,9.969926847549766,-0.08030262269161925,-0.07065948751077133,0.21654760915660182,1.6659968984134998,E1,ramp,,3-bunch,400.0,20.0,10.0,25,100,0,0
E1_ramp_e_10mm,500,0.05,100011,100011,100011,100011,1.0,1.0,9.976976528033545,9.97793939457419,9.977883962274966,-0.0005555485660058146,0.009095282913329505,0.4814920050823768,3.9750143547826013,E1,ramp,,3-bunch,400.0,20.0,10.0,25,500,0,0
E1_ramp_e_10mm,1000,0.1,100011,100011,100011,100011,1.0,1.0,9.976976528033545,9.977100985758232,9.976503080239334,-0.00599277805999332,-0.004745403508565893,0.10676622077589899,1.006917193108201,E1,ramp,,3-bunch,400.0,20.0,10.0,25,100,0,0
E1_ramp_e_10mm,1000,0.1,100011,100011,100011,100011,1.0,1.0,9.976976528033545,9.977100985758232,9.976552375745655,-0.005498691587468851,-0.0042513108725605875,0.19038298956678776,1.116784649094301,E1,ramp,,3-bunch,400.0,20.0,10.0,25,500,0,0
E1_ramp_e_10mm,0,0.0,100031,100031,100031,100031,1.0,1.0,9.998651729884015,10.499183816668959,6.849935104250046,-34.75745139946219,-31.4914121493308,4.918053899204111,12.733077500617497,E1,ramp,,3-bunch,800.0,120.0,10.0,25,100,0,0
E1_ramp_e_10mm,0,0.0,100031,100031,100031,100031,1.0,1.0,9.998651729884015,10.499183816668959,13.557178134374963,29.12601942306221,35.59006254668524,21.953780975530133,67.4910505582954,E1,ramp,,3-bunch,800.0,120.0,10.0,25,500,0,0
E1_ramp_e_10mm,100,0.01,100031,100031,100031,100031,1.0,1.0,9.998651729884015,9.999716581967848,10.454032151187306,4.543284457068619,4.55441827163805,0.5568152659937473,2.0848533599358996,E1,ramp,,3-bunch,800.0,120.0,10.0,25,100,0,0
E1_ramp_e_10mm,100,0.01,100031,100031,100031,100031,1.0,1.0,9.998651729884015,9.999716581967848,11.152817382946768,11.531334828611728,11.543212867522712,1.817435194036972,8.4957968419614,E1,ramp,,3-bunch,800.0,120.0,10.0,25,500,0,0
E1_ramp_e_10mm,200,0.02,100031,100031,100031,100031,1.0,1.0,9.998651729884015,10.0002218991449,10.060039560547706,0.5981633408346676,0.613961085175263,0.1356211476050082,1.2008363794503398,E1,ramp,,3-bunch,800.0,120.0,10.0,25,100,0,0
E1_ramp_e_10mm,200,0.02,100031,100031,100031,100031,1.0,1.0,9.998651729884015,10.0002218991449,10.084518790702996,0.8429502105878672,0.8587863957931541,0.5445994087177067,4.9006369770603,E1,ramp,,3-bunch,800.0,120.0,10.0,25,500,0,0
E1_ramp_e_10mm,300,0.030000000000000002,100031,100031,100031,100031,1.0,1.0,9.998651729884015,10.000995406340524,10.027817711890513,0.26819635906427663,0.29169914898952154,0.10108204573428857,1.2530494143917998,E1,ramp,,3-bunch,800.0,120.0,10.0,25,100,0,0
E1_ramp_e_10mm,300,0.030000000000000002,100031,100031,100031,100031,1.0,1.0,9.998651729884015,10.000995406340524,10.019101156398225,0.18103947979239976,0.20452184021062525,0.34586989510226573,3.0325915933465986,E1,ramp,,3-bunch,800.0,120.0,10.0,25,500,0,0
E1_ramp_e_10mm,500,0.05,100031,100031,100031,100031,1.0,1.0,9.998651729884015,10.00081118337007,9.995118588628156,-0.056921330055503816,-0.03533617682971446,0.0889941568318575,0.9965325229402993,E1,ramp,,3-bunch,800.0,120.0,10.0,25,100,0,0
E1_ramp_e_10mm,500,0.05,100031,100031,100031,100031,1.0,1.0,9.998651729884015,10.00081118337007,10.017056786703822,0.16244285624316124,0.18407538653235633,0.21046251843170904,2.050199785710703,E1,ramp,,3-bunch,800.0,120.0,10.0,25,500,0,0
E1_ramp_e_10mm,1000,0.1,100031,100031,100031,100031,1.0,1.0,9.998651729884015,9.999136034068478,9.99747639704919,-0.016597804186602172,-0.011754913228068098,0.08175236259707881,1.1598780454520004,E1,ramp,,3-bunch,800.0,120.0,10.0,25,100,0,0
E1_ramp_e_10mm,1000,0.1,100031,100031,100031,100031,1.0,1.0,9.998651729884015,9.999136034068478,10.000972678477934,0.0183680310298584,0.02321261562678867,0.12476684167915482,1.287451144442601,E1,ramp,,3-bunch,800.0,120.0,10.0,25,500,0,0
E1_ramp_e_10mm,0,0.0,100011,100011,100011,100011,1.0,1.0,9.977170589283082,10.472889164365608,15.441719338729463,47.44469359296271,54.77052537636364,24.05913524418794,66.6281249279048,E1,ramp,,3-bunch,800.0,20.0,10.0,25,100,0,0
E1_ramp_e_10mm,0,0.0,100011,100011,100011,100011,1.0,1.0,9.977170589283082,10.472889164365608,17.23987196169574,64.61428829357845,72.79319630170346,21.568770527929303,120.9401737770473,E1,ramp,,3-bunch,800.0,20.0,10.0,25,500,0,0
E1_ramp_e_10mm,100,0.01,100011,100011,100011,100011,1.0,1.0,9.977170589283082,9.978512747718042,11.109236382796071,11.331584812943296,11.346561466323845,2.1186110453703235,8.4532539153154,E1,ramp,,3-bunch,800.0,20.0,10.0,25,100,0,0
E1_ramp_e_10mm,100,0.01,100011,100011,100011,100011,1.0,1.0,9.977170589283082,9.978512747718042,11.202983773397607,12.271077430447598,12.286180467147911,5.2192414347691,23.982629516423497,E1,ramp,,3-bunch,800.0,20.0,10.0,25,500,0,0
E1_ramp_e_10mm,200,0.02,100011,100011,100011,100011,1.0,1.0,9.977170589283082,9.978521336012752,10.03446514555973,0.5606422801850863,0.5742565566453361,0.6055918233827743,3.895174818191899,E1,ramp,,3-bunch,800.0,20.0,10.0,25,100,0,0
E1_ramp_e_10mm,200,0.02,100011,100011,100011,100011,1.0,1.0,9.977170589283082,9.978521336012752,10.155438475462622,1.7729795176302465,1.7867579248472154,2.1485375380619236,12.761345765904899,E1,ramp,,3-bunch,800.0,20.0,10.0,25,500,0,0
E1_ramp_e_10mm,300,0.030000000000000002,100011,100011,100011,100011,1.0,1.0,9.977170589283082,9.978415423602657,9.961276190086934,-0.17176307848620898,-0.1593076820117778,0.3654938926633811,2.7030116165762,E1,ramp,,3-bunch,800.0,20.0,10.0,25,100,0,0
E1_ramp_e_10mm,300,0.030000000000000002,100011,100011,100011,100011,1.0,1.0,9.977170589283082,9.978415423602657,9.991866206522063,0.13479878666495804,0.14729243233313483,1.0431278805536186,7.686283602847899,E1,ramp,,3-bunch,800.0,20.0,10.0,25,500,0,0
E1_ramp_e_10mm,500,0.05,100011,100011,100011,100011,1.0,1.0,9.977170589283082,9.97802116339098,9.97032272729504,-0.07715393633546119,-0.06863531024915437,0.2130351145243751,2.3536421143984017,E1,ramp,,3-bunch,800.0,20.0,10.0,25,100,0,0
E1_ramp_e_10mm,500,0.05,100011,100011,100011,100011,1.0,1.0,9.977170589283082,9.97802116339098,9.976679795116306,-0.013443229401000067,-0.004919171847206361,0.48214903940789694,2.1746999524163995,E1,ramp,,3-bunch,800.0,20.0,10.0,25,500,0,0
E1_ramp_e_10mm,1000,0.1,100011,100011,100011,100011,1.0,1.0,9.977170589283082,9.977344836244834,9.976341389390312,-0.010057253417528056,-0.008310972387914894,0.10548345364244369,0.8018419284116032,E1,ramp,,3-bunch,800.0,20.0,10.0,25,100,0,0
E1_ramp_e_10mm,1000,0.1,100011,100011,100011,100011,1.0,1.0,9.977170589283082,9.977344836244834,9.976365918754928,-0.009811402792758717,-0.008065117469457928,0.20769101246060276,0.9071029439084999,E1,ramp,,3-bunch,800.0,20.0,10.0,25,500,0,0
E1_ramp_e_10mm,0,0.0,100031,100031,100031,100031,1.0,1.0,9.998651729884015,10.510001296369165,7.045180676572313,-32.96689050831826,-29.538693146840533,4.615429942086849,11.9748016640204,E1,ramp,,3-bunch,1200.0,120.0,10.0,25,100,0,0
E1_ramp_e_10mm,0,0.0,100031,100031,100031,100031,1.0,1.0,9.998651729884015,10.510001296369165,12.591810083923994,19.807883261384763,25.93508028977083,20.852071449081343,55.4969055144324,E1,ramp,,3-bunch,1200.0,120.0,10.0,25,500,0,0
E1_ramp_e_10mm,100,0.01,100031,100031,100031,100031,1.0,1.0,9.998651729884015,10.00012868403207,10.426933955416787,4.267997791530709,4.283399773318641,0.5276981493763074,1.9130043587961012,E1,ramp,,3-bunch,1200.0,120.0,10.0,25,100,0,0
E1_ramp_e_10mm,100,0.01,100031,100031,100031,100031,1.0,1.0,9.998651729884015,10.00012868403207,11.201556587672826,12.014124433810158,12.030670637257646,1.7751529691570913,7.134693962380901,E1,ramp,,3-bunch,1200.0,120.0,10.0,25,500,0,0
E1_ramp_e_10mm,200,0.02,100031,100031,100031,100031,1.0,1.0,9.998651729884015,10.000645713626197,10.05613297231492,0.5548367603215754,0.5748899350009884,0.12993420147965057,1.087308861024301,E1,ramp,,3-bunch,1200.0,120.0,10.0,25,100,0,0
E1_ramp_e_10mm,200,0.02,100031,100031,100031,100031,1.0,1.0,9.998651729884015,10.000645713626197,10.105203568159148,1.0455110352573183,1.065662062782624,0.5304533741709021,4.0238792032065,E1,ramp,,3-bunch,1200.0,120.0,10.0,25,500,0,0
E1_ramp_e_10mm,300,0.030000000000000002,100031,100031,100031,100031,1.0,1.0,9.998651729884015,10.001617105180534,10.026172458863792,0.24551383466318022,0.2752444001776988,0.09659797599663913,1.0750039989497004,E1,ramp,,3-bunch,1200.0,120.0,10.0,25,100,0,0
E1_ramp_e_10mm,300,0.030000000000000002,100031,100031,100031,100031,1.0,1.0,9.998651729884015,10.001617105180534,10.028756549608618,0.27135056404055113,0.3010887921480965,0.3442236431918647,3.0380115702261996,E1,ramp,,3-bunch,1200.0,120.0,10.0,25,500,0,0
E1_ramp_e_10mm,500,0.05,100031,100031,100031,100031,1.0,1.0,9.998651729884015,10.001141222242643,9.995984548073812,-0.05156085744856265,-0.02667541466847556,0.08580043597893176,0.9986856303095992,E1,ramp,,3-bunch,1200.0,120.0,10.0,25,100,0,0
E1_ramp_e_10mm,500,0.05,100031,100031,100031,100031,1.0,1.0,9.998651729884015,10.001141222242643,10.018312681839976,0.17169500175784336,0.19663603140809283,0.2080169707571759,2.036432602818101,E1,ramp,,3-bunch,1200.0,120.0,10.0,25,500,0,0
E1_ramp_e_10mm,1000,0.1,100031,100031,100031,100031,1.0,1.0,9.998651729884015,9.999152108373126,9.99759105209242,-0.015611886525856988,-0.010608208188966906,0.07933432125836781,0.8904594670665009,E1,ramp,,3-bunch,1200.0,120.0,10.0,25,100,0,0
E1_ramp_e_10mm,1000,0.1,100031,100031,100031,100031,1.0,1.0,9.998651729884015,9.999152108373126,10.001321679570296,0.02169755168894838,0.02670309716159558,0.12503470199285172,1.2498634939521,E1,ramp,,3-bunch,1200.0,120.0,10.0,25,500,0,0
E1_ramp_e_10mm,0,0.0,100011,100011,100011,100011,1.0,1.0,9.976976528033545,10.480917818336902,14.489223694600485,38.2438441531413,45.226598999088765,22.98200683726672,62.9870149550801,E1,ramp,,3-bunch,1200.0,20.0,10.0,25,100,0,0
E1_ramp_e_10mm,0,0.0,100011,100011,100011,100011,1.0,1.0,9.976976528033545,10.480917818336902,17.304957874710976,65.10918389642428,73.44891837809877,21.78523908898573,124.9535230676852,E1,ramp,,3-bunch,1200.0,20.0,10.0,25,500,0,0
E1_ramp_e_10mm,100,0.01,100011,100011,100011,100011,1.0,1.0,9.976976528033545,9.97882952655935,11.210968814640854,12.347533193167394,12.368399215333504,2.0539312190944794,9.0203692503325,E1,ramp,,3-bunch,1200.0,20.0,10.0,25,100,0,0
E1_ramp_e_10mm,100,0.01,100011,100011,100011,100011,1.0,1.0,9.976976528033545,9.97882952655935,11.107077751321475,11.306418470815771,11.32709112938719,5.129395408085657,24.6827869808051,E1,ramp,,3-bunch,1200.0,20.0,10.0,25,500,0,0
E1_ramp_e_10mm,200,0.02,100011,100011,100011,100011,1.0,1.0,9.976976528033545,9.978735336640687,10.05412004952383,0.7554535754279224,0.7732154252696244,0.5965234786429126,4.5648789697759,E1,ramp,,3-bunch,1200.0,20.0,10.0,25,100,0,0
E1_ramp_e_10mm,200,0.02,100011,100011,100011,100011,1.0,1.0,9.976976528033545,9.978735336640687,10.126799928649387,1.4838011733312895,1.5016914211922305,2.0803870350583424,11.623015776071501,E1,ramp,,3-bunch,1200.0,20.0,10.0,25,500,0,0
E1_ramp_e_10mm,300,0.030000000000000002,100011,100011,100011,100011,1.0,1.0,9.976976528033545,9.978599801244163,9.965402266614387,-0.13225838186367023,-0.11600970881946449,0.3615400203491328,2.7496991422608557,E1,ramp,,3-bunch,1200.0,20.0,10.0,25,100,0,0
E1_ramp_e_10mm,300,0.030000000000000002,100011,100011,100011,100011,1.0,1.0,9.976976528033545,9.978599801244163,9.979917211492744,0.013202355789587727,0.02947469557472715,1.021759791235803,6.074724539029299,E1,ramp,,3-bunch,1200.0,20.0,10.0,25,500,0,0
E1_ramp_e_10mm,500,0.05,100011,100011,100011,100011,1.0,1.0,9.976976528033545,9.978200373344329,9.970356565223424,-0.07860944686838289,-0.06635239435032192,0.21232354275734266,1.6176708050495,E1,ramp,,3-bunch,1200.0,20.0,10.0,25,100,0,0
E1_ramp_e_10mm,500,0.05,100011,100011,100011,100011,1.0,1.0,9.976976528033545,9.978200373344329,9.977714480267961,-0.004869546192576291,0.007396551774419002,0.4892179523484202,2.094922274248999,E1,ramp,,3-bunch,1200.0,20.0,10.0,25,500,0,0
E1_ramp_e_10mm,1000,0.1,100011,100011,100011,100011,1.0,1.0,9.976976528033545,9.977024644951312,9.97631826096489,-0.007080106660650731,-0.006597861253909709,0.10561869642035378,0.7792226158841999,E1,ramp,,3-bunch,1200.0,20.0,10.0,25,100,0,0
E1_ramp_e_10mm,1000,0.1,100011,100011,100011,100011,1.0,1.0,9.976976528033545,9.977024644951312,9.976276080658055,-0.007502881068210954,-0.007020637700427823,0.2158102953677851,1.0255751155089978,E1,ramp,,3-bunch,1200.0,20.0,10.0,25,500,0,0
E1_ramp_e_10mm,0,0.0,100031,100031,100031,100031,1.0,1.0,9.998651729884015,10.515450237424938,7.146204243351384,-32.04091045081705,-28.528321253626853,4.465725436321835,11.4192444462351,E1,ramp,,3-bunch,1600.0,120.0,10.0,25,100,0,0
E1_ramp_e_10mm,0,0.0,100031,100031,100031,100031,1.0,1.0,9.998651729884015,10.515450237424938,12.102917648477831,15.096523450826949,21.04549668736413,20.287405022036072,53.692819095672306,E1,ramp,,3-bunch,1600.0,120.0,10.0,25,500,0,0
E1_ramp_e_10mm,100,0.01,100031,100031,100031,100031,1.0,1.0,9.998651729884015,9.999874811901485,10.413521455039,4.136518215660145,4.149256683428826,0.5136248765999921,1.9564937958451003,E1,ramp,,3-bunch,1600.0,120.0,10.0,25,100,0,0
E1_ramp_e_10mm,100,0.01,100031,100031,100031,100031,1.0,1.0,9.998651729884015,9.999874811901485,11.217953104391306,12.1809354157125,12.194657914356966,1.755745696248852,6.654179208313302,E1,ramp,,3-bunch,1600.0,120.0,10.0,25,500,0,0
E1_ramp_e_10mm,200,0.02,100031,100031,100031,100031,1.0,1.0,9.998651729884015,10.00010013947859,10.054095069507934,0.5399438933234357,0.5545081589171552,0.12751981094079606,1.3851170801639,E1,ramp,,3-bunch,1600.0,120.0,10.0,25,100,0,0
E1_ramp_e_10mm,200,0.02,100031,100031,100031,100031,1.0,1.0,9.998651729884015,10.00010013947859,10.114768802221043,1.14667514467941,1.1613273016598535,0.5235607863797014,4.208476718281201,E1,ramp,,3-bunch,1600.0,120.0,10.0,25,500,0,0
E1_ramp_e_10mm,300,0.030000000000000002,100031,100031,100031,100031,1.0,1.0,9.998651729884015,10.000594951052879,10.024775235159264,0.24178845583422426,0.26127027904343514,0.09496044238112963,1.0298358925856999,E1,ramp,,3-bunch,1600.0,120.0,10.0,25,100,0,0
E1_ramp_e_10mm,300,0.030000000000000002,100031,100031,100031,100031,1.0,1.0,9.998651729884015,10.000594951052879,10.033796489862551,0.331995635981408,0.35149499080455726,0.3428625112729023,3.2903064150978008,E1,ramp,,3-bunch,1600.0,120.0,10.0,25,500,0,0
E1_ramp_e_10mm,500,0.05,100031,100031,100031,100031,1.0,1.0,9.998651729884015,10.00059068498155,9.995075908847346,-0.05514450403900639,-0.03576303218945087,0.08397456263052452,1.1068953025918011,E1,ramp,,3-bunch,1600.0,120.0,10.0,25,100,0,0
E1_ramp_e_10mm,500,0.05,100031,100031,100031,100031,1.0,1.0,9.998651729884015,10.00059068498155,10.018271534773111,0.17679805472003984,0.19622450525460522,0.2054346487092624,1.8832585688386008,E1,ramp,,3-bunch,1600.0,120.0,10.0,25,500,0,0
E1_ramp_e_10mm,1000,0.1,100031,100031,100031,100031,1.0,1.0,9.998651729884015,9.998884474268653,9.997287133530953,-0.015975189450490035,-0.013647803623195731,0.07762612635967348,0.9599908232529,E1,ramp,,3-bunch,1600.0,120.0,10.0,25,100,0,0
E1_ramp_e_10mm,1000,0.1,100031,100031,100031,100031,1.0,1.0,9.998651729884015,9.998884474268653,10.000871839759043,0.019875872108565673,0.0222040924616973,0.12405699033853654,1.1788674210186998,E1,ramp,,3-bunch,1600.0,120.0,10.0,25,500,0,0
E1_ramp_e_10mm,500,0.05,100011,100011,100011,100011,1.0,1.0,9.976976528033545,9.978263620327423,9.970767916303114,-0.07512032463282692,-0.06222939096814928,0.21175755086402187,1.5533983306577002,E1,ramp,,3-bunch,1600.0,20.0,10.0,25,100,0,0
E1_ramp_e_10mm,500,0.05,100011,100011,100011,100011,1.0,1.0,9.976976528033545,9.978263620327423,9.976985275497812,-0.012811295414238977,8.767650443441966e-05,0.49373933717286805,2.3684782930600994,E1,ramp,,3-bunch,1600.0,20.0,10.0,25,500,0,0
E3_extraction_e_10mm,0,0.0,100011,100011,100011,100011,1.0,1.0,9.976976528033545,11.218383120510028,18.4789802215614,64.72053078466516,85.2162342934127,25.989317575069823,121.1657824403349,E3,extraction,,3-bunch,1600.0,20.0,10.0,10,100,0,0
E3_extraction_e_10mm,0,0.0,100011,100011,100011,100011,1.0,1.0,9.976976528033545,11.218383120510028,17.41323506450708,55.220541832550765,74.53418894570876,20.99696690499925,136.63445485841288,E3,extraction,,3-bunch,1600.0,20.0,10.0,10,500,0,0
E3_extraction_e_10mm,15,0.0015,100011,100011,100011,100011,1.0,1.0,9.976976528033545,10.889427176495646,12.515646968125523,14.933933303121783,25.445288289079993,15.663004161014268,77.9784112387908,E3,extraction,,3-bunch,1600.0,20.0,10.0,10,100,0,0
E3_extraction_e_10mm,15,0.0015,100011,100011,100011,100011,1.0,1.0,9.976976528033545,10.889427176495646,15.729615334414513,44.44851027945897,57.65913942181851,15.102616815786146,81.90637291243121,E3,extraction,,3-bunch,1600.0,20.0,10.0,10,500,0,0
E3_extraction_e_10mm,30,0.003,100011,100011,100011,100011,1.0,1.0,9.976976528033545,10.407644312344976,13.627096782922495,30.933536677063223,36.585434922421186,7.612939455026495,37.9195184095431,E3,extraction,,3-bunch,1600.0,20.0,10.0,10,100,0,0
E3_extraction_e_10mm,30,0.003,100011,100011,100011,100011,1.0,1.0,9.976976528033545,10.407644312344976,14.197021126523772,36.40955340570245,42.29783027586209,10.02757343449433,58.623752820396106,E3,extraction,,3-bunch,1600.0,20.0,10.0,10,500,0,0
E3_extraction_e_10mm,50,0.005,100011,100011,100011,100011,1.0,1.0,9.976976528033545,10.065357675641934,12.128627209604408,20.49872046728718,21.566159602812583,5.1398744418352535,23.629695506688098,E3,extraction,,3-bunch,1600.0,20.0,10.0,10,100,0,0
E3_extraction_e_10mm,50,0.005,100011,100011,100011,100011,1.0,1.0,9.976976528033545,10.065357675641934,12.817009215676219,27.337841621796066,28.465865181327054,7.9129505208146185,44.1561516531994,E3,extraction,,3-bunch,1600.0,20.0,10.0,10,500,0,0
E3_extraction_e_10mm,65,0.006500000000000001,100011,100011,100011,100011,1.0,1.0,9.976976528033545,9.980718735488871,10.298691024184661,3.185865638765706,3.224569038998504,3.408042247208549,16.019397689243497,E3,extraction,,3-bunch,1600.0,20.0,10.0,10,100,0,0
E3_extraction_e_10mm,65,0.006500000000000001,100011,100011,100011,100011,1.0,1.0,9.976976528033545,9.980718735488871,11.788106865214733,18.108797348423966,18.153098106347464,6.7410556566474025,33.828542691702296,E3,extraction,,3-bunch,1600.0,20.0,10.0,10,500,0,0
E3_extraction_e_10mm,80,0.008,100011,100011,100011,100011,1.0,1.0,9.976976528033545,10.00916621340664,9.763497193705703,-2.4544404045551693,-2.139719720979616,2.504757799188013,13.8172847455808,E3,extraction,,3-bunch,1600.0,20.0,10.0,10,100,0,0
E3_extraction_e_10mm,80,0.008,100011,100011,100011,100011,1.0,1.0,9.976976528033545,10.00916621340664,11.620554139398157,16.099122460701732,16.473704300560897,5.603622318736277,27.295903528699704,E3,extraction,,3-bunch,1600.0,20.0,10.0,10,500,0,0
E3_extraction_e_10mm,95,0.0095,100011,100011,100011,100011,1.0,1.0,9.976976528033545,10.019305112133983,9.998980179147395,-0.20285771078049075,0.22054428064477438,1.8174828769250049,9.247609804757797,E3,extraction,,3-bunch,1600.0,20.0,10.0,10,100,0,0
E3_extraction_e_10mm,95,0.0095,100011,100011,100011,100011,1.0,1.0,9.976976528033545,10.019305112133983,10.95288261485797,9.317786935077631,9.78158146490875,4.725903087107672,23.488587214162898,E3,extraction,,3-bunch,1600.0,20.0,10.0,10,500,0,0
E3_extraction_e_10mm,115,0.0115,100011,100011,100011,100011,1.0,1.0,9.976976528033545,9.994935370475893,10.10753798206451,1.126596695374693,1.3086274550622834,1.2964125419371566,7.684971437942,E3,extraction,,3-bunch,1600.0,20.0,10.0,10,100,0,0
E3_extraction_e_10mm,115,0.0115,100011,100011,100011,100011,1.0,1.0,9.976976528033545,9.994935370475893,10.471072669068048,4.763785666875053,4.9523634704981,3.820743273082446,18.0064273353812,E3,extraction,,3-bunch,1600.0,20.0,10.0,10,500,0,0
E3_extraction_e_10mm,130,0.013000000000000001,100011,100011,100011,100011,1.0,1.0,9.976976528033545,9.980458112725659,9.979892558923753,-0.0056666116476589146,0.029227600987291602,1.0221731853985494,5.8269481716436005,E3,extraction,,3-bunch,1600.0,20.0,10.0,10,100,0,0
E3_extraction_e_10mm,130,0.013000000000000001,100011,100011,100011,100011,1.0,1.0,9.976976528033545,9.980458112725659,10.571019256485089,5.91717471371811,5.954135772319291,3.316305854259391,18.974274612592502,E3,extraction,,3-bunch,1600.0,20.0,10.0,10,500,0,0
E3_extraction_e_10mm,145,0.0145,100011,100011,100011,100011,1.0,1.0,9.976976528033545,9.986003579828035,9.95555218935286,-0.3049407125858439,-0.21473778775048524,0.8629500982100137,5.218263729871502,E3,extraction,,3-bunch,1600.0,20.0,10.0,10,100,0,0
E3_extraction_e_10mm,145,0.0145,100011,100011,100011,100011,1.0,1.0,9.976976528033545,9.986003579828035,10.409529525682903,4.241195614133364,4.335511830001404,2.9469044544093324,15.6508469937251,E3,extraction,,3-bunch,1600.0,20.0,10.0,10,500,0,0
E3_extraction_e_10mm,160,0.016,100011,100011,100011,100011,1.0,1.0,9.976976528033545,9.990573099803283,10.007518172074645,0.16961061294566981,0.30612123778466227,0.7387736856699737,4.470484153402099,E3,extraction,,3-bunch,1600.0,20.0,10.0,10,100,0,0
E3_extraction_e_10mm,160,0.016,100011,100011,100011,100011,1.0,1.0,9.976976528033545,9.990573099803283,10.234199896444816,2.438566778980178,2.5781695254922132,2.623707225341258,16.094986100195698,E3,extraction,,3-bunch,1600.0,20.0,10.0,10,500,0,0
E3_extraction_e_10mm,180,0.018000000000000002,100011,100011,100011,100011,1.0,1.0,9.976976528033545,9.985078418240017,9.992245510703722,0.07177802880959927,0.15304218294263094,0.6358721434668795,4.6300331935461,E3,extraction,,3-bunch,1600.0,20.0,10.0,10,100,0,0
E3_extraction_e_10mm,180,0.018000000000000002,100011,100011,100011,100011,1.0,1.0,9.976976528033545,9.985078418240017,10.208624336759932,2.2387998286679256,2.3218237316234847,2.301932999487113,15.242311977875001,E3,extraction,,3-bunch,1600.0,20.0,10.0,10,500,0,0
E3_extraction_e_10mm,195,0.0195,100011,100011,100011,100011,1.0,1.0,9.976976528033545,9.980047527724654,9.95440301166296,-0.25695785506485436,-0.2262560837660299,0.5703811043904694,4.494085217571303,E3,extraction,,3-bunch,1600.0,20.0,10.0,10,100,0,0
E3_extraction_e_10mm,195,0.0195,100011,100011,100011,100011,1.0,1.0,9.976976528033545,9.980047527724654,10.149458879679448,1.6975004526197823,1.7288038230946823,2.048391897310879,15.4878176059554,E3,extraction,,3-bunch,1600.0,20.0,10.0,10,500,0,0
E3_extraction_e_10mm,1000,0.1,100011,100011,100011,100011,1.0,1.0,9.976976528033545,9.97726923622806,9.976888453219262,-0.0038165052960170698,-0.0008827806102895686,0.09703703500803997,0.8525015720062004,E3,extraction,,3-bunch,1600.0,20.0,10.0,10,100,0,0
E3_extraction_e_10mm,1000,0.1,100011,100011,100011,100011,1.0,1.0,9.976976528033545,9.97726923622806,9.977040664824322,-0.0022909214768773722,0.0006428479669917664,0.12104305034491461,0.8749799964878999,E3,extraction,,3-bunch,1600.0,20.0,10.0,10,500,0,0
E3_extraction_e_10mm,0,0.0,100011,100011,100011,100011,1.0,1.0,9.976976528033545,10.819909393657971,18.602064252277486,71.92439950727297,86.44991496180197,27.47937426527994,95.4930277318892,E3,extraction,,3-bunch,1600.0,20.0,10.0,15,100,0,0
E3_extraction_e_10mm,0,0.0,100011,100011,100011,100011,1.0,1.0,9.976976528033545,10.819909393657971,17.591185028169132,62.581629736013376,76.31779506287306,21.325388202115647,132.3999201964198,E3,extraction,,3-bunch,1600.0,20.0,10.0,15,500,0,0
E3_extraction_e_10mm,20,0.002,100011,100011,100011,100011,1.0,1.0,9.976976528033545,10.561478695600254,9.272650561614537,-12.203103098836177,-7.059513114418747,15.241700658352652,60.1345224566484,E3,extraction,,3-bunch,1600.0,20.0,10.0,15,100,0,0
E3_extraction_e_10mm,20,0.002,100011,100011,100011,100011,1.0,1.0,9.976976528033545,10.561478695600254,14.7257832778766,39.429181294576956,47.597653823277476,14.02955479258826,78.2177651574819,E3,extraction,,3-bunch,1600.0,20.0,10.0,15,500,0,0
E3_extraction_e_10mm,40,0.004,100011,100011,100011,100011,1.0,1.0,9.976976528033545,10.224998015723116,13.05062930594274,27.634541208463936,30.807457241908654,5.939983346956013,30.4217195361145,E3,extraction,,3-bunch,1600.0,20.0,10.0,15,100,0,0
E3_extraction_e_10mm,40,0.004,100011,100011,100011,100011,1.0,1.0,9.976976528033545,10.224998015723116,13.921282142930192,36.14948503191149,39.53407732105858,9.671261620683792,44.736342837454295,E3,extraction,,3-bunch,1600.0,20.0,10.0,15,500,0,0
E3_extraction_e_10mm,60,0.006,100011,100011,100011,100011,1.0,1.0,9.976976528033545,10.044359020223114,13.06818392590648,30.10470752384753,30.983408542529766,4.699738772237725,19.891394400763502,E3,extraction,,3-bunch,1600.0,20.0,10.0,15,100,0,0
E3_extraction_e_10mm,60,0.006,100011,100011,100011,100011,1.0,1.0,9.976976528033545,10.044359020223114,12.636213700917185,25.804082425525433,26.653737887541908,7.472521514164344,36.3940820293512,E3,extraction,,3-bunch,1600.0,20.0,10.0,15,500,0,0
E3_extraction_e_10mm,80,0.008,100011,100011,100011,100011,1.0,1.0,9.976976528033545,9.979299066218376,10.135324167491603,1.5634875780143664,1.5871305200842123,2.661336315196873,12.6829633235554,E3,extraction,,3-bunch,1600.0,20.0,10.0,15,100,0,0
E3_extraction_e_10mm,80,0.008,100011,100011,100011,100011,1.0,1.0,9.976976528033545,9.979299066218376,11.500848527242827,15.247057442893496,15.273885780200747,5.876486782826002,29.756859137705902,E3,extraction,,3-bunch,1600.0,20.0,10.0,15,500,0,0
E3_extraction_e_10mm,100,0.01,100011,100011,100011,100011,1.0,1.0,9.976976528033545,10.000400717389995,9.374017271430109,-6.263583466916978,-6.043506817012412,1.9250498788069799,13.4085888656275,E3,extraction,,3-bunch,1600.0,20.0,10.0,15,100,0,0
E3_extraction_e_10mm,100,0.01,100011,100011,100011,100011,1.0,1.0,9.976976528033545,10.000400717389995,10.923869893373475,9.234321724504802,9.490784735027958,4.698973693429339,22.871722576668695,E3,extraction,,3-bunch,1600.0,20.0,10.0,15,500,0,0
E3_extraction_e_10mm,120,0.012,100011,100011,100011,100011,1.0,1.0,9.976976528033545,10.00436213360973,9.984772249979722,-0.19581341987007228,0.0781371182368984,1.2959576932240513,7.1408778913035995,E3,extraction,,3-bunch,1600.0,20.0,10.0,15,100,0,0
E3_extraction_e_10mm,120,0.012,100011,100011,100011,100011,1.0,1.0,9.976976528033545,10.00436213360973,10.544040417324815,5.3944297148344145,5.683724800774281,3.773497787527221,17.293977572459802,E3,extraction,,3-bunch,1600.0,20.0,10.0,15,500,0,0
E3_extraction_e_10mm,140,0.014,100011,100011,100011,100011,1.0,1.0,9.976976528033545,9.989979358146797,10.159564802837751,1.6975555064851822,1.8300962650474872,1.0053404407106732,7.509037302467801,E3,extraction,,3-bunch,1600.0,20.0,10.0,15,100,0,0
E3_extraction_e_10mm,140,0.014,100011,100011,100011,100011,1.0,1.0,9.976976528033545,9.989979358146797,10.432883452028932,4.433483573926988,4.569590022732539,3.1422903653790235,15.880779785296603,E3,extraction,,3-bunch,1600.0,20.0,10.0,15,500,0,0
E3_extraction_e_10mm,160,0.016,100011,100011,100011,100011,1.0,1.0,9.976976528033545,9.97910762838945,9.939731604535162,-0.39458461939290146,-0.37330872127173675,0.786510469375583,5.1787809548374995,E3,extraction,,3-bunch,1600.0,20.0,10.0,15,100,0,0
E3_extraction_e_10mm,160,0.016,100011,100011,100011,100011,1.0,1.0,9.976976528033545,9.97910762838945,10.28121098649462,3.0273584508270224,3.0493652822198403,2.670753251937526,16.8888163051518,E3,extraction,,3-bunch,1600.0,20.0,10.0,15,500,0,0
E3_extraction_e_10mm,180,0.018000000000000002,100011,100011,100011,100011,1.0,1.0,9.976976528033545,9.983584600428909,9.921780671224809,-0.6190554963739658,-0.5532323009244777,0.6771329074001633,6.249802679723199,E3,extraction,,3-bunch,1600.0,20.0,10.0,15,100,0,0
E3_extraction_e_10mm,180,0.018000000000000002,100011,100011,100011,100011,1.0,1.0,9.976976528033545,9.983584600428909,10.164433998094768,1.8114675730607877,1.878900582100207,2.2964260728654176,14.0840854302897,E3,extraction,,3-bunch,1600.0,20.0,10.0,15,500,0,0
E3_extraction_e_10mm,200,0.02,100011,100011,100011,100011,1.0,1.0,9.976976528033545,9.98622581424532,10.03329702651361,0.47136138460983634,0.5645046705463841,0.5786864287261806,3.696586609518098,E3,extraction,,3-bunch,1600.0,20.0,10.0,15,100,0,0
E3_extraction_e_10mm,200,0.02,100011,100011,100011,100011,1.0,1.0,9.976976528033545,9.98622581424532,10.12343507679635,1.3739851782171852,1.4679652533137855,2.005802426970626,12.974260480321002,E3,extraction,,3-bunch,1600.0,20.0,10.0,15,500,0,0
E3_extraction_e_10mm,220,0.022000000000000002,100011,100011,100011,100011,1.0,1.0,9.976976528033545,9.982697331805868,10.005480107243594,0.22822264043944607,0.285693557862543,0.5297899268491713,4.1953039810860995,E3,extraction,,3-bunch,1600.0,20.0,10.0,15,100,0,0
E3_extraction_e_10mm,220,0.022000000000000002,100011,100011,100011,100011,1.0,1.0,9.976976528033545,9.982697331805868,10.12970763924217,1.4726511537910048,1.530835627201066,1.6908373263614513,11.769314244701302,E3,extraction,,3-bunch,1600.0,20.0,10.0,15,500,0,0
E3_extraction_e_10mm,240,0.024,100011,100011,100011,100011,1.0,1.0,9.976976528033545,9.978847616659861,9.935926411905115,-0.4301218577893562,-0.4114484584892608,0.46839854864721353,3.7068208844111,E3,extraction,,3-bunch,1600.0,20.0,10.0,15,100,0,0
E3_extraction_e_10mm,240,0.024,100011,100011,100011,100011,1.0,1.0,9.976976528033545,9.978847616659861,10.03433571484646,0.5560571753191246,0.5749155232724679,1.4116989305019638,9.624146746607103,E3,extraction,,3-bunch,1600.0,20.0,10.0,15,500,0,0
E3_extraction_e_10mm,1000,0.1,100011,100011,100011,100011,1.0,1.0,9.976976528033545,9.97728154977933,9.977110531286709,-0.001714079048165118,0.0013431248714335098,0.10513140477724713,0.8376285347376999,E3,extraction,,3-bunch,1600.0,20.0,10.0,15,100,0,0
E3_extraction_e_10mm,1000,0.1,100011,100011,100011,100011,1.0,1.0,9.976976528033545,9.97728154977933,9.977028948926524,-0.002531760295076957,0.000525418625896279,0.15047469555539258,0.9490435338732653,E3,extraction,,3-bunch,1600.0,20.0,10.0,15,500,0,0
E3_extraction_e_10mm,0,0.0,100011,100011,100011,100011,1.0,1.0,9.976976528033545,10.6152772523198,17.013796730595587,60.276517760075386,70.53058792701195,25.888496248176793,74.4177325957145,E3,extraction,,3-bunch,1600.0,20.0,10.0,20,100,0,0
E3_extraction_e_10mm,0,0.0,100011,100011,100011,100011,1.0,1.0,9.976976528033545,10.6152772523198,17.383369162068647,63.75803239872786,74.234840717771,21.524072777095622,122.42539505699472,E3,extraction,,3-bunch,1600.0,20.0,10.0,20,500,0,0
E3_extraction_e_10mm,25,0.0025,100011,100011,100011,100011,1.0,1.0,9.976976528033545,10.393303416544933,6.285144503757656,-39.52697951882714,-37.00351518220467,14.197524050056519,46.727389197978795,E3,extraction,,3-bunch,1600.0,20.0,10.0,20,100,0,0
E3_extraction_e_10mm,25,0.0025,100011,100011,100011,100011,1.0,1.0,9.976976528033545,10.393303416544933,14.148465732177131,36.130594529304474,41.81115583887001,13.37280471032211,66.6280264721257,E3,extraction,,3-bunch,1600.0,20.0,10.0,20,500,0,0
E3_extraction_e_10mm,45,0.0045000000000000005,100011,100011,100011,100011,1.0,1.0,9.976976528033545,10.1734132928129,10.434930606595668,2.5705955931970115,4.590108809771709,4.370700063984973,21.6866138739946,E3,extraction,,3-bunch,1600.0,20.0,10.0,20,100,0,0
E3_extraction_e_10mm,45,0.0045000000000000005,100011,100011,100011,100011,1.0,1.0,9.976976528033545,10.1734132928129,13.715531742281703,34.81740441992231,37.47182529440134,9.405260383354625,47.80235316243881,E3,extraction,,3-bunch,1600.0,20.0,10.0,20,500,0,0
E3_extraction_e_10mm,70,0.007,100011,100011,100011,100011,1.0,1.0,9.976976528033545,10.024802723237032,13.45438778630416,34.210998039068706,34.85435941940631,4.239721278334481,16.131221427412598,E3,extraction,,3-bunch,1600.0,20.0,10.0,20,100,0,0
E3_extraction_e_10mm,70,0.007,100011,100011,100011,100011,1.0,1.0,9.976976528033545,10.024802723237032,12.378058797326911,23.474337990064775,24.066231513592818,7.016683903514793,32.29882451088861,E3,extraction,,3-bunch,1600.0,20.0,10.0,20,500,0,0
E3_extraction_e_10mm,90,0.009000000000000001,100011,100011,100011,100011,1.0,1.0,9.976976528033545,9.979108107465336,10.793979836167328,8.165777140868812,8.188886741771405,2.30680402734429,9.786321288368303,E3,extraction,,3-bunch,1600.0,20.0,10.0,20,100,0,0
E3_extraction_e_10mm,90,0.009000000000000001,100011,100011,100011,100011,1.0,1.0,9.976976528033545,9.979108107465336,11.262371948821524,12.859504351858696,12.883616766825545,5.40657400232396,25.911512796507495,E3,extraction,,3-bunch,1600.0,20.0,10.0,20,500,0,0
E3_extraction_e_10mm,115,0.0115,100011,100011,100011,100011,1.0,1.0,9.976976528033545,9.99420773034073,9.150848329941729,-8.43848180020017,-8.280346212808464,1.6140597243390762,7.910442041106098,E3,extraction,,3-bunch,1600.0,20.0,10.0,20,100,0,0
E3_extraction_e_10mm,115,0.0115,100011,100011,100011,100011,1.0,1.0,9.976976528033545,9.99420773034073,10.517905279565943,5.240010647721038,5.421770313004992,4.189747117083429,20.387962227029305,E3,extraction,,3-bunch,1600.0,20.0,10.0,20,500,0,0
E3_extraction_e_10mm,140,0.014,100011,100011,100011,100011,1.0,1.0,9.976976528033545,9.997279930726657,9.928553598695132,-0.6874503115621988,-0.48534673006750406,1.0098998044547425,5.466341577226503,E3,extraction,,3-bunch,1600.0,20.0,10.0,20,100,0,0
E3_extraction_e_10mm,140,0.014,100011,100011,100011,100011,1.0,1.0,9.976976528033545,9.997279930726657,10.294873198130146,2.976742368580032,3.186302675999775,3.238780927656663,20.084151403040202,E3,extraction,,3-bunch,1600.0,20.0,10.0,20,500,0,0
E3_extraction_e_10mm,160,0.016,100011,100011,100011,100011,1.0,1.0,9.976976528033545,9.987883704796152,10.219974577468646,2.3237242195866203,2.4355880637016547,0.8320400517705488,5.431935404413901,E3,extraction,,3-bunch,1600.0,20.0,10.0,20,100,0,0
E3_extraction_e_10mm,160,0.016,100011,100011,100011,100011,1.0,1.0,9.976976528033545,9.987883704796152,10.337152047990891,3.49692040393923,3.6100668268118863,2.7047436346462765,15.2906403182612,E3,extraction,,3-bunch,1600.0,20.0,10.0,20,500,0,0
E3_extraction_e_10mm,185,0.018500000000000003,100011,100011,100011,100011,1.0,1.0,9.976976528033545,9.978550198038645,9.936993607112129,-0.4164592060145633,-0.4007518791797393,0.6449859108259541,4.8022744988521975,E3,extraction,,3-bunch,1600.0,20.0,10.0,20,100,0,0
E3_extraction_e_10mm,185,0.018500000000000003,100011,100011,100011,100011,1.0,1.0,9.976976528033545,9.978550198038645,10.188795357944883,2.1069710101529804,2.1230763580145195,2.243095017570425,14.1040266028732,E3,extraction,,3-bunch,1600.0,20.0,10.0,20,500,0,0
E3_extraction_e_10mm,205,0.0205,100011,100011,100011,100011,1.0,1.0,9.976976528033545,9.981331864662602,9.870574273209444,-1.1096474193517003,-1.0664779507612243,0.5806039500168698,3.9902124683575004,E3,extraction,,3-bunch,1600.0,20.0,10.0,20,100,0,0
E3_extraction_e_10mm,205,0.0205,100011,100011,100011,100011,1.0,1.0,9.976976528033545,9.981331864662602,10.09726252411593,1.1614748515051732,1.2056357529197648,1.9285887342966488,12.421033437088699,E3,extraction,,3-bunch,1600.0,20.0,10.0,20,500,0,0
E3_extraction_e_10mm,230,0.023,100011,100011,100011,100011,1.0,1.0,9.976976528033545,9.984006207876405,10.036027185849399,0.521043125273235,0.5918692667055137,0.4866019822229319,3.4824461650232017,E3,extraction,,3-bunch,1600.0,20.0,10.0,20,100,0,0
E3_extraction_e_10mm,230,0.023,100011,100011,100011,100011,1.0,1.0,9.976976528033545,9.984006207876405,10.049153696432363,0.6525185101003084,0.7234372877996886,1.5481200733544003,9.475494206229797,E3,extraction,,3-bunch,1600.0,20.0,10.0,20,500,0,0
E3_extraction_e_10mm,250,0.025,100011,100011,100011,100011,1.0,1.0,9.976976528033545,9.982095645880554,10.043715679090521,0.6173055778662784,0.6689316234177012,0.45671238549655047,3.2981378131994004,E3,extraction,,3-bunch,1600.0,20.0,10.0,20,100,0,0
E3_extraction_e_10mm,250,0.025,100011,100011,100011,100011,1.0,1.0,9.976976528033545,9.982095645880554,10.0490175845299,0.6704197297184189,0.7220730277748277,1.3053607975628678,9.6800156365686,E3,extraction,,3-bunch,1600.0,20.0,10.0,20,500,0,0
E3_extraction_e_10mm,275,0.0275,100011,100011,100011,100011,1.0,1.0,9.976976528033545,9.978482373282603,9.932568204011845,-0.4601317871111621,-0.4451080334500035,0.39925459686612996,2.6066302156995995,E3,extraction,,3-bunch,1600.0,20.0,10.0,20,100,0,0
E3_extraction_e_10mm,275,0.0275,100011,100011,100011,100011,1.0,1.0,9.976976528033545,9.978482373282603,9.99643348077842,0.17989817313182055,0.19501852780954287,1.0964694978929443,8.7442884454751,E3,extraction,,3-bunch,1600.0,20.0,10.0,20,500,0,0
E3_extraction_e_10mm,1000,0.1,100011,100011,100011,100011,1.0,1.0,9.976976528033545,9.977287564647293,9.97570502290251,-0.015861442646902812,-0.01274439332860089,0.10610660203725902,0.8420422915107011,E3,extraction,,3-bunch,1600.0,20.0,10.0,20,100,0,0
E3_extraction_e_10mm,1000,0.1,100011,100011,100011,100011,1.0,1.0,9.976976528033545,9.977287564647293,9.976928076763212,-0.0036030622727056816,-0.0004856307940226401,0.18533320995271452,1.1424794025059022,E3,extraction,,3-bunch,1600.0,20.0,10.0,20,500,0,0
E3_extraction_e_10mm,0,0.0,100011,100011,100011,100011,1.0,1.0,9.976976528033545,10.406662611269732,11.301885598720617,8.602402334840908,13.279665106601302,19.34025138342746,50.3107471476756,E3,extraction,,3-bunch,1600.0,20.0,10.0,30,100,0,0
E3_extraction_e_10mm,0,0.0,100011,100011,100011,100011,1.0,1.0,9.976976528033545,10.406662611269732,17.509526759981014,68.25304532328498,75.49932798561099,22.636305952043124,136.95408491726369,E3,extraction,,3-bunch,1600.0,20.0,10.0,30,500,0,0
E3_extraction_e_10mm,30,0.003,100011,100011,100011,100011,1.0,1.0,9.976976528033545,10.261045406486977,5.428213698605783,-47.09882391540635,-45.59259828512716,12.41243121663898,34.3420943796594,E3,extraction,,3-bunch,1600.0,20.0,10.0,30,100,0,0
E3_extraction_e_10mm,30,0.003,100011,100011,100011,100011,1.0,1.0,9.976976528033545,10.261045406486977,13.879314104296219,35.262183866000555,39.11342845498127,14.003463324973698,67.7730596278092,E3,extraction,,3-bunch,1600.0,20.0,10.0,30,500,0,0
E3_extraction_e_10mm,55,0.0055000000000000005,100011,100011,100011,100011,1.0,1.0,9.976976528033545,10.109247614453293,7.860722972715093,-22.242255086555218,-21.21137149488276,3.128537929224367,12.5114561504752,E3,extraction,,3-bunch,1600.0,20.0,10.0,30,100,0,0
E3_extraction_e_10mm,55,0.0055000000000000005,100011,100011,100011,100011,1.0,1.0,9.976976528033545,10.109247614453293,13.661998370356665,35.14357241407331,36.93525620681635,8.890532874889239,45.81248212781171,E3,extraction,,3-bunch,1600.0,20.0,10.0,30,500,0,0
E3_extraction_e_10mm,85,0.0085,100011,100011,100011,100011,1.0,1.0,9.976976528033545,10.010860547144341,12.618940461622115,26.052504699226333,26.48060688691727,3.2512815611417207,10.760645113114798,E3,extraction,,3-bunch,1600.0,20.0,10.0,30,100,0,0
E3_extraction_e_10mm,85,0.0085,100011,100011,100011,100011,1.0,1.0,9.976976528033545,10.010860547144341,11.97809087237945,19.65096123326053,20.057322363374585,6.431551811195473,30.430258319368313,E3,extraction,,3-bunch,1600.0,20.0,10.0,30,500,0,0
E3_extraction_e_10mm,110,0.011000000000000001,100011,100011,100011,100011,1.0,1.0,9.976976528033545,9.978448316294244,11.317156281668723,13.415993378333614,13.432724331559864,1.8436092390441978,7.920206379640099,E3,extraction,,3-bunch,1600.0,20.0,10.0,30,100,0,0
E3_extraction_e_10mm,110,0.011000000000000001,100011,100011,100011,100011,1.0,1.0,9.976976528033545,9.978448316294244,10.875530316017471,8.99019538196477,9.006273448265102,4.7946868953644515,23.1669023300916,E3,extraction,,3-bunch,1600.0,20.0,10.0,30,500,0,0
E3_extraction_e_10mm,140,0.014,100011,100011,100011,100011,1.0,1.0,9.976976528033545,9.988134812860224,9.340597546515541,-6.483064941323646,-6.378475279859497,1.1794368651981482,6.4057283903136994,E3,extraction,,3-bunch,1600.0,20.0,10.0,30,100,0,0
E3_extraction_e_10mm,140,0.014,100011,100011,100011,100011,1.0,1.0,9.976976528033545,9.988134812860224,10.142171841124116,1.542200131956184,1.6557652774505494,3.5071827955386214,16.0204520181911,E3,extraction,,3-bunch,1600.0,20.0,10.0,30,500,0,0
E3_extraction_e_10mm,170,0.017,100011,100011,100011,100011,1.0,1.0,9.976976528033545,9.990857639088883,9.640750436130034,-3.504275764966036,-3.370019874846597,0.7373247885964658,4.032851926686698,E3,extraction,,3-bunch,1600.0,20.0,10.0,30,100,0,0
E3_extraction_e_10mm,170,0.017,100011,100011,100011,100011,1.0,1.0,9.976976528033545,9.990857639088883,10.215641792582886,2.2498984733256844,2.3921602288903276,2.6604531705936334,14.236140708079201,E3,extraction,,3-bunch,1600.0,20.0,10.0,30,500,0,0
E3_extraction_e_10mm,195,0.0195,100011,100011,100011,100011,1.0,1.0,9.976976528033545,9.984740382233865,10.21044951307521,2.2605408072798427,2.3401176136442547,0.6187757643984604,4.5954062769587996,E3,extraction,,3-bunch,1600.0,20.0,10.0,30,100,0,0
E3_extraction_e_10mm,195,0.0195,100011,100011,100011,100011,1.0,1.0,9.976976528033545,9.984740382233865,10.159828652245109,1.7535585634533168,1.8327408478689078,2.1861597747063617,12.302366802675301,E3,extraction,,3-bunch,1600.0,20.0,10.0,30,500,0,0
E3_extraction_e_10mm,225,0.022500000000000003,100011,100011,100011,100011,1.0,1.0,9.976976528033545,9.978072573098341,10.041956171134395,0.6402398616370819,0.651295940391039,0.49427957366432074,3.4793908551671993,E3,extraction,,3-bunch,1600.0,20.0,10.0,30,100,0,0
E3_extraction_e_10mm,225,0.022500000000000003,100011,100011,100011,100011,1.0,1.0,9.976976528033545,9.978072573098341,10.040462707955149,0.6252724100746176,0.6363268445427339,1.7460786716830403,9.4689321214236,E3,extraction,,3-bunch,1600.0,20.0,10.0,30,500,0,0
E3_extraction_e_10mm,255,0.025500000000000002,100011,100011,100011,100011,1.0,1.0,9.976976528033545,9.980244819414732,9.826074602797968,-1.5447538553047702,-1.512501556073309,0.45203709531542585,3.1929857341451005,E3,extraction,,3-bunch,1600.0,20.0,10.0,30,100,0,0
E3_extraction_e_10mm,255,0.025500000000000002,100011,100011,100011,100011,1.0,1.0,9.976976528033545,9.980244819414732,10.00756597175747,0.27375232609114786,0.3066003376671844,1.3833597595510483,7.927452380473699,E3,extraction,,3-bunch,1600.0,20.0,10.0,30,500,0,0
E3_extraction_e_10mm,280,0.028,100011,100011,100011,100011,1.0,1.0,9.976976528033545,9.981719439085815,9.986317063852484,0.04606044875059556,0.09362090601992001,0.3834043294778424,2.7386015399121,E3,extraction,,3-bunch,1600.0,20.0,10.0,30,100,0,0
E3_extraction_e_10mm,280,0.028,100011,100011,100011,100011,1.0,1.0,9.976976528033545,9.981719439085815,10.010460416015093,0.2879361326940888,0.33561157418247056,1.198889962073012,7.8604985720446,E3,extraction,,3-bunch,1600.0,20.0,10.0,30,500,0,0
E3_extraction_e_10mm,310,0.031,100011,100011,100011,100011,1.0,1.0,9.976976528033545,9.980158701725346,10.077058640388206,0.970925829527225,1.0031306786524752,0.3604933289681958,2.557282465676,E3,extraction,,3-bunch,1600.0,20.0,10.0,30,100,0,0
E3_extraction_e_10mm,310,0.031,100011,100011,100011,100011,1.0,1.0,9.976976528033545,9.980158701725346,9.98980331001622,0.09663782489957029,0.12856381837356157,1.0341835090686264,5.080713886946098,E3,extraction,,3-bunch,1600.0,20.0,10.0,30,500,0,0
E3_extraction_e_10mm,335,0.0335,100011,100011,100011,100011,1.0,1.0,9.976976528033545,9.978085182562882,9.9554795939462,-0.22655237155307928,-0.21546541707242461,0.3161004660259144,2.5106770243257,E3,extraction,,3-bunch,1600.0,20.0,10.0,30,100,0,0
E3_extraction_e_10mm,335,0.0335,100011,100011,100011,100011,1.0,1.0,9.976976528033545,9.978085182562882,9.974147602492117,-0.03946228157729603,-0.02835453740398508,0.923825734504171,4.216033421331801,E3,extraction,,3-bunch,1600.0,20.0,10.0,30,500,0,0
E3_extraction_e_10mm,1000,0.1,100011,100011,100011,100011,1.0,1.0,9.976976528033545,9.977389557422246,9.974723985437366,-0.0267161261925164,-0.022577406991475257,0.10539946880142446,0.8474061821501999,E3,extraction,,3-bunch,1600.0,20.0,10.0,30,100,0,0
E3_extraction_e_10mm,1000,0.1,100011,100011,100011,100011,1.0,1.0,9.976976528033545,9.977389557422246,9.976391488209806,-0.010003310051143188,-0.005863898968738734,0.2548242475660156,1.269851673837401,E3,extraction,,3-bunch,1600.0,20.0,10.0,30,500,0,0
E3_injection_e_25mm,0,0.0,100030,100030,100031,100031,0.9999900030990393,0.9999900030990393,24.994306808629283,25.400618994094483,15.480449352814064,-39.05483422898792,-38.06409807104776,13.309011977154938,35.2531998045566,E3,injection,,3-bunch,80.0,120.0,25.0,10,100,0,0
E3_injection_e_25mm,0,0.0,100030,100030,100031,100031,0.9999900030990393,0.9999900030990393,24.994306808629283,25.400618994094483,28.68711367463528,12.938640122529655,14.774592047221958,48.761211739779746,175.0520342939903,E3,injection,,3-bunch,80.0,120.0,25.0,10,500,0,0
E3_injection_e_25mm,15,0.0015,100030,100029,100031,100031,0.9999900030990393,0.9999800061980786,24.994306808629283,25.35785453855937,17.064136568351664,-32.70670220777632,-31.727906282800877,16.109484736028733,168.2395347221036,E3,injection,,3-bunch,80.0,120.0,25.0,10,100,0,0
E3_injection_e_25mm,15,0.0015,100030,100029,100031,100031,0.9999900030990393,0.9999800061980786,24.994306808629283,25.35785453855937,17.635231830804162,-30.45455874830467,-29.443004897756953,30.21266292630617,165.3724213299811,E3,injection,,3-bunch,80.0,120.0,25.0,10,500,0,0
E3_injection_e_25mm,30,0.003,100030,100029,100031,100031,0.9999900030990393,0.9999800061980786,24.994306808629283,25.21479036215918,21.204546712572363,-15.904330720136173,-15.162493303268986,13.56488043238265,159.8976742186425,E3,injection,,3-bunch,80.0,120.0,25.0,10,100,0,0
E3_injection_e_25mm,30,0.003,100030,100029,100031,100031,0.9999900030990393,0.9999800061980786,24.994306808629283,25.21479036215918,22.995121553714252,-8.803042883021838,-7.9985625135433285,15.588481390656666,157.80207369562038,E3,injection,,3-bunch,80.0,120.0,25.0,10,500,0,0
E3_injection_e_25mm,50,0.005,100030,100030,100031,100031,0.9999900030990393,0.9999900030990393,24.994306808629283,25.034746351367385,25.41004207067374,1.4990993479183201,1.6633198321024167,0.7615106484774962,6.528197474193201,E3,injection,,3-bunch,80.0,120.0,25.0,10,100,0,0
E3_injection_e_25mm,50,0.005,100030,100030,100031,100031,0.9999900030990393,0.9999900030990393,24.994306808629283,25.034746351367385,27.15083912528912,8.45262318308313,8.62809412227945,4.849095554960533,22.288185601442905,E3,injection,,3-bunch,80.0,120.0,25.0,10,500,0,0
E3_injection_e_25mm,65,0.006500000000000001,100030,100030,100031,100031,0.9999900030990393,0.9999900030990393,24.994306808629283,24.99895681961695,25.622287135813227,2.4934253084798463,2.512493472982147,0.8114245038627632,4.382353865676302,E3,injection,,3-bunch,80.0,120.0,25.0,10,100,0,0
E3_injection_e_25mm,65,0.006500000000000001,100030,100030,100031,100031,0.9999900030990393,0.9999900030990393,24.994306808629283,24.99895681961695,25.388529825248323,1.558357048425596,1.5772512502044478,2.8834202097101405,16.522653771574504,E3,injection,,3-bunch,80.0,120.0,25.0,10,500,0,0
E3_injection_e_25mm,80,0.008,100030,100030,100031,100031,0.9999900030990393,0.9999900030990393,24.994306808629283,25.005890324837825,24.960318631125364,-0.1822438358341283,-0.13598367725958793,0.3452633832863804,5.5766257547858,E3,injection,,3-bunch,80.0,120.0,25.0,10,100,0,0
E3_injection_e_25mm,80,0.008,100030,100030,100031,100031,0.9999900030990393,0.9999900030990393,24.994306808629283,25.005890324837825,24.36209131404366,-2.574589436452468,-2.529438001326567,1.897889114820907,10.420100763968897,E3,injection,,3-bunch,80.0,120.0,25.0,10,500,0,0
E3_injection_e_25mm,95,0.0095,100030,100030,100031,100031,0.9999900030990393,0.9999900030990393,24.994306808629283,25.011943930449252,24.79140782115465,-0.8817231875613007,-0.8117808148397354,0.4115386699202009,4.814645147234499,E3,injection,,3-bunch,80.0,120.0,25.0,10,100,0,0
E3_injection_e_25mm,95,0.0095,100030,100030,100031,100031,0.9999900030990393,0.9999900030990393,24.994306808629283,25.011943930449252,24.777113180032348,-0.9388744476234945,-0.8689724034352864,1.3092507416240635,9.030584776932102,E3,injection,,3-bunch,80.0,120.0,25.0,10,500,0,0
E3_injection_e_25mm,115,0.0115,100030,100030,100031,100031,0.9999900030990393,0.9999900030990393,24.994306808629283,25.00332241049141,25.073417271716636,0.2803421884277846,0.3165139313247245,0.3202808052835965,5.074125711304001,E3,injection,,3-bunch,80.0,120.0,25.0,10,100,0,0
E3_injection_e_25mm,115,0.0115,100030,100030,100031,100031,0.9999900030990393,0.9999900030990393,24.994306808629283,25.00332241049141,25.099685248638888,0.38540013429193554,0.42160977224310336,0.9820911367003949,6.957870465657702,E3,injection,,3-bunch,80.0,120.0,25.0,10,500,0,0
E3_injection_e_25mm,130,0.013000000000000001,100030,100030,100031,100031,0.9999900030990393,0.9999900030990393,24.994306808629283,24.99768470030445,25.052725591563874,0.22018395671161706,0.2337283581492322,0.29213484894262587,3.9727830204237,E3,injection,,3-bunch,80.0,120.0,25.0,10,100,0,0
E3_injection_e_25mm,130,0.013000000000000001,100030,100030,100031,100031,0.9999900030990393,0.9999900030990393,24.994306808629283,24.99768470030445,24.8181692872544,-0.718128159476561,-0.7047105675844212,0.8261467923703399,5.9757775443759,E3,injection,,3-bunch,80.0,120.0,25.0,10,500,0,0
E3_injection_e_25mm,145,0.0145,100030,100030,100031,100031,0.9999900030990393,0.9999900030990393,24.994306808629283,24.9977449181176,24.926841948878174,-0.2836374619857751,-0.26992090745967534,0.2911429199285353,4.6228149102036,E3,injection,,3-bunch,80.0,120.0,25.0,10,100,0,0
E3_injection_e_25mm,145,0.0145,100030,100030,100031,100031,0.9999900030990393,0.9999900030990393,24.994306808629283,24.9977449181176,24.762582339313127,-0.9407351726116508,-0.9271090056242381,0.7616170919482259,5.947912896852902,E3,injection,,3-bunch,80.0,120.0,25.0,10,500,0,0
E3_injection_e_25mm,160,0.016,100030,100030,100031,100031,0.9999900030990393,0.9999900030990393,24.994306808629283,24.99961583108672,24.930180470156188,-0.2777457117728699,-0.25656378056043705,0.27807395631387494,3.9293651275781,E3,injection,,3-bunch,80.0,120.0,25.0,10,100,0,0
E3_injection_e_25mm,160,0.016,100030,100030,100031,100031,0.9999900030990393,0.9999900030990393,24.994306808629283,24.99961583108672,24.935254672943543,-0.25744858872249754,-0.2362623462129898,0.6395467888586246,4.915977312766799,E3,injection,,3-bunch,80.0,120.0,25.0,10,500,0,0
E3_injection_e_25mm,180,0.018000000000000002,100030,100030,100031,100031,0.9999900030990393,0.9999900030990393,24.994306808629283,24.998647858264263,25.024248367431916,0.1024075754528786,0.119793515506883,0.2671288711605912,4.292147276301801,E3,injection,,3-bunch,80.0,120.0,25.0,10,100,0,0
E3_injection_e_25mm,180,0.018000000000000002,100030,100030,100031,100031,0.9999900030990393,0.9999900030990393,24.994306808629283,24.998647858264263,25.00112774883409,0.009920098814486522,0.027289975501343378,0.547130939995682,4.364821872770699,E3,injection,,3-bunch,80.0,120.0,25.0,10,500,0,0
E3_injection_e_25mm,195,0.0195,100030,100030,100031,100031,0.9999900030990393,0.9999900030990393,24.994306808629283,24.99593112656895,25.00619807552444,0.041074480896519105,0.0475759019292088,0.2549390866978007,3.5700193226420005,E3,injection,,3-bunch,80.0,120.0,25.0,10,100,0,0
E3_injection_e_25mm,195,0.0195,100030,100030,100031,100031,0.9999900030990393,0.9999900030990393,24.994306808629283,24.99593112656895,24.917304138853286,-0.3145591469168818,-0.3080808376306421,0.49850742737040465,4.733582195350998,E3,injection,,3-bunch,80.0,120.0,25.0,10,500,0,0
E3_injection_e_25mm,1000,0.1,100030,100030,100031,100031,0.9999900030990393,0.9999900030990393,24.994306808629283,24.994208859658126,24.994235577038754,0.00010689428411314594,-0.00028499126250025597,0.10604039716167069,1.3516951512345994,E3,injection,,3-bunch,80.0,120.0,25.0,10,100,0,0
E3_injection_e_25mm,1000,0.1,100030,100030,100031,100031,0.9999900030990393,0.9999900030990393,24.994306808629283,24.994208859658126,24.992011655496075,-0.008790853010742783,-0.009182703688404015,0.11535489505136416,1.2336089287994998,E3,injection,,3-bunch,80.0,120.0,25.0,10,500,0,0
E3_injection_e_25mm,0,0.0,100030,100030,100031,100031,0.9999900030990393,0.9999900030990393,24.994306808629283,25.26317693077278,18.12225528652386,-28.266126876349606,-27.49446733898956,9.00891967899925,23.396507205847403,E3,injection,,3-bunch,80.0,120.0,25.0,15,100,0,0
E3_injection_e_25mm,0,0.0,100030,100030,100031,100031,0.9999900030990393,0.9999900030990393,24.994306808629283,25.26317693077278,22.83779061155183,-9.600480279527368,-8.628029629263068,42.7567992864974,118.0831362317321,E3,injection,,3-bunch,80.0,120.0,25.0,15,500,0,0
E3_injection_e_25mm,20,0.002,100030,100030,100031,100031,0.9999900030990393,0.9999900030990393,24.994306808629283,25.231367705389026,19.623313427751782,-22.226517179405427,-21.48886713282708,6.829843021265857,17.241922008006096,E3,injection,,3-bunch,80.0,120.0,25.0,15,100,0,0
E3_injection_e_25mm,20,0.002,100030,100030,100031,100031,0.9999900030990393,0.9999900030990393,24.994306808629283,25.231367705389026,10.770614630541496,-57.312600900976676,-56.90772817583025,26.89382385539813,79.27896983024459,E3,injection,,3-bunch,80.0,120.0,25.0,15,500,0,0
E3_injection_e_25mm,40,0.004,100030,100029,100031,100031,0.9999900030990393,0.9999800061980786,24.994306808629283,25.12047252068959,22.899928225741956,-8.839580119835567,-8.379422557797211,13.178291955938315,157.9210710524753,E3,injection,,3-bunch,80.0,120.0,25.0,15,100,0,0
E3_injection_e_25mm,40,0.004,100031,100029,100031,100031,1.0,0.9999800061980786,24.9966293247101,25.12047252068959,21.50371886955186,-14.397633834948431,-13.973525829361988,18.52324111833211,142.1257982405943,E3,injection,,3-bunch,80.0,120.0,25.0,15,500,0,0
E3_injection_e_25mm,60,0.006,100030,100030,100031,100031,0.9999900030990393,0.9999900030990393,24.994306808629283,25.02553366444196,25.166444386486344,0.563067800806194,0.6887071490921715,0.41117952627639603,3.2871611775362997,E3,injection,,3-bunch,80.0,120.0,25.0,15,100,0,0
E3_injection_e_25mm,60,0.006,100030,100030,100031,100031,0.9999900030990393,0.9999900030990393,24.994306808629283,25.02553366444196,27.44252457353719,9.65809936964288,9.79510167516493,3.648674833965023,16.582743609980596,E3,injection,,3-bunch,80.0,120.0,25.0,15,500,0,0
E3_injection_e_25mm,80,0.008,100030,100030,100031,100031,0.9999900030990393,0.9999900030990393,24.994306808629283,24.996884226931325,25.410799530227585,1.6558675854901672,1.6663503604529284,0.5371930996863493,2.4290718237893003,E3,injection,,3-bunch,80.0,120.0,25.0,15,100,0,0
E3_injection_e_25mm,80,0.008,100030,100030,100031,100031,0.9999900030990393,0.9999900030990393,24.994306808629283,24.996884226931325,25.654805020344387,2.63201120363723,2.64259463874017,1.9525850669834106,10.309021722456901,E3,injection,,3-bunch,80.0,120.0,25.0,15,500,0,0
E3_injection_e_25mm,100,0.01,100030,100030,100031,100031,0.9999900030990393,0.9999900030990393,24.994306808629283,25.00235061334202,24.957549249310276,-0.17918860800166803,-0.14706372775386,0.21201855533599007,2.535898717461901,E3,injection,,3-bunch,80.0,120.0,25.0,15,100,0,0
E3_injection_e_25mm,100,0.01,100030,100030,100031,100031,0.9999900030990393,0.9999900030990393,24.994306808629283,25.00235061334202,24.315517735957936,-2.7470732172581003,-2.7157747476997174,1.3422623201337252,8.022816740256802,E3,injection,,3-bunch,80.0,120.0,25.0,15,500,0,0
E3_injection_e_25mm,120,0.012,100030,100030,100031,100031,0.9999900030990393,0.9999900030990393,24.994306808629283,25.00611161129782,24.882469146071024,-0.49444898570688567,-0.44745254755234054,0.24105554535390145,2.1467735939801,E3,injection,,3-bunch,80.0,120.0,25.0,15,100,0,0
E3_injection_e_25mm,120,0.012,100030,100030,100031,100031,0.9999900030990393,0.9999900030990393,24.994306808629283,25.00611161129782,24.905170828838408,-0.40366444822954595,-0.35662513256858874,0.8473001285661692,8.101424439709184,E3,injection,,3-bunch,80.0,120.0,25.0,15,500,0,0
E3_injection_e_25mm,140,0.014,100030,100030,100031,100031,0.9999900030990393,0.9999900030990393,24.994306808629283,25.00095917340058,25.032085093307025,0.12449890298433797,0.15114755919014566,0.19021244021402356,2.3016475533520477,E3,injection,,3-bunch,80.0,120.0,25.0,15,100,0,0
E3_injection_e_25mm,140,0.014,100030,100030,100031,100031,0.9999900030990393,0.9999900030990393,24.994306808629283,25.00095917340058,25.219945461398904,0.8759115459510358,0.9027601945404529,0.7316940488182129,6.408471450106099,E3,injection,,3-bunch,80.0,120.0,25.0,15,500,0,0
E3_injection_e_25mm,160,0.016,100030,100030,100031,100031,0.9999900030990393,0.9999900030990393,24.994306808629283,24.99629362851056,25.031735389123945,0.14178806322293624,0.14974842383601583,0.1735089370515114,1.9158233156997,E3,injection,,3-bunch,80.0,120.0,25.0,15,100,0,0
E3_injection_e_25mm,160,0.016,100030,100030,100031,100031,0.9999900030990393,0.9999900030990393,24.994306808629283,24.99629362851056,24.85460374249025,-0.5668435813968031,-0.5589395505491646,0.6020001425910055,6.288415396321399,E3,injection,,3-bunch,80.0,120.0,25.0,15,500,0,0
E3_injection_e_25mm,180,0.018000000000000002,100030,100030,100031,100031,0.9999900030990393,0.9999900030990393,24.994306808629283,24.99652627249186,24.952897659722844,-0.17453870307182484,-0.16567432425108608,0.17154629147606681,2.267535686491799,E3,injection,,3-bunch,80.0,120.0,25.0,15,100,0,0
E3_injection_e_25mm,180,0.018000000000000002,100030,100030,100031,100031,0.9999900030990393,0.9999900030990393,24.994306808629283,24.99652627249186,24.76411103912091,-0.9297901269854414,-0.9209928135670453,0.5750775041109353,4.963315834349001,E3,injection,,3-bunch,80.0,120.0,25.0,15,500,0,0
E3_injection_e_25mm,200,0.02,100030,100030,100031,100031,0.9999900030990393,0.9999900030990393,24.994306808629283,24.998135162429048,24.960668055965254,-0.14987960589998295,-0.1345856595327377,0.16233513572966482,1.9817246138415,E3,injection,,3-bunch,80.0,120.0,25.0,15,100,0,0
E3_injection_e_25mm,200,0.02,100030,100030,100031,100031,0.9999900030990393,0.9999900030990393,24.994306808629283,24.998135162429048,24.99885570549463,0.0028823872696870367,0.018199732043688854,0.4587352151758324,4.947465515827801,E3,injection,,3-bunch,80.0,120.0,25.0,15,500,0,0
E3_injection_e_25mm,220,0.022000000000000002,100030,100030,100031,100031,0.9999900030990393,0.9999900030990393,24.994306808629283,24.997519923040425,25.006353554188195,0.03533803023245685,0.04819795824364537,0.15828982893126228,2.0826807449601983,E3,injection,,3-bunch,80.0,120.0,25.0,15,100,0,0
E3_injection_e_25mm,220,0.022000000000000002,100030,100030,100031,100031,0.9999900030990393,0.9999900030990393,24.994306808629283,24.997519923040425,25.048410261388618,0.20358154930917305,0.2164631056727595,0.41990310679822235,4.2592618610127015,E3,injection,,3-bunch,80.0,120.0,25.0,15,500,0,0
E3_injection_e_25mm,240,0.024,100030,100030,100031,100031,0.9999900030990393,0.9999900030990393,24.994306808629283,24.9953347208393,25.00279740451732,0.02985630623222324,0.03397011948780282,0.1529676247391195,2.048484949566001,E3,injection,,3-bunch,80.0,120.0,25.0,15,100,0,0
E3_injection_e_25mm,240,0.024,100030,100030,100031,100031,0.9999900030990393,0.9999900030990393,24.994306808629283,24.9953347208393,24.921353186577704,-0.2959813704751624,-0.29188095757226584,0.3805876997351823,3.2698909553681013,E3,injection,,3-bunch,80.0,120.0,25.0,15,500,0,0
E3_injection_e_25mm,1000,0.1,100030,100030,100031,100031,0.9999900030990393,0.9999900030990393,24.994306808629283,24.993819823995565,24.99389842720453,0.0003144905801555353,-0.0016338977827157208,0.10538787103089337,1.3594989954203998,E3,injection,,3-bunch,80.0,120.0,25.0,15,100,0,0
E3_injection_e_25mm,1000,0.1,100030,100030,100031,100031,0.9999900030990393,0.9999900030990393,24.994306808629283,24.993819823995565,24.99285822265422,-0.003847356458985818,-0.0057956637331546546,0.11566333516243198,1.2884425698284012,E3,injection,,3-bunch,80.0,120.0,25.0,15,500,0,0
E3_injection_e_25mm,0,0.0,100030,100030,100031,100031,0.9999900030990393,0.9999900030990393,24.994306808629283,25.194909003619614,19.651216723680466,-22.003224060633496,-21.377228525914205,6.837154158679838,17.902767925205097,E3,injection,,3-bunch,80.0,120.0,25.0,20,100,0,0
E3_injection_e_25mm,0,0.0,100030,100030,100031,100031,0.9999900030990393,0.9999900030990393,24.994306808629283,25.194909003619614,15.915930420407745,-36.82878387010173,-36.32177702598749,33.255689224395816,88.1648286945211,E3,injection,,3-bunch,80.0,120.0,25.0,20,500,0,0
E3_injection_e_25mm,25,0.0025,100030,100030,100031,100031,0.9999900030990393,0.9999900030990393,24.994306808629283,25.16664950512711,21.04616032634533,-16.372815848777677,-15.796183156881371,4.934667636386293,12.429741895244895,E3,injection,,3-bunch,80.0,120.0,25.0,20,100,0,0
E3_injection_e_25mm,25,0.0025,100030,100030,100031,100031,0.9999900030990393,0.9999900030990393,24.994306808629283,25.16664950512711,10.738521457139568,-57.33034921890636,-57.03613011010934,21.60677916195323,57.7511460604069,E3,injection,,3-bunch,80.0,120.0,25.0,20,500,0,0
E3_injection_e_25mm,45,0.0045000000000000005,100030,100030,100031,100031,0.9999900030990393,0.9999900030990393,24.994306808629283,25.095387219115402,23.269179676213373,-7.277064613336548,-6.9020803242293205,2.083964507680279,5.113363693591502,E3,injection,,3-bunch,80.0,120.0,25.0,20,100,0,0
E3_injection_e_25mm,45,0.0045000000000000005,100031,100030,100031,100031,1.0,0.9999900030990393,24.9966293247101,25.095387219115402,19.218773753213654,-23.417106158160706,-23.11453875016989,18.38127007970448,156.9393665587445,E3,injection,,3-bunch,80.0,120.0,25.0,20,500,0,0
E3_injection_e_25mm,70,0.007,100030,100030,100031,100031,0.9999900030990393,0.9999900030990393,24.994306808629283,25.01673701713528,25.141405870459998,0.4983417831003534,0.5885302719414787,0.3154815044780158,2.9174423078366996,E3,injection,,3-bunch,80.0,120.0,25.0,20,100,0,0
E3_injection_e_25mm,70,0.007,100030,100030,100031,100031,0.9999900030990393,0.9999900030990393,24.994306808629283,25.01673701713528,26.951022117117493,7.731963999370972,7.828644032698895,2.816076548109823,11.615462717246702,E3,injection,,3-bunch,80.0,120.0,25.0,20,500,0,0
E3_injection_e_25mm,90,0.009000000000000001,100030,100030,100031,100031,0.9999900030990393,0.9999900030990393,24.994306808629283,24.996846233096367,25.33384311704534,1.3481576067895462,1.3584545913425172,0.438770002567359,1.9132296385250998,E3,injection,,3-bunch,80.0,120.0,25.0,20,100,0,0
E3_injection_e_25mm,90,0.009000000000000001,100030,100030,100031,100031,0.9999900030990393,0.9999900030990393,24.994306808629283,24.996846233096367,26.16358323584107,4.667536823905083,4.678171057771019,1.6608342829173433,9.760038329907102,E3,injection,,3-bunch,80.0,120.0,25.0,20,500,0,0
E3_injection_e_25mm,115,0.0115,100030,100030,100031,100031,0.9999900030990393,0.9999900030990393,24.994306808629283,25.000032018929634,24.977750991808115,-0.08912399433987916,-0.06623835158913183,0.15397435700681625,1.8507492997685997,E3,injection,,3-bunch,80.0,120.0,25.0,20,100,0,0
E3_injection_e_25mm,115,0.0115,100030,100030,100031,100031,0.9999900030990393,0.9999900030990393,24.994306808629283,25.000032018929634,24.3784964955854,-2.486138909236668,-2.463802328101672,1.0830184962348197,7.204740015958997,E3,injection,,3-bunch,80.0,120.0,25.0,20,500,0,0
E3_injection_e_25mm,140,0.014,100030,100030,100031,100031,0.9999900030990393,0.9999900030990393,24.994306808629283,25.00306776440306,24.917454856004717,-0.3424096163120782,-0.30747783170378407,0.1747834553436914,2.044984405954,E3,injection,,3-bunch,80.0,120.0,25.0,20,100,0,0
E3_injection_e_25mm,140,0.014,100030,100030,100031,100031,0.9999900030990393,0.9999900030990393,24.994306808629283,25.00306776440306,24.876450576609535,-0.5064066097272613,-0.4715323090259016,0.6560190565411274,6.2088181690376985,E3,injection,,3-bunch,80.0,120.0,25.0,20,500,0,0
E3_injection_e_25mm,160,0.016,100030,100030,100031,100031,0.9999900030990393,0.9999900030990393,24.994306808629283,24.999718973004644,25.013348683789143,0.05451945599554975,0.07618485003666464,0.1375401866733811,1.7028501738704023,E3,injection,,3-bunch,80.0,120.0,25.0,20,100,0,0
E3_injection_e_25mm,160,0.016,100030,100030,100031,100031,0.9999900030990393,0.9999900030990393,24.994306808629283,24.999718973004644,25.27099716892693,1.0851249816656638,1.1070135387876379,0.6047129041219302,4.940206680228998,E3,injection,,3-bunch,80.0,120.0,25.0,20,500,0,0
E3_injection_e_25mm,185,0.018500000000000003,100030,100030,100031,100031,0.9999900030990393,0.9999900030990393,24.994306808629283,24.995726199299185,25.0221409477746,0.1056770596093104,0.11136191676941465,0.1264527147661072,1.8326186563842,E3,injection,,3-bunch,80.0,120.0,25.0,20,100,0,0
E3_injection_e_25mm,185,0.018500000000000003,100030,100030,100031,100031,0.9999900030990393,0.9999900030990393,24.994306808629283,24.995726199299185,24.91712743842285,-0.3144487991652678,-0.3087878003473432,0.4728968872551974,4.297980157557898,E3,injection,,3-bunch,80.0,120.0,25.0,20,500,0,0
E3_injection_e_25mm,205,0.0205,100030,100030,100031,100031,0.9999900030990393,0.9999900030990393,24.994306808629283,24.99583542341294,24.971768780285398,-0.09628261156257034,-0.09017264818124149,0.12161445245640765,1.4302306555537996,E3,injection,,3-bunch,80.0,120.0,25.0,20,100,0,0
E3_injection_e_25mm,205,0.0205,100030,100030,100031,100031,0.9999900030990393,0.9999900030990393,24.994306808629283,24.99583542341294,24.74658876435726,-0.9971527449817441,-0.9910978774834378,0.4884949355479601,3.540336524058299,E3,injection,,3-bunch,80.0,120.0,25.0,20,500,0,0
E3_injection_e_25mm,230,0.023,100030,100030,100031,100031,0.9999900030990393,0.9999900030990393,24.994306808629283,24.997346863559947,24.96721727286774,-0.12053115419272675,-0.10838282481269168,0.11730368926529815,1.8588580254439,E3,injection,,3-bunch,80.0,120.0,25.0,20,100,0,0
E3_injection_e_25mm,230,0.023,100030,100030,100031,100031,0.9999900030990393,0.9999900030990393,24.994306808629283,24.997346863559947,24.976989752600666,-0.08143708638518321,-0.0692840019977603,0.37324097635410897,3.5655512325686978,E3,injection,,3-bunch,80.0,120.0,25.0,20,500,0,0
E3_injection_e_25mm,250,0.025,100030,100030,100031,100031,0.9999900030990393,0.9999900030990393,24.994306808629283,24.997005338005064,24.995932967506953,-0.004289995875950137,0.006506117133486811,0.11280184502799193,1.5128250665043002,E3,injection,,3-bunch,80.0,120.0,25.0,20,100,0,0
E3_injection_e_25mm,250,0.025,100030,100030,100031,100031,0.9999900030990393,0.9999900030990393,24.994306808629283,24.997005338005064,25.082758461727636,0.3430535880719843,0.35388720229605486,0.35637063527597246,3.2439556784725,E3,injection,,3-bunch,80.0,120.0,25.0,20,500,0,0
E3_injection_e_25mm,275,0.0275,100030,100030,100031,100031,0.9999900030990393,0.9999900030990393,24.994306808629283,24.99501983935067,25.002746172873593,0.03091149185949771,0.03376514623480986,0.11069992614576303,1.6219927435447916,E3,injection,,3-bunch,80.0,120.0,25.0,20,100,0,0
E3_injection_e_25mm,275,0.0275,100030,100030,100031,100031,0.9999900030990393,0.9999900030990393,24.994306808629283,24.99501983935067,24.957996833861497,-0.14812152871704898,-0.14527298174659142,0.31510671731068185,3.122125257662601,E3,injection,,3-bunch,80.0,120.0,25.0,20,500,0,0
E3_injection_e_25mm,1000,0.1,100030,100030,100031,100031,0.9999900030990393,0.9999900030990393,24.994306808629283,24.99429895338311,24.993945901502297,-0.001412529639155391,-0.0014439573369662284,0.0912286410764194,1.0260666483557002,E3,injection,,3-bunch,80.0,120.0,25.0,20,100,0,0
E3_injection_e_25mm,1000,0.1,100030,100030,100031,100031,0.9999900030990393,0.9999900030990393,24.994306808629283,24.99429895338311,24.995113274390704,0.0032580269969217923,0.0032265978312517873,0.11471046103592833,1.1477522680160916,E3,injection,,3-bunch,80.0,120.0,25.0,20,500,0,0
E3_injection_e_25mm,0,0.0,100030,100030,100031,100031,0.9999900030990393,0.9999900030990393,24.994306808629283,25.1261454946768,21.292324402653747,-15.258293767483277,-14.811302567100704,4.639145587490605,11.8239150423138,E3,injection,,3-bunch,80.0,120.0,25.0,30,100,0,0
E3_injection_e_25mm,0,0.0,100030,100030,100031,100031,0.9999900030990393,0.9999900030990393,24.994306808629283,25.1261454946768,12.00264288372229,-52.230464930384336,-51.97849263985837,22.638106332250125,59.3535415345609,E3,injection,,3-bunch,80.0,120.0,25.0,30,500,0,0
E3_injection_e_25mm,30,0.003,100030,100030,100031,100031,0.9999900030990393,0.9999900030990393,24.994306808629283,25.109164625333825,22.251982503346465,-11.379040938321838,-10.971795802458628,3.3885885004091216,8.479279384178202,E3,injection,,3-bunch,80.0,120.0,25.0,30,100,0,0
E3_injection_e_25mm,30,0.003,100030,100030,100031,100031,0.9999900030990393,0.9999900030990393,24.994306808629283,25.109164625333825,13.206888714503924,-47.40211826410638,-47.16041210655122,15.836427019753412,40.558767574267705,E3,injection,,3-bunch,80.0,120.0,25.0,30,500,0,0
E3_injection_e_25mm,55,0.0055000000000000005,100030,100030,100031,100031,0.9999900030990393,0.9999900030990393,24.994306808629283,25.06235721960178,23.82145105408007,-4.951274753003554,-4.692491628310657,1.4157043361275328,3.5714476039733043,E3,injection,,3-bunch,80.0,120.0,25.0,30,100,0,0
E3_injection_e_25mm,55,0.0055000000000000005,100031,100030,100031,100031,1.0,0.9999900030990393,24.9966293247101,25.06235721960178,20.007525866176998,-20.169018058170895,-19.95910486059489,18.46987000410612,156.6668550590652,E3,injection,,3-bunch,80.0,120.0,25.0,30,500,0,0
E3_injection_e_25mm,85,0.0085,100030,100030,100031,100031,0.9999900030990393,0.9999900030990393,24.994306808629283,25.010520535026835,25.07807693899626,0.2701119469897373,0.33515684595044615,0.20575725830677097,1.6967961013053987,E3,injection,,3-bunch,80.0,120.0,25.0,30,100,0,0
E3_injection_e_25mm,85,0.0085,100030,100030,100031,100031,0.9999900030990393,0.9999900030990393,24.994306808629283,25.010520535026835,25.986599677102145,3.902674239459847,3.9700755698904633,1.6130178808402662,7.720476934751099,E3,injection,,3-bunch,80.0,120.0,25.0,30,500,0,0
E3_injection_e_25mm,110,0.011000000000000001,100030,100030,100031,100031,0.9999900030990393,0.9999900030990393,24.994306808629283,24.995791798546815,25.22168706622076,0.9037331943494431,0.9097282006355734,0.29831375271693583,1.402306039135702,E3,injection,,3-bunch,80.0,120.0,25.0,30,100,0,0
E3_injection_e_25mm,110,0.011000000000000001,100030,100030,100031,100031,0.9999900030990393,0.9999900030990393,24.994306808629283,24.995791798546815,26.046726157169694,4.204445160580894,4.210636272485324,1.3109172991151268,4.874687193798099,E3,injection,,3-bunch,80.0,120.0,25.0,30,500,0,0
E3_injection_e_25mm,140,0.014,100030,100030,100031,100031,0.9999900030990393,0.9999900030990393,24.994306808629283,24.997611144723706,24.991003061391794,-0.026434859289770074,-0.013217999053882767,0.1096051056409978,1.265320140440501,E3,injection,,3-bunch,80.0,120.0,25.0,30,100,0,0
E3_injection_e_25mm,140,0.014,100030,100030,100031,100031,0.9999900030990393,0.9999900030990393,24.994306808629283,24.997611144723706,24.686878551040998,-1.2430491533119703,-1.229993133804952,0.6585849841801943,6.0677154702633,E3,injection,,3-bunch,80.0,120.0,25.0,30,500,0,0
E3_injection_e_25mm,170,0.017,100030,100030,100031,100031,0.9999900030990393,0.9999900030990393,24.994306808629283,25.000362498360275,24.941596381954785,-0.23506105725205062,-0.21088973212211037,0.12184322343295675,1.0951464395126003,E3,injection,,3-bunch,80.0,120.0,25.0,30,100,0,0
E3_injection_e_25mm,170,0.017,100030,100030,100031,100031,0.9999900030990393,0.9999900030990393,24.994306808629283,25.000362498360275,24.755585570993965,-0.9790935126735234,-0.9551024537831965,0.48338456923928486,5.228571488841201,E3,injection,,3-bunch,80.0,120.0,25.0,30,500,0,0
E3_injection_e_25mm,195,0.0195,100030,100030,100031,100031,0.9999900030990393,0.9999900030990393,24.994306808629283,24.998396861270106,25.00332760965278,0.01972425835958802,0.03609142310911917,0.09590804708884003,1.1469412867588034,E3,injection,,3-bunch,80.0,120.0,25.0,30,100,0,0
E3_injection_e_25mm,195,0.0195,100030,100030,100031,100031,0.9999900030990393,0.9999900030990393,24.994306808629283,24.998396861270106,25.16676659048909,0.6735221068509434,0.6899962586690567,0.4349818402896908,4.5674823647416005,E3,injection,,3-bunch,80.0,120.0,25.0,30,500,0,0
E3_injection_e_25mm,225,0.022500000000000003,100030,100030,100031,100031,0.9999900030990393,0.9999900030990393,24.994306808629283,24.995467601582853,25.01454562886006,0.07632594669282344,0.08097372087867427,0.08753703169768393,1.0838258504983997,E3,injection,,3-bunch,80.0,120.0,25.0,30,100,0,0
E3_injection_e_25mm,225,0.022500000000000003,100030,100030,100031,100031,0.9999900030990393,0.9999900030990393,24.994306808629283,24.995467601582853,25.05352455605644,0.23226992748841546,0.23692494407052678,0.3253464732314795,3.629945893092703,E3,injection,,3-bunch,80.0,120.0,25.0,30,500,0,0
E3_injection_e_25mm,255,0.025500000000000002,100030,100030,100031,100031,0.9999900030990393,0.9999900030990393,24.994306808629283,24.99520584683693,24.9782385715536,-0.06788211862427396,-0.06428758836446447,0.08369534215419472,1.1587988472209005,E3,injection,,3-bunch,80.0,120.0,25.0,30,100,0,0
E3_injection_e_25mm,255,0.025500000000000002,100030,100030,100031,100031,0.9999900030990393,0.9999900030990393,24.994306808629283,24.99520584683693,24.813762718346762,-0.7259117192392694,-0.7223408581196855,0.36250731348358733,4.149718524791,E3,injection,,3-bunch,80.0,120.0,25.0,30,500,0,0
E3_injection_e_25mm,280,0.028,100030,100030,100031,100031,0.9999900030990393,0.9999900030990393,24.994306808629283,24.995995153366728,24.975370184216427,-0.08251309469278212,-0.07576375115279088,0.08042251478248745,1.1769622365728996,E3,injection,,3-bunch,80.0,120.0,25.0,30,100,0,0
E3_injection_e_25mm,280,0.028,100030,100030,100031,100031,0.9999900030990393,0.9999900030990393,24.994306808629283,24.995995153366728,24.904147534105906,-0.36744934017339803,-0.36071924384095677,0.2905374655166176,2.899876175444801,E3,injection,,3-bunch,80.0,120.0,25.0,30,500,0,0
E3_injection_e_25mm,310,0.031,100030,100030,100031,100031,0.9999900030990393,0.9999900030990393,24.994306808629283,24.99615446913226,24.995251737167735,-0.0036114833809386404,0.0037805750953134876,0.07753417707873121,1.0373408001799014,E3,injection,,3-bunch,80.0,120.0,25.0,30,100,0,0
E3_injection_e_25mm,310,0.031,100030,100030,100031,100031,0.9999900030990393,0.9999900030990393,24.994306808629283,24.99615446913226,25.065928766799185,0.2791401283468886,0.28655308874250274,0.2797833574503169,2.8694364544800006,E3,injection,,3-bunch,80.0,120.0,25.0,30,500,0,0
E3_injection_e_25mm,335,0.0335,100030,100030,100031,100031,0.9999900030990393,0.9999900030990393,24.994306808629283,24.9953491101767,25.00017051803822,0.019289219927554058,0.023460180167567124,0.07609835868019667,1.1171842029710985,E3,injection,,3-bunch,80.0,120.0,25.0,30,100,0,0
E3_injection_e_25mm,335,0.0335,100030,100030,100031,100031,0.9999900030990393,0.9999900030990393,24.994306808629283,24.9953491101767,25.028592153939393,0.1329969172111145,0.1371726192393341,0.24617039199086388,2.4991291934790993,E3,injection,,3-bunch,80.0,120.0,25.0,30,500,0,0
E3_injection_e_25mm,1000,0.1,100030,100030,100031,100031,0.9999900030990393,0.9999900030990393,24.994306808629283,24.99412196442104,24.99399480561081,-0.0005087548600846148,-0.0012482963454907292,0.06818506646635684,1.0065976940989998,E3,injection,,3-bunch,80.0,120.0,25.0,30,100,0,0
E3_injection_e_25mm,1000,0.1,100030,100030,100031,100031,0.9999900030990393,0.9999900030990393,24.994306808629283,24.99412196442104,24.993108847670133,-0.00405342004952125,-0.004792935320518943,0.11537517335950057,1.186614397269702,E3,injection,,3-bunch,80.0,120.0,25.0,30,500,0,0
E4_injection_e_25mm,0,0.0,100030,100030,100031,100031,0.9999900030990393,0.9999900030990393,24.994306808629283,25.153487169926713,24.21347886603465,-3.737089404509808,-3.124023196854786,1.1156095316108163,2.901970620975998,E4,injection,,3-bunch,80.0,120.0,25.0,25,20,0,0
E4_injection_e_25mm,100,0.01,100030,100030,100031,100031,0.9999900030990393,0.9999900030990393,24.994306808629283,24.996270446861736,25.04952582083736,0.21305327964360465,0.22092635987414067,0.07723198519594128,0.8435469981882022,E4,injection,,3-bunch,80.0,120.0,25.0,25,20,0,0
E4_injection_e_25mm,200,0.02,100030,100030,100031,100031,0.9999900030990393,0.9999900030990393,24.994306808629283,24.99596330322225,25.00075949144485,0.019187851111857057,0.02581661041840544,0.03699339525997146,0.6896380944425,E4,injection,,3-bunch,80.0,120.0,25.0,25,20,0,0
E4_injection_e_25mm,300,0.030000000000000002,100030,100030,100031,100031,0.9999900030990393,0.9999900030990393,24.994306808629283,24.995488712704805,24.99626504922409,0.00310590654259979,0.007834746567692008,0.03617351271172685,0.9130747789160054,E4,injection,,3-bunch,80.0,120.0,25.0,25,20,0,0
E4_injection_e_25mm,0,0.0,100030,100030,100031,100031,0.9999900030990393,0.9999900030990393,24.994306808629283,25.153487169926713,22.833845315826043,-9.221949379941297,-8.64381440679659,2.7772212250059725,7.231495619574503,E4,injection,,3-bunch,80.0,120.0,25.0,25,50,0,0
E4_injection_e_25mm,100,0.01,100030,100030,100031,100031,0.9999900030990393,0.9999900030990393,24.994306808629283,24.996270446861736,25.13114430871809,0.5395759425113944,0.5474746754791537,0.18243127757502037,1.0715031318606023,E4,injection,,3-bunch,80.0,120.0,25.0,25,50,0,0
E4_injection_e_25mm,200,0.02,100030,100030,100031,100031,0.9999900030990393,0.9999900030990393,24.994306808629283,24.99596330322225,25.00910796871683,0.05258715311398099,0.05921812595512943,0.06458573050566388,0.9264500369430984,E4,injection,,3-bunch,80.0,120.0,25.0,25,50,0,0
E4_injection_e_25mm,300,0.030000000000000002,100030,100030,100031,100031,0.9999900030990393,0.9999900030990393,24.994306808629283,24.995488712704805,24.9979406911011,0.009809683757255883,0.01453884078337353,0.058998274939811406,1.0686068915586002,E4,injection,,3-bunch,80.0,120.0,25.0,25,50,0,0
E4_injection_e_25mm,0,0.0,100030,100030,100031,100031,0.9999900030990393,0.9999900030990393,24.994306808629283,25.153487169926713,21.49253555275092,-14.554449617438314,-14.010275550708117,4.428215159777232,11.530441821928502,E4,injection,,3-bunch,80.0,120.0,25.0,25,80,0,0
E4_injection_e_25mm,100,0.01,100030,100030,100031,100031,0.9999900030990393,0.9999900030990393,24.994306808629283,24.996270446861736,25.214231036480623,0.8719724411777152,0.8798972883513168,0.2879999334083532,1.3881617689055972,E4,injection,,3-bunch,80.0,120.0,25.0,25,80,0,0
E4_injection_e_25mm,200,0.02,100030,100030,100031,100031,0.9999900030990393,0.9999900030990393,24.994306808629283,24.99596330322225,25.018459423699355,0.08999901385757791,0.09663246616518073,0.08878886237820989,1.0928204775267005,E4,injection,,3-bunch,80.0,120.0,25.0,25,80,0,0
E4_injection_e_25mm,300,0.030000000000000002,100030,100030,100031,100031,0.9999900030990393,0.9999900030990393,24.994306808629283,24.995488712704805,25.0003523290666,0.019457976668091348,0.024187589932411768,0.07740826572246984,1.0815178333918007,E4,injection,,3-bunch,80.0,120.0,25.0,25,80,0,0
E4_extraction_e_10mm,0,0.0,100011,100011,100011,100011,1.0,1.0,9.976976528033545,10.490615502178484,6.795269294416001,-35.22525639220221,-31.89049532869509,5.0121310162474595,13.1617530336655,E4,extraction,,3-bunch,1600.0,20.0,10.0,25,20,0,0
E4_extraction_e_10mm,100,0.01,100011,100011,100011,100011,1.0,1.0,9.976976528033545,9.978854071383525,10.477557123493341,4.997598407015014,5.017357653927057,0.6180746700301787,1.9636487398132,E4,extraction,,3-bunch,1600.0,20.0,10.0,25,20,0,0
E4_extraction_e_10mm,200,0.02,100011,100011,100011,100011,1.0,1.0,9.976976528033545,9.978822246867573,10.042531781731766,0.6384474368625215,0.6570653295016049,0.13995387733144246,1.4108794657989,E4,extraction,,3-bunch,1600.0,20.0,10.0,25,20,0,0
E4_extraction_e_10mm,300,0.030000000000000002,100011,100011,100011,100011,1.0,1.0,9.976976528033545,9.978679855685334,10.006586547528563,0.27966316433460925,0.2967834935946767,0.09960024190583884,1.4305789639282,E4,extraction,,3-bunch,1600.0,20.0,10.0,25,20,0,0
E4_extraction_e_10mm,1000,0.1,100011,100011,100011,100011,1.0,1.0,9.976976528033545,9.977210832273157,9.977986964457283,0.0077790496479934745,0.010127681676896927,0.062351718090851445,0.6836245744920002,E4,extraction,,3-bunch,1600.0,20.0,10.0,25,20,0,0
E4_extraction_e_10mm,0,0.0,100011,100011,100011,100011,1.0,1.0,9.976976528033545,10.490615502178484,6.1792205695332525,-41.097635612990736,-38.06519888895467,12.142605689884807,32.5185619686904,E4,extraction,,3-bunch,1600.0,20.0,10.0,25,50,0,0
E4_extraction_e_10mm,100,0.01,100011,100011,100011,100011,1.0,1.0,9.976976528033545,9.978854071383525,11.097024740301217,11.205401551309201,11.226329029847214,1.3775952288600508,4.704381120739999,E4,extraction,,3-bunch,1600.0,20.0,10.0,25,50,0,0
E4_extraction_e_10mm,200,0.02,100011,100011,100011,100011,1.0,1.0,9.976976528033545,9.978822246867573,10.134671871466857,1.5618037955151154,1.5805925070607962,0.3476569701939873,3.7137623112516005,E4,extraction,,3-bunch,1600.0,20.0,10.0,25,50,0,0
E4_extraction_e_10mm,300,0.030000000000000002,100011,100011,100011,100011,1.0,1.0,9.976976528033545,9.978679855685334,10.034842172757134,0.5628231177273513,0.5799917897070017,0.2360944333308307,3.0280800400684003,E4,extraction,,3-bunch,1600.0,20.0,10.0,25,50,0,0
E4_extraction_e_10mm,1000,0.1,100011,100011,100011,100011,1.0,1.0,9.976976528033545,9.977210832273157,9.978361067748382,0.01152862753490691,0.013877347620772085,0.07879892698731897,0.8033849098513999,E4,extraction,,3-bunch,1600.0,20.0,10.0,25,50,0,0
E4_extraction_e_10mm,0,0.0,100011,100011,100011,100011,1.0,1.0,9.976976528033545,10.490615502178484,10.748381817092746,2.4571133587036442,7.731854303672936,18.656184615659313,48.7730410106104,E4,extraction,,3-bunch,1600.0,20.0,10.0,25,80,0,0
E4_extraction_e_10mm,100,0.01,100011,100011,100011,100011,1.0,1.0,9.976976528033545,9.978854071383525,11.362995511083863,13.87074537616153,13.892174439379001,1.8211474225062847,8.230062663819101,E4,extraction,,3-bunch,1600.0,20.0,10.0,25,80,0,0
E4_extraction_e_10mm,200,0.02,100011,100011,100011,100011,1.0,1.0,9.976976528033545,9.978822246867573,10.129555789240245,1.5105343961807627,1.5293136229997062,0.49984514030851124,3.7886528743581014,E4,extraction,,3-bunch,1600.0,20.0,10.0,25,80,0,0
E4_extraction_e_10mm,300,0.030000000000000002,100011,100011,100011,100011,1.0,1.0,9.976976528033545,9.978679855685334,9.996878258724315,0.18237285194206976,0.19947657123229323,0.317194642598486,2.8416592719422997,E4,extraction,,3-bunch,1600.0,20.0,10.0,25,80,0,0
E4_extraction_e_10mm,1000,0.1,100011,100011,100011,100011,1.0,1.0,9.976976528033545,9.977210832273157,9.976893675688723,-0.003178810087955952,-0.0008304353988242141,0.09457072512694197,0.790569044276598,E4,extraction,,3-bunch,1600.0,20.0,10.0,25,80,0,0
E4_injection_e_10mm,0,0.0,100031,100031,100031,100031,1.0,1.0,9.998651729884015,10.415262351080944,8.66690721628808,-16.78647235046761,-13.319240929410636,2.155568809156868,5.596622887952703,E4,injection,,3-bunch,80.0,120.0,10.0,25,20,0,0
E4_injection_e_10mm,100,0.01,100031,100031,100031,100031,1.0,1.0,9.998651729884015,9.999928557309948,10.202036781383258,2.021096679991463,2.0341247699563914,0.24208359153246795,1.2223089634717015,E4,injection,,3-bunch,80.0,120.0,10.0,25,20,0,0
E4_injection_e_10mm,200,0.02,100031,100031,100031,100031,1.0,1.0,9.998651729884015,10.000411327493904,10.025291037495103,0.24878686672415995,0.26642899793647423,0.06513857417714528,1.0812653330323005,E4,injection,,3-bunch,80.0,120.0,10.0,25,20,0,0
E4_injection_e_10mm,300,0.030000000000000002,100031,100031,100031,100031,1.0,1.0,9.998651729884015,10.001144232759604,10.01171409417158,0.105686521121795,0.1306412568458981,0.058870750797485966,1.0280542043290994,E4,injection,,3-bunch,80.0,120.0,10.0,25,20,0,0
E4_injection_e_10mm,1000,0.1,100031,100031,100031,100031,1.0,1.0,9.998651729884015,9.998798806214241,9.998362894696644,-0.0043596388530797725,-0.0028887413540790163,0.053258497902345214,1.0476289509821983,E4,injection,,3-bunch,80.0,120.0,10.0,25,20,0,0
E4_injection_e_10mm,0,0.0,100031,100031,100031,100031,1.0,1.0,9.998651729884015,10.415262351080944,6.501451068304389,-37.57765431967599,-34.97672242275603,5.319219215964254,13.593724473942501,E4,injection,,3-bunch,80.0,120.0,10.0,25,50,0,0
E4_injection_e_10mm,100,0.01,100031,100031,100031,100031,1.0,1.0,9.998651729884015,9.999928557309948,10.489291180802025,4.89366119655279,4.90705611289155,0.5730166166175367,1.9121478416436002,E4,injection,,3-bunch,80.0,120.0,10.0,25,50,0,0
E4_injection_e_10mm,200,0.02,100031,100031,100031,100031,1.0,1.0,9.998651729884015,10.000411327493904,10.065607747834692,0.6519373874307011,0.6696504664779779,0.13099749310473863,1.2945320355033,E4,injection,,3-bunch,80.0,120.0,10.0,25,50,0,0
E4_injection_e_10mm,300,0.030000000000000002,100031,100031,100031,100031,1.0,1.0,9.998651729884015,10.001144232759604,10.03048650911364,0.29338919298778077,0.31839071996553336,0.1041877132298112,1.4310321082574005,E4,injection,,3-bunch,80.0,120.0,10.0,25,50,0,0
E4_injection_e_10mm,1000,0.1,100031,100031,100031,100031,1.0,1.0,9.998651729884015,9.998798806214241,9.996952216962601,-0.018468110894398482,-0.01699742092561296,0.08454149948006352,1.0454770040101993,E4,injection,,3-bunch,80.0,120.0,10.0,25,50,0,0
E4_injection_e_10mm,0,0.0,100031,100031,100031,100031,1.0,1.0,9.998651729884015,10.415262351080944,5.352587292988606,-48.60823364249591,-46.46690936348179,8.383654532012159,21.3328908046304,E4,injection,,3-bunch,80.0,120.0,10.0,25,80,0,0
E4_injection_e_10mm,100,0.01,100031,100031,100031,100031,1.0,1.0,9.998651729884015,9.999928557309948,10.749679865337335,7.497566644906861,7.5112940798672145,0.8696292272657555,2.634771768499599,E4,injection,,3-bunch,80.0,120.0,10.0,25,80,0,0
E4_injection_e_10mm,200,0.02,100031,100031,100031,100031,1.0,1.0,9.998651729884015,10.000411327493904,10.105606827966641,1.0519117367055353,1.0696952046340247,0.1995657801408763,1.8358939308962168,E4,injection,,3-bunch,80.0,120.0,10.0,25,80,0,0
E4_injection_e_10mm,300,0.030000000000000002,100031,100031,100031,100031,1.0,1.0,9.998651729884015,10.001144232759604,10.050543124535924,0.49393240039985464,0.5189839195700374,0.1534373205624837,1.6539713580868005,E4,injection,,3-bunch,80.0,120.0,10.0,25,80,0,0
E4_injection_e_10mm,1000,0.1,100031,100031,100031,100031,1.0,1.0,9.998651729884015,9.998798806214241,9.996393248593993,-0.0240584660904819,-0.02258785835366206,0.10338627365331958,1.3946149665476,E4,injection,,3-bunch,80.0,120.0,10.0,25,80,0,0
I1_extraction_ions_3mm,0,0.0,100007,100007,100007,100007,1.0,1.0,3.005838450798559,3.005838450798559,38.23956716366836,1172.1763923643095,1172.1763923643095,35.869214487599876,89.1710011698415,I1,extraction,ions,3-bunch aligned,1600.0,20.0,3.0,25,100,0,0
I1_extraction_ions_3mm,0,0.0,85391,100007,100007,100007,0.8538502304838661,1.0,2.929950146840048,3.005838450798559,52.25078736171093,1638.309899782854,1683.3336658667527,52.32045797953224,118.2822513498858,I1,extraction,ions,3-bunch aligned,1600.0,20.0,3.0,25,200,0,0
I1_extraction_ions_3mm,0,0.0,70974,100007,100007,100007,0.7096903216774826,1.0,2.7676397762890588,3.005838450798559,54.034716215882014,1697.6586932516832,1852.3753300125463,54.12557479975494,118.0449625897146,I1,extraction,ions,3-bunch aligned,1600.0,20.0,3.0,25,300,0,0
I1_extraction_ions_3mm,0,0.0,61666,100007,100007,100007,0.6166168368214225,1.0,2.660936670430154,3.005838450798559,55.250345759507255,1738.1009712890236,1976.3495190802776,55.32519710873671,118.11251050948741,I1,extraction,ions,3-bunch aligned,1600.0,20.0,3.0,25,400,0,0
I1_extraction_ions_3mm,0,0.0,54370,100007,100007,100007,0.5436619436639435,1.0,2.6044260107983974,3.005838450798559,55.678752661803244,1752.35346387332,2037.8511975748045,55.766165383992494,119.2743120129222,I1,extraction,ions,3-bunch aligned,1600.0,20.0,3.0,25,500,0,0
I1_extraction_h2o_ions_3mm,0,0.0,100007,100007,100007,100007,1.0,1.0,3.005838450798559,3.005838450798559,16.841085197470633,460.27911922533536,460.27911922533536,14.323492496886583,38.3164779432082,I1,extraction,h2o_ions,3-bunch aligned,1600.0,20.0,3.0,25,100,0,0
I1_extraction_h2o_ions_3mm,0,0.0,100007,100007,100007,100007,1.0,1.0,3.005838450798559,3.005838450798559,32.55456471380268,983.0443899988679,983.0443899988679,30.143723021122835,79.28776135238,I1,extraction,h2o_ions,3-bunch aligned,1600.0,20.0,3.0,25,200,0,0
I1_extraction_h2o_ions_3mm,0,0.0,98078,100007,100007,100007,0.9807113502054856,1.0,2.9959683230573857,3.005838450798559,47.79786078296615,1490.1673215427702,1495.4060800679104,47.90453963026376,119.4808968928286,I1,extraction,h2o_ions,3-bunch aligned,1600.0,20.0,3.0,25,300,0,0
I1_extraction_h2o_ions_3mm,0,0.0,88356,100007,100007,100007,0.883498155129141,1.0,2.922736603818784,3.005838450798559,52.539208242645635,1647.905255143954,1697.6032521712377,52.62217235790905,117.2585185404101,I1,extraction,h2o_ions,3-bunch aligned,1600.0,20.0,3.0,25,400,0,0
I1_extraction_h2o_ions_3mm,0,0.0,79079,100007,100007,100007,0.7907346485745997,1.0,2.847963302740096,3.005838450798559,54.842679077143885,1724.5384765296972,1825.6806793956362,54.90572257598338,119.632822469258,I1,extraction,h2o_ions,3-bunch aligned,1600.0,20.0,3.0,25,500,0,0
I1_extraction_n2_ions_3mm,0,0.0,100007,100007,100007,100007,1.0,1.0,3.005838450798559,3.005838450798559,14.524125788356324,383.1971520125344,383.1971520125344,11.963962996697905,31.792675023820898,I1,extraction,n2_ions,3-bunch aligned,1600.0,20.0,3.0,25,100,0,0
I1_extraction_n2_ions_3mm,0,0.0,100007,100007,100007,100007,1.0,1.0,3.005838450798559,3.005838450798559,28.466445949751407,847.038452521916,847.038452521916,26.040031312728765,66.0259527206175,I1,extraction,n2_ions,3-bunch aligned,1600.0,20.0,3.0,25,200,0,0
I1_extraction_n2_ions_3mm,0,0.0,100007,100007,100007,100007,1.0,1.0,3.005838450798559,3.005838450798559,43.9201821292534,1361.1624293243422,1361.1624293243422,41.59247130249429,103.27146699547781,I1,extraction,n2_ions,3-bunch aligned,1600.0,20.0,3.0,25,300,0,0
I1_extraction_n2_ions_3mm,0,0.0,94071,100007,100007,100007,0.9406441549091563,1.0,2.9701091155603447,3.005838450798559,52.546690594949254,1648.1541824374897,1669.183843100516,52.64510879320038,118.4472259631748,I1,extraction,n2_ions,3-bunch aligned,1600.0,20.0,3.0,25,400,0,0
I1_extraction_n2_ions_3mm,0,0.0,84648,100007,100007,100007,0.8464207505474617,1.0,2.9066057778809924,3.005838450798559,55.57942447197334,1749.0489552825964,1812.1762192495364,55.658006994976404,117.69742735880689,I1,extraction,n2_ions,3-bunch aligned,1600.0,20.0,3.0,25,500,0,0
I1_extraction_ions_3mm,1000,0.1,100007,100007,100007,100007,1.0,1.0,3.005838450798559,3.005838450798559,32.784334266798105,990.6884985148922,990.6884985148922,30.386483746174864,73.8612071786939,I1,extraction,ions,3-bunch aligned,1600.0,20.0,3.0,25,100,0,0
I1_extraction_ions_3mm,1000,0.1,94362,100007,100007,100007,0.9435539512234143,1.0,2.9937287857363977,3.005838450798559,51.60599899806121,1616.8587015829503,1623.8034134534055,51.69262120766926,117.2054473709762,I1,extraction,ions,3-bunch aligned,1600.0,20.0,3.0,25,200,0,0
I1_extraction_ions_3mm,1000,0.1,80763,100007,100007,100007,0.80757346985711,1.0,2.8281413829602102,3.005838450798559,53.90459409644305,1693.3297141142848,1806.0077555253342,53.98671903955695,120.72028574732941,I1,extraction,ions,3-bunch aligned,1600.0,20.0,3.0,25,300,0,0
I1_extraction_ions_3mm,1000,0.1,71552,100007,100007,100007,0.7154699171058025,1.0,2.693211848140098,3.005838450798559,55.16285135251996,1735.1901559401795,1948.2180557246104,55.230011567955884,121.30110486028309,I1,extraction,ions,3-bunch aligned,1600.0,20.0,3.0,25,400,0,0
I1_extraction_ions_3mm,1000,0.1,62128,100007,100007,100007,0.621236513444059,1.0,2.6518060827399346,3.005838450798559,55.907267572082894,1759.955832198169,2008.2713376355803,55.995764461452026,118.3858485953026,I1,extraction,ions,3-bunch aligned,1600.0,20.0,3.0,25,500,0,0
I1_extraction_h2o_ions_3mm,1000,0.1,100007,100007,100007,100007,1.0,1.0,3.005838450798559,3.005838450798559,16.594719580735095,452.0828831079191,452.0828831079191,14.075374568162097,37.639248283057,I1,extraction,h2o_ions,3-bunch aligned,1600.0,20.0,3.0,25,100,0,0
I1_extraction_h2o_ions_3mm,1000,0.1,100007,100007,100007,100007,1.0,1.0,3.005838450798559,3.005838450798559,32.01830334020048,965.203731481118,965.203731481118,29.605074940797543,77.5100071285764,I1,extraction,h2o_ions,3-bunch aligned,1600.0,20.0,3.0,25,200,0,0
I1_extraction_h2o_ions_3mm,1000,0.1,98558,100007,100007,100007,0.985511014229004,1.0,2.99891823196985,3.005838450798559,47.43158793021841,1477.9819410327025,1481.6232474955746,47.50980867723686,119.89009828010609,I1,extraction,h2o_ions,3-bunch aligned,1600.0,20.0,3.0,25,300,0,0
I1_extraction_h2o_ions_3mm,1000,0.1,89252,100007,100007,100007,0.8924575279730419,1.0,2.928009717444684,3.005838450798559,52.479740802346406,1645.9268573932889,1692.3349259969748,52.56202805551974,117.938579786547,I1,extraction,h2o_ions,3-bunch aligned,1600.0,20.0,3.0,25,400,0,0
I1_extraction_h2o_ions_3mm,1000,0.1,80027,100007,100007,100007,0.8002139850210486,1.0,2.851074783622357,3.005838450798559,54.862980460916056,1725.213874895394,1824.2911752462471,54.937808371753874,118.52153528655029,I1,extraction,h2o_ions,3-bunch aligned,1600.0,20.0,3.0,25,500,0,0
I1_extraction_n2_ions_3mm,1000,0.1,100007,100007,100007,100007,1.0,1.0,3.005838450798559,3.005838450798559,14.395353273682097,378.9130723195617,378.9130723195617,11.83392243973693,31.442489371376602,I1,extraction,n2_ions,3-bunch aligned,1600.0,20.0,3.0,25,100,0,0
I1_extraction_n2_ions_3mm,1000,0.1,100007,100007,100007,100007,1.0,1.0,3.005838450798559,3.005838450798559,28.18829571862002,837.7847871741494,837.7847871741494,25.76064968241457,65.20462532884198,I1,extraction,n2_ions,3-bunch aligned,1600.0,20.0,3.0,25,200,0,0
I1_extraction_n2_ions_3mm,1000,0.1,100007,100007,100007,100007,1.0,1.0,3.005838450798559,3.005838450798559,43.44057022214235,1345.2064185485924,1345.2064185485924,41.11048881216997,101.72917788608011,I1,extraction,n2_ions,3-bunch aligned,1600.0,20.0,3.0,25,300,0,0
I1_extraction_n2_ions_3mm,1000,0.1,94566,100007,100007,100007,0.9455938084334097,1.0,2.972510685878251,3.005838450798559,52.42044999414969,1643.9543359432105,1663.5075373551324,52.50845981657909,117.4938362974085,I1,extraction,n2_ions,3-bunch aligned,1600.0,20.0,3.0,25,400,0,0
I1_extraction_n2_ions_3mm,1000,0.1,85335,100007,100007,100007,0.8532902696811223,1.0,2.908747762830195,3.005838450798559,55.62120863894815,1750.4390555045063,1812.2046039780716,55.699195283947,118.02420460385619,I1,extraction,n2_ions,3-bunch aligned,1600.0,20.0,3.0,25,500,0,0
I1_extraction_ions_5mm,0,0.0,100007,100007,100007,100007,1.0,1.0,5.0097307513309595,5.0097307513309595,26.820368726330706,435.36547286908,435.36547286908,22.670931885122418,57.8848802148077,I1,extraction,ions,3-bunch aligned,1600.0,20.0,5.0,25,100,0,0
I1_extraction_ions_5mm,0,0.0,97980,100007,100007,100007,0.9797314188006839,1.0,5.002478058128493,5.0097307513309595,47.261076498135836,843.3855599041875,844.7532992441941,47.50422552227262,122.6563234696232,I1,extraction,ions,3-bunch aligned,1600.0,20.0,5.0,25,200,0,0
I1_extraction_ions_5mm,0,0.0,84776,100007,100007,100007,0.8477006609537332,1.0,4.803222977669154,5.0097307513309595,51.47820610528547,927.5643275161846,971.7430014099856,51.72912183523296,123.0651579759851,I1,extraction,ions,3-bunch aligned,1600.0,20.0,5.0,25,300,0,0
I1_extraction_ions_5mm,0,0.0,74482,100007,100007,100007,0.7447678662493625,1.0,4.6156866451652565,5.0097307513309595,52.93568193851766,956.6572250305863,1046.8647247526135,53.195853014130364,123.1166400385671,I1,extraction,ions,3-bunch aligned,1600.0,20.0,5.0,25,400,0,0
I1_extraction_ions_5mm,0,0.0,66988,100007,100007,100007,0.6698331116821823,1.0,4.477222131592263,5.0097307513309595,54.02854437879288,978.4720189690605,1106.7425468474214,54.253453815899825,126.7334452464886,I1,extraction,ions,3-bunch aligned,1600.0,20.0,5.0,25,500,0,0
I1_extraction_h2o_ions_5mm,0,0.0,100007,100007,100007,100007,1.0,1.0,5.0097307513309595,5.0097307513309595,13.046677756759461,160.42672559385127,160.42672559385127,8.616930503788444,23.127289452404202,I1,extraction,h2o_ions,3-bunch aligned,1600.0,20.0,5.0,25,100,0,0
I1_extraction_h2o_ions_5mm,0,0.0,100007,100007,100007,100007,1.0,1.0,5.0097307513309595,5.0097307513309595,22.069965046448786,340.54194011495224,340.54194011495224,17.807718751423707,47.49660601921389,I1,extraction,h2o_ions,3-bunch aligned,1600.0,20.0,5.0,25,200,0,0
I1_extraction_h2o_ions_5mm,0,0.0,100007,100007,100007,100007,1.0,1.0,5.0097307513309595,5.0097307513309595,32.213588794127524,543.0203616345885,543.0203616345885,28.094607293417173,73.76372515863461,I1,extraction,h2o_ions,3-bunch aligned,1600.0,20.0,5.0,25,300,0,0
I1_extraction_h2o_ions_5mm,0,0.0,100007,100007,100007,100007,1.0,1.0,5.0097307513309595,5.0097307513309595,43.92845515005147,776.8625966251935,776.8625966251935,39.986799260122915,102.32185697905359,I1,extraction,h2o_ions,3-bunch aligned,1600.0,20.0,5.0,25,400,0,0
I1_extraction_h2o_ions_5mm,0,0.0,95772,100007,100007,100007,0.9576529642924996,1.0,4.9504702095437745,5.0097307513309595,50.69241148784455,911.878961247106,923.9918501098557,50.948796703422396,124.25421284461629,I1,extraction,h2o_ions,3-bunch aligned,1600.0,20.0,5.0,25,500,0,0
I1_extraction_n2_ions_5mm,0,0.0,100007,100007,100007,100007,1.0,1.0,5.0097307513309595,5.0097307513309595,11.935196490809805,138.2402784349024,138.2402784349024,7.410024552458074,19.3969468902132,I1,extraction,n2_ions,3-bunch aligned,1600.0,20.0,5.0,25,100,0,0
I1_extraction_n2_ions_5mm,0,0.0,100007,100007,100007,100007,1.0,1.0,5.0097307513309595,5.0097307513309595,19.993230724200753,299.0879294039716,299.0879294039716,15.64995893854099,39.992992888068194,I1,extraction,n2_ions,3-bunch aligned,1600.0,20.0,5.0,25,200,0,0
I1_extraction_n2_ions_5mm,0,0.0,100007,100007,100007,100007,1.0,1.0,5.0097307513309595,5.0097307513309595,29.445005807534475,487.7562541601997,487.7562541601997,25.293139191649583,62.144274310224205,I1,extraction,n2_ions,3-bunch aligned,1600.0,20.0,5.0,25,300,0,0
I1_extraction_n2_ions_5mm,0,0.0,100007,100007,100007,100007,1.0,1.0,5.0097307513309595,5.0097307513309595,39.960858279198966,697.6647900405101,697.6647900405101,35.9839264207386,86.1165155301847,I1,extraction,n2_ions,3-bunch aligned,1600.0,20.0,5.0,25,400,0,0
I1_extraction_n2_ions_5mm,0,0.0,99346,100007,100007,100007,0.9933904626676132,1.0,5.001151785138227,5.0097307513309595,49.79253018550203,893.916293251357,895.621255356996,50.05511195871864,122.5009724830315,I1,extraction,n2_ions,3-bunch aligned,1600.0,20.0,5.0,25,500,0,0
I1_extraction_ions_5mm,1000,0.1,100007,100007,100007,100007,1.0,1.0,5.0097307513309595,5.0097307513309595,23.664231117072916,372.36532843179094,372.36532843179094,19.485239297962664,49.462939237089806,I1,extraction,ions,3-bunch aligned,1600.0,20.0,5.0,25,100,0,0
I1_extraction_ions_5mm,1000,0.1,100007,100007,100007,100007,1.0,1.0,5.0097307513309595,5.0097307513309595,42.18528538968701,742.0669190351086,742.0669190351086,38.164504099144544,96.8742945355105,I1,extraction,ions,3-bunch aligned,1600.0,20.0,5.0,25,200,0,0
I1_extraction_ions_5mm,1000,0.1,92840,100007,100007,100007,0.9283350165488415,1.0,4.92441549385083,5.0097307513309595,50.80448241405999,914.1160261070421,931.685536638817,51.05519061210348,124.01034197712751,I1,extraction,ions,3-bunch aligned,1600.0,20.0,5.0,25,300,0,0
I1_extraction_ions_5mm,1000,0.1,83432,100007,100007,100007,0.8342616016878819,1.0,4.716462118801574,5.0097307513309595,52.75982270610267,953.1468720566611,1018.6313252847377,53.007238188192716,124.2861337320228,I1,extraction,ions,3-bunch aligned,1600.0,20.0,5.0,25,400,0,0
I1_extraction_ions_5mm,1000,0.1,76133,100007,100007,100007,0.7612767106302559,1.0,4.540542180870101,5.0097307513309595,53.830088948000224,974.5106198311939,1085.5431973475202,54.06880501845809,124.77548492405279,I1,extraction,ions,3-bunch aligned,1600.0,20.0,5.0,25,500,0,0
I1_extraction_h2o_ions_5mm,1000,0.1,100007,100007,100007,100007,1.0,1.0,5.0097307513309595,5.0097307513309595,12.904497145417492,157.58863671444004,157.58863671444004,8.470631348287439,22.741632213453798,I1,extraction,h2o_ions,3-bunch aligned,1600.0,20.0,5.0,25,100,0,0
I1_extraction_h2o_ions_5mm,1000,0.1,100007,100007,100007,100007,1.0,1.0,5.0097307513309595,5.0097307513309595,21.77204422487552,334.5950971335382,334.5950971335382,17.50571954665921,46.64095931525839,I1,extraction,h2o_ions,3-bunch aligned,1600.0,20.0,5.0,25,200,0,0
I1_extraction_h2o_ions_5mm,1000,0.1,100007,100007,100007,100007,1.0,1.0,5.0097307513309595,5.0097307513309595,31.739503820094836,533.5570791237124,533.5570791237124,27.61611348052511,72.3258761976659,I1,extraction,h2o_ions,3-bunch aligned,1600.0,20.0,5.0,25,300,0,0
I1_extraction_h2o_ions_5mm,1000,0.1,100007,100007,100007,100007,1.0,1.0,5.0097307513309595,5.0097307513309595,43.22782008204234,762.8771131174624,762.8771131174624,39.28037027934508,100.0328757349045,I1,extraction,h2o_ions,3-bunch aligned,1600.0,20.0,5.0,25,400,0,0
I1_extraction_h2o_ions_5mm,1000,0.1,96436,100007,100007,100007,0.9642924995250333,1.0,4.959266509749898,5.0097307513309595,50.49980954224838,908.0344044204742,918.2919075424957,50.74124649196021,122.2483884233563,I1,extraction,h2o_ions,3-bunch aligned,1600.0,20.0,5.0,25,500,0,0
I1_extraction_n2_ions_5mm,1000,0.1,100007,100007,100007,100007,1.0,1.0,5.0097307513309595,5.0097307513309595,11.860273344253102,136.74472607339476,136.74472607339476,7.332363690312424,19.162658884592,I1,extraction,n2_ions,3-bunch aligned,1600.0,20.0,5.0,25,100,0,0
I1_extraction_n2_ions_5mm,1000,0.1,100007,100007,100007,100007,1.0,1.0,5.0097307513309595,5.0097307513309595,19.836957997161555,295.9685456527055,295.9685456527055,15.49109845830996,39.5508031324564,I1,extraction,n2_ions,3-bunch aligned,1600.0,20.0,5.0,25,200,0,0
I1_extraction_n2_ions_5mm,1000,0.1,100007,100007,100007,100007,1.0,1.0,5.0097307513309595,5.0097307513309595,29.195588377918256,482.7775947871395,482.7775947871395,25.041284441459833,61.3939068216078,I1,extraction,n2_ions,3-bunch aligned,1600.0,20.0,5.0,25,300,0,0
I1_extraction_n2_ions_5mm,1000,0.1,100007,100007,100007,100007,1.0,1.0,5.0097307513309595,5.0097307513309595,39.59091581986746,690.2803121574777,690.2803121574777,35.61051650926949,84.7809941151827,I1,extraction,n2_ions,3-bunch aligned,1600.0,20.0,5.0,25,400,0,0
I1_extraction_n2_ions_5mm,1000,0.1,99568,100007,100007,100007,0.9956103072784905,1.0,5.003669231386027,5.0097307513309595,49.50758292092696,888.228417420917,889.425572145848,49.76944132547063,123.95658764933219,I1,extraction,n2_ions,3-bunch aligned,1600.0,20.0,5.0,25,500,0,0
I1_extraction_ions_7mm,0,0.0,100007,100007,100007,100007,1.0,1.0,7.013623051863358,7.013623051863358,22.363962326401985,218.86461763097458,218.86461763097458,16.33121540783708,42.2527643597524,I1,extraction,ions,3-bunch aligned,1600.0,20.0,7.0,25,100,0,0
I1_extraction_ions_7mm,0,0.0,100007,100007,100007,100007,1.0,1.0,7.013623051863358,7.013623051863358,38.975332965719105,455.7089777638429,455.7089777638429,33.22925355266046,87.7456855248481,I1,extraction,ions,3-bunch aligned,1600.0,20.0,7.0,25,200,0,0
I1_extraction_ions_7mm,0,0.0,94189,100007,100007,100007,0.9418240723149379,1.0,6.897503456766605,7.013623051863358,48.99044982034329,598.5041747763682,610.2635051568196,49.47108350778186,128.7828349820291,I1,extraction,ions,3-bunch aligned,1600.0,20.0,7.0,25,300,0,0
I1_extraction_ions_7mm,0,0.0,84256,100007,100007,100007,0.8425010249282551,1.0,6.630790197065072,7.013623051863358,51.308869869968646,631.5601293448051,673.7972148881898,51.791667300233584,132.468309900387,I1,extraction,ions,3-bunch aligned,1600.0,20.0,7.0,25,400,0,0
I1_extraction_ions_7mm,0,0.0,76379,100007,100007,100007,0.763736538442309,1.0,6.423887820495859,7.013623051863358,52.56943952476184,649.5332888013614,718.3430500924285,53.01793941528869,131.6571176427642,I1,extraction,ions,3-bunch aligned,1600.0,20.0,7.0,25,500,0,0
I1_extraction_h2o_ions_7mm,0,0.0,100007,100007,100007,100007,1.0,1.0,7.013623051863358,7.013623051863358,12.70156446150587,81.09847603131959,81.09847603131959,6.252525488603314,16.665541597346497,I1,extraction,h2o_ions,3-bunch aligned,1600.0,20.0,7.0,25,100,0,0
I1_extraction_h2o_ions_7mm,0,0.0,100007,100007,100007,100007,1.0,1.0,7.013623051863358,7.013623051863358,19.05334826196291,171.6619943939085,171.6619943939085,12.841448081121573,34.0191394004357,I1,extraction,h2o_ions,3-bunch aligned,1600.0,20.0,7.0,25,200,0,0
I1_extraction_h2o_ions_7mm,0,0.0,100007,100007,100007,100007,1.0,1.0,7.013623051863358,7.013623051863358,25.995698516279912,270.64578925971017,270.64578925971017,19.95301652572165,52.4501397588237,I1,extraction,h2o_ions,3-bunch aligned,1600.0,20.0,7.0,25,300,0,0
I1_extraction_h2o_ions_7mm,0,0.0,100007,100007,100007,100007,1.0,1.0,7.013623051863358,7.013623051863358,33.78515543765515,381.70760230233947,381.70760230233947,27.927480951350404,71.996240633431,I1,extraction,h2o_ions,3-bunch aligned,1600.0,20.0,7.0,25,400,0,0
I1_extraction_h2o_ions_7mm,0,0.0,100007,100007,100007,100007,1.0,1.0,7.013623051863358,7.013623051863358,42.57487062428528,507.0310638233419,507.0310638233419,36.9307873082465,93.1239131383576,I1,extraction,h2o_ions,3-bunch aligned,1600.0,20.0,7.0,25,500,0,0
I1_extraction_n2_ions_7mm,0,0.0,100007,100007,100007,100007,1.0,1.0,7.013623051863358,7.013623051863358,12.19272923743702,73.84352063514011,73.84352063514011,5.621423799130279,14.1979039682238,I1,extraction,n2_ions,3-bunch aligned,1600.0,20.0,7.0,25,100,0,0
I1_extraction_n2_ions_7mm,0,0.0,100007,100007,100007,100007,1.0,1.0,7.013623051863358,7.013623051863358,18.0800820285314,157.7851973913531,157.7851973913531,11.746177641368496,29.171112505943604,I1,extraction,n2_ions,3-bunch aligned,1600.0,20.0,7.0,25,200,0,0
I1_extraction_n2_ions_7mm,0,0.0,100007,100007,100007,100007,1.0,1.0,7.013623051863358,7.013623051863358,24.66487792637315,251.670994348923,251.670994348923,18.537369920104556,44.993272421722104,I1,extraction,n2_ions,3-bunch aligned,1600.0,20.0,7.0,25,300,0,0
I1_extraction_n2_ions_7mm,0,0.0,100007,100007,100007,100007,1.0,1.0,7.013623051863358,7.013623051863358,32.01184230627066,356.4237637174677,356.4237637174677,26.09693656229938,62.083262134921895,I1,extraction,n2_ions,3-bunch aligned,1600.0,20.0,7.0,25,400,0,0
I1_extraction_n2_ions_7mm,0,0.0,100007,100007,100007,100007,1.0,1.0,7.013623051863358,7.013623051863358,39.928669377273714,469.301616040879,469.301616040879,34.2077045826924,81.97509235240359,I1,extraction,n2_ions,3-bunch aligned,1600.0,20.0,7.0,25,500,0,0
I1_extraction_ions_7mm,1000,0.1,100007,100007,100007,100007,1.0,1.0,7.013623051863358,7.013623051863358,20.164593104659872,187.50608573556863,187.50608573556863,14.089086228288453,36.5054252787731,I1,extraction,ions,3-bunch aligned,1600.0,20.0,7.0,25,100,0,0
I1_extraction_ions_7mm,1000,0.1,100007,100007,100007,100007,1.0,1.0,7.013623051863358,7.013623051863358,34.04572716435573,385.4228251589678,385.4228251589678,28.233241590570533,73.51356691527451,I1,extraction,ions,3-bunch aligned,1600.0,20.0,7.0,25,200,0,0
I1_extraction_ions_7mm,1000,0.1,99231,100007,100007,100007,0.9922405431619786,1.0,7.003916038948824,7.013623051863358,46.694166618380315,565.7638466323729,566.6865559026371,47.228494027032696,128.7085583825649,I1,extraction,ions,3-bunch aligned,1600.0,20.0,7.0,25,300,0,0
I1_extraction_ions_7mm,1000,0.1,91810,100007,100007,100007,0.9180357374983751,1.0,6.804684792410375,7.013623051863358,50.57628223720076,621.1149196814021,643.2567970468106,51.06334634303717,130.763182926434,I1,extraction,ions,3-bunch aligned,1600.0,20.0,7.0,25,400,0,0
I1_extraction_ions_7mm,1000,0.1,84673,100007,100007,100007,0.8466707330486866,1.0,6.567834711822672,7.013623051863358,52.20178423885164,644.2912721832523,694.8096523331182,52.6848222383855,129.4767016217879,I1,extraction,ions,3-bunch aligned,1600.0,20.0,7.0,25,500,0,0
I1_extraction_h2o_ions_7mm,1000,0.1,100007,100007,100007,100007,1.0,1.0,7.013623051863358,7.013623051863358,12.603237276193303,79.69653035238204,79.69653035238204,6.1482250465022945,16.389706138646503,I1,extraction,h2o_ions,3-bunch aligned,1600.0,20.0,7.0,25,100,0,0
I1_extraction_h2o_ions_7mm,1000,0.1,100007,100007,100007,100007,1.0,1.0,7.013623051863358,7.013623051863358,18.84785294262063,168.732049088569,168.732049088569,12.629536316448561,33.4302058655989,I1,extraction,h2o_ions,3-bunch aligned,1600.0,20.0,7.0,25,200,0,0
I1_extraction_h2o_ions_7mm,1000,0.1,100007,100007,100007,100007,1.0,1.0,7.013623051863358,7.013623051863358,25.675583216594998,266.08159615555024,266.08159615555024,19.626277046259386,51.4939414406152,I1,extraction,h2o_ions,3-bunch aligned,1600.0,20.0,7.0,25,300,0,0
I1_extraction_h2o_ions_7mm,1000,0.1,100007,100007,100007,100007,1.0,1.0,7.013623051863358,7.013623051863358,33.336498228002874,375.310662998151,375.310662998151,27.47209148926855,70.58615166134831,I1,extraction,h2o_ions,3-bunch aligned,1600.0,20.0,7.0,25,400,0,0
I1_extraction_h2o_ions_7mm,1000,0.1,100007,100007,100007,100007,1.0,1.0,7.013623051863358,7.013623051863358,41.96763520827254,498.37312182214737,498.37312182214737,36.31559576774358,91.1491448054185,I1,extraction,h2o_ions,3-bunch aligned,1600.0,20.0,7.0,25,500,0,0
I1_extraction_n2_ions_7mm,1000,0.1,100007,100007,100007,100007,1.0,1.0,7.013623051863358,7.013623051863358,12.139985341926112,73.09149995879515,73.09149995879515,5.5652399830598505,14.0502502190529,I1,extraction,n2_ions,3-bunch aligned,1600.0,20.0,7.0,25,100,0,0
I1_extraction_n2_ions_7mm,1000,0.1,100007,100007,100007,100007,1.0,1.0,7.013623051863358,7.013623051863358,17.970350578177065,156.2206500875857,156.2206500875857,11.632699034349379,28.798201499751002,I1,extraction,n2_ions,3-bunch aligned,1600.0,20.0,7.0,25,200,0,0
I1_extraction_n2_ions_7mm,1000,0.1,100007,100007,100007,100007,1.0,1.0,7.013623051863358,7.013623051863358,24.493805759599276,249.23185318737418,249.23185318737418,18.362620367215786,44.4900101365076,I1,extraction,n2_ions,3-bunch aligned,1600.0,20.0,7.0,25,300,0,0
I1_extraction_n2_ions_7mm,1000,0.1,100007,100007,100007,100007,1.0,1.0,7.013623051863358,7.013623051863358,31.77034746842713,352.980538496241,352.980538496241,25.851531839030223,61.34462266841939,I1,extraction,n2_ions,3-bunch aligned,1600.0,20.0,7.0,25,400,0,0
I1_extraction_n2_ions_7mm,1000,0.1,100007,100007,100007,100007,1.0,1.0,7.013623051863358,7.013623051863358,39.600953472126335,464.6290537613833,464.6290537613833,33.8749779874882,81.01247348168931,I1,extraction,n2_ions,3-bunch aligned,1600.0,20.0,7.0,25,500,0,0
I1_extraction_ions_10mm,0,0.0,100007,100007,100007,100007,1.0,1.0,10.019461502661958,10.019461502661958,20.44550141972661,104.05788688638285,104.05788688638285,11.462082484358067,29.977375211094902,I1,extraction,ions,3-bunch aligned,1600.0,20.0,10.0,25,100,0,0
I1_extraction_ions_10mm,0,0.0,100007,100007,100007,100007,1.0,1.0,10.019461502661958,10.019461502661958,31.85339647700637,217.9152539140312,217.9152539140312,23.277017970743206,61.7976053368783,I1,extraction,ions,3-bunch aligned,1600.0,20.0,10.0,25,200,0,0
I1_extraction_ions_10mm,0,0.0,100007,100007,100007,100007,1.0,1.0,10.019461502661958,10.019461502661958,43.77836736883041,336.9333357606037,336.9333357606037,35.46884020483806,96.2759947236235,I1,extraction,ions,3-bunch aligned,1600.0,20.0,10.0,25,300,0,0
I1_extraction_ions_10mm,0,0.0,94128,100007,100007,100007,0.9412141150119492,1.0,9.757026335895317,10.019461502661958,48.98554911069471,388.90401043689116,402.05408312244487,50.03235202512723,144.7407965305505,I1,extraction,ions,3-bunch aligned,1600.0,20.0,10.0,25,400,0,0
I1_extraction_ions_10mm,0,0.0,86837,100007,100007,100007,0.8683092183547152,1.0,9.430761575759426,10.019461502661958,50.94144436209963,408.4249722259582,440.1625727983426,51.92314988390037,149.0386247356547,I1,extraction,ions,3-bunch aligned,1600.0,20.0,10.0,25,500,0,0
I1_extraction_h2o_ions_10mm,0,0.0,100007,100007,100007,100007,1.0,1.0,10.019461502661958,10.019461502661958,14.106265686011254,40.788660970088245,40.788660970088245,4.563483320881401,11.860122517959002,I1,extraction,h2o_ions,3-bunch aligned,1600.0,20.0,10.0,25,100,0,0
I1_extraction_h2o_ions_10mm,0,0.0,100007,100007,100007,100007,1.0,1.0,10.019461502661958,10.019461502661958,18.590683708158434,85.54573719574934,85.54573719574934,9.337015041652599,24.1118443689332,I1,extraction,h2o_ions,3-bunch aligned,1600.0,20.0,10.0,25,200,0,0
I1_extraction_h2o_ions_10mm,0,0.0,100007,100007,100007,100007,1.0,1.0,10.019461502661958,10.019461502661958,23.42283854399789,133.7734272223606,133.7734272223606,14.390020393990875,36.9818855061167,I1,extraction,h2o_ions,3-bunch aligned,1600.0,20.0,10.0,25,300,0,0
I1_extraction_h2o_ions_10mm,0,0.0,100007,100007,100007,100007,1.0,1.0,10.019461502661958,10.019461502661958,28.643824582832675,185.8818767378129,185.8818767378129,19.815577023365204,50.379128087153994,I1,extraction,h2o_ions,3-bunch aligned,1600.0,20.0,10.0,25,400,0,0
I1_extraction_h2o_ions_10mm,0,0.0,100007,100007,100007,100007,1.0,1.0,10.019461502661958,10.019461502661958,34.32739149825048,242.60714998635825,242.60714998635825,25.713071030198964,64.7210009131414,I1,extraction,h2o_ions,3-bunch aligned,1600.0,20.0,10.0,25,500,0,0
I1_extraction_n2_ions_10mm,0,0.0,100007,100007,100007,100007,1.0,1.0,10.019461502661958,10.019461502661958,14.028169424657891,40.00921527500161,40.00921527500161,4.392423414232891,10.457990430457102,I1,extraction,n2_ions,3-bunch aligned,1600.0,20.0,10.0,25,100,0,0
I1_extraction_n2_ions_10mm,0,0.0,100007,100007,100007,100007,1.0,1.0,10.019461502661958,10.019461502661958,18.411724852739717,83.75962468490061,83.75962468490061,9.04726546339741,21.425020920133697,I1,extraction,n2_ions,3-bunch aligned,1600.0,20.0,10.0,25,200,0,0
I1_extraction_n2_ions_10mm,0,0.0,100007,100007,100007,100007,1.0,1.0,10.019461502661958,10.019461502661958,23.128813736817346,130.83889020056128,130.83889020056128,13.993900658962842,33.0432426108357,I1,extraction,n2_ions,3-bunch aligned,1600.0,20.0,10.0,25,300,0,0
I1_extraction_n2_ions_10mm,0,0.0,100007,100007,100007,100007,1.0,1.0,10.019461502661958,10.019461502661958,28.175796854712527,181.2106902873654,181.2106902873654,19.25502451916386,45.6239364216793,I1,extraction,n2_ions,3-bunch aligned,1600.0,20.0,10.0,25,400,0,0
I1_extraction_n2_ions_10mm,0,0.0,100007,100007,100007,100007,1.0,1.0,10.019461502661958,10.019461502661958,33.54819928775693,234.83036267811283,234.83036267811283,24.834232853625046,59.9853005138663,I1,extraction,n2_ions,3-bunch aligned,1600.0,20.0,10.0,25,500,0,0
I1_extraction_ions_10mm,1000,0.1,100007,100007,100007,100007,1.0,1.0,10.019461502661958,10.019461502661958,18.95001055106218,89.1320261675497,89.1320261675497,9.900429671801676,26.067736156462402,I1,extraction,ions,3-bunch aligned,1600.0,20.0,10.0,25,100,0,0
I1_extraction_ions_10mm,1000,0.1,100007,100007,100007,100007,1.0,1.0,10.019461502661958,10.019461502661958,28.602125844288288,185.4656992962078,185.4656992962078,19.94490178021541,52.7206343036135,I1,extraction,ions,3-bunch aligned,1600.0,20.0,10.0,25,200,0,0
I1_extraction_ions_10mm,1000,0.1,100007,100007,100007,100007,1.0,1.0,10.019461502661958,10.019461502661958,38.41077349488799,283.36165556086087,283.36165556086087,29.987420534889623,80.0790540469926,I1,extraction,ions,3-bunch aligned,1600.0,20.0,10.0,25,300,0,0
I1_extraction_ions_10mm,1000,0.1,98912,100007,100007,100007,0.9890507664463487,1.0,9.975824440600231,10.019461502661958,46.92974261385254,368.38587683963163,370.43472841056575,47.94224910059124,140.6053430740802,I1,extraction,ions,3-bunch aligned,1600.0,20.0,10.0,25,400,0,0
I1_extraction_ions_10mm,1000,0.1,93423,100007,100007,100007,0.9341646084774066,1.0,9.692654084417,10.019461502661958,49.87276357598331,397.7589221010848,414.54186997310023,50.92487346858413,140.950352529311,I1,extraction,ions,3-bunch aligned,1600.0,20.0,10.0,25,500,0,0
I1_extraction_h2o_ions_10mm,1000,0.1,100007,100007,100007,100007,1.0,1.0,10.019461502661958,10.019461502661958,14.03965691137687,40.12386701268158,40.12386701268158,4.490033110804934,11.667333264998302,I1,extraction,h2o_ions,3-bunch aligned,1600.0,20.0,10.0,25,100,0,0
I1_extraction_h2o_ions_10mm,1000,0.1,100007,100007,100007,100007,1.0,1.0,10.019461502661958,10.019461502661958,18.451605728567888,84.15765880896582,84.15765880896582,9.189077458313841,23.7105998482659,I1,extraction,h2o_ions,3-bunch aligned,1600.0,20.0,10.0,25,200,0,0
I1_extraction_h2o_ions_10mm,1000,0.1,100007,100007,100007,100007,1.0,1.0,10.019461502661958,10.019461502661958,23.20744708273243,131.6236963090951,131.6236963090951,14.16499077675572,36.3493781634193,I1,extraction,h2o_ions,3-bunch aligned,1600.0,20.0,10.0,25,300,0,0
I1_extraction_h2o_ions_10mm,1000,0.1,100007,100007,100007,100007,1.0,1.0,10.019461502661958,10.019461502661958,28.3473679087325,182.92306828267377,182.92306828267377,19.509124422411325,49.4809084051753,I1,extraction,h2o_ions,3-bunch aligned,1600.0,20.0,10.0,25,400,0,0
I1_extraction_h2o_ions_10mm,1000,0.1,100007,100007,100007,100007,1.0,1.0,10.019461502661958,10.019461502661958,33.94190850561735,238.75980756650148,238.75980756650148,25.31722721704246,63.5059445472534,I1,extraction,h2o_ions,3-bunch aligned,1600.0,20.0,10.0,25,500,0,0
I1_extraction_n2_ions_10mm,1000,0.1,100007,100007,100007,100007,1.0,1.0,10.019461502661958,10.019461502661958,13.990941901585677,39.637663140564804,39.637663140564804,4.351731080214247,10.3509117188169,I1,extraction,n2_ions,3-bunch aligned,1600.0,20.0,10.0,25,100,0,0
I1_extraction_n2_ions_10mm,1000,0.1,100007,100007,100007,100007,1.0,1.0,10.019461502661958,10.019461502661958,18.334577144014652,82.9896460916941,82.9896460916941,8.965538883646026,21.2043428412359,I1,extraction,n2_ions,3-bunch aligned,1600.0,20.0,10.0,25,200,0,0
I1_extraction_n2_ions_10mm,1000,0.1,100007,100007,100007,100007,1.0,1.0,10.019461502661958,10.019461502661958,23.00959741511187,129.64904260571996,129.64904260571996,13.869631902794763,32.6983588690572,I1,extraction,n2_ions,3-bunch aligned,1600.0,20.0,10.0,25,300,0,0
I1_extraction_n2_ions_10mm,1000,0.1,100007,100007,100007,100007,1.0,1.0,10.019461502661958,10.019461502661958,28.011341242420972,179.56932850112705,179.56932850112705,19.085117874394136,45.1467315982171,I1,extraction,n2_ions,3-bunch aligned,1600.0,20.0,10.0,25,400,0,0
I1_extraction_n2_ions_10mm,1000,0.1,100007,100007,100007,100007,1.0,1.0,10.019461502661958,10.019461502661958,33.333485233760115,232.68739267977742,232.68739267977742,24.613424819676915,59.35401723335469,I1,extraction,n2_ions,3-bunch aligned,1600.0,20.0,10.0,25,500,0,0
I1_extraction_ions_15mm,0,0.0,100007,100007,100007,100007,1.0,1.0,15.029192253992958,15.029192253992958,21.714916898737414,44.484923286334244,44.484923286334244,7.648757757202357,20.230583765849104,I1,extraction,ions,3-bunch aligned,1600.0,20.0,15.0,25,100,0,0
I1_extraction_ions_15mm,0,0.0,100007,100007,100007,100007,1.0,1.0,15.029192253992958,15.029192253992958,28.97156239284784,92.7685926377758,92.7685926377758,15.448355007765935,41.34601391513309,I1,extraction,ions,3-bunch aligned,1600.0,20.0,15.0,25,200,0,0
I1_extraction_ions_15mm,0,0.0,100007,100007,100007,100007,1.0,1.0,15.029192253992958,15.029192253992958,36.580252837616946,143.39466964964998,143.39466964964998,23.432645687852506,63.616585928461895,I1,extraction,ions,3-bunch aligned,1600.0,20.0,15.0,25,300,0,0
I1_extraction_ions_15mm,0,0.0,100007,100007,100007,100007,1.0,1.0,15.029192253992958,15.029192253992958,44.48620963068126,195.99867297500407,195.99867297500407,31.6351706164391,87.36728072584859,I1,extraction,ions,3-bunch aligned,1600.0,20.0,15.0,25,400,0,0
I1_extraction_ions_15mm,0,0.0,96428,100007,100007,100007,0.9642125051246413,1.0,14.625120340230621,15.029192253992958,48.54005741488843,222.97183105094885,231.89509751495834,50.75901622560991,156.67874701385279,I1,extraction,ions,3-bunch aligned,1600.0,20.0,15.0,25,500,0,0
I1_extraction_h2o_ions_15mm,0,0.0,100007,100007,100007,100007,1.0,1.0,15.029192253992958,15.029192253992958,18.01983320495061,19.898880128857876,19.898880128857876,3.3569217003006866,8.273458293840399,I1,extraction,h2o_ions,3-bunch aligned,1600.0,20.0,15.0,25,100,0,0
I1_extraction_h2o_ions_15mm,0,0.0,100007,100007,100007,100007,1.0,1.0,15.029192253992958,15.029192253992958,21.19716684663745,41.03996068721381,41.03996068721381,6.828842867201713,16.785444026280995,I1,extraction,h2o_ions,3-bunch aligned,1600.0,20.0,15.0,25,200,0,0
I1_extraction_h2o_ions_15mm,0,0.0,100007,100007,100007,100007,1.0,1.0,15.029192253992958,15.029192253992958,24.546114788400875,63.32291432282038,63.32291432282038,10.432965292748833,25.576323929718498,I1,extraction,h2o_ions,3-bunch aligned,1600.0,20.0,15.0,25,300,0,0
I1_extraction_h2o_ions_15mm,0,0.0,100007,100007,100007,100007,1.0,1.0,15.029192253992958,15.029192253992958,28.06621772255825,86.74468493209682,86.74468493209682,14.187769757701384,34.8724859120668,I1,extraction,h2o_ions,3-bunch aligned,1600.0,20.0,15.0,25,400,0,0
I1_extraction_h2o_ions_15mm,0,0.0,100007,100007,100007,100007,1.0,1.0,15.029192253992958,15.029192253992958,31.763910715302384,111.34808962779314,111.34808962779314,18.110855384394064,44.5452417535292,I1,extraction,h2o_ions,3-bunch aligned,1600.0,20.0,15.0,25,500,0,0
I1_extraction_n2_ions_15mm,0,0.0,100007,100007,100007,100007,1.0,1.0,15.029192253992958,15.029192253992958,18.071920559835398,20.245454675277365,20.245454675277365,3.3713012202302672,7.840511204966301,I1,extraction,n2_ions,3-bunch aligned,1600.0,20.0,15.0,25,100,0,0
I1_extraction_n2_ions_15mm,0,0.0,100007,100007,100007,100007,1.0,1.0,15.029192253992958,15.029192253992958,21.265733039463043,41.49618076655557,41.49618076655557,6.836234187655936,15.992689736197903,I1,extraction,n2_ions,3-bunch aligned,1600.0,20.0,15.0,25,200,0,0
I1_extraction_n2_ions_15mm,0,0.0,100007,100007,100007,100007,1.0,1.0,15.029192253992958,15.029192253992958,24.5927507891046,63.63321709834933,63.63321709834933,10.400353906328471,24.5349651387847,I1,extraction,n2_ions,3-bunch aligned,1600.0,20.0,15.0,25,300,0,0
I1_extraction_n2_ions_15mm,0,0.0,100007,100007,100007,100007,1.0,1.0,15.029192253992958,15.029192253992958,28.046052184613924,86.61050913872397,86.61050913872397,14.070094617349248,33.4833368269545,I1,extraction,n2_ions,3-bunch aligned,1600.0,20.0,15.0,25,400,0,0
I1_extraction_n2_ions_15mm,0,0.0,100007,100007,100007,100007,1.0,1.0,15.029192253992958,15.029192253992958,31.624463709717006,110.42024864187239,110.42024864187239,17.852277809094605,42.999322025561796,I1,extraction,n2_ions,3-bunch aligned,1600.0,20.0,15.0,25,500,0,0
I1_extraction_ions_15mm,1000,0.1,100007,100007,100007,100007,1.0,1.0,15.029192253992958,15.029192253992958,20.75768849226715,38.115795855577296,38.115795855577296,6.604326838561867,17.626839827266902,I1,extraction,ions,3-bunch aligned,1600.0,20.0,15.0,25,100,0,0
I1_extraction_ions_15mm,1000,0.1,100007,100007,100007,100007,1.0,1.0,15.029192253992958,15.029192253992958,26.91759359958666,79.10206446680586,79.10206446680586,13.278557144554828,35.5917012409291,I1,extraction,ions,3-bunch aligned,1600.0,20.0,15.0,25,200,0,0
I1_extraction_ions_15mm,1000,0.1,100007,100007,100007,100007,1.0,1.0,15.029192253992958,15.029192253992958,33.292660134227084,121.5199564393215,121.5199564393215,20.00376458227635,54.0610998072592,I1,extraction,ions,3-bunch aligned,1600.0,20.0,15.0,25,300,0,0
I1_extraction_ions_15mm,1000,0.1,100007,100007,100007,100007,1.0,1.0,15.029192253992958,15.029192253992958,39.78546948511624,164.72127585263956,164.72127585263956,26.75889967788874,72.9705989950413,I1,extraction,ions,3-bunch aligned,1600.0,20.0,15.0,25,400,0,0
I1_extraction_ions_15mm,1000,0.1,99776,100007,100007,100007,0.9976901616886817,1.0,14.997936423545317,15.029192253992958,46.07937415475737,206.59913970103742,207.23809498496863,48.467027813873095,151.70620554106358,I1,extraction,ions,3-bunch aligned,1600.0,20.0,15.0,25,500,0,0
I1_extraction_h2o_ions_15mm,1000,0.1,100007,100007,100007,100007,1.0,1.0,15.029192253992958,15.029192253992958,17.975888857624355,19.60648685459805,19.60648685459805,3.306825553785216,8.139530593187295,I1,extraction,h2o_ions,3-bunch aligned,1600.0,20.0,15.0,25,100,0,0
I1_extraction_h2o_ions_15mm,1000,0.1,100007,100007,100007,100007,1.0,1.0,15.029192253992958,15.029192253992958,21.10624463589533,40.43498997950352,40.43498997950352,6.728295683665545,16.5073610729069,I1,extraction,h2o_ions,3-bunch aligned,1600.0,20.0,15.0,25,200,0,0
I1_extraction_h2o_ions_15mm,1000,0.1,100007,100007,100007,100007,1.0,1.0,15.029192253992958,15.029192253992958,24.40594194370097,62.39024380845748,62.39024380845748,10.28102516572054,25.1481293175504,I1,extraction,h2o_ions,3-bunch aligned,1600.0,20.0,15.0,25,300,0,0
I1_extraction_h2o_ions_15mm,1000,0.1,100007,100007,100007,100007,1.0,1.0,15.029192253992958,15.029192253992958,27.874401168112875,85.46839176075613,85.46839176075613,13.982706168112024,34.2773107732291,I1,extraction,h2o_ions,3-bunch aligned,1600.0,20.0,15.0,25,400,0,0
I1_extraction_h2o_ions_15mm,1000,0.1,100007,100007,100007,100007,1.0,1.0,15.029192253992958,15.029192253992958,31.51748023219433,109.70841080178984,109.70841080178984,17.849969499852783,43.73719854886151,I1,extraction,h2o_ions,3-bunch aligned,1600.0,20.0,15.0,25,500,0,0
I1_extraction_n2_ions_15mm,1000,0.1,100007,100007,100007,100007,1.0,1.0,15.029192253992958,15.029192253992958,18.046152481016815,20.074001157462806,20.074001157462806,3.3423385415103226,7.763960178031002,I1,extraction,n2_ions,3-bunch aligned,1600.0,20.0,15.0,25,100,0,0
I1_extraction_n2_ions_15mm,1000,0.1,100007,100007,100007,100007,1.0,1.0,15.029192253992958,15.029192253992958,21.212723037209383,41.143467185161484,41.143467185161484,6.778156741544093,15.836524152687801,I1,extraction,n2_ions,3-bunch aligned,1600.0,20.0,15.0,25,200,0,0
I1_extraction_n2_ions_15mm,1000,0.1,100007,100007,100007,100007,1.0,1.0,15.029192253992958,15.029192253992958,24.511282314309597,63.0911488792582,63.0911488792582,10.312565075164368,24.292844831692996,I1,extraction,n2_ions,3-bunch aligned,1600.0,20.0,15.0,25,300,0,0
I1_extraction_n2_ions_15mm,1000,0.1,100007,100007,100007,100007,1.0,1.0,15.029192253992958,15.029192253992958,27.934801858986457,85.87028089659799,85.87028089659799,13.951539110036062,33.1479518349374,I1,extraction,n2_ions,3-bunch aligned,1600.0,20.0,15.0,25,400,0,0
I1_extraction_n2_ions_15mm,1000,0.1,100007,100007,100007,100007,1.0,1.0,15.029192253992958,15.029192253992958,31.481717012337345,109.47045243880807,109.47045243880807,17.701317191131857,42.558395498951796,I1,extraction,n2_ions,3-bunch aligned,1600.0,20.0,15.0,25,500,0,0
I1_extraction_ions_20mm,0,0.0,100007,100007,100007,100007,1.0,1.0,20.038923005323955,20.038923005323955,24.935331633218915,24.43448995035351,24.43448995035351,5.738748641175096,15.299149329765896,I1,extraction,ions,3-bunch aligned,1600.0,20.0,20.0,25,100,0,0
I1_extraction_ions_20mm,0,0.0,100007,100007,100007,100007,1.0,1.0,20.038923005323955,20.038923005323955,30.168133187351184,50.54767753404759,50.54767753404759,11.556459167065007,31.1081604296357,I1,extraction,ions,3-bunch aligned,1600.0,20.0,20.0,25,200,0,0
I1_extraction_ions_20mm,0,0.0,100007,100007,100007,100007,1.0,1.0,20.038923005323955,20.038923005323955,35.640934485925804,77.85853299828887,77.85853299828887,17.47304984551406,47.451407654200494,I1,extraction,ions,3-bunch aligned,1600.0,20.0,20.0,25,300,0,0
I1_extraction_ions_20mm,0,0.0,100007,100007,100007,100007,1.0,1.0,20.038923005323955,20.038923005323955,41.31340757402273,106.16580822755073,106.16580822755073,23.506654882907924,64.7549139460334,I1,extraction,ions,3-bunch aligned,1600.0,20.0,20.0,25,400,0,0
I1_extraction_ions_20mm,0,0.0,99542,100007,100007,100007,0.9953503254772166,1.0,19.864369066096664,20.038923005323955,46.655114955811705,132.82246727239954,134.86834543081417,50.659123718614715,167.6346753044976,I1,extraction,ions,3-bunch aligned,1600.0,20.0,20.0,25,500,0,0
I1_extraction_h2o_ions_20mm,0,0.0,100007,100007,100007,100007,1.0,1.0,20.038923005323955,20.038923005323955,22.48157362647393,12.189530447824026,12.189530447824026,2.7568667504690794,6.6169556245097,I1,extraction,h2o_ions,3-bunch aligned,1600.0,20.0,20.0,25,100,0,0
I1_extraction_h2o_ions_20mm,0,0.0,100007,100007,100007,100007,1.0,1.0,20.038923005323955,20.038923005323955,25.02171442683029,24.865564981623535,24.865564981623535,5.575951442244701,13.423527374873103,I1,extraction,h2o_ions,3-bunch aligned,1600.0,20.0,20.0,25,200,0,0
I1_extraction_h2o_ions_20mm,0,0.0,100007,100007,100007,100007,1.0,1.0,20.038923005323955,20.038923005323955,27.65385311186092,38.00069546908196,38.00069546908196,8.463071169752288,20.4819865413302,I1,extraction,h2o_ions,3-bunch aligned,1600.0,20.0,20.0,25,300,0,0
I1_extraction_h2o_ions_20mm,0,0.0,100007,100007,100007,100007,1.0,1.0,20.038923005323955,20.038923005323955,30.376221124525806,51.586096300961024,51.586096300961024,11.424268123495764,27.7989571465031,I1,extraction,h2o_ions,3-bunch aligned,1600.0,20.0,20.0,25,400,0,0
I1_extraction_h2o_ions_20mm,0,0.0,100007,100007,100007,100007,1.0,1.0,20.038923005323955,20.038923005323955,33.189367416921854,65.62450690640449,65.62450690640449,14.465451961214276,35.420859995743704,I1,extraction,h2o_ions,3-bunch aligned,1600.0,20.0,20.0,25,500,0,0
I1_extraction_n2_ions_20mm,0,0.0,100007,100007,100007,100007,1.0,1.0,20.038923005323955,20.038923005323955,22.491645841749598,12.239793704352287,12.239793704352287,2.7392784259083225,6.440169415462506,I1,extraction,n2_ions,3-bunch aligned,1600.0,20.0,20.0,25,100,0,0
I1_extraction_n2_ions_20mm,0,0.0,100007,100007,100007,100007,1.0,1.0,20.038923005323955,20.038923005323955,25.020027623435524,24.857147346632292,24.857147346632292,5.520895058438721,13.036446499721194,I1,extraction,n2_ions,3-bunch aligned,1600.0,20.0,20.0,25,200,0,0
I1_extraction_n2_ions_20mm,0,0.0,100007,100007,100007,100007,1.0,1.0,20.038923005323955,20.038923005323955,27.617899304006944,37.82127560782285,37.82127560782285,8.348608886475365,19.827810170682504,I1,extraction,n2_ions,3-bunch aligned,1600.0,20.0,20.0,25,300,0,0
I1_extraction_n2_ions_20mm,0,0.0,100007,100007,100007,100007,1.0,1.0,20.038923005323955,20.038923005323955,30.28268395630725,51.11931887887251,51.11931887887251,11.226748237160665,26.837450374294697,I1,extraction,n2_ions,3-bunch aligned,1600.0,20.0,20.0,25,400,0,0
I1_extraction_n2_ions_20mm,0,0.0,100007,100007,100007,100007,1.0,1.0,20.038923005323955,20.038923005323955,33.01444037340815,64.75157055415028,64.75157055415028,14.16043213656197,34.124182429092905,I1,extraction,n2_ions,3-bunch aligned,1600.0,20.0,20.0,25,500,0,0
I1_extraction_ions_20mm,1000,0.1,100007,100007,100007,100007,1.0,1.0,20.038923005323955,20.038923005323955,24.236344308996753,20.94634178971406,20.94634178971406,4.949540442439406,13.312538084503501,I1,extraction,ions,3-bunch aligned,1600.0,20.0,20.0,25,100,0,0
I1_extraction_ions_20mm,1000,0.1,100007,100007,100007,100007,1.0,1.0,20.038923005323955,20.038923005323955,28.68108955302739,43.12690130805623,43.12690130805623,9.932523738984488,26.878250923273,I1,extraction,ions,3-bunch aligned,1600.0,20.0,20.0,25,200,0,0
I1_extraction_ions_20mm,1000,0.1,100007,100007,100007,100007,1.0,1.0,20.038923005323955,20.038923005323955,33.28567108175019,66.10508994374014,66.10508994374014,14.946832945461848,40.619767338319896,I1,extraction,ions,3-bunch aligned,1600.0,20.0,20.0,25,300,0,0
I1_extraction_ions_20mm,1000,0.1,100007,100007,100007,100007,1.0,1.0,20.038923005323955,20.038923005323955,37.999399406640634,89.62795254288329,89.62795254288329,19.988033542768168,54.823309173274595,I1,extraction,ions,3-bunch aligned,1600.0,20.0,20.0,25,400,0,0
I1_extraction_ions_20mm,1000,0.1,100003,100007,100007,100007,0.999960002799804,1.0,20.034456911901547,20.038923005323955,42.786016385996064,113.51455053062804,113.56214732518586,45.865481112747254,157.89056171619671,I1,extraction,ions,3-bunch aligned,1600.0,20.0,20.0,25,500,0,0
I1_extraction_h2o_ions_20mm,1000,0.1,100007,100007,100007,100007,1.0,1.0,20.038923005323955,20.038923005323955,22.448133984326763,12.022656997897174,12.022656997897174,2.718010387106869,6.509752091408096,I1,extraction,h2o_ions,3-bunch aligned,1600.0,20.0,20.0,25,100,0,0
I1_extraction_h2o_ions_20mm,1000,0.1,100007,100007,100007,100007,1.0,1.0,20.038923005323955,20.038923005323955,24.953016853056926,24.5227442933305,24.5227442933305,5.497934011830958,13.2038221604546,I1,extraction,h2o_ions,3-bunch aligned,1600.0,20.0,20.0,25,200,0,0
I1_extraction_h2o_ions_20mm,1000,0.1,100007,100007,100007,100007,1.0,1.0,20.038923005323955,20.038923005323955,27.54833187998613,37.47411411614821,37.47411411614821,8.345269720837551,20.145614628566,I1,extraction,h2o_ions,3-bunch aligned,1600.0,20.0,20.0,25,300,0,0
I1_extraction_h2o_ions_20mm,1000,0.1,100007,100007,100007,100007,1.0,1.0,20.038923005323955,20.038923005323955,30.2322643118301,50.86771032454176,50.86771032454176,11.26564425975639,27.339633062814897,I1,extraction,h2o_ions,3-bunch aligned,1600.0,20.0,20.0,25,400,0,0
I1_extraction_h2o_ions_20mm,1000,0.1,100007,100007,100007,100007,1.0,1.0,20.038923005323955,20.038923005323955,33.00523495978898,64.70563288765632,64.70563288765632,14.264612260869232,34.830476656996204,I1,extraction,h2o_ions,3-bunch aligned,1600.0,20.0,20.0,25,500,0,0
I1_extraction_n2_ions_20mm,1000,0.1,100007,100007,100007,100007,1.0,1.0,20.038923005323955,20.038923005323955,22.471722822647354,12.140372098226294,12.140372098226294,2.716394860424663,6.377925047780707,I1,extraction,n2_ions,3-bunch aligned,1600.0,20.0,20.0,25,100,0,0
I1_extraction_n2_ions_20mm,1000,0.1,100007,100007,100007,100007,1.0,1.0,20.038923005323955,20.038923005323955,24.97923006926772,24.6535557955446,24.6535557955446,5.474956344265528,12.909447230759596,I1,extraction,n2_ions,3-bunch aligned,1600.0,20.0,20.0,25,200,0,0
I1_extraction_n2_ions_20mm,1000,0.1,100007,100007,100007,100007,1.0,1.0,20.038923005323955,20.038923005323955,27.555371171335672,37.509242208349924,37.509242208349924,8.279228532545691,19.6301972142537,I1,extraction,n2_ions,3-bunch aligned,1600.0,20.0,20.0,25,300,0,0
I1_extraction_n2_ions_20mm,1000,0.1,100007,100007,100007,100007,1.0,1.0,20.038923005323955,20.038923005323955,30.197568994591872,50.69457069408851,50.69457069408851,11.133350924343706,26.5684243614581,I1,extraction,n2_ions,3-bunch aligned,1600.0,20.0,20.0,25,400,0,0
I1_extraction_n2_ions_20mm,1000,0.1,100007,100007,100007,100007,1.0,1.0,20.038923005323955,20.038923005323955,32.90575980145483,64.20922318386273,64.20922318386273,14.042188047895102,33.7761831165013,I1,extraction,n2_ions,3-bunch aligned,1600.0,20.0,20.0,25,500,0,0
I1_extraction_ions_10mm,0,0.0,100007,100007,100007,100007,1.0,1.0,10.019461502661958,10.019461502661958,38.10321136790953,280.29200828593747,280.29200828593747,29.638128114957837,81.1763766620371,I1,extraction,ions,3-bunch aligned,1600.0,20.0,10.0,5,100,0,0
I1_extraction_ions_10mm,0,0.0,49618,100007,100007,100007,0.49614526983111185,1.0,8.510189013349061,10.019461502661958,54.33483757440405,442.29299209312234,538.4680468221629,55.280337497148906,142.6710701851053,I1,extraction,ions,3-bunch aligned,1600.0,20.0,10.0,5,500,0,0
I1_extraction_h2o_ions_10mm,0,0.0,100007,100007,100007,100007,1.0,1.0,10.019461502661958,10.019461502661958,32.228977435838296,221.66376833002195,221.66376833002195,23.219913292015313,51.178095939740494,I1,extraction,h2o_ions,3-bunch aligned,1600.0,20.0,10.0,5,100,0,0
I1_extraction_h2o_ions_10mm,0,0.0,51641,100007,100007,100007,0.5163738538302319,1.0,8.717200032924193,10.019461502661958,57.47351210564752,473.61877272923334,559.3116125427258,58.27196034164899,140.5256089305714,I1,extraction,h2o_ions,3-bunch aligned,1600.0,20.0,10.0,5,500,0,0
I1_extraction_n2_ions_10mm,0,0.0,100007,100007,100007,100007,1.0,1.0,10.019461502661958,10.019461502661958,31.906200505720086,218.4422685514914,218.4422685514914,22.844144295787405,48.9355806443586,I1,extraction,n2_ions,3-bunch aligned,1600.0,20.0,10.0,5,100,0,0
I1_extraction_n2_ions_10mm,0,0.0,51263,100007,100007,100007,0.5125941184117112,1.0,8.730465751903216,10.019461502661958,57.82208656290502,477.09774669569737,562.3024269959478,58.65585132087297,138.9598056919462,I1,extraction,n2_ions,3-bunch aligned,1600.0,20.0,10.0,5,500,0,0
I1_extraction_ions_10mm,0,0.0,100007,100007,100007,100007,1.0,1.0,10.019461502661958,10.019461502661958,27.9592644784775,179.04957238519575,179.04957238519575,19.269511771850823,52.4518663619848,I1,extraction,ions,3-bunch aligned,1600.0,20.0,10.0,10,100,0,0
I1_extraction_ions_10mm,0,0.0,65610,100007,100007,100007,0.6560540762146649,1.0,8.84517763864956,10.019461502661958,53.18591876995112,430.82612030417755,501.2984808530233,54.093120564813646,138.78631433731988,I1,extraction,ions,3-bunch aligned,1600.0,20.0,10.0,10,500,0,0
I1_extraction_h2o_ions_10mm,0,0.0,100007,100007,100007,100007,1.0,1.0,10.019461502661958,10.019461502661958,20.803183699109127,107.62776216648132,107.62776216648132,11.487329886189794,26.4589418542475,I1,extraction,h2o_ions,3-bunch aligned,1600.0,20.0,10.0,10,100,0,0
I1_extraction_h2o_ions_10mm,0,0.0,78797,100007,100007,100007,0.7879148459607828,1.0,9.885611299202889,10.019461502661958,55.54066067094051,454.3278015109348,461.83334535335155,56.430399921757825,145.0001271593178,I1,extraction,h2o_ions,3-bunch aligned,1600.0,20.0,10.0,10,500,0,0
I1_extraction_n2_ions_10mm,0,0.0,100007,100007,100007,100007,1.0,1.0,10.019461502661958,10.019461502661958,20.592217711905366,105.52220003474689,105.52220003474689,11.198833015700075,25.083530056834704,I1,extraction,n2_ions,3-bunch aligned,1600.0,20.0,10.0,10,100,0,0
I1_extraction_n2_ions_10mm,0,0.0,79728,100007,100007,100007,0.7972241943063986,1.0,9.978512987347663,10.019461502661958,56.69716980469393,465.8704291605961,468.1925741499116,57.59971244337824,142.1807174515239,I1,extraction,n2_ions,3-bunch aligned,1600.0,20.0,10.0,10,500,0,0
I1_extraction_ions_10mm,0,0.0,100007,100007,100007,100007,1.0,1.0,10.019461502661958,10.019461502661958,24.185687881153473,141.38710323631517,141.38710323631517,15.370111379807602,41.0995102071784,I1,extraction,ions,3-bunch aligned,1600.0,20.0,10.0,15,100,0,0
I1_extraction_ions_10mm,0,0.0,75655,100007,100007,100007,0.7564970452068355,1.0,9.040619958773707,10.019461502661958,52.719560001921415,426.17159103725237,483.1409819495657,53.68541284183659,142.8219685150232,I1,extraction,ions,3-bunch aligned,1600.0,20.0,10.0,15,500,0,0
I1_extraction_h2o_ions_10mm,0,0.0,100007,100007,100007,100007,1.0,1.0,10.019461502661958,10.019461502661958,16.931699612742186,68.98811985298605,68.98811985298605,7.475241340323336,17.522380085371005,I1,extraction,h2o_ions,3-bunch aligned,1600.0,20.0,10.0,15,100,0,0
I1_extraction_h2o_ions_10mm,0,0.0,98635,100007,100007,100007,0.9862809603327767,1.0,10.009096559584723,10.019461502661958,52.052110487106305,419.5100602290569,420.04804007271906,52.99380444576415,138.2819377252375,I1,extraction,h2o_ions,3-bunch aligned,1600.0,20.0,10.0,15,500,0,0
I1_extraction_n2_ions_10mm,0,0.0,100007,100007,100007,100007,1.0,1.0,10.019461502661958,10.019461502661958,17.026736106346807,69.93663882857541,69.93663882857541,7.524546935084362,17.196644819057298,I1,extraction,n2_ions,3-bunch aligned,1600.0,20.0,10.0,15,100,0,0
I1_extraction_n2_ions_10mm,0,0.0,99943,100007,100007,100007,0.9993600447968642,1.0,10.01982163825104,10.019461502661958,51.90744645212697,418.0662297902563,418.04760929045256,52.77902934398701,137.7004016918674,I1,extraction,n2_ions,3-bunch aligned,1600.0,20.0,10.0,15,500,0,0
I1_extraction_ions_10mm,0,0.0,100007,100007,100007,100007,1.0,1.0,10.019461502661958,10.019461502661958,21.958199936754564,119.15548985263067,119.15548985263067,13.049477824150717,34.4689143247106,I1,extraction,ions,3-bunch aligned,1600.0,20.0,10.0,20,100,0,0
I1_extraction_ions_10mm,0,0.0,82316,100007,100007,100007,0.8231023828332017,1.0,9.220898673375169,10.019461502661958,51.6037435889772,415.03510019243237,459.6389833236118,52.609134273395576,142.739096699126,I1,extraction,ions,3-bunch aligned,1600.0,20.0,10.0,20,500,0,0
I1_extraction_h2o_ions_10mm,0,0.0,100007,100007,100007,100007,1.0,1.0,10.019461502661958,10.019461502661958,15.083659122759597,50.54361073948126,50.54361073948126,5.56009611391304,13.852365554332803,I1,extraction,h2o_ions,3-bunch aligned,1600.0,20.0,10.0,20,100,0,0
I1_extraction_h2o_ions_10mm,0,0.0,100007,100007,100007,100007,1.0,1.0,10.019461502661958,10.019461502661958,41.27194902945879,311.9178362878455,311.9178362878455,32.87778151624321,81.1332575938365,I1,extraction,h2o_ions,3-bunch aligned,1600.0,20.0,10.0,20,500,0,0
I1_extraction_n2_ions_10mm,0,0.0,100007,100007,100007,100007,1.0,1.0,10.019461502661958,10.019461502661958,15.153900822646225,51.24466338455571,51.24466338455571,5.571972172870384,12.831281598262098,I1,extraction,n2_ions,3-bunch aligned,1600.0,20.0,10.0,20,100,0,0
I1_extraction_n2_ions_10mm,0,0.0,100007,100007,100007,100007,1.0,1.0,10.019461502661958,10.019461502661958,40.21869184216847,301.40572256785674,301.40572256785674,31.671881148145594,76.9024382459169,I1,extraction,n2_ions,3-bunch aligned,1600.0,20.0,10.0,20,500,0,0
I1_extraction_ions_10mm,0,0.0,100007,100007,100007,100007,1.0,1.0,10.019461502661958,10.019461502661958,19.3322624752953,92.94712066271353,92.94712066271353,10.286217033448656,26.748715621073995,I1,extraction,ions,3-bunch aligned,1600.0,20.0,10.0,30,100,0,0
I1_extraction_ions_10mm,0,0.0,90562,100007,100007,100007,0.9055566110372274,1.0,9.60851857811039,10.019461502661958,50.31446973759389,402.1674041486801,423.64440291781926,51.22747049701854,140.76920399104108,I1,extraction,ions,3-bunch aligned,1600.0,20.0,10.0,30,500,0,0
I1_extraction_h2o_ions_10mm,0,0.0,100007,100007,100007,100007,1.0,1.0,10.019461502661958,10.019461502661958,13.528822031929353,35.0254405222779,35.0254405222779,3.9766046604668133,10.5506271680924,I1,extraction,h2o_ions,3-bunch aligned,1600.0,20.0,10.0,30,100,0,0
I1_extraction_h2o_ions_10mm,0,0.0,100007,100007,100007,100007,1.0,1.0,10.019461502661958,10.019461502661958,30.175092371305762,201.16481173453167,201.16481173453167,21.433250007501638,56.186756150524204,I1,extraction,h2o_ions,3-bunch aligned,1600.0,20.0,10.0,30,500,0,0
I1_extraction_n2_ions_10mm,0,0.0,100007,100007,100007,100007,1.0,1.0,10.019461502661958,10.019461502661958,13.319762163905189,32.93890255844998,32.93890255844998,3.655948526995465,9.069865385742101,I1,extraction,n2_ions,3-bunch aligned,1600.0,20.0,10.0,30,100,0,0
I1_extraction_n2_ions_10mm,0,0.0,100007,100007,100007,100007,1.0,1.0,10.019461502661958,10.019461502661958,29.15086283088954,190.94241065894386,190.94241065894386,20.300635633642056,49.04109428760721,I1,extraction,n2_ions,3-bunch aligned,1600.0,20.0,10.0,30,500,0,0
I1_extraction_ions_10mm,0,0.0,100007,100007,100007,100007,1.0,1.0,10.019461502661974,10.019461502661974,20.44550141972661,104.05788688638249,104.05788688638249,11.462082484358051,29.977375211094902,I1,extraction,ions,3-bunch aligned,1600.0,20.0,10,25,100,10,0
I1_extraction_ions_10mm,0,0.0,86683,100007,100007,100007,0.8667693261471697,1.0,9.4194648258318,10.019461502661974,51.01905771575768,409.19959822394566,441.63435671890585,52.17330391223812,153.713812054147,I1,extraction,ions,3-bunch aligned,1600.0,20.0,10.0,25,500,10,0
I1_extraction_h2o_ions_10mm,0,0.0,100007,100007,100007,100007,1.0,1.0,10.019461502661974,10.019461502661974,14.10626568601126,40.78866097008809,40.78866097008809,4.5634833208813905,11.860122517958999,I1,extraction,h2o_ions,3-bunch aligned,1600.0,20.0,10,25,100,10,0
I1_extraction_h2o_ions_10mm,0,0.0,100007,100007,100007,100007,1.0,1.0,10.019461502661974,10.019461502661974,34.32739149825048,242.6071499863577,242.6071499863577,25.713071030198943,64.7210009131414,I1,extraction,h2o_ions,3-bunch aligned,1600.0,20.0,10.0,25,500,10,0
I1_extraction_n2_ions_10mm,0,0.0,100007,100007,100007,100007,1.0,1.0,10.019461502661974,10.019461502661974,14.028169424657902,40.00921527500147,40.00921527500147,4.392423414232879,10.4579904304571,I1,extraction,n2_ions,3-bunch aligned,1600.0,20.0,10,25,100,10,0
I1_extraction_n2_ions_10mm,0,0.0,100007,100007,100007,100007,1.0,1.0,10.019461502661974,10.019461502661974,33.54819928775693,234.8303626781123,234.8303626781123,24.83423285362503,59.9853005138664,I1,extraction,n2_ions,3-bunch aligned,1600.0,20.0,10.0,25,500,10,0
I1_extraction_ions_10mm,1000,0.1,100007,100007,100007,100007,1.0,1.0,10.019461502661974,10.019461502661974,18.95001055106219,89.13202616754945,89.13202616754945,9.900429671801662,26.067736156462402,I1,extraction,ions,3-bunch aligned,1600.0,20.0,10.0,25,100,10,0
I1_extraction_ions_10mm,1000,0.1,93168,100007,100007,100007,0.9316147869649125,1.0,9.673576835478789,10.019461502661974,49.836472974502655,397.39672098407766,415.18144551994993,50.91147093499318,147.0695279707642,I1,extraction,ions,3-bunch aligned,1600.0,20.0,10.0,25,500,10,0
I1_extraction_h2o_ions_10mm,1000,0.1,100007,100007,100007,100007,1.0,1.0,10.019461502661974,10.019461502661974,14.039656911376877,40.12386701268142,40.12386701268142,4.490033110804923,11.667333264998401,I1,extraction,h2o_ions,3-bunch aligned,1600.0,20.0,10.0,25,100,10,0
I1_extraction_h2o_ions_10mm,1000,0.1,100007,100007,100007,100007,1.0,1.0,10.019461502661974,10.019461502661974,33.94190850561735,238.75980756650094,238.75980756650094,25.317227217042443,63.5059445472533,I1,extraction,h2o_ions,3-bunch aligned,1600.0,20.0,10.0,25,500,10,0
I1_extraction_n2_ions_10mm,1000,0.1,100007,100007,100007,100007,1.0,1.0,10.019461502661974,10.019461502661974,13.990941901585686,39.63766314056467,39.63766314056467,4.351731080214235,10.350911718816901,I1,extraction,n2_ions,3-bunch aligned,1600.0,20.0,10.0,25,100,10,0
I1_extraction_n2_ions_10mm,1000,0.1,100007,100007,100007,100007,1.0,1.0,10.019461502661974,10.019461502661974,33.333485233760115,232.68739267977688,232.68739267977688,24.613424819676894,59.3540172333546,I1,extraction,n2_ions,3-bunch aligned,1600.0,20.0,10.0,25,500,10,0
I1_extraction_ions_10mm,0,0.0,100007,100007,100007,100007,1.0,1.0,10.019461502661958,10.019461502661958,20.706153665621727,106.6593465139872,106.6593465139872,11.733804605686952,30.6993942779948,I1,extraction,ions,3-bunch aligned,1600.0,20.0,10,25,100,0,5
I1_extraction_ions_10mm,0,0.0,86158,100007,100007,100007,0.8615196936214465,1.0,9.386771976789118,10.019461502661958,51.21261072833332,411.1313688338162,445.58277174483294,52.20656428801527,141.5853729004411,I1,extraction,ions,3-bunch aligned,1600.0,20.0,10.0,25,500,0,5
I1_extraction_h2o_ions_10mm,0,0.0,100007,100007,100007,100007,1.0,1.0,10.019461502661958,10.019461502661958,14.21764714935986,41.90031216330872,41.90031216330872,4.68013766061942,12.153861798002502,I1,extraction,h2o_ions,3-bunch aligned,1600.0,20.0,10,25,100,0,5
I1_extraction_h2o_ions_10mm,0,0.0,100007,100007,100007,100007,1.0,1.0,10.019461502661958,10.019461502661958,35.00513929113636,249.37146354458508,249.37146354458508,26.393947328399076,66.2663405426692,I1,extraction,h2o_ions,3-bunch aligned,1600.0,20.0,10.0,25,500,0,5
I1_extraction_n2_ions_10mm,0,0.0,100007,100007,100007,100007,1.0,1.0,10.019461502661958,10.019461502661958,14.143083060560512,41.15611958589787,41.15611958589787,4.511960492745273,10.7198515110532,I1,extraction,n2_ions,3-bunch aligned,1600.0,20.0,10,25,100,0,5
I1_extraction_n2_ions_10mm,0,0.0,100007,100007,100007,100007,1.0,1.0,10.019461502661958,10.019461502661958,34.23011219343071,241.63624646231239,241.63624646231239,25.519687979831257,61.4227700821618,I1,extraction,n2_ions,3-bunch aligned,1600.0,20.0,10.0,25,500,0,5
I1_extraction_ions_10mm,1000,0.1,100007,100007,100007,100007,1.0,1.0,10.019461502661958,10.019461502661958,19.10714735059652,90.70034198464816,90.70034198464816,10.066048747104935,26.5304525213449,I1,extraction,ions,3-bunch aligned,1600.0,20.0,10.0,25,100,0,5
I1_extraction_ions_10mm,1000,0.1,93069,100007,100007,100007,0.9306248562600618,1.0,9.66832463226651,10.019461502661958,50.14616119494459,400.4875878970324,418.66443362472216,51.10641219758853,143.4941754184606,I1,extraction,ions,3-bunch aligned,1600.0,20.0,10.0,25,500,0,5
I1_extraction_h2o_ions_10mm,1000,0.1,100007,100007,100007,100007,1.0,1.0,10.019461502661958,10.019461502661958,14.146375275311778,41.18897778641484,41.18897778641484,4.6016958536232195,11.9476618988264,I1,extraction,h2o_ions,3-bunch aligned,1600.0,20.0,10.0,25,100,0,5
I1_extraction_h2o_ions_10mm,1000,0.1,100007,100007,100007,100007,1.0,1.0,10.019461502661958,10.019461502661958,34.593958070410544,245.26763799850585,245.26763799850585,25.972190444555885,64.81128495602859,I1,extraction,h2o_ions,3-bunch aligned,1600.0,20.0,10.0,25,500,0,5
I1_extraction_n2_ions_10mm,1000,0.1,100007,100007,100007,100007,1.0,1.0,10.019461502661958,10.019461502661958,14.103123620124972,40.75730134177442,40.75730134177442,4.4683823499861335,10.6054680931307,I1,extraction,n2_ions,3-bunch aligned,1600.0,20.0,10.0,25,100,0,5
I1_extraction_n2_ions_10mm,1000,0.1,100007,100007,100007,100007,1.0,1.0,10.019461502661958,10.019461502661958,34.00037164352832,239.34330337508797,239.34330337508797,25.283740676101942,60.7536129482102,I1,extraction,n2_ions,3-bunch aligned,1600.0,20.0,10.0,25,500,0,5
I1_extraction_ions_10mm,0,0.0,100007,100007,100007,100007,1.0,1.0,10.019461502661958,10.019461502661958,20.179461260525027,101.40265277893201,101.40265277893201,11.184501456544128,29.255356144194906,I1,extraction,ions,3-bunch aligned,1600.0,20.0,10,25,100,0,-5
I1_extraction_ions_10mm,0,0.0,87516,100007,100007,100007,0.8750987430879839,1.0,9.474149561216915,10.019461502661958,50.63785817521229,405.3950071244736,434.484471118145,51.610815252966184,143.5588202402406,I1,extraction,ions,3-bunch aligned,1600.0,20.0,10.0,25,500,0,-5
I1_extraction_h2o_ions_10mm,0,0.0,100007,100007,100007,100007,1.0,1.0,10.019461502661958,10.019461502661958,13.992652722153363,39.654738115774116,39.654738115774116,4.444440453012911,11.566383237915602,I1,extraction,h2o_ions,3-bunch aligned,1600.0,20.0,10,25,100,0,-5
I1_extraction_h2o_ions_10mm,0,0.0,100007,100007,100007,100007,1.0,1.0,10.019461502661958,10.019461502661958,33.636976217154846,235.71640759554012,235.71640759554012,25.019459982336922,63.1770077579761,I1,extraction,h2o_ions,3-bunch aligned,1600.0,20.0,10.0,25,500,0,-5
I1_extraction_n2_ions_10mm,0,0.0,100007,100007,100007,100007,1.0,1.0,10.019461502661958,10.019461502661958,13.911289328898226,38.84268456146363,38.84268456146363,4.270758598711577,10.196367637988498,I1,extraction,n2_ions,3-bunch aligned,1600.0,20.0,10,25,100,0,-5
I1_extraction_n2_ions_10mm,0,0.0,100007,100007,100007,100007,1.0,1.0,10.019461502661958,10.019461502661958,32.85530689098832,227.91489724531965,227.91489724531965,24.13772434009229,58.4599902125163,I1,extraction,n2_ions,3-bunch aligned,1600.0,20.0,10.0,25,500,0,-5
I1_extraction_ions_10mm,1000,0.1,100007,100007,100007,100007,1.0,1.0,10.019461502661958,10.019461502661958,18.78513753758961,87.486498476977,87.486498476977,9.726602258904549,25.6039447634562,I1,extraction,ions,3-bunch aligned,1600.0,20.0,10.0,25,100,0,-5
I1_extraction_ions_10mm,1000,0.1,93815,100007,100007,100007,0.9380843340966132,1.0,9.7189716165413,10.019461502661958,49.60545524215185,395.0910308799802,410.39819025425857,50.57766022472476,141.6887803293754,I1,extraction,ions,3-bunch aligned,1600.0,20.0,10.0,25,500,0,-5
I1_extraction_h2o_ions_10mm,1000,0.1,100007,100007,100007,100007,1.0,1.0,10.019461502661958,10.019461502661958,13.930579112922995,39.035207722709806,39.035207722709806,4.375852326903662,11.386403030971,I1,extraction,h2o_ions,3-bunch aligned,1600.0,20.0,10.0,25,100,0,-5
I1_extraction_h2o_ions_10mm,1000,0.1,100007,100007,100007,100007,1.0,1.0,10.019461502661958,10.019461502661958,33.27636146633361,232.11726456050346,232.11726456050346,24.648705292025483,62.0343468649936,I1,extraction,h2o_ions,3-bunch aligned,1600.0,20.0,10.0,25,500,0,-5
I1_extraction_n2_ions_10mm,1000,0.1,100007,100007,100007,100007,1.0,1.0,10.019461502661958,10.019461502661958,13.87670973054242,38.497560241692355,38.497560241692355,4.23286831065916,10.096263399542597,I1,extraction,n2_ions,3-bunch aligned,1600.0,20.0,10.0,25,100,0,-5
I1_extraction_n2_ions_10mm,1000,0.1,100007,100007,100007,100007,1.0,1.0,10.019461502661958,10.019461502661958,32.65522807241789,225.91799533080788,225.91799533080788,23.93166231231159,57.8556604764981,I1,extraction,n2_ions,3-bunch aligned,1600.0,20.0,10.0,25,500,0,-5
I2_extraction_ions_5mm,0,0.0,100007,100007,100007,100007,1.0,1.0,5.0097307513309595,5.0097307513309595,8.996023389711837,79.57099565324583,79.57099565324583,4.418611022932861,11.254813454847302,I2,extraction,ions,3-bunch aligned,1600.0,20.0,5.0,25,20,0,0
I2_extraction_ions_5mm,0,0.0,100007,100007,100007,100007,1.0,1.0,5.0097307513309595,5.0097307513309595,15.52800413890044,209.95686015211578,209.95686015211578,11.190849305353757,28.410633970206696,I2,extraction,ions,3-bunch aligned,1600.0,20.0,5.0,25,50,0,0
I2_extraction_ions_5mm,0,0.0,100007,100007,100007,100007,1.0,1.0,5.0097307513309595,5.0097307513309595,22.275727148849597,344.6491888397694,344.6491888397694,18.065154551202184,46.019651479599,I2,extraction,ions,3-bunch aligned,1600.0,20.0,5.0,25,80,0,0
I2_extraction_ions_5mm,0,0.0,100007,100007,100007,100007,1.0,1.0,5.0097307513309595,5.0097307513309595,38.21453965492964,662.8062574975111,662.8062574975111,34.178573977326735,88.1190418393245,I2,extraction,ions,3-bunch aligned,1600.0,20.0,5.0,25,150,0,0
I2_extraction_ions_5mm,0,0.0,91342,100007,100007,100007,0.9133560650754448,1.0,4.917827331388665,5.0097307513309595,50.183171575890405,901.7139456558219,920.4337849682087,50.42393076397578,122.89634689569391,I2,extraction,ions,3-bunch aligned,1600.0,20.0,5.0,25,250,0,0
I2_extraction_h2o_ions_5mm,0,0.0,100007,100007,100007,100007,1.0,1.0,5.0097307513309595,5.0097307513309595,6.473503617011964,29.21859354002443,29.21859354002443,1.6880664056317287,4.562449575949099,I2,extraction,h2o_ions,3-bunch aligned,1600.0,20.0,5.0,25,20,0,0
I2_extraction_h2o_ions_5mm,0,0.0,100007,100007,100007,100007,1.0,1.0,5.0097307513309595,5.0097307513309595,8.846879131466647,76.59390435536389,76.59390435536389,4.251627459783848,11.4488658212946,I2,extraction,h2o_ions,3-bunch aligned,1600.0,20.0,5.0,25,50,0,0
I2_extraction_h2o_ions_5mm,0,0.0,100007,100007,100007,100007,1.0,1.0,5.0097307513309595,5.0097307513309595,11.338945756803486,126.33842654699583,126.33842654699583,6.855868442383726,18.416839513578196,I2,extraction,h2o_ions,3-bunch aligned,1600.0,20.0,5.0,25,80,0,0
I2_extraction_h2o_ions_5mm,0,0.0,100007,100007,100007,100007,1.0,1.0,5.0097307513309595,5.0097307513309595,17.454778778593433,248.4175027561339,248.4175027561339,13.121063085396313,35.133037252262305,I2,extraction,h2o_ions,3-bunch aligned,1600.0,20.0,5.0,25,150,0,0
I2_extraction_h2o_ions_5mm,0,0.0,100007,100007,100007,100007,1.0,1.0,5.0097307513309595,5.0097307513309595,26.94853551607874,437.92382971717973,437.92382971717973,22.75259289205687,60.380787124701804,I2,extraction,h2o_ions,3-bunch aligned,1600.0,20.0,5.0,25,250,0,0
I2_extraction_n2_ions_5mm,0,0.0,100007,100007,100007,100007,1.0,1.0,5.0097307513309595,5.0097307513309595,6.267995606727389,25.116416786713348,25.116416786713348,1.4316504828034042,3.792341101400601,I2,extraction,n2_ions,3-bunch aligned,1600.0,20.0,5.0,25,20,0,0
I2_extraction_n2_ions_5mm,0,0.0,100007,100007,100007,100007,1.0,1.0,5.0097307513309595,5.0097307513309595,8.300558141029788,65.68870769800428,65.68870769800428,3.6237382381402856,9.5546612134414,I2,extraction,n2_ions,3-bunch aligned,1600.0,20.0,5.0,25,50,0,0
I2_extraction_n2_ions_5mm,0,0.0,100007,100007,100007,100007,1.0,1.0,5.0097307513309595,5.0097307513309595,10.449755178239133,108.58915771996122,108.58915771996122,5.87401525976869,15.42216640787,I2,extraction,n2_ions,3-bunch aligned,1600.0,20.0,5.0,25,80,0,0
I2_extraction_n2_ions_5mm,0,0.0,100007,100007,100007,100007,1.0,1.0,5.0097307513309595,5.0097307513309595,15.824574205726744,215.8767405119038,215.8767405119038,11.397416924021051,29.482984935537004,I2,extraction,n2_ions,3-bunch aligned,1600.0,20.0,5.0,25,150,0,0
I2_extraction_n2_ions_5mm,0,0.0,100007,100007,100007,100007,1.0,1.0,5.0097307513309595,5.0097307513309595,24.511969223404787,389.287158135047,389.287158135047,20.25792029200952,50.865105837379495,I2,extraction,n2_ions,3-bunch aligned,1600.0,20.0,5.0,25,250,0,0
I2_extraction_ions_10mm,0,0.0,100007,100007,100007,100007,1.0,1.0,10.019461502661958,10.019461502661958,11.946862373544688,19.23657145017883,19.23657145017883,2.264614258193674,5.906722282377,I2,extraction,ions,3-bunch aligned,1600.0,20.0,10.0,25,20,0,0
I2_extraction_ions_10mm,0,0.0,100007,100007,100007,100007,1.0,1.0,10.019461502661958,10.019461502661958,15.027179652148105,49.979913073728575,49.979913073728575,5.687598780106723,14.8280016460348,I2,extraction,ions,3-bunch aligned,1600.0,20.0,10.0,25,50,0,0
I2_extraction_ions_10mm,0,0.0,100007,100007,100007,100007,1.0,1.0,10.019461502661958,10.019461502661958,18.24664716334235,82.11205421064398,82.11205421064398,9.141809450972913,23.8476710445303,I2,extraction,ions,3-bunch aligned,1600.0,20.0,10.0,25,80,0,0
I2_extraction_ions_10mm,0,0.0,100007,100007,100007,100007,1.0,1.0,10.019461502661958,10.019461502661958,26.075655201846953,160.250066282696,160.250066282696,17.324942903168136,45.6827773882517,I2,extraction,ions,3-bunch aligned,1600.0,20.0,10.0,25,150,0,0
I2_extraction_ions_10mm,0,0.0,100007,100007,100007,100007,1.0,1.0,10.019461502661958,10.019461502661958,37.7578272957046,276.84487620091306,276.84487620091306,29.324374158034775,78.80611243514021,I2,extraction,ions,3-bunch aligned,1600.0,20.0,10.0,25,250,0,0
I2_extraction_h2o_ions_10mm,0,0.0,100007,100007,100007,100007,1.0,1.0,10.019461502661958,10.019461502661958,10.79660295122244,7.75631952230178,7.75631952230178,0.8984140537017565,2.346968854888299,I2,extraction,h2o_ions,3-bunch aligned,1600.0,20.0,10.0,25,20,0,0
I2_extraction_h2o_ions_10mm,0,0.0,100007,100007,100007,100007,1.0,1.0,10.019461502661958,10.019461502661958,12.00359690625995,19.802814782719103,19.802814782719103,2.25888930654446,5.891240891826101,I2,extraction,h2o_ions,3-bunch aligned,1600.0,20.0,10.0,25,50,0,0
I2_extraction_h2o_ions_10mm,0,0.0,100007,100007,100007,100007,1.0,1.0,10.019461502661958,10.019461502661958,13.252782261525708,32.270404532266774,32.270404532266774,3.6357658477982384,9.466318095124002,I2,extraction,h2o_ions,3-bunch aligned,1600.0,20.0,10.0,25,80,0,0
I2_extraction_h2o_ions_10mm,0,0.0,100007,100007,100007,100007,1.0,1.0,10.019461502661958,10.019461502661958,16.304972905558547,62.733026133456995,62.733026133456995,6.920193436744618,17.9305255923941,I2,extraction,h2o_ions,3-bunch aligned,1600.0,20.0,10.0,25,150,0,0
I2_extraction_h2o_ions_10mm,0,0.0,100007,100007,100007,100007,1.0,1.0,10.019461502661958,10.019461502661958,20.962041325817406,109.21325283048633,109.21325283048633,11.82325221904215,30.438182407468798,I2,extraction,h2o_ions,3-bunch aligned,1600.0,20.0,10.0,25,250,0,0
I2_extraction_n2_ions_10mm,0,0.0,100007,100007,100007,100007,1.0,1.0,10.019461502661958,10.019461502661958,10.786007237630336,7.650568194355789,7.650568194355789,0.858866700705959,2.0578684320543985,I2,extraction,n2_ions,3-bunch aligned,1600.0,20.0,10.0,25,20,0,0
I2_extraction_n2_ions_10mm,0,0.0,100007,100007,100007,100007,1.0,1.0,10.019461502661958,10.019461502661958,11.970962081328729,19.477100422495752,19.477100422495752,2.165227499033464,5.178110165798998,I2,extraction,n2_ions,3-bunch aligned,1600.0,20.0,10.0,25,50,0,0
I2_extraction_n2_ions_10mm,0,0.0,100007,100007,100007,100007,1.0,1.0,10.019461502661958,10.019461502661958,13.19371225210679,31.680851796291655,31.680851796291655,3.4938980155907218,8.3325241834203,I2,extraction,n2_ions,3-bunch aligned,1600.0,20.0,10.0,25,80,0,0
I2_extraction_n2_ions_10mm,0,0.0,100007,100007,100007,100007,1.0,1.0,10.019461502661958,10.019461502661958,16.177238869348795,61.45816683911451,61.45816683911451,6.685196926044351,15.8716160651375,I2,extraction,n2_ions,3-bunch aligned,1600.0,20.0,10.0,25,150,0,0
I2_extraction_n2_ions_10mm,0,0.0,100007,100007,100007,100007,1.0,1.0,10.019461502661958,10.019461502661958,20.729082101991814,106.88818552259059,106.88818552259059,11.48237605244253,27.164424402022796,I2,extraction,n2_ions,3-bunch aligned,1600.0,20.0,10.0,25,250,0,0
I2_extraction_ions_15mm,0,0.0,100007,100007,100007,100007,1.0,1.0,15.029192253992958,15.029192253992958,16.296687997963037,8.433558654047623,8.433558654047623,1.519304210735718,3.999562892609898,I2,extraction,ions,3-bunch aligned,1600.0,20.0,15.0,25,20,0,0
I2_extraction_ions_15mm,0,0.0,100007,100007,100007,100007,1.0,1.0,15.029192253992958,15.029192253992958,18.272883953736777,21.5826083326736,21.5826083326736,3.8076146683011367,10.027913406327897,I2,extraction,ions,3-bunch aligned,1600.0,20.0,15.0,25,50,0,0
I2_extraction_ions_15mm,0,0.0,100007,100007,100007,100007,1.0,1.0,15.029192253992958,15.029192253992958,20.319234006185003,35.19844355432067,35.19844355432067,6.107937039036236,16.1212000171603,I2,extraction,ions,3-bunch aligned,1600.0,20.0,15.0,25,80,0,0
I2_extraction_ions_15mm,0,0.0,100007,100007,100007,100007,1.0,1.0,15.029192253992958,15.029192253992958,25.291785988205696,68.2843998584566,68.2843998584566,11.52748672375735,30.649274129963405,I2,extraction,ions,3-bunch aligned,1600.0,20.0,15.0,25,150,0,0
I2_extraction_ions_15mm,0,0.0,100007,100007,100007,100007,1.0,1.0,15.029192253992958,15.029192253992958,32.737094630577296,117.82338050722387,117.82338050722387,19.41522806429435,52.2220692341413,I2,extraction,ions,3-bunch aligned,1600.0,20.0,15.0,25,250,0,0
I2_extraction_h2o_ions_15mm,0,0.0,100007,100007,100007,100007,1.0,1.0,15.029192253992958,15.029192253992958,15.610874945046413,3.870352319825532,3.870352319825532,0.6629395330189315,1.636313224625198,I2,extraction,h2o_ions,3-bunch aligned,1600.0,20.0,15.0,25,20,0,0
I2_extraction_h2o_ions_15mm,0,0.0,100007,100007,100007,100007,1.0,1.0,15.029192253992958,15.029192253992958,16.499359575187324,9.782078080768253,9.782078080768253,1.6650822818254258,4.104296522960098,I2,extraction,h2o_ions,3-bunch aligned,1600.0,20.0,15.0,25,50,0,0
I2_extraction_h2o_ions_15mm,0,0.0,100007,100007,100007,100007,1.0,1.0,15.029192253992958,15.029192253992958,17.405902427286033,15.813958149757724,15.813958149757724,2.6768514285585714,6.6023827097384,I2,extraction,h2o_ions,3-bunch aligned,1600.0,20.0,15.0,25,80,0,0
I2_extraction_h2o_ions_15mm,0,0.0,100007,100007,100007,100007,1.0,1.0,15.029192253992958,15.029192253992958,19.586565424428873,30.323473766363662,30.323473766363662,5.0774818122888625,12.477233592996399,I2,extraction,h2o_ions,3-bunch aligned,1600.0,20.0,15.0,25,150,0,0
I2_extraction_h2o_ions_15mm,0,0.0,100007,100007,100007,100007,1.0,1.0,15.029192253992958,15.029192253992958,22.85045582211746,52.04047852968643,52.04047852968643,8.613251884231047,21.144371593292103,I2,extraction,h2o_ions,3-bunch aligned,1600.0,20.0,15.0,25,250,0,0
I2_extraction_n2_ions_15mm,0,0.0,100007,100007,100007,100007,1.0,1.0,15.029192253992958,15.029192253992958,15.624198751541496,3.9590051647017566,3.9590051647017566,0.6669993424144927,1.545355694749201,I2,extraction,n2_ions,3-bunch aligned,1600.0,20.0,15.0,25,20,0,0
I2_extraction_n2_ions_15mm,0,0.0,100007,100007,100007,100007,1.0,1.0,15.029192253992958,15.029192253992958,16.529901861346207,9.985297825666839,9.985297825666839,1.6742627978097377,3.881561000508704,I2,extraction,n2_ions,3-bunch aligned,1600.0,20.0,15.0,25,50,0,0
I2_extraction_n2_ions_15mm,0,0.0,100007,100007,100007,100007,1.0,1.0,15.029192253992958,15.029192253992958,17.450423198470826,16.11018678555127,16.11018678555127,2.6897069739458574,6.251109784331902,I2,extraction,n2_ions,3-bunch aligned,1600.0,20.0,15.0,25,80,0,0
I2_extraction_n2_ions_15mm,0,0.0,100007,100007,100007,100007,1.0,1.0,15.029192253992958,15.029192253992958,19.651403762925177,30.75488975599596,30.75488975599596,5.091737831411618,11.881498080885503,I2,extraction,n2_ions,3-bunch aligned,1600.0,20.0,15.0,25,150,0,0
I2_extraction_n2_ions_15mm,0,0.0,100007,100007,100007,100007,1.0,1.0,15.029192253992958,15.029192253992958,22.9131915718989,52.45790448792296,52.45790448792296,8.605496073412603,20.232486830435505,I2,extraction,n2_ions,3-bunch aligned,1600.0,20.0,15.0,25,250,0,0
I2_extraction_ions_20mm,0,0.0,100007,100007,100007,100007,1.0,1.0,20.038923005323955,20.038923005323955,20.983162864622862,4.712028980040706,4.712028980040706,1.1423418435081614,3.0266831780126005,I2,extraction,ions,3-bunch aligned,1600.0,20.0,20.0,25,20,0,0
I2_extraction_ions_20mm,0,0.0,100007,100007,100007,100007,1.0,1.0,20.038923005323955,20.038923005323955,22.435222216003428,11.95822355344558,11.95822355344558,2.8606987438061093,7.5898494699427985,I2,extraction,ions,3-bunch aligned,1600.0,20.0,20.0,25,50,0,0
I2_extraction_ions_20mm,0,0.0,100007,100007,100007,100007,1.0,1.0,20.038923005323955,20.038923005323955,23.924381114961097,19.389555559472193,19.389555559472193,4.585237264732194,12.1959505357726,I2,extraction,ions,3-bunch aligned,1600.0,20.0,20.0,25,80,0,0
I2_extraction_ions_20mm,0,0.0,100007,100007,100007,100007,1.0,1.0,20.038923005323955,20.038923005323955,27.51771263171311,37.32131524434814,37.32131524434814,8.636588801906349,23.116832255970095,I2,extraction,ions,3-bunch aligned,1600.0,20.0,20.0,25,150,0,0
I2_extraction_ions_20mm,0,0.0,100007,100007,100007,100007,1.0,1.0,20.038923005323955,20.038923005323955,32.87765196561339,64.06895698375821,64.06895698375821,14.50099538988971,39.279387218616904,I2,extraction,ions,3-bunch aligned,1600.0,20.0,20.0,25,250,0,0
I2_extraction_h2o_ions_20mm,0,0.0,100007,100007,100007,100007,1.0,1.0,20.038923005323955,20.038923005323955,20.519216532220725,2.3968030955015207,2.3968030955015207,0.5466628667354193,1.3067646459954005,I2,extraction,h2o_ions,3-bunch aligned,1600.0,20.0,20.0,25,20,0,0
I2_extraction_h2o_ions_20mm,0,0.0,100007,100007,100007,100007,1.0,1.0,20.038923005323955,20.038923005323955,21.247523309573616,6.031263775645823,6.031263775645823,1.3710069850911812,3.285744464946198,I2,extraction,h2o_ions,3-bunch aligned,1600.0,20.0,20.0,25,50,0,0
I2_extraction_h2o_ions_20mm,0,0.0,100007,100007,100007,100007,1.0,1.0,20.038923005323955,20.038923005323955,21.984983913766524,9.711404689391422,9.711404689391422,2.2007074905580333,5.272586167207699,I2,extraction,h2o_ions,3-bunch aligned,1600.0,20.0,20.0,25,80,0,0
I2_extraction_h2o_ions_20mm,0,0.0,100007,100007,100007,100007,1.0,1.0,20.038923005323955,20.038923005323955,23.73997027790179,18.46929234467609,18.46929234467609,4.158347936302871,9.996762331275498,I2,extraction,h2o_ions,3-bunch aligned,1600.0,20.0,20.0,25,150,0,0
I2_extraction_h2o_ions_20mm,0,0.0,100007,100007,100007,100007,1.0,1.0,20.038923005323955,20.038923005323955,26.32650415479668,31.376841698539558,31.376841698539558,7.010664530580295,16.936300956440796,I2,extraction,h2o_ions,3-bunch aligned,1600.0,20.0,20.0,25,250,0,0
I2_extraction_n2_ions_20mm,0,0.0,100007,100007,100007,100007,1.0,1.0,20.038923005323955,20.038923005323955,20.52295909312672,2.4154795528390727,2.4154795528390727,0.5446324119649942,1.2747575580687993,I2,extraction,n2_ions,3-bunch aligned,1600.0,20.0,20.0,25,20,0,0
I2_extraction_n2_ions_20mm,0,0.0,100007,100007,100007,100007,1.0,1.0,20.038923005323955,20.038923005323955,21.255260432899536,6.0698742504895264,6.0698742504895264,1.364560556184975,3.1958562785977023,I2,extraction,n2_ions,3-bunch aligned,1600.0,20.0,20.0,25,50,0,0
I2_extraction_n2_ions_20mm,0,0.0,100007,100007,100007,100007,1.0,1.0,20.038923005323955,20.038923005323955,21.99478223776392,9.760301149519513,9.760301149519513,2.188163449388729,5.134360770539999,I2,extraction,n2_ions,3-bunch aligned,1600.0,20.0,20.0,25,80,0,0
I2_extraction_n2_ions_20mm,0,0.0,100007,100007,100007,100007,1.0,1.0,20.038923005323955,20.038923005323955,23.74688357304883,18.50379167952161,18.50379167952161,4.124594387592291,9.7040497121505,I2,extraction,n2_ions,3-bunch aligned,1600.0,20.0,20.0,25,150,0,0
I2_extraction_n2_ions_20mm,0,0.0,100007,100007,100007,100007,1.0,1.0,20.038923005323955,20.038923005323955,26.310510579536928,31.297029149454445,31.297029149454445,6.928738464270798,16.412425528517396,I2,extraction,n2_ions,3-bunch aligned,1600.0,20.0,20.0,25,250,0,0
I2_extraction_ions_25mm,0,0.0,100007,100007,100007,100007,1.0,1.0,25.048653756654954,25.048653756654954,25.800684067601047,3.002278358956878,3.002278358956878,0.9151162334937616,2.4439410236076,I2,extraction,ions,3-bunch aligned,1600.0,20.0,25.0,25,20,0,0
I2_extraction_ions_25mm,0,0.0,100007,100007,100007,100007,1.0,1.0,25.048653756654954,25.048653756654954,26.948202622522548,7.583436955620493,7.583436955620493,2.290775376087687,6.124937211003001,I2,extraction,ions,3-bunch aligned,1600.0,20.0,25.0,25,50,0,0
I2_extraction_ions_25mm,0,0.0,100007,100007,100007,100007,1.0,1.0,25.048653756654954,25.048653756654954,28.11719276156835,12.250315065727403,12.250315065727403,3.670368177795709,9.837937285905397,I2,extraction,ions,3-bunch aligned,1600.0,20.0,25.0,25,80,0,0
I2_extraction_ions_25mm,0,0.0,100007,100007,100007,100007,1.0,1.0,25.048653756654954,25.048653756654954,28.907475106035623,15.405304360340931,15.405304360340931,4.592383831156185,12.296471715773897,I2,extraction,ions,3-bunch aligned,1600.0,20.0,25.0,25,100,0,0
I2_extraction_ions_25mm,0,0.0,100007,100007,100007,100007,1.0,1.0,25.048653756654954,25.048653756654954,30.91821710291389,23.432649927142315,23.432649927142315,6.906245015291533,18.586498378976998,I2,extraction,ions,3-bunch aligned,1600.0,20.0,25.0,25,150,0,0
I2_extraction_ions_25mm,0,0.0,100007,100007,100007,100007,1.0,1.0,25.048653756654954,25.048653756654954,32.97432956813887,31.64112486236197,31.64112486236197,9.233753477374314,24.9708615224828,I2,extraction,ions,3-bunch aligned,1600.0,20.0,25.0,25,200,0,0
I2_extraction_ions_25mm,0,0.0,100006,100007,100007,100007,0.999990000699951,1.0,25.046840560925464,25.048653756654954,35.06938667154789,40.00507577071129,40.015211045253274,39.776467405290376,166.11830352993138,I2,extraction,ions,3-bunch aligned,1600.0,20.0,25.0,25,250,0,0
I2_extraction_ions_25mm,0,0.0,100004,100007,100007,100007,0.999970002099853,1.0,25.043831917373314,25.048653756654954,37.2008652232531,48.5144294965135,48.54302387106446,43.37484122900424,178.17907779623778,I2,extraction,ions,3-bunch aligned,1600.0,20.0,25.0,25,300,0,0
I2_extraction_ions_25mm,0,0.0,99962,100007,100007,100007,0.9995500314977952,1.0,24.989982062866325,25.048653756654954,41.51831560756074,65.75068668722407,66.13983756816924,48.49161814757516,183.19023527562723,I2,extraction,ions,3-bunch aligned,1600.0,20.0,25.0,25,400,0,0
I2_extraction_ions_25mm,0,0.0,99714,100007,100007,100007,0.997070205085644,1.0,24.80221190350139,25.048653756654954,45.73346686223191,82.57854217048049,84.39269465226849,52.17208896647062,190.0622489583001,I2,extraction,ions,3-bunch aligned,1600.0,20.0,25.0,25,500,0,0
I2_extraction_h2o_ions_25mm,0,0.0,100007,100007,100007,100007,1.0,1.0,25.048653756654954,25.048653756654954,25.45851328615253,1.636253722372949,1.636253722372949,0.46831601323777927,1.1252280181946972,I2,extraction,h2o_ions,3-bunch aligned,1600.0,20.0,25.0,25,20,0,0
I2_extraction_h2o_ions_25mm,0,0.0,100007,100007,100007,100007,1.0,1.0,25.048653756654954,25.048653756654954,26.07775010012132,4.1083898299043575,4.1083898299043575,1.1733153625203152,2.8264695255630983,I2,extraction,h2o_ions,3-bunch aligned,1600.0,20.0,25.0,25,50,0,0
I2_extraction_h2o_ions_25mm,0,0.0,100007,100007,100007,100007,1.0,1.0,25.048653756654954,25.048653756654954,26.702204296809416,6.601354931959746,6.601354931959746,1.881382954307794,4.538440662059003,I2,extraction,h2o_ions,3-bunch aligned,1600.0,20.0,25.0,25,80,0,0
I2_extraction_h2o_ions_25mm,0,0.0,100007,100007,100007,100007,1.0,1.0,25.048653756654954,25.048653756654954,27.121385238827905,8.274821881883643,8.274821881883643,2.355188629338141,5.692930027855105,I2,extraction,h2o_ions,3-bunch aligned,1600.0,20.0,25.0,25,100,0,0
I2_extraction_h2o_ions_25mm,0,0.0,100007,100007,100007,100007,1.0,1.0,25.048653756654954,25.048653756654954,28.179120871593266,12.497546356584554,12.497546356584554,3.545964544331118,8.590808001060005,I2,extraction,h2o_ions,3-bunch aligned,1600.0,20.0,25.0,25,150,0,0
I2_extraction_h2o_ions_25mm,0,0.0,100007,100007,100007,100007,1.0,1.0,25.048653756654954,25.048653756654954,29.25072738198107,16.775646572262204,16.775646572262204,4.746058558629054,11.535173560270799,I2,extraction,h2o_ions,3-bunch aligned,1600.0,20.0,25.0,25,200,0,0
I2_extraction_h2o_ions_25mm,0,0.0,100007,100007,100007,100007,1.0,1.0,25.048653756654954,25.048653756654954,30.335901194757064,21.10791058660144,21.10791058660144,5.955750109548462,14.492274729246198,I2,extraction,h2o_ions,3-bunch aligned,1600.0,20.0,25.0,25,250,0,0
I2_extraction_h2o_ions_25mm,0,0.0,100007,100007,100007,100007,1.0,1.0,25.048653756654954,25.048653756654954,31.43444120254822,25.493535532609958,25.493535532609958,7.175363804570054,17.542637354754902,I2,extraction,h2o_ions,3-bunch aligned,1600.0,20.0,25.0,25,300,0,0
I2_extraction_h2o_ions_25mm,0,0.0,100007,100007,100007,100007,1.0,1.0,25.048653756654954,25.048653756654954,33.67217128684731,34.42706986957833,34.42706986957833,9.646605821629427,23.7628477363955,I2,extraction,h2o_ions,3-bunch aligned,1600.0,20.0,25.0,25,400,0,0
I2_extraction_h2o_ions_25mm,0,0.0,100006,100007,100007,100007,0.999990000699951,1.0,25.046840560925464,25.048653756654954,35.96196203463711,43.568442376200345,43.57883561066729,40.63692604245243,168.9152468904199,I2,extraction,h2o_ions,3-bunch aligned,1600.0,20.0,25.0,25,500,0,0
I2_extraction_n2_ions_25mm,0,0.0,100007,100007,100007,100007,1.0,1.0,25.048653756654954,25.048653756654954,25.454204158823547,1.6190506927377113,1.6190506927377113,0.45808489373420397,1.083198956033101,I2,extraction,n2_ions,3-bunch aligned,1600.0,20.0,25.0,25,20,0,0
I2_extraction_n2_ions_25mm,0,0.0,100007,100007,100007,100007,1.0,1.0,25.048653756654954,25.048653756654954,26.06610751524832,4.061909947248354,4.061909947248354,1.146971584419649,2.7130807076466965,I2,extraction,n2_ions,3-bunch aligned,1600.0,20.0,25.0,25,50,0,0
I2_extraction_n2_ions_25mm,0,0.0,100007,100007,100007,100007,1.0,1.0,25.048653756654954,25.048653756654954,26.68221382895226,6.521548376081099,6.521548376081099,1.8380248902189587,4.349288559325302,I2,extraction,n2_ions,3-bunch aligned,1600.0,20.0,25.0,25,80,0,0
I2_extraction_n2_ions_25mm,0,0.0,100007,100007,100007,100007,1.0,1.0,25.048653756654954,25.048653756654954,27.095240358748093,8.17044549370003,8.17044549370003,2.2999637906126793,5.4525542125949045,I2,extraction,n2_ions,3-bunch aligned,1600.0,20.0,25.0,25,100,0,0
I2_extraction_n2_ions_25mm,0,0.0,100007,100007,100007,100007,1.0,1.0,25.048653756654954,25.048653756654954,28.13565810882426,12.324032988595835,12.324032988595835,3.459290982157361,8.204919112015403,I2,extraction,n2_ions,3-bunch aligned,1600.0,20.0,25.0,25,150,0,0
I2_extraction_n2_ions_25mm,0,0.0,100007,100007,100007,100007,1.0,1.0,25.048653756654954,25.048653756654954,29.18708980886487,16.521590710680044,16.521590710680044,4.625321763321966,11.000876472009807,I2,extraction,n2_ions,3-bunch aligned,1600.0,20.0,25.0,25,200,0,0
I2_extraction_n2_ions_25mm,0,0.0,100007,100007,100007,100007,1.0,1.0,25.048653756654954,25.048653756654954,30.249410003903083,20.76261781480526,20.76261781480526,5.798439666202748,13.815576631197395,I2,extraction,n2_ions,3-bunch aligned,1600.0,20.0,25.0,25,250,0,0
I2_extraction_n2_ions_25mm,0,0.0,100007,100007,100007,100007,1.0,1.0,25.048653756654954,25.048653756654954,31.322481000431598,25.046564596749256,25.046564596749256,6.979034463537413,16.677451837145398,I2,extraction,n2_ions,3-bunch aligned,1600.0,20.0,25.0,25,300,0,0
I2_extraction_n2_ions_25mm,0,0.0,100007,100007,100007,100007,1.0,1.0,25.048653756654954,25.048653756654954,33.50060198203062,33.742125654677714,33.742125654677714,9.363986493019874,22.483072834215292,I2,extraction,n2_ions,3-bunch aligned,1600.0,20.0,25.0,25,400,0,0
I2_extraction_n2_ions_25mm,0,0.0,100007,100007,100007,100007,1.0,1.0,25.048653756654954,25.048653756654954,35.722438722381426,42.612210098878656,42.612210098878656,11.784147328586226,28.459356620386593,I2,extraction,n2_ions,3-bunch aligned,1600.0,20.0,25.0,25,500,0,0
I3_injection_ions_25mm,0,0.0,99988,99988,99988,99988,1.0,1.0,24.954616645821833,24.954616645821833,29.13075442157296,16.734930594296827,16.734930594296827,4.856966145409824,12.238178301507396,I3,injection,ions,single,80.0,120.0,25.0,25,100,0,0
I3_injection_h2o_ions_25mm,0,0.0,99988,99988,99988,99988,1.0,1.0,24.954616645821833,24.954616645821833,27.534647089290125,10.338890314711646,10.338890314711646,3.0818035276655245,8.073837607438897,I3,injection,h2o_ions,single,80.0,120.0,25.0,25,100,0,0
I3_injection_n2_ions_25mm,0,0.0,99988,99988,99988,99988,1.0,1.0,24.954616645821833,24.954616645821833,27.141539583331756,8.763600613660728,8.763600613660728,2.6281718912388463,6.956939097733404,I3,injection,n2_ions,single,80.0,120.0,25.0,25,100,0,0
I3_extraction_ions_10mm,0,0.0,100007,100007,100007,100007,1.0,1.0,10.019461502661958,10.019461502661958,20.4455014197266,104.0578868863827,104.0578868863827,11.462082484358078,29.977375211094902,I3,extraction,ions,single aligned,1600.0,20.0,10.0,25,100,0,0
I3_extraction_h2o_ions_10mm,0,0.0,100007,100007,100007,100007,1.0,1.0,10.019461502661958,10.019461502661958,13.594066017071285,35.67661309402337,35.67661309402337,4.135247883256561,11.3709783113047,I3,extraction,h2o_ions,single aligned,1600.0,20.0,10.0,25,100,0,0
I3_extraction_n2_ions_10mm,0,0.0,100007,100007,100007,100007,1.0,1.0,10.019461502661958,10.019461502661958,12.878662376437667,28.536472474255035,28.536472474255035,3.3382209676645473,9.219431063994598,I3,extraction,n2_ions,single aligned,1600.0,20.0,10.0,25,100,0,0
I3_injection_ions_10mm,0,0.0,99988,99988,99988,99988,1.0,1.0,9.98184665832871,9.98184665832871,19.16405341660474,91.98905846359129,91.98905846359129,10.010231228125809,24.2256990415897,I3,injection,ions,single,80.0,120.0,10.0,25,100,0,0
I3_injection_h2o_ions_10mm,0,0.0,99988,99988,99988,99988,1.0,1.0,9.98184665832871,9.98184665832871,16.436845067234632,64.66737698800415,64.66737698800415,7.2077538022568195,18.076617449348994,I3,injection,h2o_ions,single,80.0,120.0,10.0,25,100,0,0
I3_injection_n2_ions_10mm,0,0.0,99988,99988,99988,99988,1.0,1.0,9.98184665832871,9.98184665832871,15.58452706923773,56.128696449511416,56.128696449511416,6.313016247300368,16.107995200447903,I3,injection,n2_ions,single,80.0,120.0,10.0,25,100,0,0
I1_extraction_ions_10mm,0,0.0,100007,100007,100007,100007,1.0,1.0,10.019461502661958,10.019461502661958,20.233404202138072,101.9410344234816,101.9410344234816,11.240786252222758,29.426611817900998,I1,extraction,ions,3-bunch aligned,1600.0,20.0,10,25,100,0,-4
I1_extraction_ions_10mm,0,0.0,100007,100007,100007,100007,1.0,1.0,10.019461502661958,10.019461502661958,20.28651740067855,102.47113475398706,102.47113475398706,11.296231556553153,29.596137111994395,I1,extraction,ions,3-bunch aligned,1600.0,20.0,10,25,100,0,-3
I1_extraction_ions_10mm,0,0.0,100007,100007,100007,100007,1.0,1.0,10.019461502661958,10.019461502661958,20.339897145514637,103.00389537013301,103.00389537013301,11.351892200292788,29.668673311556695,I1,extraction,ions,3-bunch aligned,1600.0,20.0,10,25,100,0,-2
I1_extraction_ions_10mm,0,0.0,100007,100007,100007,100007,1.0,1.0,10.019461502661958,10.019461502661958,20.39282887468678,103.53218453176191,103.53218453176191,11.40713339015847,29.896974388316302,I1,extraction,ions,3-bunch aligned,1600.0,20.0,10,25,100,0,-1
I1_extraction_ions_10mm,0,0.0,100007,100007,100007,100007,1.0,1.0,10.019461502661958,10.019461502661958,20.49817286893853,104.58357830400966,104.58357830400966,11.516993273147964,30.152796298868097,I1,extraction,ions,3-bunch aligned,1600.0,20.0,10,25,100,0,1
I1_extraction_ions_10mm,0,0.0,100007,100007,100007,100007,1.0,1.0,10.019461502661958,10.019461502661958,20.550538224136595,105.10621472697662,105.10621472697662,11.57163756227855,30.290821150023497,I1,extraction,ions,3-bunch aligned,1600.0,20.0,10,25,100,0,2
I1_extraction_ions_10mm,0,0.0,100007,100007,100007,100007,1.0,1.0,10.019461502661958,10.019461502661958,20.602545752689267,105.6252798338075,105.6252798338075,11.625798385421156,30.394857792523794,I1,extraction,ions,3-bunch aligned,1600.0,20.0,10,25,100,0,3
I1_extraction_ions_10mm,0,0.0,100007,100007,100007,100007,1.0,1.0,10.019461502661958,10.019461502661958,20.654567821921784,106.14449006500304,106.14449006500304,11.680025727962201,30.618317029746102,I1,extraction,ions,3-bunch aligned,1600.0,20.0,10,25,100,0,4
I1_extraction_ions_10mm,0,0.0,100007,100007,100007,100007,1.0,1.0,10.019461502661958,10.019461502661958,20.445501419726607,104.0578868863828,104.0578868863828,11.462082484358067,29.977375211094902,I1,extraction,ions,3-bunch aligned,1600.0,20.0,10,25,100,1,0
I1_extraction_ions_10mm,0,0.0,100007,100007,100007,100007,1.0,1.0,10.01946150266196,10.01946150266196,20.44550141972661,104.0578868863828,104.0578868863828,11.462082484358067,29.977375211094902,I1,extraction,ions,3-bunch aligned,1600.0,20.0,10,25,100,2,0
I1_extraction_ions_10mm,0,0.0,100007,100007,100007,100007,1.0,1.0,10.01946150266196,10.01946150266196,20.445501419726607,104.05788688638276,104.05788688638276,11.462082484358065,29.977375211094902,I1,extraction,ions,3-bunch aligned,1600.0,20.0,10,25,100,3,0
I1_extraction_ions_10mm,0,0.0,100007,100007,100007,100007,1.0,1.0,10.019461502661962,10.019461502661962,20.44550141972661,104.05788688638276,104.05788688638276,11.462082484358064,29.977375211094902,I1,extraction,ions,3-bunch aligned,1600.0,20.0,10,25,100,4,0
I1_extraction_ions_10mm,0,0.0,100007,100007,100007,100007,1.0,1.0,10.019461502661963,10.019461502661963,20.44550141972661,104.0578868863827,104.0578868863827,11.462082484358062,29.977375211094902,I1,extraction,ions,3-bunch aligned,1600.0,20.0,10,25,100,5,0
I1_extraction_ions_10mm,0,0.0,100007,100007,100007,100007,1.0,1.0,10.019461502661965,10.019461502661965,20.44550141972661,104.05788688638266,104.05788688638266,11.462082484358058,29.977375211094902,I1,extraction,ions,3-bunch aligned,1600.0,20.0,10,25,100,6,0
I1_extraction_ions_10mm,0,0.0,100007,100007,100007,100007,1.0,1.0,10.019461502661967,10.019461502661967,20.44550141972661,104.05788688638262,104.05788688638262,11.462082484358058,29.977375211094902,I1,extraction,ions,3-bunch aligned,1600.0,20.0,10,25,100,7,0
I1_extraction_ions_10mm,0,0.0,100007,100007,100007,100007,1.0,1.0,10.01946150266197,10.01946150266197,20.44550141972661,104.05788688638258,104.05788688638258,11.462082484358055,29.977375211094902,I1,extraction,ions,3-bunch aligned,1600.0,20.0,10,25,100,8,0
I1_extraction_ions_10mm,0,0.0,100007,100007,100007,100007,1.0,1.0,10.019461502661972,10.019461502661972,20.44550141972661,104.05788688638253,104.05788688638253,11.462082484358053,29.977375211094902,I1,extraction,ions,3-bunch aligned,1600.0,20.0,10,25,100,9,0
I1_extraction_h2o_ions_10mm,0,0.0,100007,100007,100007,100007,1.0,1.0,10.019461502661958,10.019461502661958,14.015540239272255,39.88316872666884,39.88316872666884,4.468427740116921,11.631658633480804,I1,extraction,h2o_ions,3-bunch aligned,1600.0,20.0,10,25,100,0,-4
I1_extraction_h2o_ions_10mm,0,0.0,100007,100007,100007,100007,1.0,1.0,10.019461502661958,10.019461502661958,14.038354975282104,40.11087294015163,40.11087294015163,4.492338617885336,11.696934029046002,I1,extraction,h2o_ions,3-bunch aligned,1600.0,20.0,10,25,100,0,-3
I1_extraction_h2o_ions_10mm,0,0.0,100007,100007,100007,100007,1.0,1.0,10.019461502661958,10.019461502661958,14.061118870713193,40.33806973535905,40.33806973535905,4.516190946336334,11.755765059619897,I1,extraction,h2o_ions,3-bunch aligned,1600.0,20.0,10,25,100,0,-2
I1_extraction_h2o_ions_10mm,0,0.0,100007,100007,100007,100007,1.0,1.0,10.019461502661958,10.019461502661958,14.083724063594785,40.563682587662406,40.563682587662406,4.539868881032352,11.7948471223938,I1,extraction,h2o_ions,3-bunch aligned,1600.0,20.0,10,25,100,0,-1
I1_extraction_h2o_ions_10mm,0,0.0,100007,100007,100007,100007,1.0,1.0,10.019461502661958,10.019461502661958,14.128717647867232,41.012744488449115,41.012744488449115,4.587010916888534,11.925397913524304,I1,extraction,h2o_ions,3-bunch aligned,1600.0,20.0,10,25,100,0,1
I1_extraction_h2o_ions_10mm,0,0.0,100007,100007,100007,100007,1.0,1.0,10.019461502661958,10.019461502661958,14.151093481989145,41.23606820815171,41.23606820815171,4.610451168620235,11.990673309089502,I1,extraction,h2o_ions,3-bunch aligned,1600.0,20.0,10,25,100,0,2
I1_extraction_h2o_ions_10mm,0,0.0,100007,100007,100007,100007,1.0,1.0,10.019461502661958,10.019461502661958,14.173394815347308,41.45864836729736,41.45864836729736,4.633798031036547,12.0490082709548,I1,extraction,h2o_ions,3-bunch aligned,1600.0,20.0,10,25,100,0,3
I1_extraction_h2o_ions_10mm,0,0.0,100007,100007,100007,100007,1.0,1.0,10.019461502661958,10.019461502661958,14.195548782785309,41.67975772963302,41.67975772963302,4.657004471968397,12.0885864024373,I1,extraction,h2o_ions,3-bunch aligned,1600.0,20.0,10,25,100,0,4
I1_extraction_h2o_ions_10mm,0,0.0,100007,100007,100007,100007,1.0,1.0,10.019461502661958,10.019461502661958,14.106265686011254,40.788660970088245,40.788660970088245,4.5634833208814,11.860122517959,I1,extraction,h2o_ions,3-bunch aligned,1600.0,20.0,10,25,100,1,0
I1_extraction_h2o_ions_10mm,0,0.0,100007,100007,100007,100007,1.0,1.0,10.01946150266196,10.01946150266196,14.106265686011254,40.788660970088216,40.788660970088216,4.5634833208814,11.860122517958999,I1,extraction,h2o_ions,3-bunch aligned,1600.0,20.0,10,25,100,2,0
I1_extraction_h2o_ions_10mm,0,0.0,100007,100007,100007,100007,1.0,1.0,10.01946150266196,10.01946150266196,14.106265686011254,40.788660970088216,40.788660970088216,4.563483320881399,11.860122517959,I1,extraction,h2o_ions,3-bunch aligned,1600.0,20.0,10,25,100,3,0
I1_extraction_h2o_ions_10mm,0,0.0,100007,100007,100007,100007,1.0,1.0,10.019461502661962,10.019461502661962,14.106265686011255,40.788660970088216,40.788660970088216,4.5634833208813985,11.860122517958999,I1,extraction,h2o_ions,3-bunch aligned,1600.0,20.0,10,25,100,4,0
I1_extraction_h2o_ions_10mm,0,0.0,100007,100007,100007,100007,1.0,1.0,10.019461502661963,10.019461502661963,14.106265686011255,40.788660970088195,40.788660970088195,4.563483320881397,11.860122517959,I1,extraction,h2o_ions,3-bunch aligned,1600.0,20.0,10,25,100,5,0
I1_extraction_h2o_ions_10mm,0,0.0,100007,100007,100007,100007,1.0,1.0,10.019461502661965,10.019461502661965,14.106265686011255,40.78866097008817,40.78866097008817,4.563483320881396,11.860122517958999,I1,extraction,h2o_ions,3-bunch aligned,1600.0,20.0,10,25,100,6,0
I1_extraction_h2o_ions_10mm,0,0.0,100007,100007,100007,100007,1.0,1.0,10.019461502661967,10.019461502661967,14.106265686011257,40.78866097008815,40.78866097008815,4.563483320881394,11.860122517959,I1,extraction,h2o_ions,3-bunch aligned,1600.0,20.0,10,25,100,7,0
I1_extraction_h2o_ions_10mm,0,0.0,100007,100007,100007,100007,1.0,1.0,10.01946150266197,10.01946150266197,14.106265686011259,40.78866097008813,40.78866097008813,4.563483320881393,11.860122517958999,I1,extraction,h2o_ions,3-bunch aligned,1600.0,20.0,10,25,100,8,0
I1_extraction_h2o_ions_10mm,0,0.0,100007,100007,100007,100007,1.0,1.0,10.019461502661972,10.019461502661972,14.10626568601126,40.78866097008813,40.78866097008813,4.563483320881391,11.860122517958999,I1,extraction,h2o_ions,3-bunch aligned,1600.0,20.0,10,25,100,9,0
I1_extraction_n2_ions_10mm,0,0.0,100007,100007,100007,100007,1.0,1.0,10.019461502661958,10.019461502661958,13.93486060097716,39.07793944090672,39.07793944090672,4.295295039608075,10.2630049385265,I1,extraction,n2_ions,3-bunch aligned,1600.0,20.0,10,25,100,0,-4
I1_extraction_n2_ions_10mm,0,0.0,100007,100007,100007,100007,1.0,1.0,10.019461502661958,10.019461502661958,13.958288844958945,39.31176681751334,39.31176681751334,4.319694517286522,10.3104988422164,I1,extraction,n2_ions,3-bunch aligned,1600.0,20.0,10,25,100,0,-3
I1_extraction_n2_ions_10mm,0,0.0,100007,100007,100007,100007,1.0,1.0,10.019461502661958,10.019461502661958,13.98167484487625,39.54517257401125,39.54517257401125,4.344050841607774,10.357993301984703,I1,extraction,n2_ions,3-bunch aligned,1600.0,20.0,10,25,100,0,-2
I1_extraction_n2_ions_10mm,0,0.0,100007,100007,100007,100007,1.0,1.0,10.019461502661958,10.019461502661958,14.004968441490053,39.7776560922883,39.7776560922883,4.368284920303705,10.410415427489497,I1,extraction,n2_ions,3-bunch aligned,1600.0,20.0,10,25,100,0,-1
I1_extraction_n2_ions_10mm,0,0.0,100007,100007,100007,100007,1.0,1.0,10.019461502661958,10.019461502661958,14.051291619645774,40.23998810627343,40.23998810627343,4.416489665046537,10.52423451009,I1,extraction,n2_ions,3-bunch aligned,1600.0,20.0,10,25,100,0,1
I1_extraction_n2_ions_10mm,0,0.0,100007,100007,100007,100007,1.0,1.0,10.019461502661958,10.019461502661958,14.074364830210662,40.47027204477409,40.47027204477409,4.440493066997195,10.571738269799898,I1,extraction,n2_ions,3-bunch aligned,1600.0,20.0,10,25,100,0,2
I1_extraction_n2_ions_10mm,0,0.0,100007,100007,100007,100007,1.0,1.0,10.019461502661958,10.019461502661958,14.097370629020343,40.69988317510849,40.69988317510849,4.464426739604478,10.6192472369714,I1,extraction,n2_ions,3-bunch aligned,1600.0,20.0,10,25,100,0,3
I1_extraction_n2_ions_10mm,0,0.0,100007,100007,100007,100007,1.0,1.0,10.019461502661958,10.019461502661958,14.120239084668121,40.928123541536365,40.928123541536365,4.488211799727134,10.672200096097999,I1,extraction,n2_ions,3-bunch aligned,1600.0,20.0,10,25,100,0,4
I1_extraction_n2_ions_10mm,0,0.0,100007,100007,100007,100007,1.0,1.0,10.019461502661958,10.019461502661958,14.028169424657891,40.00921527500161,40.00921527500161,4.392423414232891,10.4579904304571,I1,extraction,n2_ions,3-bunch aligned,1600.0,20.0,10,25,100,1,0
I1_extraction_n2_ions_10mm,0,0.0,100007,100007,100007,100007,1.0,1.0,10.01946150266196,10.01946150266196,14.028169424657893,40.00921527500159,40.00921527500159,4.39242341423289,10.457990430457098,I1,extraction,n2_ions,3-bunch aligned,1600.0,20.0,10,25,100,2,0
I1_extraction_n2_ions_10mm,0,0.0,100007,100007,100007,100007,1.0,1.0,10.01946150266196,10.01946150266196,14.028169424657893,40.00921527500159,40.00921527500159,4.392423414232889,10.4579904304571,I1,extraction,n2_ions,3-bunch aligned,1600.0,20.0,10,25,100,3,0
I1_extraction_n2_ions_10mm,0,0.0,100007,100007,100007,100007,1.0,1.0,10.019461502661962,10.019461502661962,14.028169424657893,40.009215275001566,40.009215275001566,4.392423414232887,10.457990430457102,I1,extraction,n2_ions,3-bunch aligned,1600.0,20.0,10,25,100,4,0
I1_extraction_n2_ions_10mm,0,0.0,100007,100007,100007,100007,1.0,1.0,10.019461502661963,10.019461502661963,14.028169424657895,40.009215275001566,40.009215275001566,4.392423414232886,10.4579904304571,I1,extraction,n2_ions,3-bunch aligned,1600.0,20.0,10,25,100,5,0
I1_extraction_n2_ions_10mm,0,0.0,100007,100007,100007,100007,1.0,1.0,10.019461502661965,10.019461502661965,14.028169424657897,40.009215275001566,40.009215275001566,4.392423414232885,10.457990430457098,I1,extraction,n2_ions,3-bunch aligned,1600.0,20.0,10,25,100,6,0
I1_extraction_n2_ions_10mm,0,0.0,100007,100007,100007,100007,1.0,1.0,10.019461502661967,10.019461502661967,14.028169424657897,40.009215275001544,40.009215275001544,4.3924234142328835,10.4579904304571,I1,extraction,n2_ions,3-bunch aligned,1600.0,20.0,10,25,100,7,0
I1_extraction_n2_ions_10mm,0,0.0,100007,100007,100007,100007,1.0,1.0,10.01946150266197,10.01946150266197,14.028169424657898,40.009215275001495,40.009215275001495,4.392423414232882,10.457990430457102,I1,extraction,n2_ions,3-bunch aligned,1600.0,20.0,10,25,100,8,0
I1_extraction_n2_ions_10mm,0,0.0,100007,100007,100007,100007,1.0,1.0,10.019461502661972,10.019461502661972,14.0281694246579,40.009215275001495,40.009215275001495,4.39242341423288,10.4579904304571,I1,extraction,n2_ions,3-bunch aligned,1600.0,20.0,10,25,100,9,0
I2_extraction_h2o_ions_4mm,0,0.0,100007,100007,100007,100007,1.0,1.0,4.00778460106476,4.00778460106476,14.191006873858132,254.08606715261013,254.08606715261013,10.735204784052899,28.8414336883604,I2,extraction,h2o_ions,3-bunch aligned,1600.0,20.0,4,25,100,0,0
I2_extraction_n2_ions_4mm,0,0.0,100007,100007,100007,100007,1.0,1.0,4.00778460106476,4.00778460106476,12.602590244798213,214.45278375115385,214.45278375115385,9.077617999966256,23.997650077061103,I2,extraction,n2_ions,3-bunch aligned,1600.0,20.0,4,25,100,0,0
I2_extraction_h2o_ions_6mm,0,0.0,100007,100007,100007,100007,1.0,1.0,6.011676901597159,6.011676901597159,12.658332764344921,110.56242661647211,110.56242661647211,7.227763217448283,19.339498372857197,I2,extraction,h2o_ions,3-bunch aligned,1600.0,20.0,6,25,100,0,0
I2_extraction_n2_ions_6mm,0,0.0,100007,100007,100007,100007,1.0,1.0,6.011676901597159,6.011676901597159,11.891026730044384,97.79883258338819,97.79883258338819,6.345980955968385,16.3366120928076,I2,extraction,n2_ions,3-bunch aligned,1600.0,20.0,6,25,100,0,0
I2_extraction_h2o_ions_8mm,0,0.0,100007,100007,100007,100007,1.0,1.0,8.015569202129559,8.015569202129559,13.012529774498118,62.34068281814569,62.34068281814569,5.5350801669406104,14.654168113751199,I2,extraction,h2o_ions,3-bunch aligned,1600.0,20.0,8,25,100,0,0
I2_extraction_n2_ions_8mm,0,0.0,100007,100007,100007,100007,1.0,1.0,8.015569202129559,8.015569202129559,12.697120449256003,58.40572427323889,58.40572427323889,5.100715797926219,12.598578801915298,I2,extraction,n2_ions,3-bunch aligned,1600.0,20.0,8,25,100,0,0
I2_extraction_h2o_ions_9mm,0,0.0,100007,100007,100007,100007,1.0,1.0,9.017515352395758,9.017515352395758,13.499418894932889,49.702200300068085,49.702200300068085,4.989413054248173,13.105709510566601,I2,extraction,h2o_ions,3-bunch aligned,1600.0,20.0,9,25,100,0,0
I2_extraction_n2_ions_9mm,0,0.0,100007,100007,100007,100007,1.0,1.0,9.017515352395758,9.017515352395758,13.324170438626231,47.758777422943766,47.758777422943766,4.706347773093421,11.412817306596699,I2,extraction,n2_ions,3-bunch aligned,1600.0,20.0,9,25,100,0,0
I2_extraction_h2o_ions_11mm,0,0.0,100007,100007,100007,100007,1.0,1.0,11.02140765292816,11.02140765292816,14.797212918699785,34.25882958578772,34.25882958578772,4.223792512136389,10.8728579762912,I2,extraction,h2o_ions,3-bunch aligned,1600.0,20.0,11,25,100,0,0
I2_extraction_n2_ions_11mm,0,0.0,100007,100007,100007,100007,1.0,1.0,11.02140765292816,11.02140765292816,14.782596174138638,34.12620819094019,34.12620819094019,4.1315335021899555,9.723093357990603,I2,extraction,n2_ions,3-bunch aligned,1600.0,20.0,11,25,100,0,0
I2_extraction_h2o_ions_12mm,0,0.0,100007,100007,100007,100007,1.0,1.0,12.02335380319436,12.02335380319436,15.548214385819293,29.316783322873285,29.316783322873285,3.9474133974333707,10.034824753135698,I2,extraction,h2o_ions,3-bunch aligned,1600.0,20.0,12,25,100,0,0
I2_extraction_n2_ions_12mm,0,0.0,100007,100007,100007,100007,1.0,1.0,12.02335380319436,12.02335380319436,15.571988519786418,29.514516287870187,29.514516287870187,3.90727863603164,9.118528348917302,I2,extraction,n2_ions,3-bunch aligned,1600.0,20.0,12,25,100,0,0
I2_extraction_h2o_ions_13mm,0,0.0,100007,100007,100007,100007,1.0,1.0,13.025299953460559,13.025299953460559,16.34274576881988,25.46924698250763,25.46924698250763,3.7180962401178026,9.3571185636917,I2,extraction,h2o_ions,3-bunch aligned,1600.0,20.0,13,25,100,0,0
I2_extraction_n2_ions_13mm,0,0.0,100007,100007,100007,100007,1.0,1.0,13.025299953460559,13.025299953460559,16.386853289766208,25.807876581088273,25.807876581088273,3.709556564849499,8.6190730744779,I2,extraction,n2_ions,3-bunch aligned,1600.0,20.0,13,25,100,0,0
I2_extraction_h2o_ions_14mm,0,0.0,100007,100007,100007,100007,1.0,1.0,14.027246103726757,14.027246103726757,17.169264000810976,22.399392395699458,22.399392395699458,3.524052384109052,8.763693905010602,I2,extraction,h2o_ions,3-bunch aligned,1600.0,20.0,14,25,100,0,0
I2_extraction_n2_ions_14mm,0,0.0,100007,100007,100007,100007,1.0,1.0,14.027246103726757,14.027246103726757,17.221456864780922,22.771474439345063,22.771474439345063,3.532254541149847,8.198224023445501,I2,extraction,n2_ions,3-bunch aligned,1600.0,20.0,14,25,100,0,0
I2_extraction_h2o_ions_16mm,0,0.0,100007,100007,100007,100007,1.0,1.0,16.031138404259156,16.031138404259156,18.888676999796964,17.82492623716989,17.82492623716989,3.2103971772947335,7.824412211589703,I2,extraction,h2o_ions,3-bunch aligned,1600.0,20.0,16,25,100,0,0
I2_extraction_n2_ions_16mm,0,0.0,100007,100007,100007,100007,1.0,1.0,16.031138404259156,16.031138404259156,18.935654361154516,18.11796444926013,18.11796444926013,3.224005230059187,7.514742531419802,I2,extraction,n2_ions,3-bunch aligned,1600.0,20.0,16,25,100,0,0
I2_extraction_h2o_ions_17mm,0,0.0,100007,100007,100007,100007,1.0,1.0,17.033084554525356,17.033084554525356,19.771824150711446,16.0789408836608,16.0789408836608,3.0800391360704578,7.4618001099827005,I2,extraction,h2o_ions,3-bunch aligned,1600.0,20.0,17,25,100,0,0
I2_extraction_n2_ions_17mm,0,0.0,100007,100007,100007,100007,1.0,1.0,17.033084554525356,17.033084554525356,19.810789496492436,16.307703593411095,16.307703593411095,3.088445879522117,7.215211994561798,I2,extraction,n2_ions,3-bunch aligned,1600.0,20.0,17,25,100,0,0
I2_extraction_h2o_ions_18mm,0,0.0,100007,100007,100007,100007,1.0,1.0,18.035030704791556,18.035030704791556,20.66635710541318,14.590085504664717,14.590085504664717,2.962539143027236,7.145803511790994,I2,extraction,h2o_ions,3-bunch aligned,1600.0,20.0,18,25,100,0,0
I2_extraction_n2_ions_18mm,0,0.0,100007,100007,100007,100007,1.0,1.0,18.035030704791556,18.035030704791556,20.695892220813533,14.753850767301646,14.753850767301646,2.9631995987309288,6.938010540344301,I2,extraction,n2_ions,3-bunch aligned,1600.0,20.0,18,25,100,0,0
I2_extraction_h2o_ions_19mm,0,0.0,100007,100007,100007,100007,1.0,1.0,19.03697685505776,19.03697685505776,21.570133990926646,13.306509511229848,13.306509511229848,2.855424758255921,6.867799384164602,I2,extraction,h2o_ions,3-bunch aligned,1600.0,20.0,19,25,100,0,0
I2_extraction_n2_ions_19mm,0,0.0,100007,100007,100007,100007,1.0,1.0,19.03697685505776,19.03697685505776,21.589826238354494,13.40995160488674,13.40995160488674,2.847125246015481,6.680355385681196,I2,extraction,n2_ions,3-bunch aligned,1600.0,20.0,19,25,100,0,0
