family,b_gs,b_t,n_sc_on,n_sc_off,n_all_on,n_all_off,detected_frac_on,detected_frac_off,sigma_initial_mm,sigma_sc_off_mm,sigma_sc_on_mm,expansion_vs_no_sc_pct,expansion_vs_initial_pct,rms_particle_dx_mm,max_abs_particle_dx_mm,species,species_label,beam,power_kw,sigma_x_mm
injection_ions,0,0.0,99988,99988,99988,99988,1.0,1.0,2.9945539974985853,2.9945539974985853,28.260701474379623,843.736579737296,843.736579737296,25.897000876702094,62.463246113658606,ions,H₂⁺,injection,100,3
injection_ions,0,0.0,99988,99988,99988,99988,1.0,1.0,3.9927386633314605,3.9927386633314605,23.716162096523757,493.9823288292921,493.9823288292921,20.406684487209684,48.80955820780619,ions,H₂⁺,injection,100,4
injection_ions,0,0.0,99988,99988,99988,99988,1.0,1.0,4.990923329164335,4.990923329164335,21.336587578219927,327.50782111879204,327.50782111879204,17.074689468767364,40.900071670847495,ions,H₂⁺,injection,100,5
injection_ions,0,0.0,99988,99988,99988,99988,1.0,1.0,5.989107994997211,5.989107994997211,20.033046631192946,234.49132404903773,234.49132404903773,14.809760155729242,35.46118057664,ions,H₂⁺,injection,100,6
injection_ions,0,0.0,99988,99988,99988,99988,1.0,1.0,6.987292660830085,6.987292660830085,19.345520124663416,176.86717966047217,176.86717966047217,13.151385173851054,31.583618834429902,ions,H₂⁺,injection,100,7
injection_ions,0,0.0,99988,99988,99988,99988,1.0,1.0,7.98547732666296,7.98547732666296,19.046494194961742,138.51416034163427,138.51416034163427,11.872791879787814,28.589824927406802,ions,H₂⁺,injection,100,8
injection_ions,0,0.0,99988,99988,99988,99988,1.0,1.0,8.983661992495835,8.983661992495835,19.011352888755937,111.62141790993871,111.62141790993871,10.850648916376436,26.1766704491452,ions,H₂⁺,injection,100,9
injection_ions,0,0.0,99988,99988,99988,99988,1.0,1.0,9.98184665832871,9.98184665832871,19.164032980973783,91.98885373563206,91.98885373563206,10.010209674958533,24.225669845188,ions,H₂⁺,injection,100,10
injection_ions,0,0.0,99988,99988,99988,99988,1.0,1.0,10.980031324161585,10.980031324161585,19.456781285248578,77.20150982114127,77.20150982114127,9.305056139624433,22.560291368187798,ions,H₂⁺,injection,100,11
injection_ions,0,0.0,99988,99988,99988,99988,1.0,1.0,11.97821598999446,11.97821598999446,19.855388888348838,65.76248837835507,65.76248837835507,8.701967568641178,21.108177655721498,ions,H₂⁺,injection,100,12
injection_ions,0,0.0,99988,99988,99988,99988,1.0,1.0,12.976400655827335,12.976400655827335,20.337799874288603,56.729130162573014,56.729130162573014,8.179925273835181,19.8935598648063,ions,H₂⁺,injection,100,13
injection_ions,0,0.0,99988,99988,99988,99988,1.0,1.0,13.974585321660209,13.974585321660209,20.886787749380552,49.4626657508515,49.4626657508515,7.722304232439923,18.8378022637145,ions,H₂⁺,injection,100,14
injection_ions,0,0.0,99988,99988,99988,99988,1.0,1.0,14.972769987493084,14.972769987493084,21.489983798536844,43.52710832055564,43.52710832055564,7.317320669769112,17.913292221443502,ions,H₂⁺,injection,100,15
injection_ions,0,0.0,99988,99988,99988,99988,1.0,1.0,15.970954653325961,15.970954653325961,22.13764373332402,38.61190025177261,38.61190025177261,6.955842188483086,17.092854469217006,ions,H₂⁺,injection,100,16
injection_ions,0,0.0,99988,99988,99988,99988,1.0,1.0,16.969139319158835,16.969139319158835,22.822252078577904,34.492690815559946,34.492690815559946,6.630497288353286,16.3146926555523,ions,H₂⁺,injection,100,17
injection_ions,0,0.0,99988,99988,99988,99988,1.0,1.0,17.967323984991708,17.967323984991708,23.53837513764827,31.00657147002035,31.00657147002035,6.336157340087634,15.630736726722404,ions,H₂⁺,injection,100,18
injection_ions,0,0.0,99988,99988,99988,99988,1.0,1.0,18.965508650824585,18.965508650824585,24.28137137830264,28.029107077214775,28.029107077214775,6.068684247601376,15.028961860025102,ions,H₂⁺,injection,100,19
injection_ions,0,0.0,99988,99988,99988,99988,1.0,1.0,19.963693316657462,19.963693316657462,25.047469685939337,25.465109529808473,25.465109529808473,5.824175239765372,14.471622202915704,ions,H₂⁺,injection,100,20
injection_ions,200,0.02,99988,99988,99988,99988,1.0,1.0,2.9945539974985853,2.9945539974985853,28.135578602792183,839.5582322540996,839.5582322540996,25.771236345742818,62.095034090948,ions,H₂⁺,injection,100,3
injection_ions,200,0.02,99988,99988,99988,99988,1.0,1.0,3.9927386633314605,3.9927386633314605,23.62268108228559,491.64105327583104,491.64105327583104,20.31254167974322,48.5565898115084,ions,H₂⁺,injection,100,4
injection_ions,200,0.02,99988,99988,99988,99988,1.0,1.0,4.990923329164335,4.990923329164335,21.260443591504764,325.9821718211918,325.9821718211918,16.997710888795055,40.6984129448977,ions,H₂⁺,injection,100,5
injection_ions,200,0.02,99988,99988,99988,99988,1.0,1.0,5.989107994997211,5.989107994997211,19.96827831317595,233.40988891594114,233.40988891594114,14.743932389348618,35.2908209666155,ions,H₂⁺,injection,100,6
injection_ions,200,0.02,99988,99988,99988,99988,1.0,1.0,6.987292660830085,6.987292660830085,19.288942057865818,176.05745163641546,176.05745163641546,13.093507670835848,31.4339315177013,ions,H₂⁺,injection,100,7
injection_ions,200,0.02,99988,99988,99988,99988,1.0,1.0,7.98547732666296,7.98547732666296,18.99620689586381,137.8844259245065,137.8844259245065,11.820982687647417,28.457130263417206,ions,H₂⁺,injection,100,8
injection_ions,200,0.02,99988,99988,99988,99988,1.0,1.0,8.983661992495835,8.983661992495835,18.96606529594405,111.11730730504598,111.11730730504598,10.803621616531641,26.0549527297176,ions,H₂⁺,injection,100,9
injection_ions,200,0.02,99988,99988,99988,99988,1.0,1.0,9.98184665832871,9.98184665832871,19.122859252188363,91.57636764768895,91.57636764768895,9.9671093015538,24.1142782140261,ions,H₂⁺,injection,100,10
injection_ions,200,0.02,99988,99988,99988,99988,1.0,1.0,10.980031324161585,10.980031324161585,19.418985539612123,76.8572872545509,76.8572872545509,9.265170915338699,22.456748261387894,ions,H₂⁺,injection,100,11
injection_ions,200,0.02,99988,99988,99988,99988,1.0,1.0,11.97821598999446,11.97821598999446,19.82048835820295,65.47112169925163,65.47112169925163,8.66484416559862,21.012134849661905,ions,H₂⁺,injection,100,12
injection_ions,200,0.02,99988,99988,99988,99988,1.0,1.0,12.976400655827335,12.976400655827335,20.30538772431803,56.47935250210894,56.47935250210894,8.145174315642908,19.8025663377012,ions,H₂⁺,injection,100,13
injection_ions,200,0.02,99988,99988,99988,99988,1.0,1.0,13.974585321660209,13.974585321660209,20.8565167660972,49.2460512139147,49.2460512139147,7.689601297199518,18.7515677796626,ions,H₂⁺,injection,100,14
injection_ions,200,0.02,99988,99988,99988,99988,1.0,1.0,14.972769987493084,14.972769987493084,21.46158536332712,43.33744110978939,43.33744110978939,7.28641684107171,17.832125468037997,ions,H₂⁺,injection,100,15
injection_ions,200,0.02,99988,99988,99988,99988,1.0,1.0,15.970954653325961,15.970954653325961,22.11091290445465,38.44452873610808,38.44452873610808,6.926544161153326,17.015394568909198,ions,H₂⁺,injection,100,16
injection_ions,200,0.02,99988,99988,99988,99988,1.0,1.0,16.969139319158835,16.969139319158835,22.796996193154023,34.34385659981767,34.34385659981767,6.602628293985099,16.241933217588198,ions,H₂⁺,injection,100,17
injection_ions,200,0.02,99988,99988,99988,99988,1.0,1.0,17.967323984991708,17.967323984991708,23.514420795702318,30.87324976910395,30.87324976910395,6.309552631808643,15.560591332650702,ions,H₂⁺,injection,100,18
injection_ions,200,0.02,99988,99988,99988,99988,1.0,1.0,18.965508650824585,18.965508650824585,24.258605351361425,27.9090679716977,27.9090679716977,6.043240817428619,14.959946139246203,ions,H₂⁺,injection,100,19
injection_ions,200,0.02,99988,99988,99988,99988,1.0,1.0,19.963693316657462,19.963693316657462,25.025767832463217,25.356402923611434,25.356402923611434,5.799776674139512,14.406511688048006,ions,H₂⁺,injection,100,20
injection_ions,1000,0.1,99988,99988,99988,99988,1.0,1.0,2.9945539974985853,2.9945539974985853,25.258485353729174,743.4807111452365,743.4807111452365,22.8784529911004,53.696055214246,ions,H₂⁺,injection,100,3
injection_ions,1000,0.1,99988,99988,99988,99988,1.0,1.0,3.9927386633314605,3.9927386633314605,21.466814003554404,437.6463578921774,437.6463578921774,18.14027039580911,42.75266488863019,ions,H₂⁺,injection,100,4
injection_ions,1000,0.1,99988,99988,99988,99988,1.0,1.0,4.990923329164335,4.990923329164335,19.50342198989199,290.77783214829674,290.77783214829674,15.219925457933059,35.9616397477755,ions,H₂⁺,injection,100,5
injection_ions,1000,0.1,99988,99988,99988,99988,1.0,1.0,5.989107994997211,5.989107994997211,18.473605385266005,208.45336902752925,208.45336902752925,13.223005387201358,31.3406216970038,ions,H₂⁺,injection,100,6
injection_ions,1000,0.1,99988,99988,99988,99988,1.0,1.0,6.987292660830085,6.987292660830085,17.983843431012687,157.3792784124806,157.3792784124806,11.756437246359745,27.9709240410004,ions,H₂⁺,injection,100,7
injection_ions,1000,0.1,99988,99988,99988,99988,1.0,1.0,7.98547732666296,7.98547732666296,17.836199374831466,123.35796152444915,123.35796152444915,10.623559723330093,25.3919765157195,ions,H₂⁺,injection,100,8
injection_ions,1000,0.1,99988,99988,99988,99988,1.0,1.0,8.983661992495835,8.983661992495835,17.921553507082695,99.49051424745046,99.49051424745046,9.716753567770885,23.2630108444421,ions,H₂⁺,injection,100,9
injection_ions,1000,0.1,99988,99988,99988,99988,1.0,1.0,9.98184665832871,9.98184665832871,18.17292230124564,82.05972224670887,82.05972224670887,8.970522525702576,21.5410687533537,ions,H₂⁺,injection,100,10
injection_ions,1000,0.1,99988,99988,99988,99988,1.0,1.0,10.980031324161585,10.980031324161585,18.547644499893313,68.92159914953227,68.92159914953227,8.343542248306512,20.0885647171656,ions,H₂⁺,injection,100,11
injection_ions,1000,0.1,99988,99988,99988,99988,1.0,1.0,11.97821598999446,11.97821598999446,19.015980952874077,58.75470077312299,58.75470077312299,7.8070159242667145,18.798044224979506,ions,H₂⁺,injection,100,12
injection_ions,1000,0.1,99988,99988,99988,99988,1.0,1.0,12.976400655827335,12.976400655827335,19.558029187335595,50.71998550347345,50.71998550347345,7.341998969681924,17.738690321578897,ions,H₂⁺,injection,100,13
injection_ions,1000,0.1,99988,99988,99988,99988,1.0,1.0,13.974585321660209,13.974585321660209,20.158758559600855,44.25299996813039,44.25299996813039,6.934032412578883,16.792501200738492,ions,H₂⁺,injection,100,14
injection_ions,1000,0.1,99988,99988,99988,99988,1.0,1.0,14.972769987493084,14.972769987493084,20.807162271930324,38.96668611960759,38.96668611960759,6.572621300018331,15.963190700034797,ions,H₂⁺,injection,100,15
injection_ions,1000,0.1,99988,99988,99988,99988,1.0,1.0,15.970954653325961,15.970954653325961,21.49474846939268,34.58649740087005,34.58649740087005,6.249777498945265,15.232991307471504,ions,H₂⁺,injection,100,16
injection_ions,1000,0.1,99988,99988,99988,99988,1.0,1.0,16.969139319158835,16.969139319158835,22.21487388089639,30.913380243244948,30.913380243244948,5.958982731552621,14.566323621408898,ions,H₂⁺,injection,100,17
injection_ions,1000,0.1,99988,99988,99988,99988,1.0,1.0,17.967323984991708,17.967323984991708,22.962662769782828,27.80235269850857,27.80235269850857,5.695626669688397,13.954054731359207,ions,H₂⁺,injection,100,18
injection_ions,1000,0.1,99988,99988,99988,99988,1.0,1.0,18.965508650824585,18.965508650824585,23.73410310435086,25.143509416600573,25.143509416600573,5.4560736604954805,13.402477028753903,ions,H₂⁺,injection,100,19
injection_ions,1000,0.1,99988,99988,99988,99988,1.0,1.0,19.963693316657462,19.963693316657462,24.525818275330877,22.85210900763954,22.85210900763954,5.236843050481207,12.907528766663106,ions,H₂⁺,injection,100,20
injection_ions,0,0.0,95354,99988,99988,99988,0.9536544385326239,1.0,3.0353975510367315,2.9945539974985853,51.16653584870501,1608.6529710750085,1585.661762204072,51.15629004018136,121.2779650836807,ions,H₂⁺,injection,200,3
injection_ions,0,0.0,99566,99988,99988,99988,0.9957794935392247,1.0,4.000174930514223,3.9927386633314605,47.609463239345935,1092.4011876004317,1090.1845310856374,47.492606931859086,120.85687776347109,ions,H₂⁺,injection,200,4
injection_ions,0,0.0,99988,99988,99988,99988,1.0,1.0,4.990923329164335,4.990923329164335,41.83153439379513,738.1522142276483,738.1522142276483,37.99536245332092,96.5893570074159,ions,H₂⁺,injection,200,5
injection_ions,0,0.0,99988,99988,99988,99988,1.0,1.0,5.989107994997211,5.989107994997211,37.18872441134114,520.9392858236223,520.9392858236223,32.406240478783765,81.2848191310661,ions,H₂⁺,injection,200,6
injection_ions,0,0.0,99988,99988,99988,99988,1.0,1.0,6.987292660830085,6.987292660830085,34.053958466362566,387.3698601071188,387.3698601071188,28.306813319243172,70.38352223550869,ions,H₂⁺,injection,200,7
injection_ions,0,0.0,99988,99988,99988,99988,1.0,1.0,7.98547732666296,7.98547732666296,31.952565042037424,300.1334389285661,300.1334389285661,25.236406670811167,62.50747195406209,ions,H₂⁺,injection,200,8
injection_ions,0,0.0,99988,99988,99988,99988,1.0,1.0,8.983661992495835,8.983661992495835,30.536013303051504,239.90607982088616,239.90607982088616,22.847033631647882,56.560189023525595,ions,H₂⁺,injection,200,9
injection_ions,0,0.0,99988,99988,99988,99988,1.0,1.0,9.98184665832871,9.98184665832871,29.59122636055935,196.45042018221002,196.45042018221002,20.92471288884578,51.7122105607486,ions,H₂⁺,injection,200,10
injection_ions,0,0.0,99988,99988,99988,99988,1.0,1.0,10.980031324161585,10.980031324161585,28.988676233857927,164.01269156735717,164.01269156735717,19.339982889813886,47.8268433259269,ions,H₂⁺,injection,200,11
injection_ions,0,0.0,99988,99988,99988,99988,1.0,1.0,11.97821598999446,11.97821598999446,28.640664069309125,139.10625833791107,139.10625833791107,18.00501581272026,44.5374340393032,ions,H₂⁺,injection,200,12
injection_ions,0,0.0,99988,99988,99988,99988,1.0,1.0,12.976400655827335,12.976400655827335,28.48845153759899,119.5404742285422,119.5404742285422,16.8615815957757,41.8271190045754,ions,H₂⁺,injection,200,13
injection_ions,0,0.0,99988,99988,99988,99988,1.0,1.0,13.974585321660209,13.974585321660209,28.49272279988447,103.8895762847543,103.8895762847543,15.870979201898864,39.438100973983595,ions,H₂⁺,injection,200,14
injection_ions,0,0.0,99988,99988,99988,99988,1.0,1.0,14.972769987493084,14.972769987493084,28.620066564469155,91.14744024235866,91.14744024235866,14.999833179489723,37.338546694361895,ions,H₂⁺,injection,200,15
injection_ions,0,0.0,99988,99988,99988,99988,1.0,1.0,15.970954653325961,15.970954653325961,28.849783398444966,80.63906650963398,80.63906650963398,14.228401149203783,35.53239121550391,ions,H₂⁺,injection,200,16
injection_ions,0,0.0,99988,99988,99988,99988,1.0,1.0,16.969139319158835,16.969139319158835,29.164061239878773,71.86529435203227,71.86529435203227,13.539110930636552,33.823265793521095,ions,H₂⁺,injection,200,17
injection_ions,0,0.0,99988,99988,99988,99988,1.0,1.0,17.967323984991708,17.967323984991708,29.549337012033053,64.46153604574572,64.46153604574572,12.918843490291248,32.3765276224198,ions,H₂⁺,injection,200,18
injection_ions,0,0.0,99988,99988,99988,99988,1.0,1.0,18.965508650824585,18.965508650824585,29.994647347677194,58.15366674266911,58.15366674266911,12.356963917145155,31.100319616387,ions,H₂⁺,injection,200,19
injection_ions,0,0.0,99988,99988,99988,99988,1.0,1.0,19.963693316657462,19.963693316657462,30.491641868313707,52.735475268355536,52.735475268355536,11.845546983365272,29.811322637797904,ions,H₂⁺,injection,200,20
injection_ions,200,0.02,95693,99988,99988,99988,0.9570448453814457,1.0,3.033167122796761,2.9945539974985853,51.21267710624126,1610.1938101306673,1588.4225310677941,51.2139685925921,118.69001200674559,ions,H₂⁺,injection,200,3
injection_ions,200,0.02,99673,99988,99988,99988,0.9968496219546346,1.0,3.998390271389333,3.9927386633314605,47.47445624617425,1089.0198745580437,1087.3392296364846,47.381635648818154,120.2259021118699,ions,H₂⁺,injection,200,4
injection_ions,200,0.02,99988,99988,99988,99988,1.0,1.0,4.990923329164335,4.990923329164335,41.6414836313953,734.3442863180113,734.3442863180113,37.80311765186466,95.9032774977152,ions,H₂⁺,injection,200,5
injection_ions,200,0.02,99988,99988,99988,99988,1.0,1.0,5.989107994997211,5.989107994997211,37.038212166040616,518.4261862864917,518.4261862864917,32.253833349073396,80.7898467636543,ions,H₂⁺,injection,200,6
injection_ions,200,0.02,99988,99988,99988,99988,1.0,1.0,6.987292660830085,6.987292660830085,33.927735846962534,385.56340050213305,385.56340050213305,28.178722730416638,69.9907058336794,ions,H₂⁺,injection,200,7
injection_ions,200,0.02,99988,99988,99988,99988,1.0,1.0,7.98547732666296,7.98547732666296,31.842844973617577,298.75944381303924,298.75944381303924,25.124693852399645,62.182082936837396,ions,H₂⁺,injection,200,8
injection_ions,200,0.02,99988,99988,99988,99988,1.0,1.0,8.983661992495835,8.983661992495835,30.43855776714283,238.82127124293567,238.82127124293567,22.747409196378243,56.275213647037404,ions,H₂⁺,injection,200,9
injection_ions,200,0.02,99988,99988,99988,99988,1.0,1.0,9.98184665832871,9.98184665832871,29.503277710711917,195.5693342182812,195.5693342182812,20.834387533520772,51.456497421212006,ions,H₂⁺,injection,200,10
injection_ions,200,0.02,99988,99988,99988,99988,1.0,1.0,10.980031324161585,10.980031324161585,28.908436581282796,163.2819135740507,163.2819135740507,19.257143762062025,47.592911586440195,ions,H₂⁺,injection,200,11
injection_ions,200,0.02,99988,99988,99988,99988,1.0,1.0,11.97821598999446,11.97821598999446,28.56679129476458,138.48953231956034,138.48953231956034,17.9283225177088,44.3202877413071,ions,H₂⁺,injection,200,12
injection_ions,200,0.02,99988,99988,99988,99988,1.0,1.0,12.976400655827335,12.976400655827335,28.41999503992546,119.0129281124103,119.0129281124103,16.79008821383899,41.625624368737796,ions,H₂⁺,injection,200,13
injection_ions,200,0.02,99988,99988,99988,99988,1.0,1.0,13.974585321660209,13.974585321660209,28.42886876138517,103.43264652956275,103.43264652956275,15.803877764023945,39.2505411119929,ions,H₂⁺,injection,200,14
injection_ions,200,0.02,99988,99988,99988,99988,1.0,1.0,14.972769987493084,14.972769987493084,28.560231752568782,90.7478160448965,90.7478160448965,14.93655842125378,37.161883201976096,ions,H₂⁺,injection,200,15
injection_ions,200,0.02,99988,99988,99988,99988,1.0,1.0,15.970954653325961,15.970954653325961,28.79348474826679,80.28656002896186,80.28656002896186,14.168488615593155,35.36578218186371,ions,H₂⁺,injection,200,16
injection_ions,200,0.02,99988,99988,99988,99988,1.0,1.0,16.969139319158835,16.969139319158835,29.11089962068743,71.55201022965298,71.55201022965298,13.482178621188126,33.6630093345346,ions,H₂⁺,injection,200,17
injection_ions,200,0.02,99988,99988,99988,99988,1.0,1.0,17.967323984991708,17.967323984991708,29.498959918435993,64.18115431700781,64.18115431700781,12.864543812445572,32.226321989659304,ions,H₂⁺,injection,200,18
injection_ions,200,0.02,99988,99988,99988,99988,1.0,1.0,18.965508650824585,18.965508650824585,29.946783347336588,57.90129280837695,57.90129280837695,12.305055887772143,30.9529685434527,ions,H₂⁺,injection,200,19
injection_ions,200,0.02,99988,99988,99988,99988,1.0,1.0,19.963693316657462,19.963693316657462,30.44602408074625,52.50697151985628,52.50697151985628,11.79575704874739,29.672696042793103,ions,H₂⁺,injection,200,20
injection_ions,1000,0.1,99988,99988,99988,99988,1.0,1.0,2.9945539974985853,2.9945539974985853,48.11634015179982,1506.7948746956115,1506.7948746956115,45.87215487554955,103.6332687623827,ions,H₂⁺,injection,200,3
injection_ions,1000,0.1,99988,99988,99988,99988,1.0,1.0,3.9927386633314605,3.9927386633314605,42.13674194002916,955.3343329731256,955.3343329731256,39.107887567734814,92.536849247529,ions,H₂⁺,injection,200,4
injection_ions,1000,0.1,99988,99988,99988,99988,1.0,1.0,4.990923329164335,4.990923329164335,37.30476382327478,647.4521518951279,647.4521518951279,33.413661991773246,80.5921384733482,ions,H₂⁺,injection,200,5
injection_ions,1000,0.1,99988,99988,99988,99988,1.0,1.0,5.989107994997211,5.989107994997211,33.580534140001845,460.69341491340873,460.69341491340873,28.750121960380817,69.7334162337756,ions,H₂⁺,injection,200,6
injection_ions,1000,0.1,99988,99988,99988,99988,1.0,1.0,6.987292660830085,6.987292660830085,31.023816636453763,344.00339505413183,344.00339505413183,25.22927344882978,61.1240422072745,ions,H₂⁺,injection,200,7
injection_ions,1000,0.1,99988,99988,99988,99988,1.0,1.0,7.98547732666296,7.98547732666296,29.318931496475752,267.15314936255413,267.15314936255413,22.552569964454648,54.734459230452494,ions,H₂⁺,injection,200,8
injection_ions,1000,0.1,99988,99988,99988,99988,1.0,1.0,8.983661992495835,8.983661992495835,28.19512797020595,213.84894037373283,213.84894037373283,20.4513685627371,49.7426766817995,ions,H₂⁺,injection,200,9
injection_ions,1000,0.1,99988,99988,99988,99988,1.0,1.0,9.98184665832871,9.98184665832871,27.479009465132748,175.2898376995669,175.2898376995669,18.7525559043276,45.5896731639924,ions,H₂⁺,injection,200,10
injection_ions,1000,0.1,99988,99988,99988,99988,1.0,1.0,10.980031324161585,10.980031324161585,27.06055993985469,146.45248397705265,146.45248397705265,17.346356295581707,42.2272864187951,ions,H₂⁺,injection,200,11
injection_ions,1000,0.1,99988,99988,99988,99988,1.0,1.0,11.97821598999446,11.97821598999446,26.865751931287384,124.28842453441024,124.28842453441024,16.1591757263116,39.456477786597205,ions,H₂⁺,injection,200,12
injection_ions,1000,0.1,99988,99988,99988,99988,1.0,1.0,12.976400655827335,12.976400655827335,26.843176572501996,106.86149637686691,106.86149637686691,15.140105550041335,37.0380195758311,ions,H₂⁺,injection,200,13
injection_ions,1000,0.1,99988,99988,99988,99988,1.0,1.0,13.974585321660209,13.974585321660209,26.958320467615838,92.90962734923669,92.90962734923669,14.255434807491763,34.9778294385873,ions,H₂⁺,injection,200,14
injection_ions,1000,0.1,99988,99988,99988,99988,1.0,1.0,14.972769987493084,14.972769987493084,27.182678825205066,81.54742808385522,81.54742808385522,13.4767970744548,33.040624571053996,ions,H₂⁺,injection,200,15
injection_ions,1000,0.1,99988,99988,99988,99988,1.0,1.0,15.970954653325961,15.970954653325961,27.49759471028618,72.17251759311576,72.17251759311576,12.786441749121037,31.531553524364202,ions,H₂⁺,injection,200,16
injection_ions,1000,0.1,99988,99988,99988,99988,1.0,1.0,16.969139319158835,16.969139319158835,27.88725099028528,64.34098669223289,64.34098669223289,12.168826552190694,30.001602210090205,ions,H₂⁺,injection,200,17
injection_ions,1000,0.1,99988,99988,99988,99988,1.0,1.0,17.967323984991708,17.967323984991708,28.339904657136476,57.730247870017216,57.730247870017216,11.612615833939584,28.774253919518003,ions,H₂⁺,injection,200,18
injection_ions,1000,0.1,99988,99988,99988,99988,1.0,1.0,18.965508650824585,18.965508650824585,28.845668563254545,52.09541222613288,52.09541222613288,11.108273695097175,27.5672747206165,ions,H₂⁺,injection,200,19
injection_ions,1000,0.1,99988,99988,99988,99988,1.0,1.0,19.963693316657462,19.963693316657462,29.397164903021572,47.253138168040955,47.253138168040955,10.6487361313253,26.487175476559703,ions,H₂⁺,injection,200,20
injection_ions,0,0.0,80177,99988,99988,99988,0.8018662239468737,1.0,2.9954848072791016,2.9945539974985853,53.9468775622198,1701.499575806039,1700.9397821390235,53.97139426756678,118.9232443739551,ions,H₂⁺,injection,300,3
injection_ions,0,0.0,85862,99988,99988,99988,0.8587230467656118,1.0,4.032606900711592,3.9927386633314605,52.515102402383036,1215.2652059267384,1202.2618791114069,52.569952222607675,123.02047979469279,ions,H₂⁺,injection,300,4
injection_ions,0,0.0,90665,99988,99988,99988,0.9067588110573269,1.0,5.050043084130486,4.990923329164335,51.28602475348324,927.5859068760813,915.5561823749003,51.33746162630491,123.92830904136471,ions,H₂⁺,injection,300,5
injection_ions,0,0.0,94646,99988,99988,99988,0.9465735888306597,1.0,6.0525755744761645,5.989107994997211,50.05817023095368,735.820130022167,727.0556825766871,50.09218873824491,127.5804319579685,ions,H₂⁺,injection,300,6
injection_ions,0,0.0,97849,99988,99988,99988,0.9786074328919471,1.0,7.025763959579222,6.987292660830085,48.70410232580639,597.0382477155376,593.2214433335918,48.610867116929356,130.03970666563,ions,H₂⁺,injection,300,7
injection_ions,0,0.0,99973,99988,99988,99988,0.9998499819978397,1.0,7.985850833889689,7.98547732666296,46.86988282053445,486.93902572409957,486.91157392562286,45.99319389949535,133.2960966513527,ions,H₂⁺,injection,300,8
injection_ions,0,0.0,99988,99988,99988,99988,1.0,1.0,8.983661992495835,8.983661992495835,43.700593861134195,386.44521463115876,386.44521463115876,36.465432200753945,94.2874391355189,ions,H₂⁺,injection,300,9
injection_ions,0,0.0,99988,99988,99988,99988,1.0,1.0,9.98184665832871,9.98184665832871,41.33892192486574,314.14102359880604,314.14102359880604,33.12579897356196,85.2446603217735,ions,H₂⁺,injection,300,10
injection_ions,0,0.0,99988,99988,99988,99988,1.0,1.0,10.980031324161585,10.980031324161585,39.60105877936838,260.664351587287,260.664351587287,30.406681429313075,77.8387634408312,ions,H₂⁺,injection,300,11
injection_ions,0,0.0,99988,99988,99988,99988,1.0,1.0,11.97821598999446,11.97821598999446,38.32853870758874,219.9853696043301,219.9853696043301,28.150359196336474,71.7413157123986,ions,H₂⁺,injection,300,12
injection_ions,0,0.0,99988,99988,99988,99988,1.0,1.0,12.976400655827335,12.976400655827335,37.40744034331762,188.27285266133478,188.27285266133478,26.242911925861385,66.9157317644314,ions,H₂⁺,injection,300,13
injection_ions,0,0.0,99988,99988,99988,99988,1.0,1.0,13.974585321660209,13.974585321660209,36.76076822468186,163.0544476171591,163.0544476171591,24.606727645374328,62.70254288307131,ions,H₂⁺,injection,300,14
injection_ions,0,0.0,99988,99988,99988,99988,1.0,1.0,14.972769987493084,14.972769987493084,36.329754997366514,142.63883722058875,142.63883722058875,23.183472987768013,58.989329393801,ions,H₂⁺,injection,300,15
injection_ions,0,0.0,99988,99988,99988,99988,1.0,1.0,15.970954653325961,15.970954653325961,36.075317366459025,125.88078264279785,125.88078264279785,21.934057119695378,55.8592464434215,ions,H₂⁺,injection,300,16
injection_ions,0,0.0,99988,99988,99988,99988,1.0,1.0,16.969139319158835,16.969139319158835,35.963820696044706,111.9366222389377,111.9366222389377,20.824951796286737,53.148995965393894,ions,H₂⁺,injection,300,17
injection_ions,0,0.0,99988,99988,99988,99988,1.0,1.0,17.967323984991708,17.967323984991708,35.97174444392509,100.20646632727646,100.20646632727646,19.832859747306582,50.6131170770597,ions,H₂⁺,injection,300,18
injection_ions,0,0.0,99988,99988,99988,99988,1.0,1.0,18.965508650824585,18.965508650824585,36.080027887981515,90.24023321627507,90.24023321627507,18.938848227700337,48.4042773581869,ions,H₂⁺,injection,300,19
injection_ions,0,0.0,99988,99988,99988,99988,1.0,1.0,19.963693316657462,19.963693316657462,36.27462522486297,81.70297774808968,81.70297774808968,18.12928903559283,46.42037722290501,ions,H₂⁺,injection,300,20
injection_ions,200,0.02,80461,99988,99988,99988,0.8047065647877746,1.0,2.9956672183274042,2.9945539974985853,53.96024352561355,1701.9459181797251,1701.2762964953638,53.96341765740176,118.14354410426989,ions,H₂⁺,injection,300,3
injection_ions,200,0.02,86148,99988,99988,99988,0.8615833900068008,1.0,4.032229100766621,3.9927386633314605,52.54747433482419,1216.0759760564854,1203.1867243067534,52.58780096419952,120.9283743755906,ions,H₂⁺,injection,300,4
injection_ions,200,0.02,90916,99988,99988,99988,0.9092691122934752,1.0,5.051207383821839,4.990923329164335,51.295261891633615,927.7709856188541,915.5049673059087,51.35030779218414,122.6453754058688,ions,H₂⁺,injection,300,5
injection_ions,200,0.02,94862,99988,99988,99988,0.9487338480617674,1.0,6.051413436592561,5.989107994997211,50.04663232928153,735.6274819403192,727.0238491168413,50.10469894435863,126.8858832618437,ions,H₂⁺,injection,300,6
injection_ions,200,0.02,98020,99988,99988,99988,0.980317638116574,1.0,7.023624044476947,6.987292660830085,48.662992542681906,596.4498970464017,592.847342547445,48.530857483871024,131.75098983983608,ions,H₂⁺,injection,300,7
injection_ions,200,0.02,99988,99988,99988,99988,1.0,1.0,7.98547732666296,7.98547732666296,46.6883832061473,484.6661545235123,484.6661545235123,40.41832743453121,105.42018611098001,ions,H₂⁺,injection,300,8
injection_ions,200,0.02,99988,99988,99988,99988,1.0,1.0,8.983661992495835,8.983661992495835,43.53190544967346,384.567490251038,384.567490251038,36.29313352536134,93.69383947233739,ions,H₂⁺,injection,300,9
injection_ions,200,0.02,99988,99988,99988,99988,1.0,1.0,9.98184665832871,9.98184665832871,41.190635748723324,312.655465052195,312.655465052195,32.97395279013489,84.7329620327775,ions,H₂⁺,injection,300,10
injection_ions,200,0.02,99988,99988,99988,99988,1.0,1.0,10.980031324161585,10.980031324161585,39.468169986816136,259.4540745978232,259.4540745978232,30.270168421227023,77.39807284522081,ions,H₂⁺,injection,300,11
injection_ions,200,0.02,99988,99988,99988,99988,1.0,1.0,11.97821598999446,11.97821598999446,38.20797858363543,218.97887478027602,218.97887478027602,28.02605030753849,71.3539189626578,ions,H₂⁺,injection,300,12
injection_ions,200,0.02,99988,99988,99988,99988,1.0,1.0,12.976400655827335,12.976400655827335,37.29655260856326,187.41831882182547,187.41831882182547,26.128077916015428,66.5561666946621,ions,H₂⁺,injection,300,13
injection_ions,200,0.02,99988,99988,99988,99988,1.0,1.0,13.974585321660209,13.974585321660209,36.65811799485173,162.31989823721418,162.31989823721418,24.499938073705938,62.370303921854195,ions,H₂⁺,injection,300,14
injection_ions,200,0.02,99988,99988,99988,99988,1.0,1.0,14.972769987493084,14.972769987493084,36.23405737110193,141.99969278475945,141.99969278475945,23.08344499396685,58.687482562092086,ions,H₂⁺,injection,300,15
injection_ions,200,0.02,99988,99988,99988,99988,1.0,1.0,15.970954653325961,15.970954653325961,35.98561911126848,125.31914899510687,125.31914899510687,21.839801177364528,55.58076829613431,ions,H₂⁺,injection,300,16
injection_ions,200,0.02,99988,99988,99988,99988,1.0,1.0,16.969139319158835,16.969139319158835,35.87931415986817,111.43862092851697,111.43862092851697,20.73568725058847,52.881620644032495,ions,H₂⁺,injection,300,17
injection_ions,200,0.02,99988,99988,99988,99988,1.0,1.0,17.967323984991708,17.967323984991708,35.89184374181236,99.76176625853238,99.76176625853238,19.74797838095706,50.360013062807,ions,H₂⁺,injection,300,18
injection_ions,200,0.02,99988,99988,99988,99988,1.0,1.0,18.965508650824585,18.965508650824585,36.00427996575873,89.84083490000847,89.84083490000847,18.85795050436934,48.1584319263028,ions,H₂⁺,injection,300,19
injection_ions,200,0.02,99988,99988,99988,99988,1.0,1.0,19.963693316657462,19.963693316657462,36.20257759974067,81.34208448059901,81.34208448059901,18.051899470486507,46.186985593011904,ions,H₂⁺,injection,300,20
injection_ions,1000,0.1,89244,99988,99988,99988,0.8925471056526784,1.0,3.0132757539301345,2.9945539974985853,54.89788601274794,1733.257508751063,1721.8673130444865,54.92457805480626,117.73226115269371,ions,H₂⁺,injection,300,3
injection_ions,1000,0.1,94033,99988,99988,99988,0.9404428531423771,1.0,4.0356462427751705,3.9927386633314605,53.24447233157391,1233.5326156094523,1219.3543023473628,53.312541406809856,120.97087278702371,ions,H₂⁺,injection,300,4
injection_ions,1000,0.1,97735,99988,99988,99988,0.9774672960755291,1.0,5.024126553685915,4.990923329164335,51.52437001589858,932.3614813879672,925.5388566615245,51.610048178853944,124.9456702077797,ions,H₂⁺,injection,300,5
injection_ions,1000,0.1,99897,99988,99988,99988,0.9990898907868945,1.0,5.9913916595264585,5.989107994997211,49.14296765955656,720.539013499279,720.2262588094711,48.88993622235477,125.1202078282046,ions,H₂⁺,injection,300,6
injection_ions,1000,0.1,99988,99988,99988,99988,1.0,1.0,6.987292660830085,6.987292660830085,45.396292719430924,549.6978861915579,549.6978861915579,39.96135100418569,99.1260346477843,ions,H₂⁺,injection,300,7
injection_ions,1000,0.1,99988,99988,99988,99988,1.0,1.0,7.98547732666296,7.98547732666296,42.18959919696185,428.3290837993325,428.3290837993325,35.82755475511069,89.1947535042576,ions,H₂⁺,injection,300,8
injection_ions,1000,0.1,99988,99988,99988,99988,1.0,1.0,8.983661992495835,8.983661992495835,39.67572773761199,341.6431492052308,341.6431492052308,32.35073869964063,80.5232696723943,ions,H₂⁺,injection,300,9
injection_ions,1000,0.1,99988,99988,99988,99988,1.0,1.0,9.98184665832871,9.98184665832871,37.79824004408544,278.6698126898907,278.6698126898907,29.49646730702667,73.3989188066826,ions,H₂⁺,injection,300,10
injection_ions,1000,0.1,99988,99988,99988,99988,1.0,1.0,10.980031324161585,10.980031324161585,36.425202619236345,231.74042535819183,231.74042535819183,27.140530078373768,67.36351517602091,ions,H₂⁺,injection,300,11
injection_ions,1000,0.1,99988,99988,99988,99988,1.0,1.0,11.97821598999446,11.97821598999446,35.44066788703491,195.87601289406456,195.87601289406456,25.168779809757087,62.53556457276299,ions,H₂⁺,injection,300,12
injection_ions,1000,0.1,99988,99988,99988,99988,1.0,1.0,12.976400655827335,12.976400655827335,34.75344084713947,167.82034378333316,167.82034378333316,23.490787505899018,58.464578620702795,ions,H₂⁺,injection,300,13
injection_ions,1000,0.1,99988,99988,99988,99988,1.0,1.0,13.974585321660209,13.974585321660209,34.302011432429346,145.45995922513856,145.45995922513856,22.045090698373095,54.86988907617079,ions,H₂⁺,injection,300,14
injection_ions,1000,0.1,99988,99988,99988,99988,1.0,1.0,14.972769987493084,14.972769987493084,34.03707541798034,127.32650970002126,127.32650970002126,20.782906280795686,51.8173178492806,ions,H₂⁺,injection,300,15
injection_ions,1000,0.1,99988,99988,99988,99988,1.0,1.0,15.970954653325961,15.970954653325961,33.926034479697556,112.42333483573219,112.42333483573219,19.67179665154547,49.0553030403475,ions,H₂⁺,injection,300,16
injection_ions,1000,0.1,99988,99988,99988,99988,1.0,1.0,16.969139319158835,16.969139319158835,33.940233041388204,100.01151739657371,100.01151739657371,18.683492419336147,46.776811943808,ions,H₂⁺,injection,300,17
injection_ions,1000,0.1,99988,99988,99988,99988,1.0,1.0,17.967323984991708,17.967323984991708,34.058874965710174,89.56008693425859,89.56008693425859,17.797285738032357,44.634529883718,ions,H₂⁺,injection,300,18
injection_ions,1000,0.1,99988,99988,99988,99988,1.0,1.0,18.965508650824585,18.965508650824585,34.26609617214948,80.67586165509806,80.67586165509806,16.99774160864623,42.6767687970175,ions,H₂⁺,injection,300,19
injection_ions,1000,0.1,99988,99988,99988,99988,1.0,1.0,19.963693316657462,19.963693316657462,34.549053520877436,73.0594282975191,73.0594282975191,16.27232544972558,40.87055646101301,ions,H₂⁺,injection,300,20
injection_ions,0,0.0,70176,99988,99988,99988,0.7018442213065568,1.0,2.896093881267124,2.9945539974985853,54.92953534088827,1734.3144049755683,1796.6766131509185,54.95213924124043,119.0340780648864,ions,H₂⁺,injection,400,3
injection_ions,0,0.0,75533,99988,99988,99988,0.7554206504780574,1.0,3.922140900991165,3.9927386633314605,54.11961817532675,1255.4510509879058,1279.8489024616674,54.20566794277509,122.29331798915,ions,H₂⁺,injection,400,4
injection_ions,0,0.0,80015,99988,99988,99988,0.8002460295235428,1.0,4.94785627307963,4.990923329164335,53.230804344389085,966.5522356021022,975.8357035148341,53.32636110809945,128.0175899076008,ions,H₂⁺,injection,400,5
injection_ions,0,0.0,83906,99988,99988,99988,0.8391606992839141,1.0,5.971678084346408,5.989107994997211,52.42000210024515,775.2555830356098,777.8102462966647,52.597369668199704,127.218004014921,ions,H₂⁺,injection,400,6
injection_ions,0,0.0,87394,99988,99988,99988,0.8740448853862464,1.0,6.991404419845153,6.987292660830085,51.73352755715033,640.3944570285743,639.959018967696,51.95092350569593,126.7101777643865,ions,H₂⁺,injection,400,7
injection_ions,0,0.0,90548,99988,99988,99988,0.9055886706404769,1.0,8.000916489516579,7.98547732666296,51.136582486863254,540.3697662019741,539.1340611274518,51.39111770655338,135.0259848041993,ions,H₂⁺,injection,400,8
injection_ions,0,0.0,93365,99988,99988,99988,0.9337620514461735,1.0,9.002175698026567,8.983661992495835,50.5605645684914,462.80573123438165,461.6482755338263,50.83408098489313,136.6714235223525,ions,H₂⁺,injection,400,9
injection_ions,0,0.0,95884,99988,99988,99988,0.9589550746089531,1.0,9.998197710815651,9.98184665832871,50.00395944958364,400.9489843030303,400.12973233657254,50.18354195773881,142.5500914028216,ions,H₂⁺,injection,400,10
injection_ions,0,0.0,98023,99988,99988,99988,0.9803476417170061,1.0,10.985334534931537,10.980031324161585,49.424628463132805,350.1319441081538,349.9146412516679,49.4129833935457,143.5693164322152,ions,H₂⁺,injection,400,11
injection_ions,0,0.0,99504,99988,99988,99988,0.9951594191302956,1.0,11.977837585486148,11.97821598999446,48.61818479840552,305.88836300010655,305.90118584774785,48.23347980868487,152.28629351890152,ions,H₂⁺,injection,400,12
injection_ions,0,0.0,99988,99988,99988,99988,1.0,1.0,12.976400655827335,12.976400655827335,47.25653239853193,264.1728831585541,264.1728831585541,36.554697063111234,96.40130370343151,ions,H₂⁺,injection,400,13
injection_ions,0,0.0,99988,99988,99988,99988,1.0,1.0,13.974585321660209,13.974585321660209,45.81920625512118,227.87524781935903,227.87524781935903,34.12667033605259,89.50799785057569,ions,H₂⁺,injection,400,14
injection_ions,0,0.0,99988,99988,99988,99988,1.0,1.0,14.972769987493084,14.972769987493084,44.71981664912846,198.67430466428993,198.67430466428993,32.03462317075945,83.9804362232175,ions,H₂⁺,injection,400,15
injection_ions,0,0.0,99988,99988,99988,99988,1.0,1.0,15.970954653325961,15.970954653325961,43.8902638209086,174.8130263569963,174.8130263569963,30.210759012479606,79.0967121427596,ions,H₂⁺,injection,400,16
injection_ions,0,0.0,99988,99988,99988,99988,1.0,1.0,16.969139319158835,16.969139319158835,43.279916990028205,155.05074933979387,155.05074933979387,28.604302112176555,74.59197102918061,ions,H₂⁺,injection,400,17
injection_ions,0,0.0,99988,99988,99988,99988,1.0,1.0,17.967323984991708,17.967323984991708,42.851959221037745,138.49939621967317,138.49939621967317,27.178362968260373,70.89004712642199,ions,H₂⁺,injection,400,18
injection_ions,0,0.0,99986,99988,99988,99988,0.999979997599712,1.0,18.962775601798135,18.965508650824585,42.57171169741571,124.46912698840147,124.50147906290083,41.85633019252922,161.9232884326098,ions,H₂⁺,injection,400,19
injection_ions,0,0.0,99986,99988,99988,99988,0.999979997599712,1.0,19.960816422945406,19.963693316657462,42.42330925706534,112.50230898742495,112.53293631967276,41.88385129526765,167.24182869601012,ions,H₂⁺,injection,400,20
injection_ions,200,0.02,70461,99988,99988,99988,0.7046945633476017,1.0,2.8969260918069404,2.9945539974985853,54.972157837970045,1735.7377387046438,1797.6030487433486,55.00837535740681,118.36428758616572,ions,H₂⁺,injection,400,3
injection_ions,200,0.02,75791,99988,99988,99988,0.7580009601152138,1.0,3.9229983870318543,3.9927386633314605,54.138161545769286,1255.9154783398094,1280.0199797362213,54.21177861884043,122.6301049568213,ions,H₂⁺,injection,400,4
injection_ions,200,0.02,80252,99988,99988,99988,0.802616313957675,1.0,4.950206025165026,4.990923329164335,53.2352317649665,966.640945050944,975.4144674855585,53.35936607496019,124.69171938114759,ions,H₂⁺,injection,400,5
injection_ions,200,0.02,84158,99988,99988,99988,0.8416810017202064,1.0,5.97322778628133,5.989107994997211,52.449938769004824,775.7554349131293,778.0836868378973,52.60049919740335,129.5381192945384,ions,H₂⁺,injection,400,6
injection_ions,200,0.02,87632,99988,99988,99988,0.8764251710205224,1.0,6.994643557339082,6.987292660830085,51.75610339685723,640.7175555561836,639.9391115870728,51.96802811997366,132.9771168546569,ions,H₂⁺,injection,400,7
injection_ions,200,0.02,90756,99988,99988,99988,0.9076689202704324,1.0,8.002814608112045,7.98547732666296,51.13526895918371,540.3533172456274,538.9660571088389,51.413916585783596,132.1563413829424,ions,H₂⁺,injection,400,8
injection_ions,200,0.02,93580,99988,99988,99988,0.9359123094771372,1.0,9.005856402073446,8.983661992495835,50.57217158754726,462.9349326565362,461.54761223934094,50.81045780613873,138.07186811626278,ions,H₂⁺,injection,400,9
injection_ions,200,0.02,96078,99988,99988,99988,0.9608953074368924,1.0,9.999732756686802,9.98184665832871,50.00088801013043,400.91821405020687,400.0222428613898,50.14611321648726,146.6450473851184,ions,H₂⁺,injection,400,10
injection_ions,200,0.02,98153,99988,99988,99988,0.9816477977357283,1.0,10.986212016166652,10.980031324161585,49.364529577910034,349.5845969882005,349.3316668681448,49.3524307341112,148.1746479663811,ions,H₂⁺,injection,400,11
injection_ions,200,0.02,99611,99988,99988,99988,0.9962295475457055,1.0,11.978054672123859,11.97821598999446,48.546025869074285,305.28594499903267,305.29140330319154,48.06869336400262,157.8529036233308,ions,H₂⁺,injection,400,12
injection_ions,200,0.02,99988,99988,99988,99988,1.0,1.0,12.976400655827335,12.976400655827335,47.09105594460642,262.89767242551306,262.89767242551306,36.38361307833538,95.8169998680556,ions,H₂⁺,injection,400,13
injection_ions,200,0.02,99988,99988,99988,99988,1.0,1.0,13.974585321660209,13.974585321660209,45.668132787359,226.79418913829733,226.79418913829733,33.96998686387101,88.9876406038202,ions,H₂⁺,injection,400,14
injection_ions,200,0.02,99988,99988,99988,99988,1.0,1.0,14.972769987493084,14.972769987493084,44.58029453449405,197.74246563416423,197.74246563416423,31.889360910485788,83.49583489953831,ions,H₂⁺,injection,400,15
injection_ions,200,0.02,99988,99988,99988,99988,1.0,1.0,15.970954653325961,15.970954653325961,43.76062900364491,174.001335258514,174.001335258514,30.07527173457941,78.6518429845646,ions,H₂⁺,injection,400,16
injection_ions,200,0.02,99988,99988,99988,99988,1.0,1.0,16.969139319158835,16.969139319158835,43.15864611772701,154.33609392904907,154.33609392904907,28.477008145046906,74.18236809264971,ions,H₂⁺,injection,400,17
injection_ions,200,0.02,99988,99988,99988,99988,1.0,1.0,17.967323984991708,17.967323984991708,42.73769305623323,137.86342970123138,137.86342970123138,27.05784105004334,70.49723189582289,ions,H₂⁺,injection,400,18
injection_ions,200,0.02,99986,99988,99988,99988,0.999979997599712,1.0,18.962775601798135,18.965508650824585,42.463928021255555,123.9008128021354,123.93308296718403,41.75642223485976,161.7770906998569,ions,H₂⁺,injection,400,19
injection_ions,200,0.02,99986,99988,99988,99988,0.999979997599712,1.0,19.960816422945406,19.963693316657462,42.32120760380606,111.99087229262213,112.02142591300466,41.79026388957979,167.1024588524698,ions,H₂⁺,injection,400,20
injection_ions,1000,0.1,78908,99988,99988,99988,0.7891747009641157,1.0,2.917725380834544,2.9945539974985853,55.85326718981208,1765.1614643271587,1814.2743027390952,55.91392650775936,118.8501471904168,ions,H₂⁺,injection,400,3
injection_ions,1000,0.1,83470,99988,99988,99988,0.8348001760211226,1.0,3.9494730624019225,3.9927386633314605,54.78944437556584,1272.227160238197,1287.2596042532555,54.8838157082996,123.7492181204403,ions,H₂⁺,injection,400,4
injection_ions,1000,0.1,87424,99988,99988,99988,0.8743449213905669,1.0,4.987355969053957,4.990923329164335,53.8540508359552,979.0398345985482,979.8116511055994,53.94817193407352,124.9118223091563,ions,H₂⁺,injection,400,5
injection_ions,1000,0.1,90793,99988,99988,99988,0.9080389646757611,1.0,6.0157239053948866,5.989107994997211,52.91383851832745,783.5011584784771,779.5922045370875,53.12035601766616,127.91829257079581,ions,H₂⁺,injection,400,6
injection_ions,1000,0.1,93783,99988,99988,99988,0.9379425531063728,1.0,7.031066547559525,6.987292660830085,52.04498853658434,644.8519915065564,640.2147054723739,52.25603183725659,128.668755436569,ions,H₂⁺,injection,400,7
injection_ions,1000,0.1,96436,99988,99988,99988,0.9644757370884506,1.0,8.030328185191575,7.98547732666296,51.23477325946106,541.5993830248777,538.0159325734803,51.4589935086967,135.7931505304589,ions,H₂⁺,injection,400,8
injection_ions,1000,0.1,98610,99988,99988,99988,0.9862183462015441,1.0,9.010189695390626,8.983661992495835,50.29398011594432,459.83829487302074,458.19002502992123,50.37782252661182,138.9793766332908,ions,H₂⁺,injection,400,9
injection_ions,1000,0.1,99987,99988,99988,99988,0.999989998799856,1.0,9.981872442262139,9.98184665832871,48.907700349465514,389.96645634360283,389.96519072309263,47.833563049840336,145.5591811888652,ions,H₂⁺,injection,400,10
injection_ions,1000,0.1,99988,99988,99988,99988,1.0,1.0,10.980031324161585,10.980031324161585,46.60015116084052,324.4081804966874,324.4081804966874,37.723604825371375,95.9036584324755,ions,H₂⁺,injection,400,11
injection_ions,1000,0.1,99988,99988,99988,99988,1.0,1.0,11.97821598999446,11.97821598999446,44.753220395701334,273.6217516288252,273.6217516288252,34.899338542530174,88.672865301165,ions,H₂⁺,injection,400,12
injection_ions,1000,0.1,99988,99988,99988,99988,1.0,1.0,12.976400655827335,12.976400655827335,43.315506013546326,233.8021625749861,233.8021625749861,32.47534581496396,82.3640151878999,ions,H₂⁺,injection,400,13
injection_ions,1000,0.1,99988,99988,99988,99988,1.0,1.0,13.974585321660209,13.974585321660209,42.21586069786159,202.0902568924761,202.0902568924761,30.38418149304227,77.1546060827439,ions,H₂⁺,injection,400,14
injection_ions,1000,0.1,99988,99988,99988,99988,1.0,1.0,14.972769987493084,14.972769987493084,41.39282422232972,176.45401790654364,176.45401790654364,28.565979981373037,72.5433748490049,ions,H₂⁺,injection,400,15
injection_ions,1000,0.1,99988,99988,99988,99988,1.0,1.0,15.970954653325961,15.970954653325961,40.79545285362693,155.4352807277632,155.4352807277632,26.97086244823654,68.5044845876791,ions,H₂⁺,injection,400,16
injection_ions,1000,0.1,99988,99988,99988,99988,1.0,1.0,16.969139319158835,16.969139319158835,40.38381225350818,137.98385701220127,137.98385701220127,25.559007464585907,64.81708561104699,ions,H₂⁺,injection,400,17
injection_ions,1000,0.1,99988,99988,99988,99988,1.0,1.0,17.967323984991708,17.967323984991708,40.12784253204968,123.33789141648963,123.33789141648963,24.300606088924663,61.759698389583605,ions,H₂⁺,injection,400,18
injection_ions,1000,0.1,99988,99988,99988,99988,1.0,1.0,18.965508650824585,18.965508650824585,40.00059800074301,110.91233953803746,110.91233953803746,23.168849321141728,58.963018820647704,ions,H₂⁺,injection,400,19
injection_ions,1000,0.1,99987,99988,99988,99988,0.999989998799856,1.0,19.962151339717888,19.963693316657462,39.9845303750268,100.28623832677393,100.30170944286544,37.83372854517779,160.6431595407183,ions,H₂⁺,injection,400,20
injection_ions,0,0.0,63412,99988,99988,99988,0.6341961035324238,1.0,2.8102518290283363,2.9945539974985853,55.57768877203297,1755.9588111771636,1877.6764558231544,55.622346539607484,117.6571538131358,ions,H₂⁺,injection,500,3
injection_ions,0,0.0,68155,99988,99988,99988,0.6816317958154978,1.0,3.8052327454651804,3.9927386633314605,54.883298962345094,1274.5777920899932,1342.3112233476731,55.0041794489262,123.141549519091,ions,H₂⁺,injection,500,4
injection_ions,0,0.0,72266,99988,99988,99988,0.7227467296075529,1.0,4.814283005922189,4.990923329164335,54.26137287803962,987.2010908475522,1027.091465360286,54.40068860424915,123.8449216598253,ions,H₂⁺,injection,500,5
injection_ions,0,0.0,75997,99988,99988,99988,0.7600612073448814,1.0,5.82526874928234,5.989107994997211,53.75336000647034,797.5186296752589,822.7618899658944,53.947715803531615,131.8351706342434,ions,H₂⁺,injection,500,6
injection_ions,0,0.0,79190,99988,99988,99988,0.7919950394047286,1.0,6.839804805790677,6.987292660830085,53.137461106278906,660.4871254951302,676.8856365797452,53.4086462316845,131.15134980729218,ions,H₂⁺,injection,500,7
injection_ions,0,0.0,82111,99988,99988,99988,0.8212085450254031,1.0,7.847764903904516,7.98547732666296,52.61755110526322,558.9155407100942,570.4781775392416,52.99354668167019,136.8414157024913,ions,H₂⁺,injection,500,8
injection_ions,0,0.0,84825,99988,99988,99988,0.8483518022162659,1.0,8.85190104969919,8.983661992495835,52.235752040331924,481.45277598339186,490.1077265443114,52.684465899381586,138.3808033009824,ions,H₂⁺,injection,500,9
injection_ions,0,0.0,87346,99988,99988,99988,0.8735648277793335,1.0,9.851981149820224,9.98184665832871,51.92168505308405,420.1611167785406,427.0177060177536,52.41950724344971,136.4568098913304,ions,H₂⁺,injection,500,10
injection_ions,0,0.0,89697,99988,99988,99988,0.8970776493179181,1.0,10.84453444257782,10.980031324161585,51.65043035842179,370.40330608861643,376.2807535160922,52.269485449226075,150.6063509827992,ions,H₂⁺,injection,500,11
injection_ions,0,0.0,91801,99988,99988,99988,0.9181201744209305,1.0,11.839055166469786,11.97821598999446,51.347103895577916,328.6707130550053,333.7094740550042,52.05626506451314,146.3562862542728,ions,H₂⁺,injection,500,12
injection_ions,0,0.0,93702,99988,99988,99988,0.9371324558947074,1.0,12.822526048246786,12.976400655827335,51.06516623354349,293.5233474053652,298.245759387836,51.825309091796036,146.180636489933,ions,H₂⁺,injection,500,13
injection_ions,0,0.0,95423,99988,99988,99988,0.9543445213425611,1.0,13.810876915006519,13.974585321660209,50.85192645109494,263.88862553421103,268.20201037227866,51.64029394316307,150.4515410336467,ions,H₂⁺,injection,500,14
injection_ions,0,0.0,96766,99988,99988,99988,0.9677761331359763,1.0,14.803962952264126,14.972769987493084,50.52388029377703,237.4384321403466,241.28618435950546,51.31430588192446,168.3188958026181,ions,H₂⁺,injection,500,15
injection_ions,0,0.0,97871,99988,99988,99988,0.9788274592951154,1.0,15.811641539685573,15.970954653325961,50.22763290966596,214.4936166931388,217.66235519316467,50.947006574535976,164.565992855381,ions,H₂⁺,injection,500,16
injection_ions,0,0.0,98677,99988,99988,99988,0.9868884266111934,1.0,16.820603516910158,16.969139319158835,49.88089359201811,193.95063976934054,196.54639645879323,50.55663069443544,169.0089961844959,ions,H₂⁺,injection,500,17
injection_ions,0,0.0,99254,99988,99988,99988,0.9926591190942913,1.0,17.838293619874054,17.967323984991708,49.532714513656465,175.68220261977606,177.67630452315757,50.31193963321903,169.08823471000028,ions,H₂⁺,injection,500,18
injection_ions,0,0.0,99601,99988,99988,99988,0.9961295355442653,1.0,18.854992792273414,18.965508650824585,49.155555814239506,159.18395714687205,160.70312704857122,50.13485013528348,168.035391335991,ions,H₂⁺,injection,500,19
injection_ions,0,0.0,99753,99988,99988,99988,0.997649717966156,1.0,19.856232524841037,19.963693316657462,48.7611376751476,144.24908207972672,145.5709441060646,50.09123526026305,170.6080748057399,ions,H₂⁺,injection,500,20
injection_ions,200,0.02,63680,99988,99988,99988,0.6368764251710205,1.0,2.8113639034311535,2.9945539974985853,55.61786319700509,1757.3003940975475,1878.323159414752,55.660898499590004,118.7773018393494,ions,H₂⁺,injection,500,3
injection_ions,200,0.02,68394,99988,99988,99988,0.684022082649918,1.0,3.806918617906414,3.9927386633314605,54.89380851097397,1274.8410086316967,1341.948568397882,54.97980145006184,120.0810937095723,ions,H₂⁺,injection,500,4
injection_ions,200,0.02,72500,99988,99988,99988,0.7250870104412529,1.0,4.81671244418938,4.990923329164335,54.27436773231331,987.4614605911174,1026.7927733113268,54.49076572929529,124.7228237234898,ions,H₂⁺,injection,500,5
injection_ions,200,0.02,76221,99988,99988,99988,0.7623014761771413,1.0,5.827515664205585,5.989107994997211,53.760585095315925,797.639266819415,822.5300830254336,53.95276285695331,126.1209187775682,ions,H₂⁺,injection,500,6
injection_ions,200,0.02,79411,99988,99988,99988,0.7942053046365564,1.0,6.843951942693661,6.987292660830085,53.15017736218501,660.669116668584,676.6006805311672,53.44837883168862,133.15834720345708,ions,H₂⁺,injection,500,7
injection_ions,200,0.02,82340,99988,99988,99988,0.823498819858383,1.0,7.85088939455917,7.98547732666296,52.64487880046619,559.2577581391228,570.5594252410458,53.02326378623336,132.8897615446179,ions,H₂⁺,injection,500,8
injection_ions,200,0.02,85043,99988,99988,99988,0.8505320638476617,1.0,8.856090511875264,8.983661992495835,52.25561224342159,481.67384622296964,490.05282492710813,52.707607892624786,133.8650019178179,ions,H₂⁺,injection,500,9
injection_ions,200,0.02,87562,99988,99988,99988,0.8757250870104413,1.0,9.855882746944273,9.98184665832871,51.9429851210261,420.3745048285792,427.02519352851016,52.505351108963296,143.2275914512922,ions,H₂⁺,injection,500,10
injection_ions,200,0.02,89864,99988,99988,99988,0.8987478497419691,1.0,10.850928262203462,10.980031324161585,51.624777008359054,370.1696696871767,375.76369284627253,52.277339529200155,143.4195522416021,ions,H₂⁺,injection,500,11
injection_ions,200,0.02,91995,99988,99988,99988,0.9200604072488698,1.0,11.84573575888875,11.97821598999446,51.35230571145949,328.71414035574793,333.5087896328092,51.989467929425516,147.50463832724728,ions,H₂⁺,injection,500,12
injection_ions,200,0.02,93897,99988,99988,99988,0.9390826899227908,1.0,12.829383380683826,12.976400655827335,51.0745580665551,293.5957236617764,298.10610183692825,51.80676877080898,146.1415595852674,ions,H₂⁺,injection,500,13
injection_ions,200,0.02,95569,99988,99988,99988,0.9558046965635877,1.0,13.81758683049063,13.974585321660209,50.81685525020008,263.6376613725733,267.7693932638431,51.595938731130005,160.5457643414393,ions,H₂⁺,injection,500,14
injection_ions,200,0.02,96903,99988,99988,99988,0.9691462975557067,1.0,14.812883285178573,14.972769987493084,50.485425541822664,237.1816008927786,240.82105806056816,51.31638048334046,163.53678967839562,ions,H₂⁺,injection,500,15
injection_ions,200,0.02,98006,99988,99988,99988,0.9801776213145578,1.0,15.820671596478892,15.970954653325961,50.19336556957369,214.27905631878366,217.26444268487893,50.88455766363863,163.4700833745971,ions,H₂⁺,injection,500,16
injection_ions,200,0.02,98796,99988,99988,99988,0.9880785694283314,1.0,16.83336840196529,16.969139319158835,49.83814619930441,193.69872721261208,196.0675784502276,50.5755310718681,167.6296622782666,ions,H₂⁺,injection,500,17
injection_ions,200,0.02,99354,99988,99988,99988,0.993659239108693,1.0,17.850054932601015,17.967323984991708,49.47911526828887,175.38388749275794,177.19307002199258,49.9651194436343,172.8969477746877,ions,H₂⁺,injection,500,18
injection_ions,200,0.02,99675,99988,99988,99988,0.9968696243549225,1.0,18.8691179316068,18.965508650824585,49.08436065050666,158.80856429533497,160.13065808597062,49.9179072176265,168.4831821948598,ions,H₂⁺,injection,500,19
injection_ions,200,0.02,99794,99988,99988,99988,0.9980597671720607,1.0,19.868879279369526,19.963693316657462,48.665140200135816,143.76822178254068,144.93148061283122,50.020038163657766,167.3528879187776,ions,H₂⁺,injection,500,20
injection_ions,1000,0.1,71911,99988,99988,99988,0.7191963035564267,1.0,2.8139503291732817,2.9945539974985853,56.219684210558476,1777.3975776532993,1897.891847191042,56.29568092577081,117.29043694655348,ions,H₂⁺,injection,500,3
injection_ions,1000,0.1,76120,99988,99988,99988,0.7612913549625955,1.0,3.8281629490562072,3.9927386633314605,55.603582720407914,1292.617634383649,1352.4873538655502,55.699585477835974,121.4606818033057,ions,H₂⁺,injection,500,4
injection_ions,1000,0.1,79672,99988,99988,99988,0.7968156178741449,1.0,4.854006398467181,4.990923329164335,54.870841551755966,999.4126323504025,1030.4237581780549,55.02973501062422,126.5438051840812,ions,H₂⁺,injection,500,5
injection_ions,1000,0.1,82891,99988,99988,99988,0.8290094811377365,1.0,5.8782450756029965,5.989107994997211,54.23396884134168,805.5433444620485,822.6217713588319,54.47168044397775,128.5809105479513,ions,H₂⁺,injection,500,6
injection_ions,1000,0.1,85704,99988,99988,99988,0.8571428571428571,1.0,6.905007072274109,6.987292660830085,53.58762839027213,666.9297822700039,676.0691311301362,53.87691027793613,131.6695554449665,ions,H₂⁺,injection,500,7
injection_ions,1000,0.1,88351,99988,99988,99988,0.8836160339240708,1.0,7.931515470658483,7.98547732666296,53.06434889267044,564.5106700822032,569.0316508739656,53.42761112671854,136.338416436386,ions,H₂⁺,injection,500,8
injection_ions,1000,0.1,90798,99988,99988,99988,0.9080889706764812,1.0,8.948800577721544,8.983661992495835,52.61329361511207,485.65531137592455,487.93682078574096,53.0415800472901,135.7534634598615,ions,H₂⁺,injection,500,9
injection_ions,1000,0.1,92931,99988,99988,99988,0.92942153058367,1.0,9.959262215525184,9.98184665832871,52.08818432917127,421.82913755451887,423.01248026156617,52.592352581917055,142.2308428611069,ions,H₂⁺,injection,500,10
injection_ions,1000,0.1,95015,99988,99988,99988,0.950264031683802,1.0,10.962226960210765,10.980031324161585,51.72320556851316,371.06610210388124,371.83118682226865,52.26837697525518,149.5765695045588,ions,H₂⁺,injection,500,11
injection_ions,1000,0.1,96835,99988,99988,99988,0.9684662159459135,1.0,11.966134097303815,11.97821598999446,51.29455313353816,328.2319936156192,328.6643682615569,51.774635759137276,150.8333332252653,ions,H₂⁺,injection,500,12
injection_ions,1000,0.1,98418,99988,99988,99988,0.9842981157738928,1.0,12.963270558966379,12.976400655827335,50.85063785293954,291.87012794725905,292.26704111153026,51.189551363136474,151.9190062567744,ions,H₂⁺,injection,500,13
injection_ions,1000,0.1,99562,99988,99988,99988,0.9957394887386486,1.0,13.968052041902325,13.974585321660209,50.249063573443344,259.57463078034044,259.7428146938653,50.15112820454059,156.3296950322817,ions,H₂⁺,injection,500,14
injection_ions,1000,0.1,99988,99988,99988,99988,1.0,1.0,14.972769987493084,14.972769987493084,49.249892679700416,228.92973525165604,228.92973525165604,36.839524521765306,95.327284476118,ions,H₂⁺,injection,500,15
injection_ions,1000,0.1,99988,99988,99988,99988,1.0,1.0,15.970954653325961,15.970954653325961,48.12301570235061,201.31583707382802,201.31583707382802,34.718558429754516,89.83499853880521,ions,H₂⁺,injection,500,16
injection_ions,1000,0.1,99986,99988,99988,99988,0.999979997599712,1.0,16.96669395950359,16.969139319158835,47.239955530086455,178.3874576169615,178.42758078173406,45.95273741464311,157.1413214161194,ions,H₂⁺,injection,500,17
injection_ions,1000,0.1,99986,99988,99988,99988,0.999979997599712,1.0,17.96473478065086,17.967323984991708,46.56659086143065,159.17376956261378,159.21112351508674,45.39466715536845,160.45572679273968,ions,H₂⁺,injection,500,18
injection_ions,1000,0.1,99985,99988,99988,99988,0.999969996399568,1.0,18.961555365879157,18.965508650824585,46.06830296722976,142.90570748929952,142.95635077557253,45.11854036522694,162.150082639332,ions,H₂⁺,injection,500,19
injection_ions,1000,0.1,99976,99988,99988,99988,0.9998799855982718,1.0,19.950006312173638,19.963693316657462,45.71079263503641,128.96961954878302,129.12670762987858,45.40901852816337,164.25591595626912,ions,H₂⁺,injection,500,20
extraction_ions,0,0.0,100007,100007,100007,100007,1.0,1.0,3.005838450798559,3.005838450798559,5.09352077335473,69.45424235961643,69.45424235961643,2.782784321759078,80.120264388124,ions,H₂⁺,extraction,100,3
extraction_ions,0,0.0,100007,100007,100007,100007,1.0,1.0,4.00778460106476,4.00778460106476,6.415503607846329,60.076058133012026,60.076058133012026,3.1644774723542044,66.0981730843156,ions,H₂⁺,extraction,100,4
extraction_ions,0,0.0,100007,100007,100007,100007,1.0,1.0,5.0097307513309595,5.0097307513309595,7.6884083440613695,53.46949218815309,53.46949218815309,3.4815122044119287,55.1927719527307,ions,H₂⁺,extraction,100,5
extraction_ions,0,0.0,100007,100007,100007,100007,1.0,1.0,6.011676901597159,6.011676901597159,8.910434619182814,48.218787620065285,48.218787620065285,3.7340280830035293,46.9716581220003,ions,H₂⁺,extraction,100,6
extraction_ions,0,0.0,100007,100007,100007,100007,1.0,1.0,7.013623051863358,7.013623051863358,10.084578992855882,43.78558582752237,43.78558582752237,3.926258255746558,40.1950142394187,ions,H₂⁺,extraction,100,7
extraction_ions,0,0.0,100007,100007,100007,100007,1.0,1.0,8.015569202129559,8.015569202129559,11.215640217467662,39.92319116261782,39.92319116261782,4.06457349689522,34.877810078992596,ions,H₂⁺,extraction,100,8
extraction_ions,0,0.0,100007,100007,100007,100007,1.0,1.0,9.017515352395758,9.017515352395758,12.309225714326768,36.50351824526115,36.50351824526115,4.156233216342987,30.910179030352595,ions,H₂⁺,extraction,100,9
extraction_ions,0,0.0,100007,100007,100007,100007,1.0,1.0,10.019461502661958,10.019461502661958,13.371348942553185,33.45376833875455,33.45376833875455,4.209509045279266,27.496022460736,ions,H₂⁺,extraction,100,10
extraction_ions,0,0.0,100007,100007,100007,100007,1.0,1.0,11.02140765292816,11.02140765292816,14.407080595529312,30.71906102394868,30.71906102394868,4.2310083406914565,25.2536581585906,ions,H₂⁺,extraction,100,11
extraction_ions,0,0.0,100007,100007,100007,100007,1.0,1.0,12.02335380319436,12.02335380319436,15.421161758126082,28.260067952329536,28.260067952329536,4.227024712062455,23.274039753107502,ions,H₂⁺,extraction,100,12
extraction_ions,0,0.0,100007,100007,100007,100007,1.0,1.0,13.025299953460559,13.025299953460559,16.41762416170145,26.04411583888031,26.04411583888031,4.202750528606742,21.749580699180093,ions,H₂⁺,extraction,100,13
extraction_ions,0,0.0,100007,100007,100007,100007,1.0,1.0,14.027246103726757,14.027246103726757,17.399927214944377,24.04378654425665,24.04378654425665,4.1627909825523535,20.243658257239797,ions,H₂⁺,extraction,100,14
extraction_ions,0,0.0,100007,100007,100007,100007,1.0,1.0,15.029192253992958,15.029192253992958,18.37096877166989,22.23523700542913,22.23523700542913,4.110521168725249,19.085732275241103,ions,H₂⁺,extraction,100,15
extraction_ions,0,0.0,100007,100007,100007,100007,1.0,1.0,16.031138404259156,16.031138404259156,19.333358357563455,20.59878637456567,20.59878637456567,4.049442095607578,17.9075578769025,ions,H₂⁺,extraction,100,16
extraction_ions,0,0.0,100007,100007,100007,100007,1.0,1.0,17.033084554525356,17.033084554525356,20.288942315165322,19.114903998847055,19.114903998847055,3.981634952055842,17.005207218818608,ions,H₂⁺,extraction,100,17
extraction_ions,0,0.0,100007,100007,100007,100007,1.0,1.0,18.035030704791556,18.035030704791556,21.23942248036203,17.76759811514561,17.76759811514561,3.9091965598296055,16.060807110775706,ions,H₂⁺,extraction,100,18
extraction_ions,0,0.0,100007,100007,100007,100007,1.0,1.0,19.03697685505776,19.03697685505776,22.186244638371,16.542898629813397,16.542898629813397,3.8337262442608124,15.341924142011393,ions,H₂⁺,extraction,100,19
extraction_ions,0,0.0,100007,100007,100007,100007,1.0,1.0,20.038923005323955,20.038923005323955,23.130590594566993,15.428312132451637,15.428312132451637,3.7565404480474434,14.569024304149899,ions,H₂⁺,extraction,100,20
extraction_ions,200,0.02,100007,100007,100007,100007,1.0,1.0,3.005838450798559,3.005838450798559,5.087472989156237,69.25304112084439,69.25304112084439,2.77515699313523,79.6570096978125,ions,H₂⁺,extraction,100,3
extraction_ions,200,0.02,100007,100007,100007,100007,1.0,1.0,4.00778460106476,4.00778460106476,6.409086710395974,59.91594729650025,59.91594729650025,3.1563347932968515,65.73126901001591,ions,H₂⁺,extraction,100,4
extraction_ions,200,0.02,100007,100007,100007,100007,1.0,1.0,5.0097307513309595,5.0097307513309595,7.681645183561619,53.33449170937578,53.33449170937578,3.472886204641102,54.8910691444637,ions,H₂⁺,extraction,100,5
extraction_ions,200,0.02,100007,100007,100007,100007,1.0,1.0,6.011676901597159,6.011676901597159,8.903397652603472,48.10173265030346,48.10173265030346,3.7250080566824892,46.7132734775673,ions,H₂⁺,extraction,100,6
extraction_ions,200,0.02,100007,100007,100007,100007,1.0,1.0,7.013623051863358,7.013623051863358,10.07734773364182,43.68248277849067,43.68248277849067,3.9169438090521433,39.9751209352168,ions,H₂⁺,extraction,100,7
extraction_ions,200,0.02,100007,100007,100007,100007,1.0,1.0,8.015569202129559,8.015569202129559,11.208284279211133,39.83142053384483,39.83142053384483,4.055052391392754,34.68761762121321,ions,H₂⁺,extraction,100,8
extraction_ions,200,0.02,100007,100007,100007,100007,1.0,1.0,9.017515352395758,9.017515352395758,12.301819080253368,36.421382160275904,36.421382160275904,4.146606418423383,30.739295355721893,ions,H₂⁺,extraction,100,9
extraction_ions,200,0.02,100007,100007,100007,100007,1.0,1.0,10.019461502661958,10.019461502661958,13.363938559935443,33.37980844963502,33.37980844963502,4.199838398732233,27.344171535088194,ions,H₂⁺,extraction,100,10
extraction_ions,200,0.02,100007,100007,100007,100007,1.0,1.0,11.02140765292816,11.02140765292816,14.399708240620269,30.65216979606562,30.65216979606562,4.2213531332043575,25.135020561098198,ions,H₂⁺,extraction,100,11
extraction_ions,200,0.02,100007,100007,100007,100007,1.0,1.0,12.02335380319436,12.02335380319436,15.413856837526708,28.199311854497378,28.199311854497378,4.217427011667876,23.1649738037393,ions,H₂⁺,extraction,100,12
extraction_ions,200,0.02,100007,100007,100007,100007,1.0,1.0,13.025299953460559,13.025299953460559,16.41041009486163,25.988730804634663,25.988730804634663,4.193245953921402,21.6461397033763,ions,H₂⁺,extraction,100,13
extraction_ions,200,0.02,100007,100007,100007,100007,1.0,1.0,14.027246103726757,14.027246103726757,17.3928221294157,23.993134509807845,23.993134509807845,4.15340636110097,20.1475289565188,ions,H₂⁺,extraction,100,14
extraction_ions,200,0.02,100007,100007,100007,100007,1.0,1.0,15.029192253992958,15.029192253992958,18.363983862101986,22.188761390174115,22.188761390174115,4.1012750565204446,18.993696139562996,ions,H₂⁺,extraction,100,15
extraction_ions,200,0.02,100007,100007,100007,100007,1.0,1.0,16.031138404259156,16.031138404259156,19.326498110926405,20.555993115197225,20.555993115197225,4.040342223011283,17.8212900424571,ions,H₂⁺,extraction,100,16
extraction_ions,200,0.02,100007,100007,100007,100007,1.0,1.0,17.033084554525356,17.033084554525356,20.28221497217112,19.075408257646043,19.075408257646043,3.972694969016164,16.9219906959711,ions,H₂⁺,extraction,100,17
extraction_ions,200,0.02,100007,100007,100007,100007,1.0,1.0,18.035030704791556,18.035030704791556,21.23282827403464,17.731034793267607,17.731034793267607,3.900418187975451,15.982264827670704,ions,H₂⁺,extraction,100,18
extraction_ions,200,0.02,100007,100007,100007,100007,1.0,1.0,19.03697685505776,19.03697685505776,22.1797836560369,16.508959510260457,16.508959510260457,3.8251109345640173,15.265699971793893,ions,H₂⁺,extraction,100,19
extraction_ions,200,0.02,100007,100007,100007,100007,1.0,1.0,20.038923005323955,20.038923005323955,23.124260438014257,15.396722827222732,15.396722827222732,3.748086638466416,14.496673364220804,ions,H₂⁺,extraction,100,20
extraction_ions,1000,0.1,100007,100007,100007,100007,1.0,1.0,3.005838450798559,3.005838450798559,4.946951297195448,64.57808289335027,64.57808289335027,2.596761415448326,68.96016416929311,ions,H₂⁺,extraction,100,3
extraction_ions,1000,0.1,100007,100007,100007,100007,1.0,1.0,4.00778460106476,4.00778460106476,6.259498725145717,56.18351154607304,56.18351154607304,2.9654029443490404,57.3446611023454,ions,H₂⁺,extraction,100,4
extraction_ions,1000,0.1,100007,100007,100007,100007,1.0,1.0,5.0097307513309595,5.0097307513309595,7.523705522812117,50.18183403994831,50.18183403994831,3.270434941812753,47.980963759101606,ions,H₂⁺,extraction,100,5
extraction_ions,1000,0.1,100007,100007,100007,100007,1.0,1.0,6.011676901597159,6.011676901597159,8.738879023850684,45.365081438907204,45.365081438907204,3.5132257569208467,40.78939643224211,ions,H₂⁺,extraction,100,6
extraction_ions,1000,0.1,100007,100007,100007,100007,1.0,1.0,7.013623051863358,7.013623051863358,9.90813463717496,41.26984817843322,41.26984817843322,3.698165857222469,34.927087006369405,ions,H₂⁺,extraction,100,7
extraction_ions,1000,0.1,100007,100007,100007,100007,1.0,1.0,8.015569202129559,8.015569202129559,11.036163447328411,37.68408916482622,37.68408916482622,3.831569433981751,30.316694458351098,ions,H₂⁺,extraction,100,8
extraction_ions,1000,0.1,100007,100007,100007,100007,1.0,1.0,9.017515352395758,9.017515352395758,12.128337886594704,34.49755739392744,34.49755739392744,3.920496338865622,26.811134813002298,ions,H₂⁺,extraction,100,9
extraction_ions,1000,0.1,100007,100007,100007,100007,1.0,1.0,10.019461502661958,10.019461502661958,13.190293613306471,31.646731810907113,31.646731810907113,3.9727106756264328,24.2730957339331,ions,H₂⁺,extraction,100,10
extraction_ions,1000,0.1,100007,100007,100007,100007,1.0,1.0,11.02140765292816,11.02140765292816,14.22686527746169,29.08392217650988,29.08392217650988,3.994573957344326,22.398307453036598,ions,H₂⁺,extraction,100,11
extraction_ions,1000,0.1,100007,100007,100007,100007,1.0,1.0,12.02335380319436,12.02335380319436,15.242566846815416,26.774667836571343,26.774667836571343,3.992066461763458,20.6477204238862,ions,H₂⁺,extraction,100,12
extraction_ions,1000,0.1,100007,100007,100007,100007,1.0,1.0,13.025299953460559,13.025299953460559,16.241214796712516,24.68975651034857,24.68975651034857,3.970112702376988,19.259005839478,ions,H₂⁺,extraction,100,13
extraction_ions,1000,0.1,100007,100007,100007,100007,1.0,1.0,14.027246103726757,14.027246103726757,17.226106111030017,22.804618837145707,22.804618837145707,3.9330624984924754,17.928239460484296,ions,H₂⁺,extraction,100,14
extraction_ions,1000,0.1,100007,100007,100007,100007,1.0,1.0,15.029192253992958,15.029192253992958,18.200059710156,21.098056386367702,21.098056386367702,3.884223544933298,16.869416992184394,ions,H₂⁺,extraction,100,15
extraction_ions,1000,0.1,100007,100007,100007,100007,1.0,1.0,16.031138404259156,16.031138404259156,19.165511009940502,19.551778087379024,19.551778087379024,3.8268121269532536,15.8295304008778,ions,H₂⁺,extraction,100,16
extraction_ions,1000,0.1,100007,100007,100007,100007,1.0,1.0,17.033084554525356,17.033084554525356,20.12428028041806,18.148185174548637,18.148185174548637,3.7628935553555394,15.001307449189508,ions,H₂⁺,extraction,100,17
extraction_ions,1000,0.1,100007,100007,100007,100007,1.0,1.0,18.035030704791556,18.035030704791556,21.078007671735637,16.872590996674177,16.872590996674177,3.6944528887108734,14.1690196120405,ions,H₂⁺,extraction,100,18
extraction_ions,1000,0.1,100007,100007,100007,100007,1.0,1.0,19.03697685505776,19.03697685505776,22.028062395358244,15.711977605865556,15.711977605865556,3.622993640539299,13.506656884352793,ions,H₂⁺,extraction,100,19
extraction_ions,1000,0.1,100007,100007,100007,100007,1.0,1.0,20.038923005323955,20.038923005323955,22.97560637347011,14.654896210569479,14.654896210569479,3.5498070701099467,12.8266817107111,ions,H₂⁺,extraction,100,20
extraction_ions,0,0.0,99985,100007,100007,100007,0.999780015398922,1.0,3.005919884207268,3.005838450798559,7.098363666203519,136.15253389009317,136.14613627919513,5.100082033788261,108.89487528841946,ions,H₂⁺,extraction,200,3
extraction_ions,0,0.0,99989,100007,100007,100007,0.999820012599118,1.0,4.0078710346968,4.00778460106476,8.80815821232212,119.7762377245032,119.77149803644984,5.979549778908608,109.85303162159471,ions,H₂⁺,extraction,200,4
extraction_ions,0,0.0,100003,100007,100007,100007,0.999960002799804,1.0,5.00972777056105,5.0097307513309595,10.432589119544797,108.24650340286493,108.24662730878147,6.605688406089068,110.6142829179408,ions,H₂⁺,extraction,200,5
extraction_ions,0,0.0,100007,100007,100007,100007,1.0,1.0,6.011676901597159,6.011676901597159,11.870331199364047,97.45457704505682,97.45457704505682,7.101343712902227,97.8482116828564,ions,H₂⁺,extraction,200,6
extraction_ions,0,0.0,100007,100007,100007,100007,1.0,1.0,7.013623051863358,7.013623051863358,13.200567904114333,88.21325022033008,88.21325022033008,7.482286619599907,85.5098127493205,ions,H₂⁺,extraction,200,7
extraction_ions,0,0.0,100007,100007,100007,100007,1.0,1.0,8.015569202129559,8.015569202129559,14.452304637197125,80.3029114059357,80.3029114059357,7.769931539870115,74.55560472427759,ions,H₂⁺,extraction,200,8
extraction_ions,0,0.0,100007,100007,100007,100007,1.0,1.0,9.017515352395758,9.017515352395758,15.633014414212665,73.36277015662982,73.36277015662982,7.972803109820845,66.37819849031399,ions,H₂⁺,extraction,200,9
extraction_ions,0,0.0,100007,100007,100007,100007,1.0,1.0,10.019461502661958,10.019461502661958,16.752449426790996,67.1990996955298,67.1990996955298,8.10256374161998,59.0913073066709,ions,H₂⁺,extraction,200,10
extraction_ions,0,0.0,100007,100007,100007,100007,1.0,1.0,11.02140765292816,11.02140765292816,17.82074362206757,61.69208311002787,61.69208311002787,8.171483014171256,52.9871959724092,ions,H₂⁺,extraction,200,11
extraction_ions,0,0.0,100007,100007,100007,100007,1.0,1.0,12.02335380319436,12.02335380319436,18.845812474170447,56.74339109245459,56.74339109245459,8.188841581783139,48.203682805724796,ions,H₂⁺,extraction,200,12
extraction_ions,0,0.0,100007,100007,100007,100007,1.0,1.0,13.025299953460559,13.025299953460559,19.836023972765677,52.28842363431059,52.28842363431059,8.165284292833022,44.14065016107939,ions,H₂⁺,extraction,200,13
extraction_ions,0,0.0,100007,100007,100007,100007,1.0,1.0,14.027246103726757,14.027246103726757,20.79807221216271,48.269104700722984,48.269104700722984,8.108912452548433,40.571453034898795,ions,H₂⁺,extraction,200,14
extraction_ions,0,0.0,100007,100007,100007,100007,1.0,1.0,15.029192253992958,15.029192253992958,21.737550695988457,44.63552217993101,44.63552217993101,8.02634227619158,38.3245035821821,ions,H₂⁺,extraction,200,15
extraction_ions,0,0.0,100007,100007,100007,100007,1.0,1.0,16.031138404259156,16.031138404259156,22.659820364736902,41.34879129180642,41.34879129180642,7.924180628403078,36.019805653677494,ions,H₂⁺,extraction,200,16
extraction_ions,0,0.0,100007,100007,100007,100007,1.0,1.0,17.033084554525356,17.033084554525356,23.568823269010984,38.370846416946904,38.370846416946904,7.807373860685934,34.24729655839231,ions,H₂⁺,extraction,200,17
extraction_ions,0,0.0,100007,100007,100007,100007,1.0,1.0,18.035030704791556,18.035030704791556,24.46752257368994,35.66665327156553,35.66665327156553,7.679288369671785,32.3828326702096,ions,H₂⁺,extraction,200,18
extraction_ions,0,0.0,100007,100007,100007,100007,1.0,1.0,19.03697685505776,19.03697685505776,25.358967039935063,33.20900284226418,33.20900284226418,7.543481594201303,30.7013726249752,ions,H₂⁺,extraction,200,19
extraction_ions,0,0.0,100007,100007,100007,100007,1.0,1.0,20.038923005323955,20.038923005323955,26.24535847494628,30.97190137400794,30.97190137400794,7.402624832434306,29.4232237681832,ions,H₂⁺,extraction,200,20
extraction_ions,200,0.02,99985,100007,100007,100007,0.999780015398922,1.0,3.005919884207268,3.005838450798559,7.088090805760075,135.8107703318848,135.8043819797071,5.088380603160654,108.46375091013246,ions,H₂⁺,extraction,200,3
extraction_ions,200,0.02,99989,100007,100007,100007,0.999820012599118,1.0,4.0078710346968,4.00778460106476,8.796593915756299,119.487691863961,119.4829583986794,5.966190616392875,109.4646995265204,ions,H₂⁺,extraction,200,4
extraction_ions,200,0.02,100004,100007,100007,100007,0.999970002099853,1.0,5.009721051326798,5.0097307513309595,10.425230686652572,108.09962060102434,108.10002353108077,6.596844592307842,111.7079730822947,ions,H₂⁺,extraction,200,5
extraction_ions,200,0.02,100007,100007,100007,100007,1.0,1.0,6.011676901597159,6.011676901597159,11.856681223995606,97.22751934398816,97.22751934398816,7.085178916693477,97.15695796388121,ions,H₂⁺,extraction,200,6
extraction_ions,200,0.02,100007,100007,100007,100007,1.0,1.0,7.013623051863358,7.013623051863358,13.186616649295,88.01433370148999,88.01433370148999,7.465694588104962,84.91932081437099,ions,H₂⁺,extraction,200,7
extraction_ions,200,0.02,100007,100007,100007,100007,1.0,1.0,8.015569202129559,8.015569202129559,14.438078222756223,80.12542663745386,80.12542663745386,7.752906034317334,74.0580002983003,ions,H₂⁺,extraction,200,8
extraction_ions,200,0.02,100007,100007,100007,100007,1.0,1.0,9.017515352395758,9.017515352395758,15.618593925534041,73.20285372604904,73.20285372604904,7.9554315286217046,65.9368702756838,ions,H₂⁺,extraction,200,9
extraction_ions,200,0.02,100007,100007,100007,100007,1.0,1.0,10.019461502661958,10.019461502661958,16.737935288169663,67.05424022760853,67.05424022760853,8.0849644310038,58.704908650998505,ions,H₂⁺,extraction,200,10
extraction_ions,200,0.02,100007,100007,100007,100007,1.0,1.0,11.02140765292816,11.02140765292816,17.806205374696845,61.56017393990598,61.56017393990598,8.153734262836656,52.646145170222894,ions,H₂⁺,extraction,200,11
extraction_ions,200,0.02,100007,100007,100007,100007,1.0,1.0,12.02335380319436,12.02335380319436,18.831321062410883,56.62286389183513,56.62286389183513,8.171036170677516,47.8936883915974,ions,H₂⁺,extraction,200,12
extraction_ions,200,0.02,100007,100007,100007,100007,1.0,1.0,13.025299953460559,13.025299953460559,19.821634124074436,52.177947493702284,52.177947493702284,8.147495156358781,43.856921611431105,ions,H₂⁺,extraction,200,13
extraction_ions,200,0.02,100007,100007,100007,100007,1.0,1.0,14.027246103726757,14.027246103726757,20.78382734634195,48.16755329344444,48.16755329344444,8.09120130575079,40.3713997097973,ions,H₂⁺,extraction,200,14
extraction_ions,200,0.02,100007,100007,100007,100007,1.0,1.0,15.029192253992958,15.029192253992958,21.72348765772546,44.54195069568001,44.54195069568001,8.008761459926356,38.13272745450969,ions,H₂⁺,extraction,200,15
extraction_ions,200,0.02,100007,100007,100007,100007,1.0,1.0,16.031138404259156,16.031138404259156,22.645958158215915,41.26232078564884,41.26232078564884,7.906764490798469,35.83980138037511,ions,H₂⁺,extraction,200,16
extraction_ions,200,0.02,100007,100007,100007,100007,1.0,1.0,17.033084554525356,17.033084554525356,23.55517807764131,38.290736491313695,38.290736491313695,7.790142974089597,34.073540173641604,ions,H₂⁺,extraction,200,17
extraction_ions,200,0.02,100007,100007,100007,100007,1.0,1.0,18.035030704791556,18.035030704791556,24.454117218582272,35.59232373297425,35.59232373297425,7.662287824117355,32.21868509112999,ions,H₂⁺,extraction,200,18
extraction_ions,200,0.02,100007,100007,100007,100007,1.0,1.0,19.03697685505776,19.03697685505776,25.345803240239565,33.13985425950483,33.13985425950483,7.526715370756745,30.5458669558004,ions,H₂⁺,extraction,200,19
extraction_ions,200,0.02,100007,100007,100007,100007,1.0,1.0,20.038923005323955,20.038923005323955,26.23243169020892,30.90739299332339,30.90739299332339,7.386094935112993,29.27186810537399,ions,H₂⁺,extraction,200,20
extraction_ions,1000,0.1,99991,100007,100007,100007,0.9998400111992161,1.0,3.0059003248559115,3.005838450798559,6.8924457640177375,129.3019361099272,129.29721611271754,4.8733512324152635,106.82438376434399,ions,H₂⁺,extraction,200,3
extraction_ions,1000,0.1,100006,100007,100007,100007,0.999990000699951,1.0,4.007778845867282,4.00778460106476,8.631058909502654,115.35735496387743,115.35766421849299,5.650439296312582,105.73445332711859,ions,H₂⁺,extraction,200,4
extraction_ions,1000,0.1,100007,100007,100007,100007,1.0,1.0,5.0097307513309595,5.0097307513309595,10.132148112336449,102.24935461141484,102.24935461141484,6.237313878766632,93.49485969269541,ions,H₂⁺,extraction,200,5
extraction_ions,1000,0.1,100007,100007,100007,100007,1.0,1.0,6.011676901597159,6.011676901597159,11.538756724990572,91.93906981136992,91.93906981136992,6.707828761465511,81.54366717725219,ions,H₂⁺,extraction,200,6
extraction_ions,1000,0.1,100007,100007,100007,100007,1.0,1.0,7.013623051863358,7.013623051863358,12.860736747052051,83.3679490892407,83.3679490892407,7.077125658210682,71.55126123093409,ions,H₂⁺,extraction,200,7
extraction_ions,1000,0.1,100007,100007,100007,100007,1.0,1.0,8.015569202129559,8.015569202129559,14.105582920966333,75.97730822682927,75.97730822682927,7.354064203254437,62.76215689018339,ions,H₂⁺,extraction,200,8
extraction_ions,1000,0.1,100007,100007,100007,100007,1.0,1.0,9.017515352395758,9.017515352395758,15.281440404823428,69.46397990621087,69.46397990621087,7.548343883526899,55.9073362171158,ions,H₂⁺,extraction,200,9
extraction_ions,1000,0.1,100007,100007,100007,100007,1.0,1.0,10.019461502661958,10.019461502661958,16.39817713223017,63.66325802912185,63.66325802912185,7.671950588111705,49.9093405764962,ions,H₂⁺,extraction,200,10
extraction_ions,1000,0.1,100007,100007,100007,100007,1.0,1.0,11.02140765292816,11.02140765292816,17.465745241391136,58.471093633405815,58.471093633405815,7.737130984553395,44.8712078829063,ions,H₂⁺,extraction,200,11
extraction_ions,1000,0.1,100007,100007,100007,100007,1.0,1.0,12.02335380319436,12.02335380319436,18.491895064422767,53.79980799957702,53.79980799957702,7.753161502782251,40.959287803921896,ions,H₂⁺,extraction,200,12
extraction_ions,1000,0.1,100007,100007,100007,100007,1.0,1.0,13.025299953460559,13.025299953460559,19.484521134596125,49.58980756078084,49.58980756078084,7.730011478380725,38.3224015762501,ions,H₂⁺,extraction,200,13
extraction_ions,1000,0.1,100007,100007,100007,100007,1.0,1.0,14.027246103726757,14.027246103726757,20.450162200656298,45.78886011861658,45.78886011861658,7.675715160945925,35.7684762413994,ions,H₂⁺,extraction,200,14
extraction_ions,1000,0.1,100007,100007,100007,100007,1.0,1.0,15.029192253992958,15.029192253992958,21.39407523296233,42.35013346960379,42.35013346960379,7.596472961761603,33.7207958850171,ions,H₂⁺,extraction,200,15
extraction_ions,1000,0.1,100007,100007,100007,100007,1.0,1.0,16.031138404259156,16.031138404259156,22.32133911097527,39.23739255500989,39.23739255500989,7.498511954296985,31.696977478261097,ions,H₂⁺,extraction,200,16
extraction_ions,1000,0.1,100007,100007,100007,100007,1.0,1.0,17.033084554525356,17.033084554525356,23.235726197044027,36.41525774537855,36.41525774537855,7.386564841961388,30.0754349330922,ions,H₂⁺,extraction,200,17
extraction_ions,1000,0.1,100007,100007,100007,100007,1.0,1.0,18.035030704791556,18.035030704791556,24.1400697233476,33.851004295401935,33.851004295401935,7.263833550245862,28.4404277713109,ions,H₂⁺,extraction,200,18
extraction_ions,1000,0.1,100007,100007,100007,100007,1.0,1.0,19.03697685505776,19.03697685505776,25.037368334291052,31.51966577949117,31.51966577949117,7.133818712309167,26.965454794304897,ions,H₂⁺,extraction,200,19
extraction_ions,1000,0.1,100007,100007,100007,100007,1.0,1.0,20.038923005323955,20.038923005323955,25.929631695032118,29.396333765757344,29.396333765757344,6.998936641898028,25.7881932989143,ions,H₂⁺,extraction,200,20
extraction_ions,0,0.0,99944,100007,100007,100007,0.9993700440969132,1.0,3.0057536762712638,3.005838450798559,8.651100737680965,187.80990326950646,187.8180206840149,6.752578103385596,110.3629379421899,ions,H₂⁺,extraction,300,3
extraction_ions,0,0.0,99934,100007,100007,100007,0.9992700510964232,1.0,4.007676003759804,4.00778460106476,10.700040432316408,166.9814248368961,166.9886593197194,8.36127451997499,111.00295045775499,ions,H₂⁺,extraction,300,4
extraction_ions,0,0.0,99928,100007,100007,100007,0.9992100552961293,1.0,5.009797918408881,5.0097307513309595,12.604890196646346,151.60813669073022,151.60476334442,9.610057435256548,114.57237786640619,ions,H₂⁺,extraction,300,5
extraction_ions,0,0.0,99942,100007,100007,100007,0.9993500454968153,1.0,6.011986015526977,6.011676901597159,14.422286748186576,139.90455548858455,139.8922204898442,10.71923198435203,118.95721400300619,ions,H₂⁺,extraction,300,6
extraction_ions,0,0.0,99968,100007,100007,100007,0.9996100272980891,1.0,7.013562125790051,7.013623051863358,16.088468570831573,129.3888401452832,129.390832821906,11.068496242871149,124.3847490058878,ions,H₂⁺,extraction,300,7
extraction_ions,0,0.0,99996,100007,100007,100007,0.999890007699461,1.0,8.015501111680543,8.015569202129559,17.586968850479554,119.41010559558376,119.41196945068158,11.271664872724159,110.9332537764585,ions,H₂⁺,extraction,300,8
extraction_ions,0,0.0,100006,100007,100007,100007,0.999990000699951,1.0,9.017502403201432,9.017515352395758,18.894471748612762,109.53079656906723,109.5310974567056,11.596036149605345,100.7139636934455,ions,H₂⁺,extraction,300,9
extraction_ions,0,0.0,100007,100007,100007,100007,1.0,1.0,10.019461502661958,10.019461502661958,20.079243810437465,100.40242487186397,100.40242487186397,11.811465355909336,93.28539551272749,ions,H₂⁺,extraction,300,10
extraction_ions,0,0.0,100007,100007,100007,100007,1.0,1.0,11.02140765292816,11.02140765292816,21.185129386313434,92.2180002178305,92.2180002178305,11.93389931212789,83.8765593730327,ions,H₂⁺,extraction,300,11
extraction_ions,0,0.0,100007,100007,100007,100007,1.0,1.0,12.02335380319436,12.02335380319436,22.227994805285903,84.87349843585554,84.87349843585554,11.982797440619704,76.2794275347784,ions,H₂⁺,extraction,300,12
extraction_ions,0,0.0,100007,100007,100007,100007,1.0,1.0,13.025299953460559,13.025299953460559,23.219607515821874,78.26543418413097,78.26543418413097,11.972055171856736,69.69862018677631,ions,H₂⁺,extraction,300,13
extraction_ions,0,0.0,100007,100007,100007,100007,1.0,1.0,14.027246103726757,14.027246103726757,24.168187805263322,72.29460170975628,72.29460170975628,11.911208306823143,63.981118526667,ions,H₂⁺,extraction,300,14
extraction_ions,0,0.0,100007,100007,100007,100007,1.0,1.0,15.029192253992958,15.029192253992958,25.083520760259592,66.89866185985743,66.89866185985743,11.811583521286787,59.4079732173235,ions,H₂⁺,extraction,300,15
extraction_ions,0,0.0,100007,100007,100007,100007,1.0,1.0,16.031138404259156,16.031138404259156,25.971605851473154,62.007246126532166,62.007246126532166,11.680546523980487,55.006569247602194,ions,H₂⁺,extraction,300,16
extraction_ions,0,0.0,100007,100007,100007,100007,1.0,1.0,17.033084554525356,17.033084554525356,26.838938017285095,57.56945215277827,57.56945215277827,11.525605235659786,51.489673345830205,ions,H₂⁺,extraction,300,17
extraction_ions,0,0.0,100007,100007,100007,100007,1.0,1.0,18.035030704791556,18.035030704791556,27.690823211303147,53.53909657578924,53.53909657578924,11.353072018750495,48.8907555917858,ions,H₂⁺,extraction,300,18
extraction_ions,0,0.0,100007,100007,100007,100007,1.0,1.0,19.03697685505776,19.03697685505776,28.530388723356314,49.8682744669952,49.8682744669952,11.16614036290724,46.4060571540306,ions,H₂⁺,extraction,300,19
extraction_ions,0,0.0,100007,100007,100007,100007,1.0,1.0,20.038923005323955,20.038923005323955,29.362375549617333,46.52671474318413,46.52671474318413,10.971251721183028,44.147546050197796,ions,H₂⁺,extraction,300,20
extraction_ions,200,0.02,99944,100007,100007,100007,0.9993700440969132,1.0,3.0057536762712638,3.005838450798559,8.63938142949145,187.4200184376586,187.42812485582277,6.739779589652105,110.06683088930309,ions,H₂⁺,extraction,300,3
extraction_ions,200,0.02,99935,100007,100007,100007,0.9992800503964723,1.0,4.007657190896635,4.00778460106476,10.692227908694411,166.78649111665771,166.79497270828782,8.354763933467789,110.6819034714368,ions,H₂⁺,extraction,300,4
extraction_ions,200,0.02,99929,100007,100007,100007,0.9992200545961782,1.0,5.009805293500594,5.0097307513309595,12.594539244345349,151.40151975231996,151.39777908504172,9.597175625875785,114.26320088374149,ions,H₂⁺,extraction,300,5
extraction_ions,200,0.02,99944,100007,100007,100007,0.9993700440969132,1.0,6.0119517058208745,6.011676901597159,14.413224810230313,139.75381654993905,139.7428574862832,10.718113879396464,116.1676389729293,ions,H₂⁺,extraction,300,6
extraction_ions,200,0.02,99969,100007,100007,100007,0.9996200265981381,1.0,7.013557846960308,7.013623051863358,16.07269766259219,129.1639790695915,129.16610960239154,11.065966489817697,115.07841054001909,ions,H₂⁺,extraction,300,7
extraction_ions,200,0.02,99996,100007,100007,100007,0.999890007699461,1.0,8.015501111680543,8.015569202129559,17.566056176075936,119.14920491746268,119.1510665562494,11.247337586513275,110.4666540495451,ions,H₂⁺,extraction,300,8
extraction_ions,200,0.02,100006,100007,100007,100007,0.999990000699951,1.0,9.017502403201432,9.017515352395758,18.872968599382055,109.29233676733267,109.29263731254117,11.570865844836923,100.05016068812371,ions,H₂⁺,extraction,300,9
extraction_ions,200,0.02,100007,100007,100007,100007,1.0,1.0,10.019461502661958,10.019461502661958,20.057538368270002,100.1857920502129,100.1857920502129,11.785898483231662,92.5598557418296,ions,H₂⁺,extraction,300,10
extraction_ions,200,0.02,100007,100007,100007,100007,1.0,1.0,11.02140765292816,11.02140765292816,21.163391870854582,92.02077028002778,92.02077028002778,11.908152722545065,83.24313083788901,ions,H₂⁺,extraction,300,11
extraction_ions,200,0.02,100007,100007,100007,100007,1.0,1.0,12.02335380319436,12.02335380319436,22.206264257304493,84.69276227573661,84.69276227573661,11.956901292211807,75.7122052515833,ions,H₂⁺,extraction,300,12
extraction_ions,200,0.02,100007,100007,100007,100007,1.0,1.0,13.025299953460559,13.025299953460559,23.19798603986789,78.09943819147638,78.09943819147638,11.946139781584547,69.18799485361869,ions,H₂⁺,extraction,300,13
extraction_ions,200,0.02,100007,100007,100007,100007,1.0,1.0,14.027246103726757,14.027246103726757,24.146722820066067,72.1415781936753,72.1415781936753,11.885331803525238,63.5191409958317,ions,H₂⁺,extraction,300,14
extraction_ions,200,0.02,100007,100007,100007,100007,1.0,1.0,15.029192253992958,15.029192253992958,25.062244198022704,66.7570936246701,66.7570936246701,11.785788853061359,58.9792962682759,ions,H₂⁺,extraction,300,15
extraction_ions,200,0.02,100007,100007,100007,100007,1.0,1.0,16.031138404259156,16.031138404259156,25.950589097596687,61.87614655427171,61.87614655427171,11.654925202967307,54.61520221295,ions,H₂⁺,extraction,300,16
extraction_ions,200,0.02,100007,100007,100007,100007,1.0,1.0,17.033084554525356,17.033084554525356,26.81820637977445,57.44773821749965,57.44773821749965,11.500192496634867,51.123431101221804,ions,H₂⁺,extraction,300,17
extraction_ions,200,0.02,100007,100007,100007,100007,1.0,1.0,18.035030704791556,18.035030704791556,27.670390477524137,53.42580187663697,53.42580187663697,11.327896953475891,48.63396436124011,ions,H₂⁺,extraction,300,18
extraction_ions,200,0.02,100007,100007,100007,100007,1.0,1.0,19.03697685505776,19.03697685505776,28.510262371550002,49.762552051301,49.762552051301,11.141226603814507,46.1625610173221,ions,H₂⁺,extraction,300,19
extraction_ions,200,0.02,100007,100007,100007,100007,1.0,1.0,20.038923005323955,20.038923005323955,29.34257158124249,46.427887234492246,46.427887234492246,10.946607200642823,43.9160984121717,ions,H₂⁺,extraction,300,20
extraction_ions,1000,0.1,99957,100007,100007,100007,0.9995000349975501,1.0,3.0059310156078327,3.005838450798559,8.445486825496953,180.96941880736296,180.96076661922936,6.500635902471846,109.4206502726764,ions,H₂⁺,extraction,300,3
extraction_ions,1000,0.1,99948,100007,100007,100007,0.9994100412971092,1.0,4.007927768570628,4.00778460106476,10.440291598398876,160.50031719831384,160.4910118458113,8.097551170434478,112.6170884079577,ions,H₂⁺,extraction,300,4
extraction_ions,1000,0.1,99958,100007,100007,100007,0.9995100342975992,1.0,5.009874647950716,5.0097307513309595,12.364139122743818,146.8024677665357,146.7953789582611,9.377897492154895,116.6988632798772,ions,H₂⁺,extraction,300,5
extraction_ions,1000,0.1,99978,100007,100007,100007,0.9997100202985791,1.0,6.0117713266436015,6.011676901597159,14.128528035997132,135.01808675452133,135.01439539758994,9.935176145370246,114.67082012130301,ions,H₂⁺,extraction,300,6
extraction_ions,1000,0.1,100005,100007,100007,100007,0.999980001399902,1.0,7.013619827278671,7.013623051863358,15.734679384265624,124.3445259021339,124.34462904686382,10.249718798048649,104.3660218693333,ions,H₂⁺,extraction,300,7
extraction_ions,1000,0.1,100007,100007,100007,100007,1.0,1.0,8.015569202129559,8.015569202129559,17.109141075823462,113.44885989229492,113.44885989229492,10.68076736237593,95.29596605491831,ions,H₂⁺,extraction,300,8
extraction_ions,1000,0.1,100007,100007,100007,100007,1.0,1.0,9.017515352395758,9.017515352395758,18.374339720704167,103.7627772468666,103.7627772468666,10.986533464112762,84.82195991539321,ions,H₂⁺,extraction,300,9
extraction_ions,1000,0.1,100007,100007,100007,100007,1.0,1.0,10.019461502661958,10.019461502661958,19.551935666968348,95.13958571300279,95.13958571300279,11.189487838062252,76.2387967672847,ions,H₂⁺,extraction,300,10
extraction_ions,1000,0.1,100007,100007,100007,100007,1.0,1.0,11.02140765292816,11.02140765292816,20.656050039345324,87.41753040826359,87.41753040826359,11.30623545610083,69.2400312787692,ions,H₂⁺,extraction,300,11
extraction_ions,1000,0.1,100007,100007,100007,100007,1.0,1.0,12.02335380319436,12.02335380319436,21.699151597343437,80.47503178005474,80.47503178005474,11.351711279433083,62.900699316408506,ions,H₂⁺,extraction,300,12
extraction_ions,1000,0.1,100007,100007,100007,100007,1.0,1.0,13.025299953460559,13.025299953460559,22.69282024323759,74.22109528624381,74.22109528624381,11.339708749559774,57.6377514029969,ions,H₂⁺,extraction,300,13
extraction_ions,1000,0.1,100007,100007,100007,100007,1.0,1.0,14.027246103726757,14.027246103726757,23.644931837176298,68.56431877169615,68.56431877169615,11.279507434849231,53.364830001704505,ions,H₂⁺,extraction,300,14
extraction_ions,1000,0.1,100007,100007,100007,100007,1.0,1.0,15.029192253992958,15.029192253992958,24.56522815458576,63.45008926251021,63.45008926251021,11.182392369647014,50.4247106560415,ions,H₂⁺,extraction,300,15
extraction_ions,1000,0.1,100007,100007,100007,100007,1.0,1.0,16.031138404259156,16.031138404259156,25.45935648361609,58.811906189095374,58.811906189095374,11.05537373987306,47.4955931448055,ions,H₂⁺,extraction,300,16
extraction_ions,1000,0.1,100007,100007,100007,100007,1.0,1.0,17.033084554525356,17.033084554525356,26.33353428247017,54.60226360159683,54.60226360159683,10.905531909488358,44.8607247134466,ions,H₂⁺,extraction,300,17
extraction_ions,1000,0.1,100007,100007,100007,100007,1.0,1.0,18.035030704791556,18.035030704791556,27.192726920220842,50.77726988840814,50.77726988840814,10.73892641554729,42.74065184285801,ions,H₂⁺,extraction,300,18
extraction_ions,1000,0.1,100007,100007,100007,100007,1.0,1.0,19.03697685505776,19.03697685505776,28.040251806884363,47.29361715557587,47.29361715557587,10.558955900256382,40.5722888666129,ions,H₂⁺,extraction,300,19
extraction_ions,1000,0.1,100007,100007,100007,100007,1.0,1.0,20.038923005323955,20.038923005323955,28.88017904576257,44.1204152443206,44.1204152443206,10.37109856848279,38.6006405971959,ions,H₂⁺,extraction,300,20
extraction_ions,0,0.0,99899,100007,100007,100007,0.9989200755947084,1.0,3.0057561716495824,3.005838450798559,9.98052766680128,232.03805960196428,232.04714876536005,8.354537223566552,112.530390662186,ions,H₂⁺,extraction,400,3
extraction_ions,0,0.0,99867,100007,100007,100007,0.9986000979931405,1.0,4.007707925277293,4.00778460106476,12.284657227826978,206.51989691669752,206.52576127979697,9.995675417299067,117.1544963627831,ions,H₂⁺,extraction,400,4
extraction_ions,0,0.0,99836,100007,100007,100007,0.9982901196916216,1.0,5.009465060766752,5.0097307513309595,14.438436654567104,188.20783733199983,188.22312321621718,11.662865856850528,115.6035437885824,ions,H₂⁺,extraction,400,5
extraction_ions,0,0.0,99812,100007,100007,100007,0.9980501364904457,1.0,6.011321734399992,6.011676901597159,16.447269547167306,173.58871437015617,173.60487882468925,13.338609063458122,118.43832542603789,ions,H₂⁺,extraction,400,6
extraction_ions,0,0.0,99800,100007,100007,100007,0.9979301448898578,1.0,7.013043936640171,7.013623051863358,18.30585056620598,161.0041975572459,161.02575046715017,16.07585578134656,120.3872963521445,ions,H₂⁺,extraction,400,7
extraction_ions,0,0.0,99814,100007,100007,100007,0.9980701350905437,1.0,8.014576621549818,8.015569202129559,20.036983081840653,149.9757980570771,150.0067567881833,17.415147094564613,128.67559901954482,ions,H₂⁺,extraction,400,8
extraction_ions,0,0.0,99853,100007,100007,100007,0.9984601077924545,1.0,9.015700622516206,9.017515352395758,21.64052652385603,139.98325124122587,140.0315563918574,16.811723265672054,124.3741945954443,ions,H₂⁺,extraction,400,9
extraction_ions,0,0.0,99915,100007,100007,100007,0.9990800643954924,1.0,10.017826794302712,10.019461502661958,23.122804794712533,130.77891749540927,130.81657598495133,17.184192605197147,141.0210140224166,ions,H₂⁺,extraction,400,10
extraction_ions,0,0.0,99975,100007,100007,100007,0.9996800223984321,1.0,11.02059122621082,11.02140765292816,24.442753069900544,121.77523815124114,121.79166768990694,16.08981522811744,128.0792210187247,ions,H₂⁺,extraction,400,11
extraction_ions,0,0.0,99998,100007,100007,100007,0.9999100062995591,1.0,12.023003562467606,12.02335380319436,25.565291244969142,112.63028322577489,112.63647733397252,15.78938904604866,124.13054596985859,ions,H₂⁺,extraction,400,12
extraction_ions,0,0.0,100006,100007,100007,100007,0.999990000699951,1.0,13.025281249068753,13.025299953460559,26.57936751736353,104.0595426771875,104.05983570806833,15.69692971367697,94.03798916927471,ions,H₂⁺,extraction,400,13
extraction_ions,0,0.0,100007,100007,100007,100007,1.0,1.0,14.027246103726757,14.027246103726757,27.519749927668393,96.187831340301,96.187831340301,15.637505863137715,89.8379493547825,ions,H₂⁺,extraction,400,14
extraction_ions,0,0.0,100007,100007,100007,100007,1.0,1.0,15.029192253992958,15.029192253992958,28.413375320177643,89.05457352592434,89.05457352592434,15.523710653056009,83.1540590608014,ions,H₂⁺,extraction,400,15
extraction_ions,0,0.0,100007,100007,100007,100007,1.0,1.0,16.031138404259156,16.031138404259156,29.271354057594355,82.59061408775273,82.59061408775273,15.368769741530034,77.2274778954588,ions,H₂⁺,extraction,400,16
extraction_ions,0,0.0,100007,100007,100007,100007,1.0,1.0,17.033084554525356,17.033084554525356,30.101121858032133,76.72149610761403,76.72149610761403,15.18144391017827,71.9565553778296,ions,H₂⁺,extraction,400,17
extraction_ions,0,0.0,100007,100007,100007,100007,1.0,1.0,18.035030704791556,18.035030704791556,30.909849141980835,71.3878376362769,71.3878376362769,14.969439094432726,67.2523217692767,ions,H₂⁺,extraction,400,18
extraction_ions,0,0.0,100007,100007,100007,100007,1.0,1.0,19.03697685505776,19.03697685505776,31.701740070587718,66.52717662030028,66.52717662030028,14.738347441965457,63.03795312509919,ions,H₂⁺,extraction,400,19
extraction_ions,0,0.0,100007,100007,100007,100007,1.0,1.0,20.038923005323955,20.038923005323955,32.48230309878079,62.09605221872887,62.09605221872887,14.49406632817132,59.650036737954196,ions,H₂⁺,extraction,400,20
extraction_ions,200,0.02,99899,100007,100007,100007,0.9989200755947084,1.0,3.0057561716495824,3.005838450798559,9.967920127600562,231.6186245788556,231.6277022606957,8.341133266779153,112.30482193177339,ions,H₂⁺,extraction,400,3
extraction_ions,200,0.02,99868,100007,100007,100007,0.9986100972931895,1.0,4.007734225507538,4.00778460106476,12.2752151815652,206.28430425886683,206.28815412555633,9.98439359982197,117.92267653062909,ions,H₂⁺,extraction,400,4
extraction_ions,200,0.02,99836,100007,100007,100007,0.9982901196916216,1.0,5.009465060766752,5.0097307513309595,14.421862788850833,187.8770038693059,187.8922722068734,11.645047352416922,115.3479067376432,ions,H₂⁺,extraction,400,5
extraction_ions,200,0.02,99815,100007,100007,100007,0.9980801343905926,1.0,6.011416078185458,6.011676901597159,16.439392496285507,173.45768519126423,173.46954997744436,13.355274110053697,120.911876601035,ions,H₂⁺,extraction,400,6
extraction_ions,200,0.02,99803,100007,100007,100007,0.9979601427900047,1.0,7.012953143225729,7.013623051863358,18.294801266201535,160.84665701189954,160.871574250766,16.08681444927993,123.8562841903212,ions,H₂⁺,extraction,400,7
extraction_ions,200,0.02,99820,100007,100007,100007,0.9981301308908377,1.0,8.014512603604622,8.015569202129559,20.031034710901974,149.90158784456847,149.934533784285,17.410507145512117,131.6708252706847,ions,H₂⁺,extraction,400,8
extraction_ions,200,0.02,99859,100007,100007,100007,0.9985201035927485,1.0,9.01589848882923,9.017515352395758,21.6310541092175,139.87820662229979,139.92122511160204,16.8138867875732,129.0945377429364,ions,H₂⁺,extraction,400,9
extraction_ions,200,0.02,99919,100007,100007,100007,0.9991200615956883,1.0,10.017970183265229,10.019461502661958,23.105055320944757,130.60176751820677,130.63609591832463,16.837543897061664,135.83771365151551,ions,H₂⁺,extraction,400,10
extraction_ions,200,0.02,99975,100007,100007,100007,0.9996800223984321,1.0,11.02059122621082,11.02140765292816,24.413561596329547,121.5103765791965,121.52678649640465,16.055805412180767,127.5591400193678,ions,H₂⁺,extraction,400,11
extraction_ions,200,0.02,99998,100007,100007,100007,0.9999100062995591,1.0,12.023003562467606,12.02335380319436,25.53567601681133,112.3839690222459,112.39015595509296,15.754567386837945,123.65862222123721,ions,H₂⁺,extraction,400,12
extraction_ions,200,0.02,100006,100007,100007,100007,0.999990000699951,1.0,13.025281249068753,13.025299953460559,26.54977897609273,103.83238060509301,103.8326733097676,15.662008425045425,93.3556709937129,ions,H₂⁺,extraction,400,13
extraction_ions,200,0.02,100007,100007,100007,100007,1.0,1.0,14.027246103726757,14.027246103726757,27.490372133473887,95.97839754283805,95.97839754283805,15.602651000021137,89.0939989514618,ions,H₂⁺,extraction,400,14
extraction_ions,200,0.02,100007,100007,100007,100007,1.0,1.0,15.029192253992958,15.029192253992958,28.384292050348957,88.86106166356223,88.86106166356223,15.489034928494215,82.47509184949361,ions,H₂⁺,extraction,400,15
extraction_ions,200,0.02,100007,100007,100007,100007,1.0,1.0,16.031138404259156,16.031138404259156,29.24265238051583,82.41157703901199,82.41157703901199,15.334377587385015,76.60556443756269,ions,H₂⁺,extraction,400,16
extraction_ions,200,0.02,100007,100007,100007,100007,1.0,1.0,17.033084554525356,17.033084554525356,30.07279114404491,76.55516854729146,76.55516854729146,15.147322803818321,71.384952872383,ions,H₂⁺,extraction,400,17
extraction_ions,200,0.02,100007,100007,100007,100007,1.0,1.0,18.035030704791556,18.035030704791556,30.881910188843868,71.2329227176705,71.2329227176705,14.935625178982702,66.72528512468179,ions,H₂⁺,extraction,400,18
extraction_ions,200,0.02,100007,100007,100007,100007,1.0,1.0,19.03697685505776,19.03697685505776,31.674186482099174,66.38243941387128,66.38243941387128,14.704838571377133,62.550572501570386,ions,H₂⁺,extraction,400,19
extraction_ions,200,0.02,100007,100007,100007,100007,1.0,1.0,20.038923005323955,20.038923005323955,32.45519680059025,61.96078398009479,61.96078398009479,14.460937291263713,59.1889895440917,ions,H₂⁺,extraction,400,20
extraction_ions,1000,0.1,99912,100007,100007,100007,0.9990500664953453,1.0,3.005767227450081,3.005838450798559,9.74315923970427,224.14114727675437,224.14882798392216,8.10944114193042,115.81238467007701,ions,H₂⁺,extraction,400,3
extraction_ions,1000,0.1,99887,100007,100007,100007,0.9988000839941205,1.0,4.007902947449973,4.00778460106476,12.019731671205625,199.90962258830746,199.9007667801231,9.738309164624829,121.2859293828768,ions,H₂⁺,extraction,400,4
extraction_ions,1000,0.1,99871,100007,100007,100007,0.9986400951933365,1.0,5.009793380673504,5.0097307513309595,14.17078778869452,182.86525747775363,182.86172127101645,11.182430461014714,114.820632728394,ions,H₂⁺,extraction,400,5
extraction_ions,1000,0.1,99861,100007,100007,100007,0.9985401021928465,1.0,6.011546070673341,6.011676901597159,16.15357824141519,168.7033668945776,168.70921475955453,12.704108386163085,123.1560510086393,ions,H₂⁺,extraction,400,6
extraction_ions,1000,0.1,99870,100007,100007,100007,0.9986300958932874,1.0,7.013217705795456,7.013623051863358,17.997672623063153,156.61020687847756,156.625038292916,14.258351467208147,119.38169166530949,ions,H₂⁺,extraction,400,7
extraction_ions,1000,0.1,99906,100007,100007,100007,0.9989900706950513,1.0,8.015176689912616,8.015569202129559,19.712255794678317,145.92459122480298,145.93663442861953,14.857874462054147,125.8271914269126,ions,H₂⁺,extraction,400,8
extraction_ions,1000,0.1,99964,100007,100007,100007,0.9995700300978931,1.0,9.016967661409604,9.017515352395758,21.289540466431106,136.09098110129568,136.10532127718596,14.67745071815752,130.0794413396488,ions,H₂⁺,extraction,400,9
extraction_ions,1000,0.1,100000,100007,100007,100007,0.999930004899657,1.0,10.01933584938124,10.019461502661958,22.638424827162286,125.94452627167377,125.94735985978906,14.657132730406794,118.0086750280234,ions,H₂⁺,extraction,400,10
extraction_ions,1000,0.1,100007,100007,100007,100007,1.0,1.0,11.02140765292816,11.02140765292816,23.800513486915523,115.9480370966246,115.9480370966246,14.769083861051817,94.1070119989539,ions,H₂⁺,extraction,400,11
extraction_ions,1000,0.1,100007,100007,100007,100007,1.0,1.0,12.02335380319436,12.02335380319436,24.864578838290804,106.80235519381283,106.80235519381283,14.84771106226248,85.5956991549477,ions,H₂⁺,extraction,400,12
extraction_ions,1000,0.1,100007,100007,100007,100007,1.0,1.0,13.025299953460559,13.025299953460559,25.86361634263074,98.56445866921703,98.56445866921703,14.85138103291408,78.5291294792936,ions,H₂⁺,extraction,400,13
extraction_ions,1000,0.1,100007,100007,100007,100007,1.0,1.0,14.027246103726757,14.027246103726757,26.807513009780937,91.11030641045588,91.11030641045588,14.791672370462683,72.4097723272317,ions,H₂⁺,extraction,400,14
extraction_ions,1000,0.1,100007,100007,100007,100007,1.0,1.0,15.029192253992958,15.029192253992958,27.708124276943654,84.36203229473065,84.36203229473065,14.682048840876913,67.63394836641871,ions,H₂⁺,extraction,400,15
extraction_ions,1000,0.1,100007,100007,100007,100007,1.0,1.0,16.031138404259156,16.031138404259156,28.574170295151415,78.24167925317033,78.24167925317033,14.532617722231759,63.777997651841105,ions,H₂⁺,extraction,400,16
extraction_ions,1000,0.1,100007,100007,100007,100007,1.0,1.0,17.033084554525356,17.033084554525356,29.412625435785547,72.67938371133835,72.67938371133835,14.351624679741729,60.3043430326694,ions,H₂⁺,extraction,400,17
extraction_ions,1000,0.1,100007,100007,100007,100007,1.0,1.0,18.035030704791556,18.035030704791556,30.23076198173628,67.62245918275347,67.62245918275347,14.147000414714906,57.0186308151246,ions,H₂⁺,extraction,400,18
extraction_ions,1000,0.1,100007,100007,100007,100007,1.0,1.0,19.03697685505776,19.03697685505776,31.032755649566557,63.01304501151268,63.01304501151268,13.92423734506725,54.1961698487661,ions,H₂⁺,extraction,400,19
extraction_ions,1000,0.1,100007,100007,100007,100007,1.0,1.0,20.038923005323955,20.038923005323955,31.823561675232114,58.80874269928182,58.80874269928182,13.688671871192827,51.61941379708551,ions,H₂⁺,extraction,400,20
extraction_ions,0,0.0,99837,100007,100007,100007,0.9983001189916706,1.0,3.005675435549613,3.005838450798559,11.052634735793962,267.70554761043843,267.72549041952345,9.44031123964901,112.0409934683997,ions,H₂⁺,extraction,500,3
extraction_ions,0,0.0,99784,100007,100007,100007,0.9977701560890737,1.0,4.006997803993401,4.00778460106476,13.59301375225441,239.1652772118321,239.2318742652547,11.44356133469416,116.26137137307089,ions,H₂⁺,extraction,500,4
extraction_ions,0,0.0,99717,100007,100007,100007,0.9971002029857909,1.0,5.008756245850669,5.0097307513309595,15.945698088984665,218.29451282882405,218.35644032776256,13.609272232397611,122.437398059721,ions,H₂⁺,extraction,500,5
extraction_ions,0,0.0,99636,100007,100007,100007,0.9962902596818223,1.0,6.009834405870665,6.011676901597159,18.070491670136406,200.58986811708905,200.68202299358484,16.16616804092246,123.73800532552,ions,H₂⁺,extraction,500,6
extraction_ions,0,0.0,99562,100007,100007,100007,0.9955503114781965,1.0,7.011038123180896,7.013623051863358,20.026634878153164,185.53908201314795,185.64435859988043,18.4012475175062,126.5962293328956,ions,H₂⁺,extraction,500,7
extraction_ions,0,0.0,99504,100007,100007,100007,0.9949703520753548,1.0,8.012014160578133,8.015569202129559,21.841299357579857,172.48594337850776,172.60684916218153,19.891662535787855,135.0656653349605,ions,H₂⁺,extraction,500,8
extraction_ions,0,0.0,99499,100007,100007,100007,0.9949203555751097,1.0,9.011791750137853,9.017515352395758,23.6009173893277,161.72306302819268,161.8892895407473,21.400090092293162,128.9067768435913,ions,H₂⁺,extraction,500,9
extraction_ions,0,0.0,99519,100007,100007,100007,0.9951203415760896,1.0,10.011266502046952,10.019461502661958,25.21925171852025,151.70266597481344,151.90870419206001,22.733245946410083,131.9056007439051,ions,H₂⁺,extraction,500,10
extraction_ions,0,0.0,99565,100007,100007,100007,0.9955803093783435,1.0,11.010817501499352,11.02140765292816,26.713604587123978,142.37924436110237,142.61236355507995,23.519999073031272,133.3229884634054,ions,H₂⁺,extraction,500,11
extraction_ions,0,0.0,99662,100007,100007,100007,0.9965502414830962,1.0,12.011496483748195,12.02335380319436,28.14675787471099,134.10072044318423,134.3318162961138,23.8674937368639,138.4478973022616,ions,H₂⁺,extraction,500,12
extraction_ions,0,0.0,99777,100007,100007,100007,0.9977001609887308,1.0,13.013672848882837,13.025299953460559,29.460829401810443,126.18158128468511,126.38366388885763,22.62915892896863,139.7314100236671,ions,H₂⁺,extraction,500,13
extraction_ions,0,0.0,99881,100007,100007,100007,0.9987400881938264,1.0,14.018971742468443,14.027246103726757,30.62978718862904,118.35923432248987,118.48811561436095,21.423383008967974,143.89762552360088,ions,H₂⁺,extraction,500,14
extraction_ions,0,0.0,99952,100007,100007,100007,0.9994500384973052,1.0,15.024630334852871,15.029192253992958,31.6496489428759,110.5878240693023,110.65176471901417,20.057731969947156,138.89283671620092,ions,H₂⁺,extraction,500,15
extraction_ions,0,0.0,99985,100007,100007,100007,0.999780015398922,1.0,16.02892504980325,16.031138404259156,32.54232422974721,102.99446869662954,103.02249919215049,19.397137280163342,158.9028999181944,ions,H₂⁺,extraction,500,16
extraction_ions,0,0.0,100000,100007,100007,100007,0.999930004899657,1.0,17.032115375359215,17.033084554525356,33.36183535193729,95.8649077631315,95.87605307208453,18.928488319882216,132.43839024428638,ions,H₂⁺,extraction,500,17
extraction_ions,0,0.0,100003,100007,100007,100007,0.999960002799804,1.0,18.03307821355736,18.035030704791556,34.13357957950758,89.26266407985075,89.28315607174477,19.471134230566914,146.7929442822191,ions,H₂⁺,extraction,500,18
extraction_ions,0,0.0,100004,100007,100007,100007,0.999970002099853,1.0,19.0350608527888,19.03697685505776,34.87970327991989,83.22081045474938,83.23925281704425,19.25159387819143,149.7861376784895,ions,H₂⁺,extraction,500,19
extraction_ions,0,0.0,100004,100007,100007,100007,0.999970002099853,1.0,20.036906160830316,20.038923005323955,35.609689496854614,77.7026114995991,77.72049841939757,19.022332908157757,152.94687860254652,ions,H₂⁺,extraction,500,20
extraction_ions,200,0.02,99837,100007,100007,100007,0.9983001189916706,1.0,3.005675435549613,3.005838450798559,11.040766934148124,267.31072261102156,267.33064400645196,9.427945937152112,111.8566639141915,ions,H₂⁺,extraction,500,3
extraction_ions,200,0.02,99784,100007,100007,100007,0.9977701560890737,1.0,4.006997803993401,4.00778460106476,13.578735274937396,238.8090086310999,238.87553572913708,11.428603199267178,116.03842174586569,ions,H₂⁺,extraction,500,4
extraction_ions,200,0.02,99720,100007,100007,100007,0.997130200885938,1.0,5.008910014293268,5.0097307513309595,15.94017272507731,218.18422019671232,218.23635640470553,13.591723526924358,121.84382178167031,ions,H₂⁺,extraction,500,5
extraction_ions,200,0.02,99640,100007,100007,100007,0.9963302568820183,1.0,6.009825826821058,6.011676901597159,18.064250128628526,200.48604448168672,200.57859660441682,16.184560109194578,121.5977996156346,ions,H₂⁺,extraction,500,6
extraction_ions,200,0.02,99564,100007,100007,100007,0.9955703100782946,1.0,7.011010898093741,7.013623051863358,20.011560322056344,185.32414950272718,185.43045522147722,18.371996565482053,126.35280474741191,ions,H₂⁺,extraction,500,7
extraction_ions,200,0.02,99509,100007,100007,100007,0.9950203485755997,1.0,8.011872304844992,8.015569202129559,21.831508443794167,172.36379467591672,172.4894707893943,19.912382238051038,122.721800028544,ions,H₂⁺,extraction,500,8
extraction_ions,200,0.02,99506,100007,100007,100007,0.9949903506754527,1.0,9.012060685455248,9.017515352395758,23.592121779294466,161.6255238537138,161.78387610472132,21.397107817286656,139.0482536410307,ions,H₂⁺,extraction,500,9
extraction_ions,200,0.02,99527,100007,100007,100007,0.9952003359764816,1.0,10.011400609219558,10.019461502661958,25.209047784907504,151.6008248368437,151.80340662516633,22.714261418724636,144.69658062390351,ions,H₂⁺,extraction,500,10
extraction_ions,200,0.02,99577,100007,100007,100007,0.9957003009789315,1.0,11.010871920120232,11.02140765292816,26.708687284793942,142.33462844193045,142.56650589122737,23.547810912303817,146.6195589561723,ions,H₂⁺,extraction,500,11
extraction_ions,200,0.02,99671,100007,100007,100007,0.9966402351835372,1.0,12.01212929499081,12.02335380319436,28.13192829276549,133.9773806314459,134.1960163923378,23.88933318855153,134.6421036136376,ions,H₂⁺,extraction,500,12
extraction_ions,200,0.02,99790,100007,100007,100007,0.9978301518893677,1.0,13.014322312984673,13.025299953460559,29.450423579792897,126.10169197653308,126.29240978924865,22.476057687211032,138.7105406276394,ions,H₂⁺,extraction,500,13
extraction_ions,200,0.02,99888,100007,100007,100007,0.9988100832941694,1.0,14.01920833829783,14.027246103726757,30.605965559000097,118.18941032815209,118.31450692825771,21.204730677351776,139.56820396088858,ions,H₂⁺,extraction,500,14
extraction_ions,200,0.02,99956,100007,100007,100007,0.9994900356975012,1.0,15.024724091403577,15.029192253992958,31.61942525862946,110.38672421153444,110.44929055782507,19.860618034312477,142.2785840484288,ions,H₂⁺,extraction,500,15
extraction_ions,200,0.02,99986,100007,100007,100007,0.9997900146989711,1.0,16.029001649313628,16.031138404259156,32.50684480963166,102.77315303444223,102.80018382195139,19.355220369583865,158.46708994638692,ions,H₂⁺,extraction,500,16
extraction_ions,200,0.02,100002,100007,100007,100007,0.999950003499755,1.0,17.03225686668128,17.033084554525356,33.328296631710174,95.66800437713732,95.67751292494546,18.881497539042076,135.89618061376208,ions,H₂⁺,extraction,500,17
extraction_ions,200,0.02,100005,100007,100007,100007,0.999980001399902,1.0,18.03439769094328,18.035030704791556,34.100463742377855,89.07904455808897,89.08568130058936,18.550670045568324,113.79128073563,ions,H₂⁺,extraction,500,18
extraction_ions,200,0.02,100004,100007,100007,100007,0.999970002099853,1.0,19.0350608527888,19.03697685505776,34.843984000865255,83.03317940741141,83.05160288342506,19.20891754823239,149.5861838017487,ions,H₂⁺,extraction,500,19
extraction_ions,200,0.02,100004,100007,100007,100007,0.999970002099853,1.0,20.036906160830316,20.038923005323955,35.574561431406245,77.5273123308811,77.54518160568186,18.980268889265925,152.7513571098144,ions,H₂⁺,extraction,500,20
extraction_ions,1000,0.1,99850,100007,100007,100007,0.9984301098923075,1.0,3.0058550678084472,3.005838450798559,10.824611304967993,260.11953011287835,260.1175392950718,9.211247061605645,110.09294840713319,ions,H₂⁺,extraction,500,3
extraction_ions,1000,0.1,99813,100007,100007,100007,0.9980601357904947,1.0,4.0072910120106835,4.00778460106476,13.352727221626852,233.1697820805887,233.21081951887086,11.065152279701218,117.58008697818799,ions,H₂⁺,extraction,500,4
extraction_ions,1000,0.1,99759,100007,100007,100007,0.9975201735878488,1.0,5.008746756001964,5.0097307513309595,15.668891507787473,212.76913442153838,212.8305796057965,13.332751413786816,119.1858218406461,ions,H₂⁺,extraction,500,5
extraction_ions,1000,0.1,99699,100007,100007,100007,0.9969202155849091,1.0,6.01038666776472,6.011676901597159,17.787957232995844,195.89010727223229,195.95362522010973,15.89023739008127,118.4349555098299,ions,H₂⁺,extraction,500,6
extraction_ions,1000,0.1,99656,100007,100007,100007,0.9964902456828022,1.0,7.0116657333205845,7.013623051863358,19.761381945594913,181.75711468190138,181.8357676648159,17.473808121003795,121.7991352883364,ions,H₂⁺,extraction,500,7
extraction_ions,1000,0.1,99642,100007,100007,100007,0.9963502554821162,1.0,8.012491477581225,8.015569202129559,21.610604058574843,169.6078533366462,169.7114139720565,19.676873827835486,124.6702161476147,ions,H₂⁺,extraction,500,8
extraction_ions,1000,0.1,99657,100007,100007,100007,0.9965002449828512,1.0,9.013239168635417,9.017515352395758,23.32382249645,158.65021111667266,158.77292347475972,21.135184700304613,131.1265768278804,ions,H₂⁺,extraction,500,9
extraction_ions,1000,0.1,99714,100007,100007,100007,0.997070205085644,1.0,10.014268152372116,10.019461502661958,24.938499480915084,148.900596846342,149.02967547366717,21.072225445338265,131.2475769338537,ions,H₂⁺,extraction,500,10
extraction_ions,1000,0.1,99821,100007,100007,100007,0.9981401301908867,1.0,11.016172411156125,11.02140765292816,26.472029293633206,140.1873710442072,140.30151585885557,20.885765013716174,136.0768816660073,ions,H₂⁺,extraction,500,11
extraction_ions,1000,0.1,99926,100007,100007,100007,0.9991900566960312,1.0,12.020006079613113,12.02335380319436,27.829438776270933,131.46153088231688,131.52599584347863,19.778860890784703,151.8356513218059,ions,H₂⁺,extraction,500,12
extraction_ions,1000,0.1,99984,100007,100007,100007,0.9997700160988731,1.0,13.024197793914825,13.025299953460559,28.965560345806715,122.37921928324691,122.39803789942458,18.668000015710223,138.30831797423002,ions,H₂⁺,extraction,500,13
extraction_ions,1000,0.1,100005,100007,100007,100007,0.999980001399902,1.0,14.026978797362352,14.027246103726757,29.946156508146764,113.48564277481859,113.48971108288745,18.296369992662033,115.96211289485389,ions,H₂⁺,extraction,500,14
extraction_ions,1000,0.1,100006,100007,100007,100007,0.999990000699951,1.0,15.029020274323699,15.029192253992958,30.833019067676872,105.15419955111129,105.15654716597518,18.13296589139309,117.74918622348699,ions,H₂⁺,extraction,500,15
extraction_ions,1000,0.1,100007,100007,100007,100007,1.0,1.0,16.031138404259156,16.031138404259156,31.6755444472103,97.58761760047392,97.58761760047392,17.96245346197726,81.29065301728271,ions,H₂⁺,extraction,500,16
extraction_ions,1000,0.1,100007,100007,100007,100007,1.0,1.0,17.033084554525356,17.033084554525356,32.48088507018627,90.69291276169199,90.69291276169199,17.753299937780117,76.5011718811626,ions,H₂⁺,extraction,500,17
extraction_ions,1000,0.1,100007,100007,100007,100007,1.0,1.0,18.035030704791556,18.035030704791556,33.26068472923193,84.42266760541315,84.42266760541315,17.514340199694672,72.5931096172334,ions,H₂⁺,extraction,500,18
extraction_ions,1000,0.1,100007,100007,100007,100007,1.0,1.0,19.03697685505776,19.03697685505776,34.019038878448065,78.69979638815319,78.69979638815319,17.25095330379609,68.63695357092,ions,H₂⁺,extraction,500,19
extraction_ions,1000,0.1,100007,100007,100007,100007,1.0,1.0,20.038923005323955,20.038923005323955,34.76281859455392,73.476481671785,73.476481671785,16.97063236206213,65.04274380800389,ions,H₂⁺,extraction,500,20
injection_h2o_ions,0,0.0,99988,99988,99988,99988,1.0,1.0,2.9945539974985853,2.9945539974985853,22.799084119054836,661.3515781682145,661.3515781682145,20.362517921034126,48.9637977259809,h2o_ions,H₂O⁺,injection,100,3
injection_h2o_ions,0,0.0,99988,99988,99988,99988,1.0,1.0,3.9927386633314605,3.9927386633314605,19.327943948568034,384.07736088695543,384.07736088695543,15.966493066537748,38.710855457668295,h2o_ions,H₂O⁺,injection,100,4
injection_h2o_ions,0,0.0,99988,99988,99988,99988,1.0,1.0,4.990923329164335,4.990923329164335,17.500743543999327,250.6514203841636,250.6514203841636,13.195759555788088,32.2352409499751,h2o_ions,H₂O⁺,injection,100,5
injection_h2o_ions,0,0.0,99988,99988,99988,99988,1.0,1.0,5.989107994997211,5.989107994997211,16.54641559169919,176.27512486868918,176.27512486868918,11.280993844193544,27.7519435050046,h2o_ions,H₂O⁺,injection,100,6
injection_h2o_ions,0,0.0,99988,99988,99988,99988,1.0,1.0,6.987292660830085,6.987292660830085,16.111104799253603,130.5772146853173,130.5772146853173,9.870267883134002,24.434222697203303,h2o_ions,H₂O⁺,injection,100,7
injection_h2o_ions,0,0.0,99988,99988,99988,99988,1.0,1.0,7.98547732666296,7.98547732666296,16.011478327403225,100.50746714841954,100.50746714841954,8.782826152068754,21.8313996651747,h2o_ions,H₂O⁺,injection,100,8
injection_h2o_ions,0,0.0,99988,99988,99988,99988,1.0,1.0,8.983661992495835,8.983661992495835,16.142506897568914,79.68738039179293,79.68738039179293,7.916399663337249,19.7577988711679,h2o_ions,H₂O⁺,injection,100,9
injection_h2o_ions,0,0.0,99988,99988,99988,99988,1.0,1.0,9.98184665832871,9.98184665832871,16.438945412356553,64.68841863684744,64.68841863684744,7.208158286892904,18.076613610600297,h2o_ions,H₂O⁺,injection,100,10
injection_h2o_ions,0,0.0,99988,99988,99988,99988,1.0,1.0,10.980031324161585,10.980031324161585,16.858314705063176,53.53612578469074,53.53612578469074,6.617704269545928,16.677122495244205,h2o_ions,H₂O⁺,injection,100,11
injection_h2o_ions,0,0.0,99988,99988,99988,99988,1.0,1.0,11.97821598999446,11.97821598999446,17.37127868397462,45.02392258150167,45.02392258150167,6.117302791951404,15.468848703057091,h2o_ions,H₂O⁺,injection,100,12
injection_h2o_ions,0,0.0,99988,99988,99988,99988,1.0,1.0,12.976400655827335,12.976400655827335,17.957153100876415,38.383158605790754,38.383158605790754,5.687557694009606,14.438417104211801,h2o_ions,H₂O⁺,injection,100,13
injection_h2o_ions,0,0.0,99988,99988,99988,99988,1.0,1.0,13.974585321660209,13.974585321660209,18.6009020983276,33.105216864623046,33.105216864623046,5.314349180710183,13.514894766563,h2o_ions,H₂O⁺,injection,100,14
injection_h2o_ions,0,0.0,99988,99988,99988,99988,1.0,1.0,14.972769987493084,14.972769987493084,19.291243553544316,28.842181972063273,28.842181972063273,4.987048624574558,12.736287415421394,h2o_ions,H₂O⁺,injection,100,15
injection_h2o_ions,0,0.0,99988,99988,99988,99988,1.0,1.0,15.970954653325961,15.970954653325961,20.01962938626969,25.35023623087296,25.35023623087296,4.697627685683795,12.0218672007069,h2o_ions,H₂O⁺,injection,100,16
injection_h2o_ions,0,0.0,99988,99988,99988,99988,1.0,1.0,16.969139319158835,16.969139319158835,20.779525380611098,22.454798618750125,22.454798618750125,4.439879362020994,11.4040388326497,h2o_ions,H₂O⁺,injection,100,17
injection_h2o_ions,0,0.0,99988,99988,99988,99988,1.0,1.0,17.967323984991708,17.967323984991708,21.565733760734748,20.027522065883762,20.027522065883762,4.208824466343347,10.835097808693497,h2o_ions,H₂O⁺,injection,100,18
injection_h2o_ions,0,0.0,99988,99988,99988,99988,1.0,1.0,18.965508650824585,18.965508650824585,22.37414047656092,17.972794131140457,17.972794131140457,4.000530505022628,10.327079147450199,h2o_ions,H₂O⁺,injection,100,19
injection_h2o_ions,0,0.0,99988,99988,99988,99988,1.0,1.0,19.963693316657462,19.963693316657462,23.20143338546774,16.218141690789988,16.218141690789988,3.811757667581896,9.868566153505903,h2o_ions,H₂O⁺,injection,100,20
injection_h2o_ions,200,0.02,99988,99988,99988,99988,1.0,1.0,2.9945539974985853,2.9945539974985853,22.78737117333797,660.9604365916509,660.9604365916509,20.350746004409356,48.9321935743805,h2o_ions,H₂O⁺,injection,100,3
injection_h2o_ions,200,0.02,99988,99988,99988,99988,1.0,1.0,3.9927386633314605,3.9927386633314605,19.31906832755049,383.8550668235083,383.8550668235083,15.957545807707678,38.6878804939206,h2o_ions,H₂O⁺,injection,100,4
injection_h2o_ions,200,0.02,99988,99988,99988,99988,1.0,1.0,4.990923329164335,4.990923329164335,17.49354255281956,250.50713864099015,250.50713864099015,13.188462052685496,32.2169042099555,h2o_ions,H₂O⁺,injection,100,5
injection_h2o_ions,200,0.02,99988,99988,99988,99988,1.0,1.0,5.989107994997211,5.989107994997211,16.540349804328304,176.17384455489366,176.17384455489366,11.274802961835881,27.736306881502895,h2o_ions,H₂O⁺,injection,100,6
injection_h2o_ions,200,0.02,99988,99988,99988,99988,1.0,1.0,6.987292660830085,6.987292660830085,16.105868925725062,130.50228046139543,130.50228046139543,9.86487886363574,24.420617753074602,h2o_ions,H₂O⁺,injection,100,7
injection_h2o_ions,200,0.02,99988,99988,99988,99988,1.0,1.0,7.98547732666296,7.98547732666296,16.00688055168667,100.4498904309802,100.4498904309802,8.778049253598644,21.819576174320396,h2o_ions,H₂O⁺,injection,100,8
injection_h2o_ions,200,0.02,99988,99988,99988,99988,1.0,1.0,8.983661992495835,8.983661992495835,16.138412236835812,79.64180142036099,79.64180142036099,7.912103544487341,19.747079554709103,h2o_ions,H₂O⁺,injection,100,9
injection_h2o_ions,200,0.02,99988,99988,99988,99988,1.0,1.0,9.98184665832871,9.98184665832871,16.435259074036292,64.65148821258386,64.65148821258386,7.2042528741776835,18.067011822463797,h2o_ions,H₂O⁺,injection,100,10
injection_h2o_ions,200,0.02,99988,99988,99988,99988,1.0,1.0,10.980031324161585,10.980031324161585,16.854967442044693,53.505640780416506,53.505640780416506,6.614123849596272,16.668221573690005,h2o_ions,H₂O⁺,injection,100,11
injection_h2o_ions,200,0.02,99988,99988,99988,99988,1.0,1.0,11.97821598999446,11.97821598999446,17.368214508817832,44.998341350044946,44.998341350044946,6.113995121103906,15.460663530519199,h2o_ions,H₂O⁺,injection,100,12
injection_h2o_ions,200,0.02,99988,99988,99988,99988,1.0,1.0,12.976400655827335,12.976400655827335,17.954329871030207,38.3614019575407,38.3614019575407,5.684483706314748,14.430727270516897,h2o_ions,H₂O⁺,injection,100,13
injection_h2o_ions,200,0.02,99988,99988,99988,99988,1.0,1.0,13.974585321660209,13.974585321660209,18.598285140798264,33.086490315898345,33.086490315898345,5.311476604421407,13.507711913675099,h2o_ions,H₂O⁺,injection,100,14
injection_h2o_ions,200,0.02,99988,99988,99988,99988,1.0,1.0,14.972769987493084,14.972769987493084,19.288805531537513,28.825898932860518,28.825898932860518,4.984352302416719,12.729582356334703,h2o_ions,H₂O⁺,injection,100,15
injection_h2o_ions,200,0.02,99988,99988,99988,99988,1.0,1.0,15.970954653325961,15.970954653325961,20.017347503819696,25.335948528606412,25.335948528606412,4.695086301182956,12.015488874350105,h2o_ions,H₂O⁺,injection,100,16
injection_h2o_ions,200,0.02,99988,99988,99988,99988,1.0,1.0,16.969139319158835,16.969139319158835,20.77738084782508,22.442160778104924,22.442160778104924,4.437475347658207,11.397966534953301,h2o_ions,H₂O⁺,injection,100,17
injection_h2o_ions,200,0.02,99988,99988,99988,99988,1.0,1.0,17.967323984991708,17.967323984991708,21.563710870126894,20.01626334639084,20.01626334639084,4.206543049239723,10.8294403899476,h2o_ions,H₂O⁺,injection,100,18
injection_h2o_ions,200,0.02,99988,99988,99988,99988,1.0,1.0,18.965508650824585,18.965508650824585,22.372225993656542,17.962699580344974,17.962699580344974,3.9983591291510248,10.321510209477204,h2o_ions,H₂O⁺,injection,100,19
injection_h2o_ions,200,0.02,99988,99988,99988,99988,1.0,1.0,19.963693316657462,19.963693316657462,23.199616085181308,16.20903866432286,16.20903866432286,3.809685619961292,9.863348938771402,h2o_ions,H₂O⁺,injection,100,20
injection_h2o_ions,1000,0.1,99988,99988,99988,99988,1.0,1.0,2.9945539974985853,2.9945539974985853,22.507446851597077,651.6126565224079,651.6126565224079,20.06939712139829,48.142948464368594,h2o_ions,H₂O⁺,injection,100,3
injection_h2o_ions,1000,0.1,99988,99988,99988,99988,1.0,1.0,3.9927386633314605,3.9927386633314605,19.10695796649584,378.54266401080656,378.54266401080656,15.743706318066488,38.1393835419371,h2o_ions,H₂O⁺,injection,100,4
injection_h2o_ions,1000,0.1,99988,99988,99988,99988,1.0,1.0,4.990923329164335,4.990923329164335,17.32154506922834,247.06093295423565,247.06093295423565,13.014146628579187,31.742899168294297,h2o_ions,H₂O⁺,injection,100,5
injection_h2o_ions,1000,0.1,99988,99988,99988,99988,1.0,1.0,5.989107994997211,5.989107994997211,16.39548005117332,173.75495758080675,173.75495758080675,11.126927236113058,27.362648788393496,h2o_ions,H₂O⁺,injection,100,6
injection_h2o_ions,1000,0.1,99988,99988,99988,99988,1.0,1.0,6.987292660830085,6.987292660830085,15.980835733978148,128.71284358196093,128.71284358196093,9.736157585935983,24.095535941736202,h2o_ions,H₂O⁺,injection,100,7
injection_h2o_ions,1000,0.1,99988,99988,99988,99988,1.0,1.0,7.98547732666296,7.98547732666296,15.897040612345897,99.0743942039228,99.0743942039228,8.663900139678399,21.537104802086006,h2o_ions,H₂O⁺,injection,100,8
injection_h2o_ions,1000,0.1,99988,99988,99988,99988,1.0,1.0,8.983661992495835,8.983661992495835,16.04061061702394,78.55314047236932,78.55314047236932,7.809464587342246,19.490915271568902,h2o_ions,H₂O⁺,injection,100,9
injection_h2o_ions,1000,0.1,99988,99988,99988,99988,1.0,1.0,9.98184665832871,9.98184665832871,16.3472334721162,63.769631328450686,63.769631328450686,7.110963623906262,17.8375532445134,h2o_ions,H₂O⁺,injection,100,10
injection_h2o_ions,1000,0.1,99988,99988,99988,99988,1.0,1.0,10.980031324161585,10.980031324161585,16.77501715457865,52.77749816309889,52.77749816309889,6.528579025923935,16.455479370419503,h2o_ions,H₂O⁺,injection,100,11
injection_h2o_ions,1000,0.1,99988,99988,99988,99988,1.0,1.0,11.97821598999446,11.97821598999446,17.295033351445618,44.38738928979369,44.38738928979369,6.0349745763572145,15.265028270899094,h2o_ions,H₂O⁺,injection,100,12
injection_h2o_ions,1000,0.1,99988,99988,99988,99988,1.0,1.0,12.976400655827335,12.976400655827335,17.886897633157442,37.84174909184035,37.84174909184035,5.611041572762145,14.246910173710098,h2o_ions,H₂O⁺,injection,100,13
injection_h2o_ions,1000,0.1,99988,99988,99988,99988,1.0,1.0,13.974585321660209,13.974585321660209,18.53578737231001,32.639265821935126,32.639265821935126,5.242857553545023,13.335978590711694,h2o_ions,H₂O⁺,injection,100,14
injection_h2o_ions,1000,0.1,99988,99988,99988,99988,1.0,1.0,14.972769987493084,14.972769987493084,19.230576956660478,28.43700245661949,28.43700245661949,4.919938750449712,12.569419884545496,h2o_ions,H₂O⁺,injection,100,15
injection_h2o_ions,1000,0.1,99988,99988,99988,99988,1.0,1.0,15.970954653325961,15.970954653325961,19.962848158657625,24.994708156035927,24.994708156035927,4.634375469007915,11.862973278586907,h2o_ions,H₂O⁺,injection,100,16
injection_h2o_ions,1000,0.1,99988,99988,99988,99988,1.0,1.0,16.969139319158835,16.969139319158835,20.726162963994412,22.140331186943275,22.140331186943275,4.380048751437677,11.252956785799899,h2o_ions,H₂O⁺,injection,100,17
injection_h2o_ions,1000,0.1,99988,99988,99988,99988,1.0,1.0,17.967323984991708,17.967323984991708,21.515399069397287,19.747376333667276,19.747376333667276,4.152047525296151,10.694169449616396,h2o_ions,H₂O⁺,injection,100,18
injection_h2o_ions,1000,0.1,99988,99988,99988,99988,1.0,1.0,18.965508650824585,18.965508650824585,22.326503511581375,17.72161729293067,17.72161729293067,3.946493493485583,10.188551175358,h2o_ions,H₂O⁺,injection,100,19
injection_h2o_ions,1000,0.1,99988,99988,99988,99988,1.0,1.0,19.963693316657462,19.963693316657462,23.156214978856802,15.991638478715453,15.991638478715453,3.7601945425248533,9.738589667951402,h2o_ions,H₂O⁺,injection,100,20
injection_h2o_ions,0,0.0,99988,99988,99988,99988,1.0,1.0,2.9945539974985853,2.9945539974985853,43.13414832155048,1340.4197873066023,1340.4197873066023,40.83132042877305,99.9993087713813,h2o_ions,H₂O⁺,injection,200,3
injection_h2o_ions,0,0.0,99988,99988,99988,99988,1.0,1.0,3.9927386633314605,3.9927386633314605,36.13418398140381,804.9974723678553,804.9974723678553,32.98015020182956,81.731755548302,h2o_ions,H₂O⁺,injection,200,4
injection_h2o_ions,0,0.0,99988,99988,99988,99988,1.0,1.0,4.990923329164335,4.990923329164335,31.40850436205243,529.3124997236007,529.3124997236007,27.354817049823865,68.0759653760365,h2o_ions,H₂O⁺,injection,200,5
injection_h2o_ions,0,0.0,99988,99988,99988,99988,1.0,1.0,5.989107994997211,5.989107994997211,28.272892561018896,372.07184416503515,372.07184416503515,23.29117093086444,58.12183505170321,h2o_ions,H₂O⁺,injection,200,6
injection_h2o_ions,0,0.0,99988,99988,99988,99988,1.0,1.0,6.987292660830085,6.987292660830085,26.205421303426988,275.0439916497473,275.0439916497473,20.27850281884302,50.83708796001599,h2o_ions,H₂O⁺,injection,200,7
injection_h2o_ions,0,0.0,99988,99988,99988,99988,1.0,1.0,7.98547732666296,7.98547732666296,24.853120584322998,211.22899192688377,211.22899192688377,17.96751089559829,45.1820608375794,h2o_ions,H₂O⁺,injection,200,8
injection_h2o_ions,0,0.0,99988,99988,99988,99988,1.0,1.0,8.983661992495835,8.983661992495835,23.995220220218965,167.09843091005064,167.09843091005064,16.139074479755266,40.72233944238221,h2o_ions,H₂O⁺,injection,200,9
injection_h2o_ions,0,0.0,99988,99988,99988,99988,1.0,1.0,9.98184665832871,9.98184665832871,23.491705538912523,135.34428390874328,135.34428390874328,14.654642049856168,37.078894567913295,h2o_ions,H₂O⁺,injection,200,10
injection_h2o_ions,0,0.0,99988,99988,99988,99988,1.0,1.0,10.980031324161585,10.980031324161585,23.251390429424486,111.76069305248473,111.76069305248473,13.424467976502198,34.0737008155071,h2o_ions,H₂O⁺,injection,200,11
injection_h2o_ions,0,0.0,99988,99988,99988,99988,1.0,1.0,11.97821598999446,11.97821598999446,23.211706025461687,93.782663836173,93.782663836173,12.387433318963767,31.542879375961004,h2o_ions,H₂O⁺,injection,200,12
injection_h2o_ions,0,0.0,99988,99988,99988,99988,1.0,1.0,12.976400655827335,12.976400655827335,23.32839181850301,79.77552047937799,79.77552047937799,11.500737068335656,29.4138783631868,h2o_ions,H₂O⁺,injection,200,13
injection_h2o_ions,0,0.0,99988,99988,99988,99988,1.0,1.0,13.974585321660209,13.974585321660209,23.569276649786307,68.65814696665524,68.65814696665524,10.733320328934951,27.528739366864105,h2o_ions,H₂O⁺,injection,200,14
injection_h2o_ions,0,0.0,99988,99988,99988,99988,1.0,1.0,14.972769987493084,14.972769987493084,23.910443008049377,59.692849272526246,59.692849272526246,10.062450949008786,25.8579588069826,h2o_ions,H₂O⁺,injection,200,15
injection_h2o_ions,0,0.0,99988,99988,99988,99988,1.0,1.0,15.970954653325961,15.970954653325961,24.333717331666918,52.36232185155825,52.36232185155825,9.470865241218315,24.3733729178151,h2o_ions,H₂O⁺,injection,200,16
injection_h2o_ions,0,0.0,99988,99988,99988,99988,1.0,1.0,16.969139319158835,16.969139319158835,24.824916307852515,46.29449284928786,46.29449284928786,8.94514295882726,23.113288278941802,h2o_ions,H₂O⁺,injection,200,17
injection_h2o_ions,0,0.0,99988,99988,99988,99988,1.0,1.0,17.967323984991708,17.967323984991708,25.372871288266918,41.21675164015042,41.21675164015042,8.47473244211553,21.9297029069648,h2o_ions,H₂O⁺,injection,200,18
injection_h2o_ions,0,0.0,99988,99988,99988,99988,1.0,1.0,18.965508650824585,18.965508650824585,25.96880702327323,36.92649905355505,36.92649905355505,8.051343513834674,20.913722916590494,h2o_ions,H₂O⁺,injection,200,19
injection_h2o_ions,0,0.0,99988,99988,99988,99988,1.0,1.0,19.963693316657462,19.963693316657462,26.605599691703485,33.26992791210681,33.26992791210681,7.668304182850286,19.957437865142605,h2o_ions,H₂O⁺,injection,200,20
injection_h2o_ions,200,0.02,99988,99988,99988,99988,1.0,1.0,2.9945539974985853,2.9945539974985853,43.10645577185885,1339.4950235616586,1339.4950235616586,40.80344978662493,99.9089322878051,h2o_ions,H₂O⁺,injection,200,3
injection_h2o_ions,200,0.02,99988,99988,99988,99988,1.0,1.0,3.9927386633314605,3.9927386633314605,36.11375322612887,804.4857745835106,804.4857745835106,32.95955595520076,81.6687990063058,h2o_ions,H₂O⁺,injection,200,4
injection_h2o_ions,200,0.02,99988,99988,99988,99988,1.0,1.0,4.990923329164335,4.990923329164335,31.39252190784679,528.9922693142844,528.9922693142844,27.33867928689986,68.0295286032496,h2o_ions,H₂O⁺,injection,200,5
injection_h2o_ions,200,0.02,99988,99988,99988,99988,1.0,1.0,5.989107994997211,5.989107994997211,28.25975836956829,371.85254286905626,371.85254286905626,23.27787690859715,58.084285476429294,h2o_ions,H₂O⁺,injection,200,6
injection_h2o_ions,200,0.02,99988,99988,99988,99988,1.0,1.0,6.987292660830085,6.987292660830085,26.194232460940817,274.88386035098415,274.88386035098415,20.26713621926417,50.806096902873705,h2o_ions,H₂O⁺,injection,200,7
injection_h2o_ions,200,0.02,99988,99988,99988,99988,1.0,1.0,7.98547732666296,7.98547732666296,24.84335809388214,211.10673886621498,211.10673886621498,17.95754713397538,45.1555661288256,h2o_ions,H₂O⁺,injection,200,8
injection_h2o_ions,200,0.02,99988,99988,99988,99988,1.0,1.0,8.983661992495835,8.983661992495835,23.9865626561222,167.00206080948368,167.00206080948368,16.13018957215363,40.698474042847295,h2o_ions,H₂O⁺,injection,200,9
injection_h2o_ions,200,0.02,99988,99988,99988,99988,1.0,1.0,9.98184665832871,9.98184665832871,23.48392367860007,135.26632378193688,135.26632378193688,14.646605257487156,37.057339222485695,h2o_ions,H₂O⁺,injection,200,10
injection_h2o_ions,200,0.02,99988,99988,99988,99988,1.0,1.0,10.980031324161585,10.980031324161585,23.244332203675814,111.6964106698549,111.6964106698549,13.417128546072743,34.0548835105175,h2o_ions,H₂O⁺,injection,200,11
injection_h2o_ions,200,0.02,99988,99988,99988,99988,1.0,1.0,11.97821598999446,11.97821598999446,23.20525014638058,93.7287670030678,93.7287670030678,12.380672232590571,31.5255376530181,h2o_ions,H₂O⁺,injection,200,12
injection_h2o_ions,200,0.02,99988,99988,99988,99988,1.0,1.0,12.976400655827335,12.976400655827335,23.32244489694751,79.72969173446458,79.72969173446458,11.494462677409004,29.397498071102103,h2o_ions,H₂O⁺,injection,200,13
injection_h2o_ions,200,0.02,99988,99988,99988,99988,1.0,1.0,13.974585321660209,13.974585321660209,23.563766621580882,68.61871804566333,68.61871804566333,10.727463370334398,27.5136497403556,h2o_ions,H₂O⁺,injection,200,14
injection_h2o_ions,200,0.02,99988,99988,99988,99988,1.0,1.0,14.972769987493084,14.972769987493084,23.905315317475974,59.65860249936612,59.65860249936612,10.056960749696165,25.843694177527993,h2o_ions,H₂O⁺,injection,200,15
injection_h2o_ions,200,0.02,99988,99988,99988,99988,1.0,1.0,15.970954653325961,15.970954653325961,24.32892150980379,52.33229345333641,52.33229345333641,9.465693027723015,24.359814074356297,h2o_ions,H₂O⁺,injection,200,16
injection_h2o_ions,200,0.02,99988,99988,99988,99988,1.0,1.0,16.969139319158835,16.969139319158835,24.820414787858784,46.26796516329821,46.26796516329821,8.940254126775367,23.100611605677898,h2o_ions,H₂O⁺,injection,200,17
injection_h2o_ions,200,0.02,99988,99988,99988,99988,1.0,1.0,17.967323984991708,17.967323984991708,25.36863076251063,41.19315031944273,41.19315031944273,8.470095589902556,21.9177956950926,h2o_ions,H₂O⁺,injection,200,18
injection_h2o_ions,200,0.02,99988,99988,99988,99988,1.0,1.0,18.965508650824585,18.965508650824585,25.964798696711988,36.90536423120445,36.90536423120445,8.04693182947795,20.9023910014943,h2o_ions,H₂O⁺,injection,200,19
injection_h2o_ions,200,0.02,99988,99988,99988,99988,1.0,1.0,19.963693316657462,19.963693316657462,26.60179953155233,33.25089255581839,33.25089255581839,7.664095262889932,19.946484943489704,h2o_ions,H₂O⁺,injection,200,20
injection_h2o_ions,1000,0.1,99988,99988,99988,99988,1.0,1.0,2.9945539974985853,2.9945539974985853,42.44638096975096,1317.452515640303,1317.452515640303,40.13912314417901,97.75735038161669,h2o_ions,H₂O⁺,injection,200,3
injection_h2o_ions,1000,0.1,99988,99988,99988,99988,1.0,1.0,3.9927386633314605,3.9927386633314605,35.6263175020155,792.2777197816805,792.2777197816805,32.46817547755007,80.1674020170709,h2o_ions,H₂O⁺,injection,200,4
injection_h2o_ions,1000,0.1,99988,99988,99988,99988,1.0,1.0,4.990923329164335,4.990923329164335,31.010981020744957,521.3475738954567,521.3475738954567,26.95340572755206,66.92121672718581,h2o_ions,H₂O⁺,injection,200,5
injection_h2o_ions,1000,0.1,99988,99988,99988,99988,1.0,1.0,5.989107994997211,5.989107994997211,27.946086596697096,366.6151724103301,366.6151724103301,22.960351372453026,57.187960766604704,h2o_ions,H₂O⁺,injection,200,6
injection_h2o_ions,1000,0.1,99988,99988,99988,99988,1.0,1.0,6.987292660830085,6.987292660830085,25.927036158520487,271.05982842058853,271.05982842058853,19.99568098123489,50.06620755317741,h2o_ions,H₂O⁺,injection,200,7
injection_h2o_ions,1000,0.1,99988,99988,99988,99988,1.0,1.0,7.98547732666296,7.98547732666296,24.610305913984337,208.18828865510915,208.18828865510915,17.71966709710311,44.522466268440404,h2o_ions,H₂O⁺,injection,200,8
injection_h2o_ions,1000,0.1,99988,99988,99988,99988,1.0,1.0,8.983661992495835,8.983661992495835,23.77979030965701,164.70041203153642,164.70041203153642,15.91795559547306,40.1369910515745,h2o_ions,H₂O⁺,injection,200,9
injection_h2o_ions,1000,0.1,99988,99988,99988,99988,1.0,1.0,9.98184665832871,9.98184665832871,23.298138822128152,133.40509646768135,133.40509646768135,14.454704510974963,36.5448323089732,h2o_ions,H₂O⁺,injection,200,10
injection_h2o_ions,1000,0.1,99988,99988,99988,99988,1.0,1.0,10.980031324161585,10.980031324161585,23.07574855457049,110.16104483957392,110.16104483957392,13.241795430355245,33.6055639290798,h2o_ions,H₂O⁺,injection,200,11
injection_h2o_ions,1000,0.1,99988,99988,99988,99988,1.0,1.0,11.97821598999446,11.97821598999446,23.051032784137856,92.4412851078378,92.4412851078378,12.21912011003073,31.111592663874003,h2o_ions,H₂O⁺,injection,200,12
injection_h2o_ions,1000,0.1,99988,99988,99988,99988,1.0,1.0,12.976400655827335,12.976400655827335,23.180429883557114,78.63528183485484,78.63528183485484,11.344593007251094,29.0065209590221,h2o_ions,H₂O⁺,injection,200,13
injection_h2o_ions,1000,0.1,99988,99988,99988,99988,1.0,1.0,13.974585321660209,13.974585321660209,23.43223533072869,67.67750020037728,67.67750020037728,10.587625809381136,27.153415117182806,h2o_ions,H₂O⁺,injection,200,14
injection_h2o_ions,1000,0.1,99988,99988,99988,99988,1.0,1.0,14.972769987493084,14.972769987493084,23.782873413038637,58.840838621742854,58.840838621742854,9.925826855797341,25.502554003099597,h2o_ions,H₂O⁺,injection,200,15
injection_h2o_ions,1000,0.1,99988,99988,99988,99988,1.0,1.0,15.970954653325961,15.970954653325961,24.214434614554897,51.61544904588546,51.61544904588546,9.342191601561128,24.040549095525897,h2o_ions,H₂O⁺,injection,200,16
injection_h2o_ions,1000,0.1,99988,99988,99988,99988,1.0,1.0,16.969139319158835,16.969139319158835,24.712931620147526,45.63456139608473,45.63456139608473,8.823490272925895,22.7974165124346,h2o_ions,H₂O⁺,injection,200,17
injection_h2o_ions,1000,0.1,99988,99988,99988,99988,1.0,1.0,17.967323984991708,17.967323984991708,25.267367867374652,40.62955556698786,40.62955556698786,8.359341724885567,21.6329392266817,h2o_ions,H₂O⁺,injection,200,18
injection_h2o_ions,1000,0.1,99988,99988,99988,99988,1.0,1.0,18.965508650824585,18.965508650824585,25.869087683325144,36.400705932031016,36.400705932031016,7.941566582818375,20.631353464579398,h2o_ions,H₂O⁺,injection,200,19
injection_h2o_ions,1000,0.1,99988,99988,99988,99988,1.0,1.0,19.963693316657462,19.963693316657462,26.51105694905056,32.796354504855366,32.796354504855366,7.563571097409133,19.6845207395105,h2o_ions,H₂O⁺,injection,200,20
injection_h2o_ions,0,0.0,91460,99988,99988,99988,0.9147097651718206,1.0,3.0054261059373943,2.9945539974985853,51.64067930356469,1624.4864960425239,1618.2481779054729,51.72198205536099,118.5339503091789,h2o_ions,H₂O⁺,injection,300,3
injection_h2o_ions,0,0.0,97232,99988,99988,99988,0.9724366924030884,1.0,4.008899990774334,3.9927386633314605,49.06027819764205,1128.7375241510833,1123.7840382784373,49.18189989226723,123.547404660189,h2o_ions,H₂O⁺,injection,300,4
injection_h2o_ions,0,0.0,99988,99988,99988,99988,1.0,1.0,4.990923329164335,4.990923329164335,45.32593514239943,808.1673300316689,808.1673300316689,41.42365332372511,105.4919446171104,h2o_ions,H₂O⁺,injection,300,5
injection_h2o_ions,0,0.0,99988,99988,99988,99988,1.0,1.0,5.989107994997211,5.989107994997211,40.36699753502374,574.0068398957388,574.0068398957388,35.57736967917573,90.7054821716031,h2o_ions,H₂O⁺,injection,300,6
injection_h2o_ions,0,0.0,99988,99988,99988,99988,1.0,1.0,6.987292660830085,6.987292660830085,36.74780824654064,425.92341598262226,425.92341598262226,31.04129489246394,79.2531049407998,h2o_ions,H₂O⁺,injection,300,7
injection_h2o_ions,0,0.0,99988,99988,99988,99988,1.0,1.0,7.98547732666296,7.98547732666296,34.12571838374651,327.3472578752816,327.3472578752816,27.48221429417151,70.2218460202739,h2o_ions,H₂O⁺,injection,300,8
injection_h2o_ions,0,0.0,99988,99988,99988,99988,1.0,1.0,8.983661992495835,8.983661992495835,32.23827649885192,258.85451306806686,258.85451306806686,24.64329472195235,63.071047879825606,h2o_ions,H₂O⁺,injection,300,9
injection_h2o_ions,0,0.0,99988,99988,99988,99988,1.0,1.0,9.98184665832871,9.98184665832871,30.89391530964394,209.50100083802127,209.50100083802127,22.33582024378068,57.287584173410195,h2o_ions,H₂O⁺,injection,300,10
injection_h2o_ions,0,0.0,99988,99988,99988,99988,1.0,1.0,10.980031324161585,10.980031324161585,29.95708194137911,172.8323905183993,172.8323905183993,20.42581406340903,52.471067405258786,h2o_ions,H₂O⁺,injection,300,11
injection_h2o_ions,0,0.0,99988,99988,99988,99988,1.0,1.0,11.97821598999446,11.97821598999446,29.33284055935795,144.88488589502816,144.88488589502816,18.819652120741136,48.4852504882074,h2o_ions,H₂O⁺,injection,300,12
injection_h2o_ions,0,0.0,99988,99988,99988,99988,1.0,1.0,12.976400655827335,12.976400655827335,28.95273963534491,123.1184162947608,123.1184162947608,17.44998016151089,45.08325895545249,h2o_ions,H₂O⁺,injection,300,13
injection_h2o_ions,0,0.0,99988,99988,99988,99988,1.0,1.0,13.974585321660209,13.974585321660209,28.76676978615027,105.85061469811627,105.85061469811627,16.26781038381383,42.0960335979539,h2o_ions,H₂O⁺,injection,300,14
injection_h2o_ions,0,0.0,99988,99988,99988,99988,1.0,1.0,14.972769987493084,14.972769987493084,28.73747985729658,91.93161907450195,91.93161907450195,15.236729303099835,39.506285236751296,h2o_ions,H₂O⁺,injection,300,15
injection_h2o_ions,0,0.0,99988,99988,99988,99988,1.0,1.0,15.970954653325961,15.970954653325961,28.83654641389797,80.55618489839456,80.55618489839456,14.32935194219636,37.2078850521369,h2o_ions,H₂O⁺,injection,300,16
injection_h2o_ions,0,0.0,99988,99988,99988,99988,1.0,1.0,16.969139319158835,16.969139319158835,29.042129069914264,71.14674188056516,71.14674188056516,13.524676900895033,35.241673704809,h2o_ions,H₂O⁺,injection,300,17
injection_h2o_ions,0,0.0,99988,99988,99988,99988,1.0,1.0,17.967323984991708,17.967323984991708,29.336701262125683,63.278077952125386,63.278077952125386,12.805924330731068,33.429805558989,h2o_ions,H₂O⁺,injection,300,18
injection_h2o_ions,0,0.0,99988,99988,99988,99988,1.0,1.0,18.965508650824585,18.965508650824585,29.706642874602878,56.635097014976644,56.635097014976644,12.160103780516918,31.817680379817595,h2o_ions,H₂O⁺,injection,300,19
injection_h2o_ions,0,0.0,99988,99988,99988,99988,1.0,1.0,19.963693316657462,19.963693316657462,30.140430227408373,50.976223433865144,50.976223433865144,11.576274405812317,30.342430041014506,h2o_ions,H₂O⁺,injection,300,20
injection_h2o_ions,200,0.02,91493,99988,99988,99988,0.9150398047765732,1.0,3.0055102784476246,2.9945539974985853,51.63854727369951,1624.4152991341712,1618.1291191714479,51.7185890069041,117.56838647493849,h2o_ions,H₂O⁺,injection,300,3
injection_h2o_ions,200,0.02,97257,99988,99988,99988,0.9726867224066889,1.0,4.008895603450143,3.9927386633314605,49.05390163998867,1128.5778202938804,1123.6263173770806,49.17671806053478,121.0220265088165,h2o_ions,H₂O⁺,injection,300,4
injection_h2o_ions,200,0.02,99988,99988,99988,99988,1.0,1.0,4.990923329164335,4.990923329164335,45.29852182262123,807.6180665393206,807.6180665393206,41.395942432314534,105.39927625696309,h2o_ions,H₂O⁺,injection,300,5
injection_h2o_ions,200,0.02,99988,99988,99988,99988,1.0,1.0,5.989107994997211,5.989107994997211,40.34489727250096,573.6378323149564,573.6378323149564,35.5549889231004,90.633735842164,h2o_ions,H₂O⁺,injection,300,6
injection_h2o_ions,200,0.02,99988,99988,99988,99988,1.0,1.0,6.987292660830085,6.987292660830085,36.7293921696377,425.6598507106796,425.6598507106796,31.02260871512274,79.1966994716999,h2o_ions,H₂O⁺,injection,300,7
injection_h2o_ions,200,0.02,99988,99988,99988,99988,1.0,1.0,7.98547732666296,7.98547732666296,34.10990342121447,327.1492113229581,327.1492113229581,27.466123518442465,70.1756700422755,h2o_ions,H₂O⁺,injection,300,8
injection_h2o_ions,200,0.02,99988,99988,99988,99988,1.0,1.0,8.983661992495835,8.983661992495835,32.22440176085131,258.70006894481065,258.70006894481065,24.62913133968782,63.029987556982796,h2o_ions,H₂O⁺,injection,300,9
injection_h2o_ions,200,0.02,99988,99988,99988,99988,1.0,1.0,9.98184665832871,9.98184665832871,30.88153868282246,209.37700948406524,209.37700948406524,22.32313383743332,57.2527254784483,h2o_ions,H₂O⁺,injection,300,10
injection_h2o_ions,200,0.02,99988,99988,99988,99988,1.0,1.0,10.980031324161585,10.980031324161585,29.94591797799899,172.73071536784167,172.73071536784167,20.414317889203748,52.4395227261355,h2o_ions,H₂O⁺,injection,300,11
injection_h2o_ions,200,0.02,99988,99988,99988,99988,1.0,1.0,11.97821598999446,11.97821598999446,29.322659696426623,144.7998910766025,144.7998910766025,18.809113388478046,48.456306416043304,h2o_ions,H₂O⁺,injection,300,12
injection_h2o_ions,200,0.02,99988,99988,99988,99988,1.0,1.0,12.976400655827335,12.976400655827335,28.943392093830624,123.04638136179129,123.04638136179129,17.4402496525684,45.056288066895206,h2o_ions,H₂O⁺,injection,300,13
injection_h2o_ions,200,0.02,99988,99988,99988,99988,1.0,1.0,13.974585321660209,13.974585321660209,28.75812721791682,105.7887697987184,105.7887697987184,16.258759665340396,42.071442299994004,h2o_ions,H₂O⁺,injection,300,14
injection_h2o_ions,200,0.02,99988,99988,99988,99988,1.0,1.0,14.972769987493084,14.972769987493084,28.729444765038398,91.87795437341528,91.87795437341528,15.228262965630893,39.4831387611611,h2o_ions,H₂O⁺,injection,300,15
injection_h2o_ions,200,0.02,99988,99988,99988,99988,1.0,1.0,15.970954653325961,15.970954653325961,28.82904240690132,80.50919956057638,80.50919956057638,14.321394682095413,37.186987077974294,h2o_ions,H₂O⁺,injection,300,16
injection_h2o_ions,200,0.02,99988,99988,99988,99988,1.0,1.0,16.969139319158835,16.969139319158835,29.035087527803782,71.1052457152144,71.1052457152144,13.517161922138255,35.22176919112789,h2o_ions,H₂O⁺,injection,300,17
injection_h2o_ions,200,0.02,99988,99988,99988,99988,1.0,1.0,17.967323984991708,17.967323984991708,29.330076221774277,63.24120523609411,63.24120523609411,12.798808965275004,33.4108545066787,h2o_ions,H₂O⁺,injection,300,18
injection_h2o_ions,200,0.02,99988,99988,99988,99988,1.0,1.0,18.965508650824585,18.965508650824585,29.700384671440634,56.602099201538245,56.602099201538245,12.153339189871252,31.7997688561925,h2o_ions,H₂O⁺,injection,300,19
injection_h2o_ions,200,0.02,99988,99988,99988,99988,1.0,1.0,19.963693316657462,19.963693316657462,30.134502955202073,50.946533175092455,50.946533175092455,11.569828104526831,30.3252796004767,h2o_ions,H₂O⁺,injection,300,20
injection_h2o_ions,1000,0.1,92327,99988,99988,99988,0.9233808056966836,1.0,3.0072341110854564,2.9945539974985853,51.61789172688333,1623.725528743207,1616.4573764512113,51.698583871852826,119.3891739164284,h2o_ions,H₂O⁺,injection,300,3
injection_h2o_ions,1000,0.1,97882,99988,99988,99988,0.9789374724966996,1.0,4.007497028791489,3.9927386633314605,48.92085434298719,1125.2455887550782,1120.7333902313555,49.06127481424683,122.50899752770209,h2o_ions,H₂O⁺,injection,300,4
injection_h2o_ions,1000,0.1,99988,99988,99988,99988,1.0,1.0,4.990923329164335,4.990923329164335,44.64478588603309,794.5195696586321,794.5195696586321,40.735078686651455,103.1914025383805,h2o_ions,H₂O⁺,injection,300,5
injection_h2o_ions,1000,0.1,99988,99988,99988,99988,1.0,1.0,5.989107994997211,5.989107994997211,39.81793412852627,564.8391406831663,564.8391406831663,35.02131548271593,88.94010410299981,h2o_ions,H₂O⁺,injection,300,6
injection_h2o_ions,1000,0.1,99988,99988,99988,99988,1.0,1.0,6.987292660830085,6.987292660830085,36.28967970178911,419.36682007359815,419.36682007359815,30.576384595246772,77.85137455100941,h2o_ions,H₂O⁺,injection,300,7
injection_h2o_ions,1000,0.1,99988,99988,99988,99988,1.0,1.0,7.98547732666296,7.98547732666296,33.73239698481969,322.42179903497475,322.42179903497475,27.08201493785512,69.0724204009439,h2o_ions,H₂O⁺,injection,300,8
injection_h2o_ions,1000,0.1,99988,99988,99988,99988,1.0,1.0,8.983661992495835,8.983661992495835,31.89321849995419,255.01356269408842,255.01356269408842,24.291023841990658,62.04870510572619,h2o_ions,H₂O⁺,injection,300,9
injection_h2o_ions,1000,0.1,99988,99988,99988,99988,1.0,1.0,9.98184665832871,9.98184665832871,30.58626639771147,206.4189167060659,206.4189167060659,22.020460229515887,56.4193531297736,h2o_ions,H₂O⁺,injection,300,10
injection_h2o_ions,1000,0.1,99988,99988,99988,99988,1.0,1.0,10.980031324161585,10.980031324161585,29.67933399766102,170.30281719098173,170.30281719098173,20.139766561609807,51.68698154952269,h2o_ions,H₂O⁺,injection,300,11
injection_h2o_ions,1000,0.1,99988,99988,99988,99988,1.0,1.0,11.97821598999446,11.97821598999446,29.079665887143644,142.7712600226463,142.7712600226463,18.557542762928882,47.76592007459199,h2o_ions,H₂O⁺,injection,300,12
injection_h2o_ions,1000,0.1,99988,99988,99988,99988,1.0,1.0,12.976400655827335,12.976400655827335,28.720179240419778,121.32623677523671,121.32623677523671,17.207845766363754,44.413087943275,h2o_ions,H₂O⁺,injection,300,13
injection_h2o_ions,1000,0.1,99988,99988,99988,99988,1.0,1.0,13.974585321660209,13.974585321660209,28.551747430060846,104.31194753096862,104.31194753096862,16.042587935524196,41.4849563594653,h2o_ions,H₂O⁺,injection,300,14
injection_h2o_ions,1000,0.1,99988,99988,99988,99988,1.0,1.0,14.972769987493084,14.972769987493084,28.53759127561225,90.59660503333724,90.59660503333724,15.026057211278774,38.9311964334164,h2o_ions,H₂O⁺,injection,300,15
injection_h2o_ions,1000,0.1,99988,99988,99988,99988,1.0,1.0,15.970954653325961,15.970954653325961,28.649846709515103,79.3871896289478,79.3871896289478,14.131334011562478,36.6870217663099,h2o_ions,H₂O⁺,injection,300,16
injection_h2o_ions,1000,0.1,99988,99988,99988,99988,1.0,1.0,16.969139319158835,16.969139319158835,28.867028128467528,70.11486313790532,70.11486313790532,13.337765690986883,34.746967031127795,h2o_ions,H₂O⁺,injection,300,17
injection_h2o_ions,1000,0.1,99988,99988,99988,99988,1.0,1.0,17.967323984991708,17.967323984991708,29.17188409271508,62.36076177555798,62.36076177555798,12.628867658912077,32.9588481758,h2o_ions,H₂O⁺,injection,300,18
injection_h2o_ions,1000,0.1,99988,99988,99988,99988,1.0,1.0,18.965508650824585,18.965508650824585,29.550973164317014,55.814292716226156,55.814292716226156,11.991813563768726,31.372526803909302,h2o_ions,H₂O⁺,injection,300,19
injection_h2o_ions,1000,0.1,99988,99988,99988,99988,1.0,1.0,19.963693316657462,19.963693316657462,29.99298996531433,50.23768142284848,50.23768142284848,11.415889842115586,29.91623054708951,h2o_ions,H₂O⁺,injection,300,20
injection_h2o_ions,0,0.0,81115,99988,99988,99988,0.8112473496819619,1.0,2.9253240594497996,2.9945539974985853,53.7430474404867,1694.6928819910881,1737.1656045038235,53.80377701075417,118.2812595848076,h2o_ions,H₂O⁺,injection,400,3
injection_h2o_ions,0,0.0,87607,99988,99988,99988,0.8761751410169221,1.0,3.95456786772328,3.9927386633314605,51.95150380600075,1201.1496165054155,1213.7087424904967,52.08427793175342,122.0010601346726,h2o_ions,H₂O⁺,injection,400,4
injection_h2o_ions,0,0.0,92811,99988,99988,99988,0.928221386566388,1.0,4.981751181129731,4.990923329164335,50.402312966615476,909.8795281444382,911.7388671986132,50.64941025453208,125.78449450452192,h2o_ions,H₂O⁺,injection,400,5
injection_h2o_ions,0,0.0,96759,99988,99988,99988,0.9677061247349682,1.0,5.99220852058521,5.989107994997211,48.75267073538402,714.0222346317321,713.6010382132488,49.10125094593026,126.9408631618341,h2o_ions,H₂O⁺,injection,400,6
injection_h2o_ions,0,0.0,99480,99988,99988,99988,0.9949193903268392,1.0,6.989253961973575,6.987292660830085,46.87101930133959,570.8037229368226,570.6154842326617,47.216210451797394,130.1110499463479,h2o_ions,H₂O⁺,injection,400,7
injection_h2o_ions,0,0.0,99988,99988,99988,99988,1.0,1.0,7.98547732666296,7.98547732666296,43.638898166310646,446.4782677499235,446.4782677499235,37.185966875049225,97.0154007096525,h2o_ions,H₂O⁺,injection,400,8
injection_h2o_ions,0,0.0,99988,99988,99988,99988,1.0,1.0,8.983661992495835,8.983661992495835,40.74979467585064,353.5989300342049,353.5989300342049,33.364867702477554,86.99990840452841,h2o_ions,H₂O⁺,injection,400,9
injection_h2o_ions,0,0.0,99988,99988,99988,99988,1.0,1.0,9.98184665832871,9.98184665832871,38.55803739939862,286.28160418820244,286.28160418820244,30.225936163180236,78.8444475624939,h2o_ions,H₂O⁺,injection,400,10
injection_h2o_ions,0,0.0,99988,99988,99988,99988,1.0,1.0,10.980031324161585,10.980031324161585,36.907042126252634,236.12875078997817,236.12875078997817,27.615809596698142,72.073430190219,h2o_ions,H₂O⁺,injection,400,11
injection_h2o_ions,0,0.0,99988,99988,99988,99988,1.0,1.0,11.97821598999446,11.97821598999446,35.67742684626244,197.8525923732232,197.8525923732232,25.41710915811546,66.393963367377,h2o_ions,H₂O⁺,injection,400,12
injection_h2o_ions,0,0.0,99988,99988,99988,99988,1.0,1.0,12.976400655827335,12.976400655827335,34.78072475796684,168.0306017088629,168.0306017088629,23.542768854665365,61.52920304356901,h2o_ions,H₂O⁺,injection,400,13
injection_h2o_ions,0,0.0,99988,99988,99988,99988,1.0,1.0,13.974585321660209,13.974585321660209,34.149700919099025,144.37004843476794,144.37004843476794,21.926613741960953,57.3914201333521,h2o_ions,H₂O⁺,injection,400,14
injection_h2o_ions,0,0.0,99988,99988,99988,99988,1.0,1.0,14.972769987493084,14.972769987493084,33.73379274657628,125.30094815291011,125.30094815291011,20.51895530138503,53.74755696742899,h2o_ions,H₂O⁺,injection,400,15
injection_h2o_ions,0,0.0,99988,99988,99988,99988,1.0,1.0,15.970954653325961,15.970954653325961,33.49462894424727,109.72214668001699,109.72214668001699,19.282321404065833,50.636203920684494,h2o_ions,H₂O⁺,injection,400,16
injection_h2o_ions,0,0.0,99988,99988,99988,99988,1.0,1.0,16.969139319158835,16.969139319158835,33.401893545118796,96.83905539868323,96.83905539868323,18.18721903527754,47.7849463049852,h2o_ions,H₂O⁺,injection,400,17
injection_h2o_ions,0,0.0,99988,99988,99988,99988,1.0,1.0,17.967323984991708,17.967323984991708,33.43171250142863,86.06951446611907,86.06951446611907,17.210473095358026,45.2644476681217,h2o_ions,H₂O⁺,injection,400,18
injection_h2o_ions,0,0.0,99988,99988,99988,99988,1.0,1.0,18.965508650824585,18.965508650824585,33.565076685292794,76.97957541377856,76.97957541377856,16.333731676621028,43.04408198474519,h2o_ions,H₂O⁺,injection,400,19
injection_h2o_ions,0,0.0,99988,99988,99988,99988,1.0,1.0,19.963693316657462,19.963693316657462,33.786903891044815,69.24174978611515,69.24174978611515,15.542530328432377,41.047272537139506,h2o_ions,H₂O⁺,injection,400,20
injection_h2o_ions,200,0.02,81149,99988,99988,99988,0.8115873904868585,1.0,2.925477403615693,2.9945539974985853,53.742440941671745,1694.6726285972452,1737.048574542046,53.8154974897182,119.446761621469,h2o_ions,H₂O⁺,injection,400,3
injection_h2o_ions,200,0.02,87636,99988,99988,99988,0.8764651758210985,1.0,3.9547229122799306,3.9927386633314605,51.94759685075436,1201.0517649910585,1213.5584465210013,52.093839516854764,124.26333238897249,h2o_ions,H₂O⁺,injection,400,4
injection_h2o_ions,200,0.02,92832,99988,99988,99988,0.9284314117694124,1.0,4.981623995274788,4.990923329164335,50.392154446760145,909.6759882544148,911.5607780627067,50.60746878987622,126.70722929044899,h2o_ions,H₂O⁺,injection,400,5
injection_h2o_ions,200,0.02,96781,99988,99988,99988,0.9679261511381366,1.0,5.992415920928244,5.989107994997211,48.746031266026506,713.9113755628514,713.4620812247556,49.05892518653791,127.67229136092999,h2o_ions,H₂O⁺,injection,400,6
injection_h2o_ions,200,0.02,99488,99988,99988,99988,0.9949993999279914,1.0,6.989197207963078,6.987292660830085,46.85263680392795,570.540638244311,570.3579167940321,47.15065677837822,130.6970990523466,h2o_ions,H₂O⁺,injection,400,7
injection_h2o_ions,200,0.02,99988,99988,99988,99988,1.0,1.0,7.98547732666296,7.98547732666296,43.61568021221099,446.18751551120465,446.18751551120465,37.16233987291714,96.936766452828,h2o_ions,H₂O⁺,injection,400,8
injection_h2o_ions,200,0.02,99988,99988,99988,99988,1.0,1.0,8.983661992495835,8.983661992495835,40.729692917470565,353.37517096583315,353.37517096583315,33.344362226402104,86.9362194517947,h2o_ions,H₂O⁺,injection,400,9
injection_h2o_ions,200,0.02,99988,99988,99988,99988,1.0,1.0,9.98184665832871,9.98184665832871,38.54028759863617,286.1037833763826,286.1037833763826,30.207778577798322,78.78834195729989,h2o_ions,H₂O⁺,injection,400,10
injection_h2o_ions,200,0.02,99988,99988,99988,99988,1.0,1.0,10.980031324161585,10.980031324161585,36.89116917629096,235.98418881658247,235.98418881658247,27.599517729148545,72.02497282494521,h2o_ions,H₂O⁺,injection,400,11
injection_h2o_ions,200,0.02,99988,99988,99988,99988,1.0,1.0,11.97821598999446,11.97821598999446,35.66305775209878,197.73263215397466,197.73263215397466,25.402303178108998,66.3500386926192,h2o_ions,H₂O⁺,injection,400,12
injection_h2o_ions,200,0.02,99988,99988,99988,99988,1.0,1.0,12.976400655827335,12.976400655827335,34.76758770931488,167.92936370766066,167.92936370766066,23.529173439872416,61.49012858458809,h2o_ions,H₂O⁺,injection,400,13
injection_h2o_ions,200,0.02,99988,99988,99988,99988,1.0,1.0,13.974585321660209,13.974585321660209,34.1376028852253,144.28347675056222,144.28347675056222,21.914034289665892,57.354830724012004,h2o_ions,H₂O⁺,injection,400,14
injection_h2o_ions,200,0.02,99988,99988,99988,99988,1.0,1.0,14.972769987493084,14.972769987493084,33.722582746821956,125.2260789085172,125.2260789085172,20.507240219629264,53.71415543471359,h2o_ions,H₂O⁺,injection,400,15
injection_h2o_ions,200,0.02,99988,99988,99988,99988,1.0,1.0,15.970954653325961,15.970954653325961,33.48417344296996,109.65668095486616,109.65668095486616,19.271335630342815,50.604639352686604,h2o_ions,H₂O⁺,injection,400,16
injection_h2o_ions,200,0.02,99988,99988,99988,99988,1.0,1.0,16.969139319158835,16.969139319158835,33.39210510294719,96.7813716117362,96.7813716117362,18.176876897646746,47.75589429262381,h2o_ions,H₂O⁺,injection,400,17
injection_h2o_ions,200,0.02,99988,99988,99988,99988,1.0,1.0,17.967323984991708,17.967323984991708,33.422510779283165,86.01830081764727,86.01830081764727,17.200696732883678,45.237790889476294,h2o_ions,H₂O⁺,injection,400,18
injection_h2o_ions,200,0.02,99988,99988,99988,99988,1.0,1.0,18.965508650824585,18.965508650824585,33.55639851492888,76.93381776749715,76.93381776749715,16.32445725078133,43.018637666237595,h2o_ions,H₂O⁺,injection,400,19
injection_h2o_ions,200,0.02,99988,99988,99988,99988,1.0,1.0,19.963693316657462,19.963693316657462,33.77869644146413,69.20063790641183,69.20063790641183,15.533708505434952,41.0229500084868,h2o_ions,H₂O⁺,injection,400,20
injection_h2o_ions,1000,0.1,82033,99988,99988,99988,0.8204284514141696,1.0,2.9316180413044486,2.9945539974985853,53.78596891095476,1696.1261996238277,1734.6854246749767,53.85220663520668,118.3958581897507,h2o_ions,H₂O⁺,injection,400,3
injection_h2o_ions,1000,0.1,88398,99988,99988,99988,0.8840860903308397,1.0,3.9605764963885584,3.9927386633314605,51.91159865456757,1200.1501733963619,1210.708143168123,52.07031312478877,119.9214708022873,h2o_ions,H₂O⁺,injection,400,4
injection_h2o_ions,1000,0.1,93549,99988,99988,99988,0.9356022722726727,1.0,4.986234585716718,4.990923329164335,50.35856982605849,909.0030742766464,909.9518777217735,50.55675234283351,125.8044827131515,h2o_ions,H₂O⁺,injection,400,5
injection_h2o_ions,1000,0.1,97377,99988,99988,99988,0.9738868664239709,1.0,5.994735102107855,5.989107994997211,48.65173436884016,712.3369024148449,711.5743821896876,48.95157277220848,124.5765164030465,h2o_ions,H₂O⁺,injection,400,6
injection_h2o_ions,1000,0.1,99777,99988,99988,99988,0.9978897467696124,1.0,6.988481203794149,6.987292660830085,46.51561546975179,565.7172917704262,565.6040720907682,46.70612487891136,130.3412603966332,h2o_ions,H₂O⁺,injection,400,7
injection_h2o_ions,1000,0.1,99988,99988,99988,99988,1.0,1.0,7.98547732666296,7.98547732666296,43.061533605380475,439.2480855414989,439.2480855414989,36.59837501313121,95.09296691806351,h2o_ions,H₂O⁺,injection,400,8
injection_h2o_ions,1000,0.1,99988,99988,99988,99988,1.0,1.0,8.983661992495835,8.983661992495835,40.2500076728339,348.0356418847374,348.0356418847374,32.85500372861772,85.41525561660652,h2o_ions,H₂O⁺,injection,400,9
injection_h2o_ions,1000,0.1,99988,99988,99988,99988,1.0,1.0,9.98184665832871,9.98184665832871,38.11737128159893,281.86692889931686,281.86692889931686,29.775106417230834,77.44893060113739,h2o_ions,H₂O⁺,injection,400,10
injection_h2o_ions,1000,0.1,99988,99988,99988,99988,1.0,1.0,10.980031324161585,10.980031324161585,36.512563366068726,232.53605830543256,232.53605830543256,27.21087293324589,70.8665775686208,h2o_ions,H₂O⁺,injection,400,11
injection_h2o_ions,1000,0.1,99988,99988,99988,99988,1.0,1.0,11.97821598999446,11.97821598999446,35.320174396080084,194.87007435484068,194.87007435484068,25.048951253882965,65.3031498696706,h2o_ions,H₂O⁺,injection,400,12
injection_h2o_ions,1000,0.1,99988,99988,99988,99988,1.0,1.0,12.976400655827335,12.976400655827335,34.45411891596296,165.51368002413355,165.51368002413355,23.204725359924694,60.5588064254608,h2o_ions,H₂O⁺,injection,400,13
injection_h2o_ions,1000,0.1,99988,99988,99988,99988,1.0,1.0,13.974585321660209,13.974585321660209,33.84883311275962,142.21708432589332,142.21708432589332,21.613726069365047,56.4827510769133,h2o_ions,H₂O⁺,injection,400,14
injection_h2o_ions,1000,0.1,99988,99988,99988,99988,1.0,1.0,14.972769987493084,14.972769987493084,33.454922960985336,123.43843516550774,123.43843516550774,20.227462855735432,52.91516064960939,h2o_ions,H₂O⁺,injection,400,15
injection_h2o_ions,1000,0.1,99988,99988,99988,99988,1.0,1.0,15.970954653325961,15.970954653325961,33.234706451770556,108.09467670017713,108.09467670017713,19.009173276260338,49.8495130332481,h2o_ions,H₂O⁺,injection,400,16
injection_h2o_ions,1000,0.1,99988,99988,99988,99988,1.0,1.0,16.969139319158835,16.969139319158835,33.15855354262245,95.4050404028749,95.4050404028749,17.93007600676728,47.063431679178294,h2o_ions,H₂O⁺,injection,400,17
injection_h2o_ions,1000,0.1,99988,99988,99988,99988,1.0,1.0,17.967323984991708,17.967323984991708,33.202986332774415,84.79650258719225,84.79650258719225,16.967395095081706,44.59992493836629,h2o_ions,H₂O⁺,injection,400,18
injection_h2o_ions,1000,0.1,99988,99988,99988,99988,1.0,1.0,18.965508650824585,18.965508650824585,33.349337470438,75.84204085656323,75.84204085656323,16.103132255273277,42.40974539174951,h2o_ions,H₂O⁺,injection,400,19
injection_h2o_ions,1000,0.1,99988,99988,99988,99988,1.0,1.0,19.963693316657462,19.963693316657462,33.58276718961774,68.21921002761893,68.21921002761893,15.323064683691072,40.44314849693559,h2o_ions,H₂O⁺,injection,400,20
injection_h2o_ions,0,0.0,73070,99988,99988,99988,0.7307876945233428,1.0,2.8466445547609536,2.9945539974985853,55.29647878239866,1746.5680975727598,1842.5143434193938,55.362046264327,118.5430474538603,h2o_ions,H₂O⁺,injection,500,3
injection_h2o_ions,0,0.0,79505,99988,99988,99988,0.795145417450094,1.0,3.856271067882097,3.9927386633314605,53.566095881429554,1241.5878272567702,1289.0645895608318,53.71029760031524,121.5530769360516,h2o_ions,H₂O⁺,injection,500,4
injection_h2o_ions,0,0.0,84999,99988,99988,99988,0.8500920110413249,1.0,4.878976416724123,4.990923329164335,52.333972049119005,948.5829694739399,972.6424474963428,52.53411297428943,126.9791429938182,h2o_ions,H₂O⁺,injection,500,5
injection_h2o_ions,0,0.0,89392,99988,99988,99988,0.8940272832739928,1.0,5.902086231845392,5.989107994997211,51.068913239485646,752.6964830513034,765.2688428023532,51.38705333412734,127.8319704216686,h2o_ions,H₂O⁺,injection,500,6
injection_h2o_ions,0,0.0,93162,99988,99988,99988,0.931731807816938,1.0,6.927656395510071,6.987292660830085,50.025502798189905,615.9497279772867,622.1129331791378,50.52602297391412,130.08853309725941,h2o_ions,H₂O⁺,injection,500,7
injection_h2o_ions,0,0.0,96182,99988,99988,99988,0.9619354322518702,1.0,7.950837095004154,7.98547732666296,48.93748835833082,512.831097709487,515.5010821323493,49.547174249008265,134.49575796008662,h2o_ions,H₂O⁺,injection,500,8
injection_h2o_ions,0,0.0,98518,99988,99988,99988,0.9852982357882946,1.0,8.967714924305836,8.983661992495835,47.81403631995366,432.23325142790685,433.1797088058617,48.54219725643887,136.0904135724075,h2o_ions,H₂O⁺,injection,500,9
injection_h2o_ions,0,0.0,99870,99988,99988,99988,0.9988198583830059,1.0,9.98012591869202,9.98184665832871,46.293807879689616,363.7799944668828,363.8599578486763,46.73582323607706,135.66042148573828,h2o_ions,H₂O⁺,injection,500,10
injection_h2o_ions,0,0.0,99988,99988,99988,99988,1.0,1.0,10.980031324161585,10.980031324161585,44.058849504825496,301.26342269965926,301.26342269965926,34.974048242931914,92.80314014481569,h2o_ions,H₂O⁺,injection,500,11
injection_h2o_ions,0,0.0,99988,99988,99988,99988,1.0,1.0,11.97821598999446,11.97821598999446,42.21540197524564,252.43480340067873,252.43480340067873,32.17364691727761,85.2875142778827,h2o_ions,H₂O⁺,injection,500,12
injection_h2o_ions,0,0.0,99988,99988,99988,99988,1.0,1.0,12.976400655827335,12.976400655827335,40.788697659320924,214.32982643768685,214.32982643768685,29.780128041505076,78.9542170357305,h2o_ions,H₂O⁺,injection,500,13
injection_h2o_ions,0,0.0,99988,99988,99988,99988,1.0,1.0,13.974585321660209,13.974585321660209,39.69865290691558,184.07750207359496,184.07750207359496,27.714796903141643,73.4533164620117,h2o_ions,H₂O⁺,injection,500,14
injection_h2o_ions,0,0.0,99988,99988,99988,99988,1.0,1.0,14.972769987493084,14.972769987493084,38.88282245606278,159.69024094100172,159.69024094100172,25.916323969881724,68.6540884367053,h2o_ions,H₂O⁺,injection,500,15
injection_h2o_ions,0,0.0,99988,99988,99988,99988,1.0,1.0,15.970954653325961,15.970954653325961,38.29282212892103,139.7653926150653,139.7653926150653,24.3372731962755,64.5424043013257,h2o_ions,H₂O⁺,injection,500,16
injection_h2o_ions,0,0.0,99988,99988,99988,99988,1.0,1.0,16.969139319158835,16.969139319158835,37.890419431194644,123.2901664518415,123.2901664518415,22.940117987654407,60.921252729732004,h2o_ions,H₂O⁺,injection,500,17
injection_h2o_ions,0,0.0,99988,99988,99988,99988,1.0,1.0,17.967323984991708,17.967323984991708,37.64518102326613,109.52024383103205,109.52024383103205,21.695238883993028,57.696782725767804,h2o_ions,H₂O⁺,injection,500,18
injection_h2o_ions,0,0.0,99988,99988,99988,99988,1.0,1.0,18.965508650824585,18.965508650824585,37.533180753838316,97.90231543411014,97.90231543411014,20.579293388237073,54.7084866797912,h2o_ions,H₂O⁺,injection,500,19
injection_h2o_ions,0,0.0,99988,99988,99988,99988,1.0,1.0,19.963693316657462,19.963693316657462,37.534694119575114,88.0147802523926,88.0147802523926,19.573127430650555,52.1592251331284,h2o_ions,H₂O⁺,injection,500,20
injection_h2o_ions,200,0.02,73107,99988,99988,99988,0.7311577389286714,1.0,2.846892030089945,2.9945539974985853,55.301606995982134,1746.7393489039348,1842.525617813294,55.35473218758278,118.592241837575,h2o_ions,H₂O⁺,injection,500,3
injection_h2o_ions,200,0.02,79537,99988,99988,99988,0.7954654558547025,1.0,3.856469911610472,3.9927386633314605,53.56623389792212,1241.591283944127,1288.9965467292527,53.69815266995726,122.9570063964453,h2o_ions,H₂O⁺,injection,500,4
injection_h2o_ions,200,0.02,85021,99988,99988,99988,0.8503120374444934,1.0,4.879135890466031,4.990923329164335,52.324144190948466,948.3860548446746,972.4059621538993,52.53669172071569,124.2834791958996,h2o_ions,H₂O⁺,injection,500,5
injection_h2o_ions,200,0.02,89427,99988,99988,99988,0.8943773252790335,1.0,5.902730217962518,5.989107994997211,51.07413720419401,752.7837074712459,765.2629430491503,51.37342582200938,131.6069264897495,h2o_ions,H₂O⁺,injection,500,6
injection_h2o_ions,200,0.02,93183,99988,99988,99988,0.9319418330199624,1.0,6.928014770777388,6.987292660830085,50.01757598313743,615.836281819565,621.9611625846027,50.49807724600913,130.6146241161092,h2o_ions,H₂O⁺,injection,500,7
injection_h2o_ions,200,0.02,96202,99988,99988,99988,0.9621354562547506,1.0,7.950944815260257,7.98547732666296,48.9303126488139,512.741238215516,515.4024934860811,49.53293133377597,132.42538080632102,h2o_ions,H₂O⁺,injection,500,8
injection_h2o_ions,200,0.02,98535,99988,99988,99988,0.9854682561907429,1.0,8.967796645476572,8.983661992495835,47.805662182196784,432.14003623610785,433.0814699763552,48.506434676827034,139.8641190964886,h2o_ions,H₂O⁺,injection,500,9
injection_h2o_ions,200,0.02,99877,99988,99988,99988,0.998889866784014,1.0,9.980277298511357,9.98184665832871,46.27733307053336,363.6149467585762,363.6878484071382,46.77363477353492,141.8543411905239,h2o_ions,H₂O⁺,injection,500,10
injection_h2o_ions,200,0.02,99988,99988,99988,99988,1.0,1.0,10.980031324161585,10.980031324161585,44.037468408214764,301.0686955993487,301.0686955993487,34.95211725282034,92.7323984369899,h2o_ions,H₂O⁺,injection,500,11
injection_h2o_ions,200,0.02,99988,99988,99988,99988,1.0,1.0,11.97821598999446,11.97821598999446,42.19620291287262,252.27452024675117,252.27452024675117,32.15389464493419,85.2272873918304,h2o_ions,H₂O⁺,injection,500,12
injection_h2o_ions,200,0.02,99988,99988,99988,99988,1.0,1.0,12.976400655827335,12.976400655827335,40.77126086092306,214.19545328707028,214.19545328707028,29.762126337426903,78.8994002744442,h2o_ions,H₂O⁺,injection,500,13
injection_h2o_ions,200,0.02,99988,99988,99988,99988,1.0,1.0,13.974585321660209,13.974585321660209,39.68265983445977,183.96305808768992,183.96305808768992,27.69822237750041,73.4029619237657,h2o_ions,H₂O⁺,injection,500,14
injection_h2o_ions,200,0.02,99988,99988,99988,99988,1.0,1.0,14.972769987493084,14.972769987493084,38.868076809779055,159.59175785272853,159.59175785272853,25.900978801341466,68.6077738617589,h2o_ions,H₂O⁺,injection,500,15
injection_h2o_ions,200,0.02,99988,99988,99988,99988,1.0,1.0,15.970954653325961,15.970954653325961,38.279124496775225,139.67962672039502,139.67962672039502,24.32295445306913,64.49988365647131,h2o_ions,H₂O⁺,injection,500,16
injection_h2o_ions,200,0.02,99988,99988,99988,99988,1.0,1.0,16.969139319158835,16.969139319158835,37.87761839493594,123.21472929490658,123.21472929490658,22.92667118355298,60.8811923478101,h2o_ions,H₂O⁺,injection,500,17
injection_h2o_ions,200,0.02,99988,99988,99988,99988,1.0,1.0,17.967323984991708,17.967323984991708,37.633188419427235,109.4534970865034,109.4534970865034,21.682579807868116,57.6599362004395,h2o_ions,H₂O⁺,injection,500,18
injection_h2o_ions,200,0.02,99988,99988,99988,99988,1.0,1.0,18.965508650824585,18.965508650824585,37.52188908679315,97.84277752635846,97.84277752635846,20.567311509725076,54.673581784012804,h2o_ions,H₂O⁺,injection,500,19
injection_h2o_ions,200,0.02,99988,99988,99988,99988,1.0,1.0,19.963693316657462,19.963693316657462,37.52402502829607,87.96133778005138,87.96133778005138,19.561747800267163,52.127367433619895,h2o_ions,H₂O⁺,injection,500,20
injection_h2o_ions,1000,0.1,73929,99988,99988,99988,0.7393787254470536,1.0,2.8515142741107726,2.9945539974985853,55.3324102921309,1747.7679927745914,1840.4570685302278,55.41119577021328,116.9686663616977,h2o_ions,H₂O⁺,injection,500,3
injection_h2o_ions,1000,0.1,80384,99988,99988,99988,0.8039364723766852,1.0,3.865196083640568,3.9927386633314605,53.63673735574183,1243.357075892075,1287.6847692865874,53.77156414504676,121.4130487750881,h2o_ions,H₂O⁺,injection,500,4
injection_h2o_ions,1000,0.1,85764,99988,99988,99988,0.8577429291514982,1.0,4.88644662242035,4.990923329164335,52.305540571835515,948.0133057983359,970.4207906793338,52.52229114400947,125.68531645370359,h2o_ions,H₂O⁺,injection,500,5
injection_h2o_ions,1000,0.1,90095,99988,99988,99988,0.901058126975237,1.0,5.9118563988099,5.989107994997211,51.014029201218065,751.780085512414,762.9104930811169,51.3460025078517,128.136651899123,h2o_ions,H₂O⁺,injection,500,6
injection_h2o_ions,1000,0.1,93831,99988,99988,99988,0.9384226107132856,1.0,6.938302126973961,6.987292660830085,49.96981681382935,615.1527671648001,620.202376595309,50.44534930977472,130.4278562162423,h2o_ions,H₂O⁺,injection,500,7
injection_h2o_ions,1000,0.1,96736,99988,99988,99988,0.9674760971316558,1.0,7.958210268331207,7.98547732666296,48.81091368550991,511.2460368841525,513.340337082414,49.36998284079767,135.1172519675026,h2o_ions,H₂O⁺,injection,500,8
injection_h2o_ions,1000,0.1,98933,99988,99988,99988,0.9894487338480618,1.0,8.973528345914685,8.983661992495835,47.593468176770514,429.7780372472377,430.376306198866,48.22946860345043,131.6454752291466,h2o_ions,H₂O⁺,injection,500,9
injection_h2o_ions,1000,0.1,99988,99988,99988,99988,1.0,1.0,9.98184665832871,9.98184665832871,45.82329457360816,359.0663044835883,359.0663044835883,37.66966520865844,99.60316498940911,h2o_ions,H₂O⁺,injection,500,10
injection_h2o_ions,1000,0.1,99988,99988,99988,99988,1.0,1.0,10.980031324161585,10.980031324161585,43.52764624231595,296.42551972081594,296.42551972081594,34.429143411419595,91.0473859188992,h2o_ions,H₂O⁺,injection,500,11
injection_h2o_ions,1000,0.1,99988,99988,99988,99988,1.0,1.0,11.97821598999446,11.97821598999446,41.73822602048057,248.45110536781925,248.45110536781925,31.68266484144083,83.7924427521951,h2o_ions,H₂O⁺,injection,500,12
injection_h2o_ions,1000,0.1,99988,99988,99988,99988,1.0,1.0,12.976400655827335,12.976400655827335,40.35531143396018,210.99002338400942,210.99002338400942,29.332654715382233,77.59373394064109,h2o_ions,H₂O⁺,injection,500,13
injection_h2o_ions,1000,0.1,99988,99988,99988,99988,1.0,1.0,13.974585321660209,13.974585321660209,39.301493508315474,181.23549002487596,181.23549002487596,27.303150754217878,72.20367704106911,h2o_ions,H₂O⁺,injection,500,14
injection_h2o_ions,1000,0.1,99988,99988,99988,99988,1.0,1.0,14.972769987493084,14.972769987493084,38.516226500105475,157.2418232049146,157.2418232049146,25.53475448799348,67.51814517090601,h2o_ions,H₂O⁺,injection,500,15
injection_h2o_ions,1000,0.1,99988,99988,99988,99988,1.0,1.0,15.970954653325961,15.970954653325961,37.952327146158076,137.6334287459421,137.6334287459421,23.981265974524813,63.48287148527591,h2o_ions,H₂O⁺,injection,500,16
injection_h2o_ions,1000,0.1,99988,99988,99988,99988,1.0,1.0,16.969139319158835,16.969139319158835,37.572447029369265,121.41633893563757,121.41633893563757,22.606071384588617,59.922904526349996,h2o_ions,H₂O⁺,injection,500,17
injection_h2o_ions,1000,0.1,99988,99988,99988,99988,1.0,1.0,17.967323984991708,17.967323984991708,37.34703166624123,107.86084615292512,107.86084615292512,21.380449618858947,56.7820804262678,h2o_ions,H₂O⁺,injection,500,18
injection_h2o_ions,1000,0.1,99988,99988,99988,99988,1.0,1.0,18.965508650824585,18.965508650824585,37.2524650722807,96.42217753364095,96.42217753364095,20.28137708975047,53.8529311225699,h2o_ions,H₂O⁺,injection,500,19
injection_h2o_ions,1000,0.1,99988,99988,99988,99988,1.0,1.0,19.963693316657462,19.963693316657462,37.26947615722375,86.68627876649735,86.68627876649735,19.29017727328248,51.3682586530028,h2o_ions,H₂O⁺,injection,500,20
extraction_h2o_ions,0,0.0,100007,100007,100007,100007,1.0,1.0,3.005838450798559,3.005838450798559,17.778261687056403,491.4576574244456,491.4576574244456,15.122981955782716,37.800932096273,h2o_ions,H₂O⁺,extraction,100,3
extraction_h2o_ions,0,0.0,100007,100007,100007,100007,1.0,1.0,4.00778460106476,4.00778460106476,16.313360326678694,307.0418435747439,307.0418435747439,12.65591519436762,28.4862011575136,h2o_ions,H₂O⁺,extraction,100,4
extraction_h2o_ions,0,0.0,100007,100007,100007,100007,1.0,1.0,5.0097307513309595,5.0097307513309595,15.382112325584515,207.044691403782,207.044691403782,10.719549907176688,22.7710381288725,h2o_ions,H₂O⁺,extraction,100,5
extraction_h2o_ions,0,0.0,100007,100007,100007,100007,1.0,1.0,6.011676901597159,6.011676901597159,14.908323022140596,147.98942568220542,147.98942568220542,9.23809415821986,18.9635333173884,h2o_ions,H₂O⁺,extraction,100,6
extraction_h2o_ions,0,0.0,100007,100007,100007,100007,1.0,1.0,7.013623051863358,7.013623051863358,14.772652717396209,110.62798225906162,110.62798225906162,8.092404564879969,16.2622470772389,h2o_ions,H₂O⁺,extraction,100,7
extraction_h2o_ions,0,0.0,100007,100007,100007,100007,1.0,1.0,8.015569202129559,8.015569202129559,14.882079958737615,85.66466814089482,85.66466814089482,7.190022127118519,14.253416438210502,h2o_ions,H₂O⁺,extraction,100,8
extraction_h2o_ions,0,0.0,100007,100007,100007,100007,1.0,1.0,9.017515352395758,9.017515352395758,15.170462915460758,68.23329179506521,68.23329179506521,6.465451178367308,12.7396561556195,h2o_ions,H₂O⁺,extraction,100,9
extraction_h2o_ions,0,0.0,100007,100007,100007,100007,1.0,1.0,10.019461502661958,10.019461502661958,15.591879166802789,55.61593966562333,55.61593966562333,5.873384682202334,11.5091923760751,h2o_ions,H₂O⁺,extraction,100,10
extraction_h2o_ions,0,0.0,100007,100007,100007,100007,1.0,1.0,11.02140765292816,11.02140765292816,16.11420230472489,46.20820508752057,46.20820508752057,5.382163676906463,10.5409721940387,h2o_ions,H₂O⁺,extraction,100,11
extraction_h2o_ions,0,0.0,100007,100007,100007,100007,1.0,1.0,12.02335380319436,12.02335380319436,16.714384155749045,39.015988627968134,39.015988627968134,4.9690797719782,9.743317898579303,h2o_ions,H₂O⁺,extraction,100,12
extraction_h2o_ions,0,0.0,100007,100007,100007,100007,1.0,1.0,13.025299953460559,13.025299953460559,17.375811524319246,33.40047128590573,33.40047128590573,4.617766640718298,9.102452505373499,h2o_ions,H₂O⁺,extraction,100,13
extraction_h2o_ions,0,0.0,100007,100007,100007,100007,1.0,1.0,14.027246103726757,14.027246103726757,18.085962593325107,28.934521142535807,28.934521142535807,4.31585911913058,8.558701147292002,h2o_ions,H₂O⁺,extraction,100,14
extraction_h2o_ions,0,0.0,100007,100007,100007,100007,1.0,1.0,15.029192253992958,15.029192253992958,18.835609716650012,25.326826607369824,25.326826607369824,4.054224122171271,8.0918791699108,h2o_ions,H₂O⁺,extraction,100,15
extraction_h2o_ions,0,0.0,100007,100007,100007,100007,1.0,1.0,16.031138404259156,16.031138404259156,19.61750292717425,22.371240472618382,22.371240472618382,3.8256480014683762,7.686754362154105,h2o_ions,H₂O⁺,extraction,100,16
extraction_h2o_ions,0,0.0,100007,100007,100007,100007,1.0,1.0,17.033084554525356,17.033084554525356,20.42599728435822,19.919543750115622,19.919543750115622,3.6245491501056297,7.331621454971707,h2o_ions,H₂O⁺,extraction,100,17
extraction_h2o_ions,0,0.0,100007,100007,100007,100007,1.0,1.0,18.035030704791556,18.035030704791556,21.25671959626112,17.863506551245443,17.863506551245443,3.4464859226320987,7.017359537607405,h2o_ions,H₂O⁺,extraction,100,18
extraction_h2o_ions,0,0.0,100007,100007,100007,100007,1.0,1.0,19.03697685505776,19.03697685505776,22.10600023089681,16.121379981736283,16.121379981736283,3.2877844449940863,6.736788260331394,h2o_ions,H₂O⁺,extraction,100,19
extraction_h2o_ions,0,0.0,100007,100007,100007,100007,1.0,1.0,20.038923005323955,20.038923005323955,22.97103811500177,14.632099284471579,14.632099284471579,3.1455809475611956,6.484212635094799,h2o_ions,H₂O⁺,extraction,100,20
extraction_h2o_ions,200,0.02,100007,100007,100007,100007,1.0,1.0,3.005838450798559,3.005838450798559,17.771117488921334,491.2199800425101,491.2199800425101,15.115762704558605,37.7758807032325,h2o_ions,H₂O⁺,extraction,100,3
extraction_h2o_ions,200,0.02,100007,100007,100007,100007,1.0,1.0,4.00778460106476,4.00778460106476,16.30729054916759,306.8903938808284,306.8903938808284,12.649760162635735,28.467349669690105,h2o_ions,H₂O⁺,extraction,100,4
extraction_h2o_ions,200,0.02,100007,100007,100007,100007,1.0,1.0,5.0097307513309595,5.0097307513309595,15.376935985220896,206.94136568388694,206.94136568388694,10.71427758770284,22.7559959728149,h2o_ions,H₂O⁺,extraction,100,5
extraction_h2o_ions,200,0.02,100007,100007,100007,100007,1.0,1.0,6.011676901597159,6.011676901597159,14.903854233546609,147.91509053966308,147.91509053966308,9.233518889714952,18.951037969858902,h2o_ions,H₂O⁺,extraction,100,6
extraction_h2o_ions,200,0.02,100007,100007,100007,100007,1.0,1.0,7.013623051863358,7.013623051863358,14.7687433382101,110.5722424629933,110.5722424629933,8.088379896280326,16.251566498992403,h2o_ions,H₂O⁺,extraction,100,7
extraction_h2o_ions,200,0.02,100007,100007,100007,100007,1.0,1.0,8.015569202129559,8.015569202129559,14.878616607670338,85.62146034142428,85.62146034142428,7.1864365339227465,14.2440920334121,h2o_ions,H₂O⁺,extraction,100,8
extraction_h2o_ions,200,0.02,100007,100007,100007,100007,1.0,1.0,9.017515352395758,9.017515352395758,15.167360673726808,68.19888939470637,68.19888939470637,6.4622216564607475,12.731319707755503,h2o_ions,H₂O⁺,extraction,100,9
extraction_h2o_ions,200,0.02,100007,100007,100007,100007,1.0,1.0,10.019461502661958,10.019461502661958,15.589072676070325,55.58792927073615,55.58792927073615,5.870447399324732,11.501700133610699,h2o_ions,H₂O⁺,extraction,100,10
extraction_h2o_ions,200,0.02,100007,100007,100007,100007,1.0,1.0,11.02140765292816,11.02140765292816,16.111642836385073,46.184982388384334,46.184982388384334,5.379471822482631,10.5341167334914,h2o_ions,H₂O⁺,extraction,100,11
extraction_h2o_ions,200,0.02,100007,100007,100007,100007,1.0,1.0,12.02335380319436,12.02335380319436,16.712032891691244,38.996432819361914,38.996432819361914,4.966594946537288,9.736864289669597,h2o_ions,H₂O⁺,extraction,100,12
extraction_h2o_ions,200,0.02,100007,100007,100007,100007,1.0,1.0,13.025299953460559,13.025299953460559,17.37363710099444,33.38377744136798,33.38377744136798,4.615458478101289,9.0964491813817,h2o_ions,H₂O⁺,extraction,100,13
extraction_h2o_ions,200,0.02,100007,100007,100007,100007,1.0,1.0,14.027246103726757,14.027246103726757,18.08394034863224,28.920104594355834,28.920104594355834,4.31370348700424,8.553082751213704,h2o_ions,H₂O⁺,extraction,100,14
extraction_h2o_ions,200,0.02,100007,100007,100007,100007,1.0,1.0,15.029192253992958,15.029192253992958,18.8337192105081,25.314247713508053,25.314247713508053,4.052200844654873,8.086593464660798,h2o_ions,H₂O⁺,extraction,100,15
extraction_h2o_ions,200,0.02,100007,100007,100007,100007,1.0,1.0,16.031138404259156,16.031138404259156,19.615728098243444,22.360169337892643,22.360169337892643,3.823741394040322,7.6817589565330024,h2o_ions,H₂O⁺,extraction,100,16
extraction_h2o_ions,200,0.02,100007,100007,100007,100007,1.0,1.0,17.033084554525356,17.033084554525356,20.42432419349431,19.909721155396774,19.909721155396774,3.622745263169977,7.3268814923720065,h2o_ions,H₂O⁺,extraction,100,17
extraction_h2o_ions,200,0.02,100007,100007,100007,100007,1.0,1.0,18.035030704791556,18.035030704791556,21.25513650995939,17.854728710344325,17.854728710344325,3.4447729960070403,7.012846026091104,h2o_ions,H₂O⁺,extraction,100,18
extraction_h2o_ions,200,0.02,100007,100007,100007,100007,1.0,1.0,19.03697685505776,19.03697685505776,22.104497672225136,16.113487138859426,16.113487138859426,3.286153086947834,6.732476840734094,h2o_ions,H₂O⁺,extraction,100,19
extraction_h2o_ions,200,0.02,100007,100007,100007,100007,1.0,1.0,20.038923005323955,20.038923005323955,22.969607903466173,14.62496211679436,14.62496211679436,3.144022910443317,6.480082655230504,h2o_ions,H₂O⁺,extraction,100,20
extraction_h2o_ions,1000,0.1,100007,100007,100007,100007,1.0,1.0,3.005838450798559,3.005838450798559,17.60030272550262,485.53721411164855,485.53721411164855,14.943138719461022,37.1752843117584,h2o_ions,H₂O⁺,extraction,100,3
extraction_h2o_ions,1000,0.1,100007,100007,100007,100007,1.0,1.0,4.00778460106476,4.00778460106476,16.162194844232076,303.2700469964932,303.2700469964932,12.502611335487329,28.0158359768977,h2o_ions,H₂O⁺,extraction,100,4
extraction_h2o_ions,1000,0.1,100007,100007,100007,100007,1.0,1.0,5.0097307513309595,5.0097307513309595,15.253213298376604,204.47171825200803,204.47171825200803,10.588242019541365,22.3959263508666,h2o_ions,H₂O⁺,extraction,100,5
extraction_h2o_ions,1000,0.1,100007,100007,100007,100007,1.0,1.0,6.011676901597159,6.011676901597159,14.797039480038215,146.13830254428672,146.13830254428672,9.124145593970972,18.652035720146902,h2o_ions,H₂O⁺,extraction,100,6
extraction_h2o_ions,1000,0.1,100007,100007,100007,100007,1.0,1.0,7.013623051863358,7.013623051863358,14.675290368142004,109.23979317997592,109.23979317997592,7.992157467584291,15.996043621532902,h2o_ions,H₂O⁺,extraction,100,7
extraction_h2o_ions,1000,0.1,100007,100007,100007,100007,1.0,1.0,8.015569202129559,8.015569202129559,14.795825320658102,84.58857939529958,84.58857939529958,7.100711424601741,14.0210417389002,h2o_ions,H₂O⁺,extraction,100,8
extraction_h2o_ions,1000,0.1,100007,100007,100007,100007,1.0,1.0,9.017515352395758,9.017515352395758,15.093201362452193,67.37649754532724,67.37649754532724,6.385009292074038,12.531918884837701,h2o_ions,H₂O⁺,extraction,100,9
extraction_h2o_ions,1000,0.1,100007,100007,100007,100007,1.0,1.0,10.019461502661958,10.019461502661958,15.522007062793644,54.91857580040382,54.91857580040382,5.800250059407798,11.3224962089694,h2o_ions,H₂O⁺,extraction,100,10
extraction_h2o_ions,1000,0.1,100007,100007,100007,100007,1.0,1.0,11.02140765292816,11.02140765292816,16.050473672120717,45.629979196499804,45.629979196499804,5.31512473105486,10.3701454938062,h2o_ions,H₂O⁺,extraction,100,11
extraction_h2o_ions,1000,0.1,100007,100007,100007,100007,1.0,1.0,12.02335380319436,12.02335380319436,16.655831025991457,38.52899364540319,38.52899364540319,4.9071939832187805,9.583090080029201,h2o_ions,H₂O⁺,extraction,100,12
extraction_h2o_ions,1000,0.1,100007,100007,100007,100007,1.0,1.0,13.025299953460559,13.025299953460559,17.321661893297488,32.98474472901081,32.98474472901081,4.560281586325639,8.953413616323601,h2o_ions,H₂O⁺,extraction,100,13
extraction_h2o_ions,1000,0.1,100007,100007,100007,100007,1.0,1.0,14.027246103726757,14.027246103726757,18.035600782319232,28.575492644472366,28.575492644472366,4.2621717657145,8.419227504079398,h2o_ions,H₂O⁺,extraction,100,14
extraction_h2o_ions,1000,0.1,100007,100007,100007,100007,1.0,1.0,15.029192253992958,15.029192253992958,18.788534511850905,25.013601491851055,25.013601491851055,4.0038416465292785,7.960672563917296,h2o_ions,H₂O⁺,extraction,100,15
extraction_h2o_ions,1000,0.1,100007,100007,100007,100007,1.0,1.0,16.031138404259156,16.031138404259156,19.57330455250709,22.095537190963622,22.095537190963622,3.7781661254058054,7.562760919934107,h2o_ions,H₂O⁺,extraction,100,16
extraction_h2o_ions,1000,0.1,100007,100007,100007,100007,1.0,1.0,17.033084554525356,17.033084554525356,20.38433269681283,19.674933988378008,19.674933988378008,3.5796261456120853,7.213974353772205,h2o_ions,H₂O⁺,extraction,100,17
extraction_h2o_ions,1000,0.1,100007,100007,100007,100007,1.0,1.0,18.035030704791556,18.035030704791556,21.217299967469135,17.644933988563217,17.644933988563217,3.403833984261518,6.905337615781306,h2o_ions,H₂O⁺,extraction,100,18
extraction_h2o_ions,1000,0.1,100007,100007,100007,100007,1.0,1.0,19.03697685505776,19.03697685505776,22.068585314289752,15.924841860731442,15.924841860731442,3.247163256312776,6.629785481500093,h2o_ions,H₂O⁺,extraction,100,19
extraction_h2o_ions,1000,0.1,100007,100007,100007,100007,1.0,1.0,20.038923005323955,20.038923005323955,22.935422218094853,14.454365696207105,14.454365696207105,3.1067825829967823,6.381715134096304,h2o_ions,H₂O⁺,extraction,100,20
extraction_h2o_ions,0,0.0,100007,100007,100007,100007,1.0,1.0,3.005838450798559,3.005838450798559,32.31703022458018,975.1419530212788,975.1419530212788,29.781961264814942,77.404145952256,h2o_ions,H₂O⁺,extraction,200,3
extraction_h2o_ions,0,0.0,100007,100007,100007,100007,1.0,1.0,4.00778460106476,4.00778460106476,28.66728679523053,615.2901078469738,615.2901078469738,25.132559783044368,58.403913913580304,h2o_ions,H₂O⁺,extraction,200,4
extraction_h2o_ions,0,0.0,100007,100007,100007,100007,1.0,1.0,5.0097307513309595,5.0097307513309595,25.91604881511175,417.31420512422767,417.31420512422767,21.38146706665505,46.945163685691796,h2o_ions,H₂O⁺,extraction,200,5
extraction_h2o_ions,0,0.0,100007,100007,100007,100007,1.0,1.0,6.011676901597159,6.011676901597159,24.00659494014247,299.3327541233044,299.3327541233044,18.472388633810574,39.1701568766103,h2o_ions,H₂O⁺,extraction,200,6
extraction_h2o_ions,0,0.0,100007,100007,100007,100007,1.0,1.0,7.013623051863358,7.013623051863358,22.741570105633528,224.24853656187892,224.24853656187892,16.206613864775047,33.5703655600896,h2o_ions,H₂O⁺,extraction,200,7
extraction_h2o_ions,0,0.0,100007,100007,100007,100007,1.0,1.0,8.015569202129559,8.015569202129559,21.951683326282694,173.8630629057587,173.8630629057587,14.414015217037539,29.3728556043744,h2o_ions,H₂O⁺,extraction,200,8
extraction_h2o_ions,0,0.0,100007,100007,100007,100007,1.0,1.0,9.017515352395758,9.017515352395758,21.513658673458632,138.57634650705552,138.57634650705552,12.971125349960783,26.1939445824316,h2o_ions,H₂O⁺,extraction,200,9
extraction_h2o_ions,0,0.0,100007,100007,100007,100007,1.0,1.0,10.019461502661958,10.019461502661958,21.3395224774888,112.98073226609375,112.98073226609375,11.790130642590297,23.601970755407393,h2o_ions,H₂O⁺,extraction,200,10
extraction_h2o_ions,0,0.0,100007,100007,100007,100007,1.0,1.0,11.02140765292816,11.02140765292816,21.36707819098086,93.8688674246077,93.8688674246077,10.809248756841358,21.5557191157126,h2o_ions,H₂O⁺,extraction,200,11
extraction_h2o_ions,0,0.0,100007,100007,100007,100007,1.0,1.0,12.02335380319436,12.02335380319436,21.551288365984966,79.24523156142365,79.24523156142365,9.983904230777306,19.920700399017495,h2o_ions,H₂O⁺,extraction,200,12
extraction_h2o_ions,0,0.0,100007,100007,100007,100007,1.0,1.0,13.025299953460559,13.025299953460559,21.859201224430976,67.82109665446458,67.82109665446458,9.281553923472092,18.5309685862837,h2o_ions,H₂O⁺,extraction,200,13
extraction_h2o_ions,0,0.0,100007,100007,100007,100007,1.0,1.0,14.027246103726757,14.027246103726757,22.265933604011803,58.7334637131389,58.7334637131389,8.67775168996681,17.418500649595597,h2o_ions,H₂O⁺,extraction,200,14
extraction_h2o_ions,0,0.0,100007,100007,100007,100007,1.0,1.0,15.029192253992958,15.029192253992958,22.75284732409832,51.391019155093566,51.391019155093566,8.154173859512953,16.461532058952603,h2o_ions,H₂O⁺,extraction,200,15
extraction_h2o_ions,0,0.0,100007,100007,100007,100007,1.0,1.0,16.031138404259156,16.031138404259156,23.30546462796816,45.376229936211885,45.376229936211885,7.69659337618946,15.583057138276104,h2o_ions,H₂O⁺,extraction,200,16
extraction_h2o_ions,0,0.0,100007,100007,100007,100007,1.0,1.0,17.033084554525356,17.033084554525356,23.91239663221779,40.38794063207263,40.38794063207263,7.293839126626933,14.854781676718002,h2o_ions,H₂O⁺,extraction,200,17
extraction_h2o_ions,0,0.0,100007,100007,100007,100007,1.0,1.0,18.035030704791556,18.035030704791556,24.56448191027402,36.20426996970798,36.20426996970798,6.936834031209358,14.209847128792703,h2o_ions,H₂O⁺,extraction,200,18
extraction_h2o_ions,0,0.0,100007,100007,100007,100007,1.0,1.0,19.03697685505776,19.03697685505776,25.25457860782348,32.66065720468543,32.66065720468543,6.618504572483693,13.633864753068892,h2o_ions,H₂O⁺,extraction,200,19
extraction_h2o_ions,0,0.0,100007,100007,100007,100007,1.0,1.0,20.038923005323955,20.038923005323955,25.97671822163275,29.6313091014484,29.6313091014484,6.332927137669071,13.115378978328096,h2o_ions,H₂O⁺,extraction,200,20
extraction_h2o_ions,200,0.02,100007,100007,100007,100007,1.0,1.0,3.005838450798559,3.005838450798559,32.302709918260135,974.665536655115,974.665536655115,29.76750249901117,77.34169958534059,h2o_ions,H₂O⁺,extraction,200,3
extraction_h2o_ions,200,0.02,100007,100007,100007,100007,1.0,1.0,4.00778460106476,4.00778460106476,28.655198996120742,614.988499843725,614.988499843725,25.120339784083797,58.3636845582092,h2o_ions,H₂O⁺,extraction,200,4
extraction_h2o_ions,200,0.02,100007,100007,100007,100007,1.0,1.0,5.0097307513309595,5.0097307513309595,25.905706880972833,417.1077681987268,417.1077681987268,21.37099084803664,46.9132097192129,h2o_ions,H₂O⁺,extraction,200,5
extraction_h2o_ions,200,0.02,100007,100007,100007,100007,1.0,1.0,6.011676901597159,6.011676901597159,23.997629866759656,299.1836264584355,299.1836264584355,18.463282571818983,39.1436856202771,h2o_ions,H₂O⁺,extraction,200,6
extraction_h2o_ions,200,0.02,100007,100007,100007,100007,1.0,1.0,7.013623051863358,7.013623051863358,22.733690316868916,224.13618680047395,224.13618680047395,16.19858430622964,33.5478533095851,h2o_ions,H₂O⁺,extraction,200,7
extraction_h2o_ions,200,0.02,100007,100007,100007,100007,1.0,1.0,8.015569202129559,8.015569202129559,21.944681431225497,173.7757092209407,173.7757092209407,14.406853291028582,29.353322778506303,h2o_ions,H₂O⁺,extraction,200,8
extraction_h2o_ions,200,0.02,100007,100007,100007,100007,1.0,1.0,9.017515352395758,9.017515352395758,21.507367006830755,138.50657488613774,138.50657488613774,12.964664077715943,26.1765999909596,h2o_ions,H₂O⁺,extraction,200,9
extraction_h2o_ions,200,0.02,100007,100007,100007,100007,1.0,1.0,10.019461502661958,10.019461502661958,21.333824223171263,112.92386040410776,112.92386040410776,11.784253229309108,23.586492629355597,h2o_ions,H₂O⁺,extraction,200,10
extraction_h2o_ions,200,0.02,100007,100007,100007,100007,1.0,1.0,11.02140765292816,11.02140765292816,21.36187257093046,93.82163552633907,93.82163552633907,10.803855985842546,21.541660037723503,h2o_ions,H₂O⁺,extraction,200,11
extraction_h2o_ions,200,0.02,100007,100007,100007,100007,1.0,1.0,12.02335380319436,12.02335380319436,21.546500769690894,79.20541241967302,79.20541241967302,9.978921747557154,19.907724554542295,h2o_ions,H₂O⁺,extraction,200,12
extraction_h2o_ions,200,0.02,100007,100007,100007,100007,1.0,1.0,13.025299953460559,13.025299953460559,21.854772434385982,67.78709521065281,67.78709521065281,9.276924311847383,18.518667596223594,h2o_ions,H₂O⁺,extraction,200,13
extraction_h2o_ions,200,0.02,100007,100007,100007,100007,1.0,1.0,14.027246103726757,14.027246103726757,22.261811849764765,58.70407979689078,58.70407979689078,8.673423775522702,17.4069886136809,h2o_ions,H₂O⁺,extraction,200,14
extraction_h2o_ions,200,0.02,100007,100007,100007,100007,1.0,1.0,15.029192253992958,15.029192253992958,22.74899510939082,51.365387606555245,51.365387606555245,8.150111805497259,16.450702715976202,h2o_ions,H₂O⁺,extraction,200,15
extraction_h2o_ions,200,0.02,100007,100007,100007,100007,1.0,1.0,16.031138404259156,16.031138404259156,23.301846997776433,45.35366366486857,45.35366366486857,7.692762076531198,15.572900212356501,h2o_ions,H₂O⁺,extraction,200,16
extraction_h2o_ions,200,0.02,100007,100007,100007,100007,1.0,1.0,17.033084554525356,17.033084554525356,23.908988426832693,40.367931306256246,40.367931306256246,7.290214895717292,14.8451457823525,h2o_ions,H₂O⁺,extraction,200,17
extraction_h2o_ions,200,0.02,100007,100007,100007,100007,1.0,1.0,18.035030704791556,18.035030704791556,24.561258549298504,36.186397191844286,36.186397191844286,6.9333925305060085,14.200673276443403,h2o_ions,H₂O⁺,extraction,200,18
extraction_h2o_ions,200,0.02,100007,100007,100007,100007,1.0,1.0,19.03697685505776,19.03697685505776,25.251516814710822,32.644573804805454,32.644573804805454,6.615223033550756,13.625103284790796,h2o_ions,H₂O⁺,extraction,200,19
extraction_h2o_ions,200,0.02,100007,100007,100007,100007,1.0,1.0,20.038923005323955,20.038923005323955,25.973806641094036,29.61677947559007,29.61677947559007,6.329793823910222,13.106987728376204,h2o_ions,H₂O⁺,extraction,200,20
extraction_h2o_ions,1000,0.1,100007,100007,100007,100007,1.0,1.0,3.005838450798559,3.005838450798559,31.960903969093987,963.2941354716836,963.2941354716836,29.42237164120638,75.86261435932309,h2o_ions,H₂O⁺,extraction,200,3
extraction_h2o_ions,1000,0.1,100007,100007,100007,100007,1.0,1.0,4.00778460106476,4.00778460106476,28.36646296224407,607.7841198029422,607.7841198029422,24.828421593133655,57.397289175786796,h2o_ions,H₂O⁺,extraction,200,4
extraction_h2o_ions,1000,0.1,100007,100007,100007,100007,1.0,1.0,5.0097307513309595,5.0097307513309595,25.658714430571425,412.1775142058193,412.1775142058193,21.12077207430312,46.1463304809513,h2o_ions,H₂O⁺,extraction,200,5
extraction_h2o_ions,1000,0.1,100007,100007,100007,100007,1.0,1.0,6.011676901597159,6.011676901597159,23.783442681424216,295.620773882667,295.620773882667,18.245712489712933,38.5088030911809,h2o_ions,H₂O⁺,extraction,200,6
extraction_h2o_ions,1000,0.1,100007,100007,100007,100007,1.0,1.0,7.013623051863358,7.013623051863358,22.545456649445008,221.45235754372627,221.45235754372627,16.00675223111108,33.0081607575919,h2o_ions,H₂O⁺,extraction,200,7
extraction_h2o_ions,1000,0.1,100007,100007,100007,100007,1.0,1.0,8.015569202129559,8.015569202129559,21.777333463345173,171.68792276859662,171.68792276859662,14.235667697322727,28.885196667654007,h2o_ions,H₂O⁺,extraction,200,8
extraction_h2o_ions,1000,0.1,100007,100007,100007,100007,1.0,1.0,9.017515352395758,9.017515352395758,21.35707412620633,136.83989759476506,136.83989759476506,12.810292768448265,25.761010675824206,h2o_ions,H₂O⁺,extraction,200,9
extraction_h2o_ions,1000,0.1,100007,100007,100007,100007,1.0,1.0,10.019461502661958,10.019461502661958,21.197617243089667,111.56443624697702,111.56443624697702,11.643747992455653,23.215673534504894,h2o_ions,H₂O⁺,extraction,200,10
extraction_h2o_ions,1000,0.1,100007,100007,100007,100007,1.0,1.0,11.02140765292816,11.02140765292816,21.237461315333302,92.69282095459874,92.69282095459874,10.674948928549462,21.204872095084802,h2o_ions,H₂O⁺,extraction,200,11
extraction_h2o_ions,1000,0.1,100007,100007,100007,100007,1.0,1.0,12.02335380319436,12.02335380319436,21.43207163647464,78.25368850728303,78.25368850728303,9.859823365205267,19.596911193500897,h2o_ions,H₂O⁺,extraction,200,12
extraction_h2o_ions,1000,0.1,100007,100007,100007,100007,1.0,1.0,13.025299953460559,13.025299953460559,21.748895594445905,66.97423991888695,66.97423991888695,9.166235606731789,18.226003484044398,h2o_ions,H₂O⁺,extraction,200,13
extraction_h2o_ions,1000,0.1,100007,100007,100007,100007,1.0,1.0,14.027246103726757,14.027246103726757,22.163323026425793,58.001954642668196,58.001954642668196,8.570003347900618,17.1330963279018,h2o_ions,H₂O⁺,extraction,200,14
extraction_h2o_ions,1000,0.1,100007,100007,100007,100007,1.0,1.0,15.029192253992958,15.029192253992958,22.656925925200667,50.752785261504464,50.752785261504464,8.053014961404058,16.193055343114704,h2o_ions,H₂O⁺,extraction,200,15
extraction_h2o_ions,1000,0.1,100007,100007,100007,100007,1.0,1.0,16.031138404259156,16.031138404259156,23.215415638827324,44.81451693199434,44.81451693199434,7.601223728595536,15.331245201724698,h2o_ions,H₂O⁺,extraction,200,16
extraction_h2o_ions,1000,0.1,100007,100007,100007,100007,1.0,1.0,17.033084554525356,17.033084554525356,23.827517283823262,39.88962015393014,39.88962015393014,7.203574012525867,14.615888698146204,h2o_ions,H₂O⁺,extraction,200,17
extraction_h2o_ions,1000,0.1,100007,100007,100007,100007,1.0,1.0,18.035030704791556,18.035030704791556,24.484201961069864,35.75913654843343,35.75913654843343,6.851114336686283,13.982409276332206,h2o_ions,H₂O⁺,extraction,200,18
extraction_h2o_ions,1000,0.1,100007,100007,100007,100007,1.0,1.0,19.03697685505776,19.03697685505776,25.17839233523267,32.26045567494218,32.26045567494218,6.536835363966762,13.416649385687293,h2o_ions,H₂O⁺,extraction,200,19
extraction_h2o_ions,1000,0.1,100007,100007,100007,100007,1.0,1.0,20.038923005323955,20.038923005323955,25.904221464028474,29.26952939110661,29.26952939110661,6.2549086764860675,12.907339222234,h2o_ions,H₂O⁺,extraction,200,20
extraction_h2o_ions,0,0.0,98539,100007,100007,100007,0.985321027528073,1.0,3.003392559179667,3.005838450798559,45.5519872017171,1415.450279425873,1416.684426166354,45.03910139306975,118.388937789235,h2o_ions,H₂O⁺,extraction,300,3
extraction_h2o_ions,0,0.0,100007,100007,100007,100007,1.0,1.0,4.00778460106476,4.00778460106476,41.29982693076906,930.4901845223122,930.4901845223122,37.88634048231111,90.78979515017541,h2o_ions,H₂O⁺,extraction,300,4
extraction_h2o_ions,0,0.0,100007,100007,100007,100007,1.0,1.0,5.0097307513309595,5.0097307513309595,36.652734108202694,631.630818651581,631.630818651581,32.23181723210306,71.9484859707093,h2o_ions,H₂O⁺,extraction,300,5
extraction_h2o_ions,0,0.0,100007,100007,100007,100007,1.0,1.0,6.011676901597159,6.011676901597159,33.28008538114623,453.59071896070304,453.59071896070304,27.85764026886867,60.17002807409559,h2o_ions,H₂O⁺,extraction,300,6
extraction_h2o_ions,0,0.0,100007,100007,100007,100007,1.0,1.0,7.013623051863358,7.013623051863358,30.869921027029154,340.1422887822254,340.1422887822254,24.448278845018006,51.6417966811619,h2o_ions,H₂O⁺,extraction,300,7
extraction_h2o_ions,0,0.0,100007,100007,100007,100007,1.0,1.0,8.015569202129559,8.015569202129559,29.17024300698918,263.91979498148794,263.91979498148794,21.74964716777349,45.16725578964321,h2o_ions,H₂O⁺,extraction,300,8
extraction_h2o_ions,0,0.0,100007,100007,100007,100007,1.0,1.0,9.017515352395758,9.017515352395758,27.996826436474283,210.47162485879366,210.47162485879366,19.576335698732358,40.2224691321354,h2o_ions,H₂O⁺,extraction,300,9
extraction_h2o_ions,0,0.0,100007,100007,100007,100007,1.0,1.0,10.019461502661958,10.019461502661958,27.21939338710883,171.66523250652958,171.66523250652958,17.797494080952475,36.270090234836005,h2o_ions,H₂O⁺,extraction,300,10
extraction_h2o_ions,0,0.0,100007,100007,100007,100007,1.0,1.0,11.02140765292816,11.02140765292816,26.744732219554393,142.6616731888043,142.6616731888043,16.3198524035731,33.1399753611938,h2o_ions,H₂O⁺,extraction,300,11
extraction_h2o_ions,0,0.0,100007,100007,100007,100007,1.0,1.0,12.02335380319436,12.02335380319436,26.505876535437316,120.4532692732975,120.4532692732975,15.07655468331089,30.458587721845195,h2o_ions,H₂O⁺,extraction,300,12
extraction_h2o_ions,0,0.0,100007,100007,100007,100007,1.0,1.0,13.025299953460559,13.025299953460559,26.453318982119825,103.0918218899958,103.0918218899958,14.018406353160117,28.290218734880902,h2o_ions,H₂O⁺,extraction,300,13
extraction_h2o_ions,0,0.0,100007,100007,100007,100007,1.0,1.0,14.027246103726757,14.027246103726757,26.550292620274377,89.27658660826161,89.27658660826161,13.10901418797256,26.512740953796,h2o_ions,H₂O⁺,extraction,300,14
extraction_h2o_ions,0,0.0,100007,100007,100007,100007,1.0,1.0,15.029192253992958,15.029192253992958,26.76833572715264,78.10894474412504,78.10894474412504,12.320198430400334,25.050919168802903,h2o_ions,H₂O⁺,extraction,300,15
extraction_h2o_ions,0,0.0,100007,100007,100007,100007,1.0,1.0,16.031138404259156,16.031138404259156,27.08549265617009,68.95551627808297,68.95551627808297,11.630333221281202,23.707145053571907,h2o_ions,H₂O⁺,extraction,300,16
extraction_h2o_ions,0,0.0,100007,100007,100007,100007,1.0,1.0,17.033084554525356,17.033084554525356,27.485010329553063,61.36249568637781,61.36249568637781,11.022923810628185,22.5914668830308,h2o_ions,H₂O⁺,extraction,300,17
extraction_h2o_ions,0,0.0,100007,100007,100007,100007,1.0,1.0,18.035030704791556,18.035030704791556,27.953177874493754,54.99379142763057,54.99379142763057,10.484349260373211,21.536747483024506,h2o_ions,H₂O⁺,extraction,300,18
extraction_h2o_ions,0,0.0,100007,100007,100007,100007,1.0,1.0,19.03697685505776,19.03697685505776,28.47889907920993,49.59780271857417,49.59780271857417,10.003690478069194,20.6553982599198,h2o_ions,H₂O⁺,extraction,300,19
extraction_h2o_ions,0,0.0,100007,100007,100007,100007,1.0,1.0,20.038923005323955,20.038923005323955,29.05335051542801,44.984590777204424,44.984590777204424,9.572172522747861,19.861946578196303,h2o_ions,H₂O⁺,extraction,300,20
extraction_h2o_ions,200,0.02,98557,100007,100007,100007,0.9855010149289549,1.0,3.0034757189083767,3.005838450798559,45.55031282422851,1415.3945752516138,1416.5866844691498,45.049293570716124,119.1889786190883,h2o_ions,H₂O⁺,extraction,300,3
extraction_h2o_ions,200,0.02,100007,100007,100007,100007,1.0,1.0,4.00778460106476,4.00778460106476,41.28071137282179,930.0132238108463,930.0132238108463,37.86701084698183,90.7122568846017,h2o_ions,H₂O⁺,extraction,300,4
extraction_h2o_ions,200,0.02,100007,100007,100007,100007,1.0,1.0,5.0097307513309595,5.0097307513309595,36.63674002058022,631.3115582278899,631.3115582278899,32.215623837014085,71.8977489145871,h2o_ions,H₂O⁺,extraction,300,5
extraction_h2o_ions,200,0.02,100007,100007,100007,100007,1.0,1.0,6.011676901597159,6.011676901597159,33.266335209571864,453.3619945665043,453.3619945665043,27.843695445440886,60.128341415652294,h2o_ions,H₂O⁺,extraction,300,6
extraction_h2o_ions,200,0.02,100007,100007,100007,100007,1.0,1.0,7.013623051863358,7.013623051863358,30.85788935606265,339.97074162496403,339.97074162496403,24.43605021353689,51.606472151664,h2o_ions,H₂O⁺,extraction,300,7
extraction_h2o_ions,200,0.02,100007,100007,100007,100007,1.0,1.0,8.015569202129559,8.015569202129559,29.159572089500738,263.78666759877376,263.78666759877376,21.738773782006824,45.136759514804005,h2o_ions,H₂O⁺,extraction,300,8
extraction_h2o_ions,200,0.02,100007,100007,100007,100007,1.0,1.0,9.017515352395758,9.017515352395758,27.987248676018883,210.36541200435303,210.36541200435303,19.566546579646694,40.1955488493936,h2o_ions,H₂O⁺,extraction,300,9
extraction_h2o_ions,200,0.02,100007,100007,100007,100007,1.0,1.0,10.019461502661958,10.019461502661958,27.210713509064846,171.57860232144748,171.57860232144748,17.78859305724854,36.246040097846596,h2o_ions,H₂O⁺,extraction,300,10
extraction_h2o_ions,200,0.02,100007,100007,100007,100007,1.0,1.0,11.02140765292816,11.02140765292816,26.736801229317408,142.58971332227236,142.58971332227236,16.311689983093107,33.1181140480609,h2o_ions,H₂O⁺,extraction,300,11
extraction_h2o_ions,200,0.02,100007,100007,100007,100007,1.0,1.0,12.02335380319436,12.02335380319436,26.498583622240922,120.39261304280001,120.39261304280001,15.069020460673586,30.438701790915,h2o_ions,H₂O⁺,extraction,300,12
extraction_h2o_ions,200,0.02,100007,100007,100007,100007,1.0,1.0,13.025299953460559,13.025299953460559,26.44656381300823,103.03995998174238,103.03995998174238,14.01140062567721,28.271234072954698,h2o_ions,H₂O⁺,extraction,300,13
extraction_h2o_ions,200,0.02,100007,100007,100007,100007,1.0,1.0,14.027246103726757,14.027246103726757,26.544009807190307,89.23179654014979,89.23179654014979,13.102471248769591,26.495100593251596,h2o_ions,H₂O⁺,extraction,300,14
extraction_h2o_ions,200,0.02,100007,100007,100007,100007,1.0,1.0,15.029192253992958,15.029192253992958,26.762458861589955,78.06984174069436,78.06984174069436,12.314053626108887,25.034322391903498,h2o_ions,H₂O⁺,extraction,300,15
extraction_h2o_ions,200,0.02,100007,100007,100007,100007,1.0,1.0,16.031138404259156,16.031138404259156,27.07997860960415,68.92112042654148,68.92112042654148,11.624544889213798,23.691576895442196,h2o_ions,H₂O⁺,extraction,300,16
extraction_h2o_ions,200,0.02,100007,100007,100007,100007,1.0,1.0,17.033084554525356,17.033084554525356,27.479810901331547,61.331970221627884,61.331970221627884,11.017442753418697,22.5766968725674,h2o_ions,H₂O⁺,extraction,300,17
extraction_h2o_ions,200,0.02,100007,100007,100007,100007,1.0,1.0,18.035030704791556,18.035030704791556,27.948259209859163,54.9665185900341,54.9665185900341,10.479143620076426,21.522790096585503,h2o_ions,H₂O⁺,extraction,300,18
extraction_h2o_ions,200,0.02,100007,100007,100007,100007,1.0,1.0,19.03697685505776,19.03697685505776,28.47423445678711,49.57329976068154,49.57329976068154,9.99873355939999,20.642068539821196,h2o_ions,H₂O⁺,extraction,300,19
extraction_h2o_ions,200,0.02,100007,100007,100007,100007,1.0,1.0,20.038923005323955,20.038923005323955,29.04890880509276,44.96242536275541,44.96242536275541,9.567433378011499,19.8491804561939,h2o_ions,H₂O⁺,extraction,300,20
extraction_h2o_ions,1000,0.1,99100,100007,100007,100007,0.9909306348555601,1.0,3.004541459972386,3.005838450798559,45.62410347207981,1417.8494858883346,1418.5047062888302,44.651891507500494,116.0988978902712,h2o_ions,H₂O⁺,extraction,300,3
extraction_h2o_ions,1000,0.1,100007,100007,100007,100007,1.0,1.0,4.00778460106476,4.00778460106476,40.824274737074425,918.6244721392592,918.6244721392592,37.40543793846379,88.8788364884567,h2o_ions,H₂O⁺,extraction,300,4
extraction_h2o_ions,1000,0.1,100007,100007,100007,100007,1.0,1.0,5.0097307513309595,5.0097307513309595,36.254527531828785,623.6821564152299,623.6821564152299,31.82863852540641,70.6773339544537,h2o_ions,H₂O⁺,extraction,300,5
extraction_h2o_ions,1000,0.1,100007,100007,100007,100007,1.0,1.0,6.011676901597159,6.011676901597159,32.93789026921854,447.8985449212637,447.8985449212637,27.510588613344165,59.12641952216699,h2o_ions,H₂O⁺,extraction,300,6
extraction_h2o_ions,1000,0.1,100007,100007,100007,100007,1.0,1.0,7.013623051863358,7.013623051863358,30.57039800037715,335.8716996097374,335.8716996097374,24.143842904091407,50.7579645373965,h2o_ions,H₂O⁺,extraction,300,7
extraction_h2o_ions,1000,0.1,100007,100007,100007,100007,1.0,1.0,8.015569202129559,8.015569202129559,28.904478793458587,260.604194968204,260.604194968204,21.478815079755737,44.4045393957059,h2o_ions,H₂O⁺,extraction,300,8
extraction_h2o_ions,1000,0.1,100007,100007,100007,100007,1.0,1.0,9.017515352395758,9.017515352395758,27.758239111631887,207.82580374822567,207.82580374822567,19.33246287665818,39.549405544816494,h2o_ions,H₂O⁺,extraction,300,9
extraction_h2o_ions,1000,0.1,100007,100007,100007,100007,1.0,1.0,10.019461502661958,10.019461502661958,27.0031997833319,169.5074957487259,169.5074957487259,17.575770631033745,35.6689274349939,h2o_ions,H₂O⁺,extraction,300,10
extraction_h2o_ions,1000,0.1,100007,100007,100007,100007,1.0,1.0,11.02140765292816,11.02140765292816,26.547243870149043,140.86981178938598,140.86981178938598,16.11658020662193,32.5936314808015,h2o_ions,H₂O⁺,extraction,300,11
extraction_h2o_ions,1000,0.1,100007,100007,100007,100007,1.0,1.0,12.02335380319436,12.02335380319436,26.324203125516007,118.94226483231498,118.94226483231498,14.888847049434565,29.961671032864597,h2o_ions,H₂O⁺,extraction,300,12
extraction_h2o_ions,1000,0.1,100007,100007,100007,100007,1.0,1.0,13.025299953460559,13.025299953460559,26.285196139585373,101.80108123039369,101.80108123039369,13.844018954122193,27.824068418712002,h2o_ions,H₂O⁺,extraction,300,13
extraction_h2o_ions,1000,0.1,100007,100007,100007,100007,1.0,1.0,14.027246103726757,14.027246103726757,26.393841031902724,88.1612458833984,88.1612458833984,12.946075261485817,26.075963150352703,h2o_ions,H₂O⁺,extraction,300,14
extraction_h2o_ions,1000,0.1,100007,100007,100007,100007,1.0,1.0,15.029192253992958,15.029192253992958,26.62205888660355,77.135659965562,77.135659965562,12.167238510556931,24.639961653285898,h2o_ions,H₂O⁺,extraction,300,15
extraction_h2o_ions,1000,0.1,100007,100007,100007,100007,1.0,1.0,16.031138404259156,16.031138404259156,26.948192684079178,68.09905824853698,68.09905824853698,11.48617468107306,23.3216317974641,h2o_ions,H₂O⁺,extraction,300,16
extraction_h2o_ions,1000,0.1,100007,100007,100007,100007,1.0,1.0,17.033084554525356,17.033084554525356,27.355597257227526,60.60272095555166,60.60272095555166,10.886490911012881,22.225704123083705,h2o_ions,H₂O⁺,extraction,300,17
extraction_h2o_ions,1000,0.1,100007,100007,100007,100007,1.0,1.0,18.035030704791556,18.035030704791556,27.83077042132862,54.315070913267284,54.315070913267284,10.354779450744445,21.191085088573907,h2o_ions,H₂O⁺,extraction,300,18
extraction_h2o_ions,1000,0.1,100007,100007,100007,100007,1.0,1.0,19.03697685505776,19.03697685505776,28.36274583057423,48.98765726575327,48.98765726575327,9.88024712061416,20.325265875943693,h2o_ions,H₂O⁺,extraction,300,19
extraction_h2o_ions,1000,0.1,100007,100007,100007,100007,1.0,1.0,20.038923005323955,20.038923005323955,28.94281240343988,44.43297374689414,44.43297374689414,9.45422192005042,19.545757094232897,h2o_ions,H₂O⁺,extraction,300,20
extraction_h2o_ions,0,0.0,89562,100007,100007,100007,0.8955573109882308,1.0,2.96322327935783,3.005838450798559,46.5967878168784,1450.209320281303,1472.5034337262814,46.688638126742426,118.74524379435181,h2o_ions,H₂O⁺,extraction,400,3
extraction_h2o_ions,0,0.0,96297,100007,100007,100007,0.9629025968182228,1.0,3.984244961175199,4.00778460106476,51.061836538071354,1174.0663888100576,1181.5938034846654,51.1366286264915,121.95173892357069,h2o_ions,H₂O⁺,extraction,400,4
extraction_h2o_ions,0,0.0,100007,100007,100007,100007,1.0,1.0,5.0097307513309595,5.0097307513309595,48.04973920852071,859.1281766141843,859.1281766141843,43.76619360459783,100.0174182448352,h2o_ions,H₂O⁺,extraction,400,5
extraction_h2o_ions,0,0.0,100007,100007,100007,100007,1.0,1.0,6.011676901597159,6.011676901597159,42.959538603134554,614.6015879815701,614.6015879815701,37.65841788747003,82.3901962725497,h2o_ions,H₂O⁺,extraction,400,6
extraction_h2o_ions,0,0.0,100007,100007,100007,100007,1.0,1.0,7.013623051863358,7.013623051863358,39.290245466802865,460.19898954170844,460.19898954170844,32.9833683087859,70.3631305544343,h2o_ions,H₂O⁺,extraction,400,7
extraction_h2o_ions,0,0.0,100007,100007,100007,100007,1.0,1.0,8.015569202129559,8.015569202129559,36.61839341687319,356.84083679477806,356.84083679477806,29.310650730140082,61.578565234881005,h2o_ions,H₂O⁺,extraction,400,8
extraction_h2o_ions,0,0.0,100007,100007,100007,100007,1.0,1.0,9.017515352395758,9.017515352395758,34.67181293196231,284.49408264939365,284.49408264939365,26.36495927678139,54.80283589717931,h2o_ions,H₂O⁺,extraction,400,9
extraction_h2o_ions,0,0.0,100007,100007,100007,100007,1.0,1.0,10.019461502661958,10.019461502661958,33.26542513878647,232.0081137089908,232.0081137089908,23.95960258249002,49.3484499045989,h2o_ions,H₂O⁺,extraction,400,10
extraction_h2o_ions,0,0.0,100007,100007,100007,100007,1.0,1.0,11.02140765292816,11.02140765292816,32.270406026576055,192.7974995825735,192.7974995825735,21.965006060616705,45.0021219668224,h2o_ions,H₂O⁺,extraction,400,11
extraction_h2o_ions,0,0.0,100007,100007,100007,100007,1.0,1.0,12.02335380319436,12.02335380319436,31.594376406242475,162.77507027904724,162.77507027904724,20.288509863225602,41.383192138413904,h2o_ions,H₂O⁺,extraction,400,12
extraction_h2o_ions,0,0.0,100007,100007,100007,100007,1.0,1.0,13.025299953460559,13.025299953460559,31.170203911533793,139.30507568274848,139.30507568274848,18.862948509483168,38.439041354752,h2o_ions,H₂O⁺,extraction,400,13
extraction_h2o_ions,0,0.0,100007,100007,100007,100007,1.0,1.0,14.027246103726757,14.027246103726757,30.947651768987456,120.62528553459461,120.62528553459461,17.6381999806844,35.92672400414661,h2o_ions,H₂O⁺,extraction,400,14
extraction_h2o_ions,0,0.0,100007,100007,100007,100007,1.0,1.0,15.029192253992958,15.029192253992958,30.888306677958756,105.52206769297494,105.52206769297494,16.576071659165304,33.803653284743106,h2o_ions,H₂O⁺,extraction,400,15
extraction_h2o_ions,0,0.0,100007,100007,100007,100007,1.0,1.0,16.031138404259156,16.031138404259156,30.963022938849914,93.14300805127883,93.14300805127883,15.647544456309186,31.987670476533502,h2o_ions,H₂O⁺,extraction,400,16
extraction_h2o_ions,0,0.0,100007,100007,100007,100007,1.0,1.0,17.033084554525356,17.033084554525356,31.148340173491327,82.86963863639029,82.86963863639029,14.829452187937484,30.385629178138803,h2o_ions,H₂O⁺,extraction,400,17
extraction_h2o_ions,0,0.0,100007,100007,100007,100007,1.0,1.0,18.035030704791556,18.035030704791556,31.42627031742604,74.25127149396367,74.25127149396367,14.103913509673431,29.049024767179404,h2o_ions,H₂O⁺,extraction,400,18
extraction_h2o_ions,0,0.0,100007,100007,100007,100007,1.0,1.0,19.03697685505776,19.03697685505776,31.781786470777913,66.94765514900598,66.94765514900598,13.456006382464974,27.854020652063895,h2o_ions,H₂O⁺,extraction,400,19
extraction_h2o_ions,0,0.0,100007,100007,100007,100007,1.0,1.0,20.038923005323955,20.038923005323955,32.20337461827993,60.704118727958154,60.704118727958154,12.874259730817258,26.695063980580805,h2o_ions,H₂O⁺,extraction,400,20
extraction_h2o_ions,200,0.02,89578,100007,100007,100007,0.8957172997890148,1.0,2.9634622512975843,3.005838450798559,46.598270335655606,1450.2586415872042,1472.426654506972,46.677952821996435,118.15346711813959,h2o_ions,H₂O⁺,extraction,400,3
extraction_h2o_ions,200,0.02,96332,100007,100007,100007,0.9632525723199376,1.0,3.9843705171906567,4.00778460106476,51.071281772720084,1174.3020610227363,1181.7904748660267,51.09361905254026,123.0904908994394,h2o_ions,H₂O⁺,extraction,400,4
extraction_h2o_ions,200,0.02,100007,100007,100007,100007,1.0,1.0,5.0097307513309595,5.0097307513309595,48.026781997052424,858.6699242128514,858.6699242128514,43.74294714451702,99.9294173932018,h2o_ions,H₂O⁺,extraction,400,5
extraction_h2o_ions,200,0.02,100007,100007,100007,100007,1.0,1.0,6.011676901597159,6.011676901597159,42.940311622303334,614.2817607329348,614.2817607329348,37.638923222313046,82.3221134373332,h2o_ions,H₂O⁺,extraction,400,6
extraction_h2o_ions,200,0.02,100007,100007,100007,100007,1.0,1.0,7.013623051863358,7.013623051863358,39.2736393638453,459.96222028800366,459.96222028800366,32.966503205901084,70.31372167229341,h2o_ions,H₂O⁺,extraction,400,7
extraction_h2o_ions,200,0.02,100007,100007,100007,100007,1.0,1.0,8.015569202129559,8.015569202129559,36.6037706623889,356.65840739874204,356.65840739874204,29.295770308221346,61.5361104675758,h2o_ions,H₂O⁺,extraction,400,8
extraction_h2o_ions,200,0.02,100007,100007,100007,100007,1.0,1.0,9.017515352395758,9.017515352395758,34.65873069362985,284.3490067851315,284.3490067851315,26.35161351298007,54.7655673098554,h2o_ions,H₂O⁺,extraction,400,9
extraction_h2o_ions,200,0.02,100007,100007,100007,100007,1.0,1.0,10.019461502661958,10.019461502661958,33.25359240630719,231.8900162196583,231.8900162196583,23.947498969275294,49.3153555744525,h2o_ions,H₂O⁺,extraction,400,10
extraction_h2o_ions,200,0.02,100007,100007,100007,100007,1.0,1.0,11.02140765292816,11.02140765292816,32.25962860732272,192.6997133506082,192.6997133506082,21.953951148468423,44.9722332826489,h2o_ions,H₂O⁺,extraction,400,11
extraction_h2o_ions,200,0.02,100007,100007,100007,100007,1.0,1.0,12.02335380319436,12.02335380319436,31.58446891872591,162.692668249807,162.692668249807,20.27831383216011,41.3559826657667,h2o_ions,H₂O⁺,extraction,400,12
extraction_h2o_ions,200,0.02,100007,100007,100007,100007,1.0,1.0,13.025299953460559,13.025299953460559,31.161034449823706,139.23467836565905,139.23467836565905,18.853479314087345,38.4139160027202,h2o_ions,H₂O⁺,extraction,400,13
extraction_h2o_ions,200,0.02,100007,100007,100007,100007,1.0,1.0,14.027246103726757,14.027246103726757,30.93912571085644,120.56450341052005,120.56450341052005,17.62936410655641,35.90338761005221,h2o_ions,H₂O⁺,extraction,400,14
extraction_h2o_ions,200,0.02,100007,100007,100007,100007,1.0,1.0,15.029192253992958,15.029192253992958,30.880337577665955,105.46904355063833,105.46904355063833,16.567783339520656,33.7810896550492,h2o_ions,H₂O⁺,extraction,400,15
extraction_h2o_ions,200,0.02,100007,100007,100007,100007,1.0,1.0,16.031138404259156,16.031138404259156,30.955541744642044,93.09634140778032,93.09634140778032,15.639734749924367,31.966499215180598,h2o_ions,H₂O⁺,extraction,400,16
extraction_h2o_ions,200,0.02,100007,100007,100007,100007,1.0,1.0,17.033084554525356,17.033084554525356,31.14129198459311,82.82825923223331,82.82825923223331,14.822065429982977,30.365687971239407,h2o_ions,H₂O⁺,extraction,400,17
extraction_h2o_ions,200,0.02,100007,100007,100007,100007,1.0,1.0,18.035030704791556,18.035030704791556,31.419605641296506,74.21431743362061,74.21431743362061,14.096901481297708,29.03003721820641,h2o_ions,H₂O⁺,extraction,400,18
extraction_h2o_ions,200,0.02,100007,100007,100007,100007,1.0,1.0,19.03697685505776,19.03697685505776,31.775465381733124,66.91445087979393,66.91445087979393,13.449330624395248,27.8358850900214,h2o_ions,H₂O⁺,extraction,400,19
extraction_h2o_ions,200,0.02,100007,100007,100007,100007,1.0,1.0,20.038923005323955,20.038923005323955,32.19735786830476,60.67409341185925,60.67409341185925,12.867879898543652,26.677822284596004,h2o_ions,H₂O⁺,extraction,400,20
extraction_h2o_ions,1000,0.1,89982,100007,100007,100007,0.8997570170088094,1.0,2.965943016700664,3.005838450798559,46.65196499620242,1452.0449871086194,1472.9218239701177,46.732265226418555,116.5778981964078,h2o_ions,H₂O⁺,extraction,400,3
extraction_h2o_ions,1000,0.1,97114,100007,100007,100007,0.971072024958253,1.0,3.9898919059830527,4.00778460106476,51.23014268114474,1178.2658695663006,1183.9982608130924,51.153458358328564,120.6377674189364,h2o_ions,H₂O⁺,extraction,400,4
extraction_h2o_ions,1000,0.1,100007,100007,100007,100007,1.0,1.0,5.0097307513309595,5.0097307513309595,47.47950791812487,847.7457028106901,847.7457028106901,43.18876987237195,97.8511045609773,h2o_ions,H₂O⁺,extraction,400,5
extraction_h2o_ions,1000,0.1,100007,100007,100007,100007,1.0,1.0,6.011676901597159,6.011676901597159,42.481258407519604,606.6457346740199,606.6457346740199,37.1734459950308,80.7123053828762,h2o_ions,H₂O⁺,extraction,400,6
extraction_h2o_ions,1000,0.1,100007,100007,100007,100007,1.0,1.0,7.013623051863358,7.013623051863358,38.876758658570516,454.30350863013456,454.30350863013456,32.56339891085047,69.12490856765119,h2o_ions,H₂O⁺,extraction,400,7
extraction_h2o_ions,1000,0.1,100007,100007,100007,100007,1.0,1.0,8.015569202129559,8.015569202129559,36.25405339055691,352.2954325055919,352.2954325055919,28.939856063964,60.51511716131011,h2o_ions,H₂O⁺,extraction,400,8
extraction_h2o_ions,1000,0.1,100007,100007,100007,100007,1.0,1.0,9.017515352395758,9.017515352395758,34.34601972357303,280.8811893450011,280.8811893450011,26.032603120644154,53.869650689815,h2o_ions,H₂O⁺,extraction,400,9
extraction_h2o_ions,1000,0.1,100007,100007,100007,100007,1.0,1.0,10.019461502661958,10.019461502661958,32.97097305528783,229.06931222329803,229.06931222329803,23.658410011449416,48.5200222150543,h2o_ions,H₂O⁺,extraction,400,10
extraction_h2o_ions,1000,0.1,100007,100007,100007,100007,1.0,1.0,11.02140765292816,11.02140765292816,32.00186833367454,190.36098964339007,190.36098964339007,21.68950819994708,44.2541223783099,h2o_ions,H₂O⁺,extraction,400,11
extraction_h2o_ions,1000,0.1,100007,100007,100007,100007,1.0,1.0,12.02335380319436,12.02335380319436,31.347586019331477,160.72247837373848,160.72247837373848,20.03451109690675,40.70237089466889,h2o_ions,H₂O⁺,extraction,400,12
extraction_h2o_ions,1000,0.1,100007,100007,100007,100007,1.0,1.0,13.025299953460559,13.025299953460559,30.942003257419344,137.55309565211724,137.55309565211724,18.62728352600225,37.8104755527201,h2o_ions,H₂O⁺,extraction,400,13
extraction_h2o_ions,1000,0.1,100007,100007,100007,100007,1.0,1.0,14.027246103726757,14.027246103726757,30.735411380244102,119.11222739635488,119.11222739635488,17.418233686597766,35.28323724493791,h2o_ions,H₂O⁺,extraction,400,14
extraction_h2o_ions,1000,0.1,100007,100007,100007,100007,1.0,1.0,15.029192253992958,15.029192253992958,30.689945947490692,104.20223142289622,104.20223142289622,16.369736283671557,33.245599620857206,h2o_ions,H₂O⁺,extraction,400,15
extraction_h2o_ions,1000,0.1,100007,100007,100007,100007,1.0,1.0,16.031138404259156,16.031138404259156,30.776818546180117,91.98149108364835,91.98149108364835,15.453122231919622,31.463996321097603,h2o_ions,H₂O⁺,extraction,400,16
extraction_h2o_ions,1000,0.1,100007,100007,100007,100007,1.0,1.0,17.033084554525356,17.033084554525356,30.97288132754225,81.83953251916056,81.83953251916056,14.645544563191942,29.8923294152267,h2o_ions,H₂O⁺,extraction,400,17
extraction_h2o_ions,1000,0.1,100007,100007,100007,100007,1.0,1.0,18.035030704791556,18.035030704791556,31.260333779797744,73.33119245254449,73.33119245254449,13.929313054234623,28.5792793726648,h2o_ions,H₂O⁺,extraction,400,18
extraction_h2o_ions,1000,0.1,100007,100007,100007,100007,1.0,1.0,19.03697685505776,19.03697685505776,31.62437012184235,66.12075731678144,66.12075731678144,13.289726376122589,27.323142787020295,h2o_ions,H₂O⁺,extraction,400,19
extraction_h2o_ions,1000,0.1,100007,100007,100007,100007,1.0,1.0,20.038923005323955,20.038923005323955,32.05358640862051,59.95663240037648,59.95663240037648,12.715413175569726,26.268431100021807,h2o_ions,H₂O⁺,extraction,400,20
extraction_h2o_ions,0,0.0,83760,100007,100007,100007,0.8375413721039527,1.0,2.91042498910884,3.005838450798559,47.64342199801843,1485.029361287232,1536.9919230458042,47.72801136872682,116.739935742418,h2o_ions,H₂O⁺,extraction,500,3
extraction_h2o_ions,0,0.0,86476,100007,100007,100007,0.8646994710370274,1.0,3.8998247029414363,4.00778460106476,50.98629995489397,1172.1816422306802,1207.399789442783,51.15890719676423,120.31859361427159,h2o_ions,H₂O⁺,extraction,500,4
extraction_h2o_ions,0,0.0,93762,100007,100007,100007,0.9375543711940164,1.0,4.93398157581142,5.0097307513309595,54.45427399838519,986.9700728710433,1003.6578301253564,54.70299097454768,128.3935997786624,h2o_ions,H₂O⁺,extraction,500,5
extraction_h2o_ions,0,0.0,99967,100007,100007,100007,0.9996000279980402,1.0,6.010971862175595,6.011676901597159,53.472251527140656,789.4731437235815,789.5774718830085,48.50084947522643,129.6371213235432,h2o_ions,H₂O⁺,extraction,500,6
extraction_h2o_ions,0,0.0,100007,100007,100007,100007,1.0,1.0,7.013623051863358,7.013623051863358,48.26694753470931,588.1885036847809,588.1885036847809,42.0996794135841,90.9627010260632,h2o_ions,H₂O⁺,extraction,500,7
extraction_h2o_ions,0,0.0,100007,100007,100007,100007,1.0,1.0,8.015569202129559,8.015569202129559,44.457385612606224,454.6379114385898,454.6379114385898,37.27762920079123,78.82148389221041,h2o_ions,H₂O⁺,extraction,500,8
extraction_h2o_ions,0,0.0,100007,100007,100007,100007,1.0,1.0,9.017515352395758,9.017515352395758,41.6440550207567,361.8129650280305,361.8129650280305,33.4598706808802,69.9027002788885,h2o_ions,H₂O⁺,extraction,500,9
extraction_h2o_ions,0,0.0,100007,100007,100007,100007,1.0,1.0,10.019461502661958,10.019461502661958,39.55103231204208,294.74209568582313,294.74209568582313,30.366157986190263,62.8867658532144,h2o_ions,H₂O⁺,extraction,500,10
extraction_h2o_ions,0,0.0,100007,100007,100007,100007,1.0,1.0,11.02140765292816,11.02140765292816,37.99605729816843,244.7477717428741,244.7477717428741,27.811999174761578,57.2596322963684,h2o_ions,H₂O⁺,extraction,500,11
extraction_h2o_ions,0,0.0,100007,100007,100007,100007,1.0,1.0,12.02335380319436,12.02335380319436,36.855307234051246,206.531004887002,206.531004887002,25.672570177334705,52.70092659453181,h2o_ions,H₂O⁺,extraction,500,12
extraction_h2o_ions,0,0.0,100007,100007,100007,100007,1.0,1.0,13.025299953460559,13.025299953460559,36.038557828410326,176.68121238801575,176.68121238801575,23.85699587797035,48.8401131114668,h2o_ions,H₂O⁺,extraction,500,13
extraction_h2o_ions,0,0.0,100007,100007,100007,100007,1.0,1.0,14.027246103726757,14.027246103726757,35.48029640573256,152.93843241479993,152.93843241479993,22.29959048472361,45.5372378050308,h2o_ions,H₂O⁺,extraction,500,14
extraction_h2o_ions,0,0.0,100007,100007,100007,100007,1.0,1.0,15.029192253992958,15.029192253992958,35.13022552219646,133.74659747840445,133.74659747840445,20.950017061866106,43.0283289216093,h2o_ions,H₂O⁺,extraction,500,15
extraction_h2o_ions,0,0.0,100007,100007,100007,100007,1.0,1.0,16.031138404259156,16.031138404259156,34.951106920890616,118.0201183442144,118.0201183442144,19.771036992781372,40.7989423032794,h2o_ions,H₂O⁺,extraction,500,16
extraction_h2o_ions,0,0.0,100007,100007,100007,100007,1.0,1.0,17.033084554525356,17.033084554525356,34.912888498804215,104.97102792534747,104.97102792534747,18.732704619659714,38.794963198187,h2o_ions,H₂O⁺,extraction,500,17
extraction_h2o_ions,0,0.0,100007,100007,100007,100007,1.0,1.0,18.035030704791556,18.035030704791556,34.992370816782866,94.02445934004469,94.02445934004469,17.81185166756927,37.091171856586506,h2o_ions,H₂O⁺,extraction,500,18
extraction_h2o_ions,0,0.0,100007,100007,100007,100007,1.0,1.0,19.03697685505776,19.03697685505776,35.17047346397602,84.7482073007401,84.7482073007401,16.98945972009184,35.533092463229394,h2o_ions,H₂O⁺,extraction,500,19
extraction_h2o_ions,0,0.0,100007,100007,100007,100007,1.0,1.0,20.038923005323955,20.038923005323955,35.432620956509865,76.81898846108697,76.81898846108697,16.250992857545373,34.2058631118214,h2o_ions,H₂O⁺,extraction,500,20
extraction_h2o_ions,200,0.02,83772,100007,100007,100007,0.8376613637045407,1.0,2.910584845061343,3.005838450798559,47.64343939549156,1485.029940076592,1536.9026134500964,47.736406364996064,118.36143658698651,h2o_ions,H₂O⁺,extraction,500,3
extraction_h2o_ions,200,0.02,86492,100007,100007,100007,0.8648594598378113,1.0,3.9001377759777873,4.00778460106476,50.98348685026441,1172.1114512172005,1207.222713112553,51.14020935043694,123.10166023190251,h2o_ions,H₂O⁺,extraction,500,4
extraction_h2o_ions,200,0.02,93798,100007,100007,100007,0.9379143459957803,1.0,4.934305203049557,5.0097307513309595,54.46090928342946,987.10252080834,1003.7199168339018,54.682551392522114,125.01866513367091,h2o_ions,H₂O⁺,extraction,500,5
extraction_h2o_ions,200,0.02,99971,100007,100007,100007,0.9996400251982361,1.0,6.0110259439226565,6.011676901597159,53.44964991992914,789.0971819481656,789.1934657837983,48.48428959374491,125.04259070259882,h2o_ions,H₂O⁺,extraction,500,6
extraction_h2o_ions,200,0.02,100007,100007,100007,100007,1.0,1.0,7.013623051863358,7.013623051863358,48.24493486023342,587.8746477174284,587.8746477174284,42.07732907726972,90.8859741388667,h2o_ions,H₂O⁺,extraction,500,7
extraction_h2o_ions,200,0.02,100007,100007,100007,100007,1.0,1.0,8.015569202129559,8.015569202129559,44.438252059038135,454.3992065745234,454.3992065745234,37.25816591339235,78.758159537744,h2o_ions,H₂O⁺,extraction,500,8
extraction_h2o_ions,200,0.02,100007,100007,100007,100007,1.0,1.0,9.017515352395758,9.017515352395758,41.627075768232274,361.6246731110124,361.6246731110124,33.4425669251538,69.8540836314483,h2o_ions,H₂O⁺,extraction,500,9
extraction_h2o_ions,200,0.02,100007,100007,100007,100007,1.0,1.0,10.019461502661958,10.019461502661958,39.53580907096874,294.59015896677596,294.59015896677596,30.350608648575975,62.8438519849219,h2o_ions,H₂O⁺,extraction,500,10
extraction_h2o_ions,200,0.02,100007,100007,100007,100007,1.0,1.0,11.02140765292816,11.02140765292816,37.982208995994135,244.62212261882036,244.62212261882036,27.797817930909364,57.2211207690248,h2o_ions,H₂O⁺,extraction,500,11
extraction_h2o_ions,200,0.02,100007,100007,100007,100007,1.0,1.0,12.02335380319436,12.02335380319436,36.84259477750797,206.42527351827277,206.42527351827277,25.659519665250887,52.66583828116171,h2o_ions,H₂O⁺,extraction,500,12
extraction_h2o_ions,200,0.02,100007,100007,100007,100007,1.0,1.0,13.025299953460559,13.025299953460559,36.026848201582936,176.59131329264576,176.59131329264576,23.844936156805087,48.8079311958324,h2o_ions,H₂O⁺,extraction,500,13
extraction_h2o_ions,200,0.02,100007,100007,100007,100007,1.0,1.0,14.027246103726757,14.027246103726757,35.46941731279887,152.86087554545261,152.86087554545261,22.288353053680154,45.50503486104169,h2o_ions,H₂O⁺,extraction,500,14
extraction_h2o_ions,200,0.02,100007,100007,100007,100007,1.0,1.0,15.029192253992958,15.029192253992958,35.12006310951993,133.67897965500592,133.67897965500592,20.93948241198198,42.998315604226704,h2o_ions,H₂O⁺,extraction,500,15
extraction_h2o_ions,200,0.02,100007,100007,100007,100007,1.0,1.0,16.031138404259156,16.031138404259156,34.94157533558474,117.96066164771837,117.96066164771837,19.761123118604964,40.7708545329929,h2o_ions,H₂O⁺,extraction,500,16
extraction_h2o_ions,200,0.02,100007,100007,100007,100007,1.0,1.0,17.033084554525356,17.033084554525356,34.903910829492666,104.91832068208326,104.91832068208326,18.72333410007738,38.7685854441495,h2o_ions,H₂O⁺,extraction,500,17
extraction_h2o_ions,200,0.02,100007,100007,100007,100007,1.0,1.0,18.035030704791556,18.035030704791556,34.98387169514058,93.97733371114276,93.97733371114276,17.802946745841975,37.0661472963152,h2o_ions,H₂O⁺,extraction,500,18
extraction_h2o_ions,200,0.02,100007,100007,100007,100007,1.0,1.0,19.03697685505776,19.03697685505776,35.1624275306686,84.705942536914,84.705942536914,16.98099992543776,35.5092891206438,h2o_ions,H₂O⁺,extraction,500,19
extraction_h2o_ions,200,0.02,100007,100007,100007,100007,1.0,1.0,20.038923005323955,20.038923005323955,35.424962887246316,76.78077248879387,76.78077248879387,16.242911988377738,34.18300560090991,h2o_ions,H₂O⁺,extraction,500,20
extraction_h2o_ions,1000,0.1,84120,100007,100007,100007,0.8411411201215915,1.0,2.9133985577404786,3.005838450798559,47.70997359171005,1487.2434388160473,1537.6054510273423,47.80497554979175,118.31650036250021,h2o_ions,H₂O⁺,extraction,500,3
extraction_h2o_ions,1000,0.1,87038,100007,100007,100007,0.8703190776645635,1.0,3.9043981664860867,4.00778460106476,51.08230404291339,1174.5770825443617,1208.3272213726827,51.242193293729144,121.7123792755367,h2o_ions,H₂O⁺,extraction,500,4
extraction_h2o_ions,1000,0.1,94651,100007,100007,100007,0.9464437489375743,1.0,4.944577657669399,5.0097307513309595,54.59671633114234,989.8133860115609,1004.173502997953,54.772567469418846,126.52809011792961,h2o_ions,H₂O⁺,extraction,500,5
extraction_h2o_ions,1000,0.1,100001,100007,100007,100007,0.999940004199706,1.0,6.011550608427445,6.011676901597159,52.85359462552629,779.1822230413673,779.2006932692562,47.733862367109296,120.6969882510178,h2o_ions,H₂O⁺,extraction,500,6
extraction_h2o_ions,1000,0.1,100007,100007,100007,100007,1.0,1.0,7.013623051863358,7.013623051863358,47.72020317901687,580.3930411734733,580.3930411734733,41.544521208461354,89.0738343973081,h2o_ions,H₂O⁺,extraction,500,7
extraction_h2o_ions,1000,0.1,100007,100007,100007,100007,1.0,1.0,8.015569202129559,8.015569202129559,43.98191476775586,448.7060701324972,448.7060701324972,36.79400288500562,77.2614352394335,h2o_ions,H₂O⁺,extraction,500,8
extraction_h2o_ions,1000,0.1,100007,100007,100007,100007,1.0,1.0,9.017515352395758,9.017515352395758,41.22259455900314,357.1391669219747,357.1391669219747,33.0303238856701,68.68382269195551,h2o_ions,H₂O⁺,extraction,500,9
extraction_h2o_ions,1000,0.1,100007,100007,100007,100007,1.0,1.0,10.019461502661958,10.019461502661958,39.172055666808056,290.95969036260954,290.95969036260954,29.979046750360137,61.8111875335932,h2o_ions,H₂O⁺,extraction,500,10
extraction_h2o_ions,1000,0.1,100007,100007,100007,100007,1.0,1.0,11.02140765292816,11.02140765292816,37.651722303932615,241.62353384986477,241.62353384986477,27.459393719552068,56.29464707552369,h2o_ions,H₂O⁺,extraction,500,11
extraction_h2o_ions,1000,0.1,100007,100007,100007,100007,1.0,1.0,12.02335380319436,12.02335380319436,36.53953882282857,203.9047126195418,203.9047126195418,25.348313113645705,51.821926863922,h2o_ions,H₂O⁺,extraction,500,12
extraction_h2o_ions,1000,0.1,100007,100007,100007,100007,1.0,1.0,13.025299953460559,13.025299953460559,35.74706243850726,174.4432954805773,174.4432954805773,23.556774452082884,48.03407492484251,h2o_ions,H₂O⁺,extraction,500,13
extraction_h2o_ions,1000,0.1,100007,100007,100007,100007,1.0,1.0,14.027246103726757,14.027246103726757,35.209571455859,151.00843883037402,151.00843883037402,22.019882264686814,44.78887183515941,h2o_ions,H₂O⁺,extraction,500,14
extraction_h2o_ions,1000,0.1,100007,100007,100007,100007,1.0,1.0,15.029192253992958,15.029192253992958,34.87743109895404,132.0645747923532,132.0645747923532,20.68796242859561,42.28890130679601,h2o_ions,H₂O⁺,extraction,500,15
extraction_h2o_ions,1000,0.1,100007,100007,100007,100007,1.0,1.0,16.031138404259156,16.031138404259156,34.713986247799376,116.54099273808627,116.54099273808627,19.52438850574725,39.9872349228497,h2o_ions,H₂O⁺,extraction,500,16
extraction_h2o_ions,1000,0.1,100007,100007,100007,100007,1.0,1.0,17.033084554525356,17.033084554525356,34.68956237551591,103.65989650594187,103.65989650594187,18.499579066053588,38.1446696903836,h2o_ions,H₂O⁺,extraction,500,17
extraction_h2o_ions,1000,0.1,100007,100007,100007,100007,1.0,1.0,18.035030704791556,18.035030704791556,34.781204304621106,92.85359073650159,92.85359073650159,17.59061786381433,36.4740239584688,h2o_ions,H₂O⁺,extraction,500,18
extraction_h2o_ions,1000,0.1,100007,100007,100007,100007,1.0,1.0,19.03697685505776,19.03697685505776,34.97022256024792,83.6963023409728,83.6963023409728,16.778885310195122,34.945849092136896,h2o_ions,H₂O⁺,extraction,500,19
extraction_h2o_ions,1000,0.1,100007,100007,100007,100007,1.0,1.0,20.038923005323955,20.038923005323955,35.24207397934833,75.86810413905576,75.86810413905576,16.049877362781558,33.641756076781604,h2o_ions,H₂O⁺,extraction,500,20
injection_n2_ions,0,0.0,99988,99988,99988,99988,1.0,1.0,2.9945539974985853,2.9945539974985853,20.96762859925952,600.1920358348597,600.1920358348597,18.51284676357305,44.8883731401848,n2_ions,N₂⁺,injection,100,3
injection_n2_ions,0,0.0,99988,99988,99988,99988,1.0,1.0,3.9927386633314605,3.9927386633314605,17.80284770771345,345.8806150077229,345.8806150077229,14.425010772004681,35.4217088057896,n2_ions,N₂⁺,injection,100,4
injection_n2_ions,0,0.0,99988,99988,99988,99988,1.0,1.0,4.990923329164335,4.990923329164335,16.16998384061836,223.98782297715266,223.98782297715266,11.846929159563047,29.342465861249902,n2_ions,N₂⁺,injection,100,5
injection_n2_ions,0,0.0,99988,99988,99988,99988,1.0,1.0,5.989107994997211,5.989107994997211,15.356263107675435,156.40317590704234,156.40317590704234,10.068204109986155,25.1452606432033,n2_ions,N₂⁺,injection,100,6
injection_n2_ions,0,0.0,99988,99988,99988,99988,1.0,1.0,6.987292660830085,6.987292660830085,15.031833184259945,115.13100873141578,115.13100873141578,8.762021384531353,22.0197387049241,n2_ions,N₂⁺,injection,100,7
injection_n2_ions,0,0.0,99988,99988,99988,99988,1.0,1.0,7.98547732666296,7.98547732666296,15.024180448105698,88.14379946883064,88.14379946883064,7.759484405664537,19.601653603191004,n2_ions,N₂⁺,injection,100,8
injection_n2_ions,0,0.0,99988,99988,99988,99988,1.0,1.0,8.983661992495835,8.983661992495835,15.23366710189581,69.5707954575838,69.5707954575838,6.964373085836887,17.6676979330349,n2_ions,N₂⁺,injection,100,9
injection_n2_ions,0,0.0,99988,99988,99988,99988,1.0,1.0,9.98184665832871,9.98184665832871,15.598355841697957,56.267235669092486,56.267235669092486,6.317715986966673,16.1083471527175,n2_ions,N₂⁺,injection,100,10
injection_n2_ions,0,0.0,99988,99988,99988,99988,1.0,1.0,10.980031324161585,10.980031324161585,16.077589673508857,46.425717731151494,46.425717731151494,5.781140341707804,14.7801387259684,n2_ions,N₂⁺,injection,100,11
injection_n2_ions,0,0.0,99988,99988,99988,99988,1.0,1.0,11.97821598999446,11.97821598999446,16.64362509156503,38.94911483870085,38.94911483870085,5.328626143731404,13.6592862340405,n2_ions,N₂⁺,injection,100,12
injection_n2_ions,0,0.0,99988,99988,99988,99988,1.0,1.0,12.976400655827335,12.976400655827335,17.276802338986112,33.14017343651907,33.14017343651907,4.941762675152943,12.712627562465798,n2_ions,N₂⁺,injection,100,13
injection_n2_ions,0,0.0,99988,99988,99988,99988,1.0,1.0,13.974585321660209,13.974585321660209,17.9629851784468,28.54038073390761,28.54038073390761,4.607307214693651,11.893779767082403,n2_ions,N₂⁺,injection,100,14
injection_n2_ions,0,0.0,99988,99988,99988,99988,1.0,1.0,14.972769987493084,14.972769987493084,18.691527245082103,24.836802146131532,24.836802146131532,4.315183801867738,11.174406559687402,n2_ions,N₂⁺,injection,100,15
injection_n2_ions,0,0.0,99988,99988,99988,99988,1.0,1.0,15.970954653325961,15.970954653325961,19.454577594396667,21.81223988601859,21.81223988601859,4.057982108893143,10.5193639421787,n2_ions,N₂⁺,injection,100,16
injection_n2_ions,0,0.0,99988,99988,99988,99988,1.0,1.0,16.969139319158835,16.969139319158835,20.245963058495423,19.310488750816756,19.310488750816756,3.829759731561796,9.948515746745606,n2_ions,N₂⁺,injection,100,17
injection_n2_ions,0,0.0,99988,99988,99988,99988,1.0,1.0,17.967323984991708,17.967323984991708,21.060905318373056,17.217819058449923,17.217819058449923,3.625924415130471,9.442540751258207,n2_ions,N₂⁺,injection,100,18
injection_n2_ions,0,0.0,99988,99988,99988,99988,1.0,1.0,18.965508650824585,18.965508650824585,21.895672319966884,15.449960890001769,15.449960890001769,3.442815998105267,8.971460833382498,n2_ions,N₂⁺,injection,100,19
injection_n2_ions,0,0.0,99988,99988,99988,99988,1.0,1.0,19.963693316657462,19.963693316657462,22.7472191891587,13.942940458711096,13.942940458711096,3.2774419685345726,8.558279541609998,n2_ions,N₂⁺,injection,100,20
injection_n2_ions,200,0.02,99988,99988,99988,99988,1.0,1.0,2.9945539974985853,2.9945539974985853,20.96061805512555,599.9579260428899,599.9579260428899,18.50580075170632,44.8698083559258,n2_ions,N₂⁺,injection,100,3
injection_n2_ions,200,0.02,99988,99988,99988,99988,1.0,1.0,3.9927386633314605,3.9927386633314605,17.797537229468592,345.74761160598194,345.74761160598194,14.419653780638818,35.4080027218072,n2_ions,N₂⁺,injection,100,4
injection_n2_ions,200,0.02,99988,99988,99988,99988,1.0,1.0,4.990923329164335,4.990923329164335,16.165693267709294,223.9018554591987,223.9018554591987,11.842573882257858,29.331426474364402,n2_ions,N₂⁺,injection,100,5
injection_n2_ions,200,0.02,99988,99988,99988,99988,1.0,1.0,5.989107994997211,5.989107994997211,15.35266835406813,156.34315438780598,156.34315438780598,10.064524921978576,25.136175451271804,n2_ions,N₂⁺,injection,100,6
injection_n2_ions,200,0.02,99988,99988,99988,99988,1.0,1.0,6.987292660830085,6.987292660830085,15.028745750043027,115.08682231520591,115.08682231520591,8.758829975846947,22.011850621652002,n2_ions,N₂⁺,injection,100,7
injection_n2_ions,200,0.02,99988,99988,99988,99988,1.0,1.0,7.98547732666296,7.98547732666296,15.021480409815085,88.10998761037607,88.10998761037607,7.756663553930088,19.5947630879194,n2_ions,N₂⁺,injection,100,8
injection_n2_ions,200,0.02,99988,99988,99988,99988,1.0,1.0,8.983661992495835,8.983661992495835,15.231272732876368,69.54414297420408,69.54414297420408,6.961844224829334,17.661513950826702,n2_ions,N₂⁺,injection,100,9
injection_n2_ions,200,0.02,99988,99988,99988,99988,1.0,1.0,9.98184665832871,9.98184665832871,15.596207622722346,56.24571441106134,56.24571441106134,6.315422541522323,16.1026653575582,n2_ions,N₂⁺,injection,100,10
injection_n2_ions,200,0.02,99988,99988,99988,99988,1.0,1.0,10.980031324161585,10.980031324161585,16.075644918157273,46.40800598430697,46.40800598430697,5.779042962112688,14.774920034987002,n2_ions,N₂⁺,injection,100,11
injection_n2_ions,200,0.02,99988,99988,99988,99988,1.0,1.0,11.97821598999446,11.97821598999446,16.641849504454807,38.93429136989961,38.93429136989961,5.326692755467829,13.654466677313103,n2_ions,N₂⁺,injection,100,12
injection_n2_ions,200,0.02,99988,99988,99988,99988,1.0,1.0,12.976400655827335,12.976400655827335,17.27516968242033,33.127591699802664,33.127591699802664,4.939969028349486,12.708245079882097,n2_ions,N₂⁺,injection,100,13
injection_n2_ions,200,0.02,99988,99988,99988,99988,1.0,1.0,13.974585321660209,13.974585321660209,17.961474538960513,28.529570828271655,28.529570828271655,4.6056339352359545,11.889653493441305,n2_ions,N₂⁺,injection,100,14
injection_n2_ions,200,0.02,99988,99988,99988,99988,1.0,1.0,14.972769987493084,14.972769987493084,18.69012190165925,24.827416151261982,24.827416151261982,4.3136153869988085,11.1705035778573,n2_ions,N₂⁺,injection,100,15
injection_n2_ions,200,0.02,99988,99988,99988,99988,1.0,1.0,15.970954653325961,15.970954653325961,19.453263355479006,21.80401095452269,21.80401095452269,4.056505099593718,10.5156848754798,n2_ions,N₂⁺,injection,100,16
injection_n2_ions,200,0.02,99988,99988,99988,99988,1.0,1.0,16.969139319158835,16.969139319158835,20.24472959712539,19.30321990030621,19.30321990030621,3.8283647682935604,9.945005625774805,n2_ions,N₂⁺,injection,100,17
injection_n2_ions,200,0.02,99988,99988,99988,99988,1.0,1.0,17.967323984991708,17.967323984991708,21.059742804560234,17.211348902884225,17.211348902884225,3.6246019785819277,9.439183875531398,n2_ions,N₂⁺,injection,100,18
injection_n2_ions,200,0.02,99988,99988,99988,99988,1.0,1.0,18.965508650824585,18.965508650824585,21.89457287079289,15.444163791731214,15.444163791731214,3.4415585383145837,8.968380454046898,n2_ions,N₂⁺,injection,100,19
injection_n2_ions,200,0.02,99988,99988,99988,99988,1.0,1.0,19.963693316657462,19.963693316657462,22.746176145039872,13.937715753531133,13.937715753531133,3.2762430421765107,8.555221938721601,n2_ions,N₂⁺,injection,100,20
injection_n2_ions,1000,0.1,99988,99988,99988,99988,1.0,1.0,2.9945539974985853,2.9945539974985853,20.792964894082377,594.3593240078885,594.3593240078885,18.337296845461953,44.425504101716896,n2_ions,N₂⁺,injection,100,3
injection_n2_ions,1000,0.1,99988,99988,99988,99988,1.0,1.0,3.9927386633314605,3.9927386633314605,17.670514644110245,342.56627177713466,342.56627177713466,14.291510983630394,35.0799489563666,n2_ions,N₂⁺,injection,100,4
injection_n2_ions,1000,0.1,99988,99988,99988,99988,1.0,1.0,4.990923329164335,4.990923329164335,16.06309362545075,221.84613078679183,221.84613078679183,11.738420092741828,29.067304911206104,n2_ions,N₂⁺,injection,100,5
injection_n2_ions,1000,0.1,99988,99988,99988,99988,1.0,1.0,5.989107994997211,5.989107994997211,15.266667392194572,154.90719828306726,154.90719828306726,9.976486275451174,24.863406249152703,n2_ions,N₂⁺,injection,100,6
injection_n2_ions,1000,0.1,99988,99988,99988,99988,1.0,1.0,6.987292660830085,6.987292660830085,14.95486906313245,114.02952171973033,114.02952171973033,8.68245331243798,21.823089638219102,n2_ions,N₂⁺,injection,100,7
injection_n2_ions,1000,0.1,99988,99988,99988,99988,1.0,1.0,7.98547732666296,7.98547732666296,14.956879680073136,87.30100992376677,87.30100992376677,7.689159776480807,19.429860427295402,n2_ions,N₂⁺,injection,100,8
injection_n2_ions,1000,0.1,99988,99988,99988,99988,1.0,1.0,8.983661992495835,8.983661992495835,15.173989798489705,68.90650840564491,68.90650840564491,6.901331740891257,17.513503423353598,n2_ions,N₂⁺,injection,100,9
injection_n2_ions,1000,0.1,99988,99988,99988,99988,1.0,1.0,9.98184665832871,9.98184665832871,15.544829394992293,55.73099775102146,55.73099775102146,6.26056392318498,15.9667331821261,n2_ions,N₂⁺,injection,100,10
injection_n2_ions,1000,0.1,99988,99988,99988,99988,1.0,1.0,10.980031324161585,10.980031324161585,16.029120049617053,45.98428343592187,45.98428343592187,5.728856335372125,14.649976662778098,n2_ions,N₂⁺,injection,100,11
injection_n2_ions,1000,0.1,99988,99988,99988,99988,1.0,1.0,11.97821598999446,11.97821598999446,16.599371911850017,38.57966767100929,38.57966767100929,5.280430953963097,13.5390751934303,n2_ions,N₂⁺,injection,100,12
injection_n2_ions,1000,0.1,99988,99988,99988,99988,1.0,1.0,12.976400655827335,12.976400655827335,17.236112006963626,32.8266016449128,32.8266016449128,4.897051791191143,12.603325025256702,n2_ions,N₂⁺,injection,100,13
injection_n2_ions,1000,0.1,99988,99988,99988,99988,1.0,1.0,13.974585321660209,13.974585321660209,17.92533533948547,28.270964231773753,28.270964231773753,4.565596703983917,11.7908587152135,n2_ions,N₂⁺,injection,100,14
injection_n2_ions,1000,0.1,99988,99988,99988,99988,1.0,1.0,14.972769987493084,14.972769987493084,18.65650274548876,24.60288083683071,24.60288083683071,4.276089077265342,11.077048226894998,n2_ions,N₂⁺,injection,100,15
injection_n2_ions,1000,0.1,99988,99988,99988,99988,1.0,1.0,15.970954653325961,15.970954653325961,19.42183438239446,21.60722263618633,21.60722263618633,4.021180499199886,10.427598071218902,n2_ions,N₂⁺,injection,100,16
injection_n2_ions,1000,0.1,99988,99988,99988,99988,1.0,1.0,16.969139319158835,16.969139319158835,20.215222248982283,19.129331598795286,19.129331598795286,3.7949896171241257,9.860946496661803,n2_ions,N₂⁺,injection,100,17
injection_n2_ions,1000,0.1,99988,99988,99988,99988,1.0,1.0,17.967323984991708,17.967323984991708,21.031932571471412,17.056566626391344,17.056566626391344,3.592962503695671,9.358791184347602,n2_ions,N₂⁺,injection,100,18
injection_n2_ions,1000,0.1,99988,99988,99988,99988,1.0,1.0,18.965508650824585,18.965508650824585,21.868271497450323,15.305483760381676,15.305483760381676,3.411474437347182,8.894623027718996,n2_ions,N₂⁺,injection,100,19
injection_n2_ions,1000,0.1,99988,99988,99988,99988,1.0,1.0,19.963693316657462,19.963693316657462,22.72122388478333,13.812727556904614,13.812727556904614,3.247559591571114,8.482346197671,n2_ions,N₂⁺,injection,100,20
injection_n2_ions,0,0.0,99988,99988,99988,99988,1.0,1.0,2.9945539974985853,2.9945539974985853,39.41530453521837,1216.2328870390318,1216.2328870390318,37.086504962900165,91.1369796540238,n2_ions,N₂⁺,injection,200,3
injection_n2_ions,0,0.0,99988,99988,99988,99988,1.0,1.0,3.9927386633314605,3.9927386633314605,32.728766105116584,719.7071951062374,719.7071951062374,29.534862453645268,73.44307094160699,n2_ions,N₂⁺,injection,200,4
injection_n2_ions,0,0.0,99988,99988,99988,99988,1.0,1.0,4.990923329164335,4.990923329164335,28.410807665216442,469.2495314283551,469.2495314283551,24.31130561515115,60.93485432657611,n2_ions,N₂⁺,injection,200,5
injection_n2_ions,0,0.0,99988,99988,99988,99988,1.0,1.0,5.989107994997211,5.989107994997211,25.63265568957367,327.987869161568,327.987869161568,20.602660916055644,51.9217683117297,n2_ions,N₂⁺,injection,200,6
injection_n2_ions,0,0.0,99988,99988,99988,99988,1.0,1.0,6.987292660830085,6.987292660830085,23.847242993668104,241.2944634100251,241.2944634100251,17.868566844934023,45.228550562470105,n2_ions,N₂⁺,injection,200,7
injection_n2_ions,0,0.0,99988,99988,99988,99988,1.0,1.0,7.98547732666296,7.98547732666296,22.719340029405085,184.50822787445364,184.50822787445364,15.77653556767747,40.10371171973439,n2_ions,N₂⁺,injection,200,8
injection_n2_ions,0,0.0,99988,99988,99988,99988,1.0,1.0,8.983661992495835,8.983661992495835,22.0457597724669,145.3983663998267,145.3983663998267,14.125418114522846,36.04943428659129,n2_ions,N₂⁺,injection,200,9
injection_n2_ions,0,0.0,99988,99988,99988,99988,1.0,1.0,9.98184665832871,9.98184665832871,21.698158559366405,117.37619602943683,117.37619602943683,12.788882454374958,32.8051338234755,n2_ions,N₂⁺,injection,200,10
injection_n2_ions,0,0.0,99988,99988,99988,99988,1.0,1.0,10.980031324161585,10.980031324161585,21.592091037748826,96.64871984686765,96.64871984686765,11.68457005955521,30.0523714922198,n2_ions,N₂⁺,injection,200,11
injection_n2_ions,0,0.0,99988,99988,99988,99988,1.0,1.0,11.97821598999446,11.97821598999446,21.669726264910196,80.90946333753845,80.90946333753845,10.756468331900574,27.749822650219706,n2_ions,N₂⁺,injection,200,12
injection_n2_ions,0,0.0,99988,99988,99988,99988,1.0,1.0,12.976400655827335,12.976400655827335,21.890235014142345,68.69265672921449,68.69265672921449,9.965476337255305,25.768742170644302,n2_ions,N₂⁺,injection,200,13
injection_n2_ions,0,0.0,99988,99988,99988,99988,1.0,1.0,13.974585321660209,13.974585321660209,22.223845221014244,59.03044497905721,59.03044497905721,9.28329105781079,24.0850847909501,n2_ions,N₂⁺,injection,200,14
injection_n2_ions,0,0.0,99988,99988,99988,99988,1.0,1.0,14.972769987493084,14.972769987493084,22.648353945468795,51.26362032133807,51.26362032133807,8.688904891565137,22.586686571611004,n2_ions,N₂⁺,injection,200,15
injection_n2_ions,0,0.0,99988,99988,99988,99988,1.0,1.0,15.970954653325961,15.970954653325961,23.146815075652874,44.93069185962866,44.93069185962866,8.166349924149271,21.274920362058698,n2_ions,N₂⁺,injection,200,16
injection_n2_ions,0,0.0,99988,99988,99988,99988,1.0,1.0,16.969139319158835,16.969139319158835,23.706357250588574,39.70276750467334,39.70276750467334,7.703549058152023,20.103774077447408,n2_ions,N₂⁺,injection,200,17
injection_n2_ions,0,0.0,99988,99988,99988,99988,1.0,1.0,17.967323984991708,17.967323984991708,24.316526952836824,35.337499191024044,35.337499191024044,7.290587585027303,19.076855187413,n2_ions,N₂⁺,injection,200,18
injection_n2_ions,0,0.0,99988,99988,99988,99988,1.0,1.0,18.965508650824585,18.965508650824585,24.969488555119998,31.6573629256939,31.6573629256939,6.920193115997178,18.1162996117521,n2_ions,N₂⁺,injection,200,19
injection_n2_ions,0,0.0,99988,99988,99988,99988,1.0,1.0,19.963693316657462,19.963693316657462,25.658509980267535,28.52586729960627,28.52586729960627,6.585911779294288,17.289714035552898,n2_ions,N₂⁺,injection,200,20
injection_n2_ions,200,0.02,99988,99988,99988,99988,1.0,1.0,2.9945539974985853,2.9945539974985853,39.399258728246956,1215.6970540907926,1215.6970540907926,37.0703646083397,91.08802569039999,n2_ions,N₂⁺,injection,200,3
injection_n2_ions,200,0.02,99988,99988,99988,99988,1.0,1.0,3.9927386633314605,3.9927386633314605,32.716938631567054,719.4109705208881,719.4109705208881,29.52294707753316,73.40889175353159,n2_ions,N₂⁺,injection,200,4
injection_n2_ions,200,0.02,99988,99988,99988,99988,1.0,1.0,4.990923329164335,4.990923329164335,28.40150230081841,469.06308567905546,469.06308567905546,24.301911996614397,60.90845036190699,n2_ions,N₂⁺,injection,200,5
injection_n2_ions,200,0.02,99988,99988,99988,99988,1.0,1.0,5.989107994997211,5.989107994997211,25.624976032371976,327.85964209990686,327.85964209990686,20.594883716419858,51.9005548232147,n2_ions,N₂⁺,injection,200,6
injection_n2_ions,200,0.02,99988,99988,99988,99988,1.0,1.0,6.987292660830085,6.987292660830085,23.840692831870054,241.20071949351836,241.20071949351836,17.8619030108628,45.2108297517795,n2_ions,N₂⁺,injection,200,7
injection_n2_ions,200,0.02,99988,99988,99988,99988,1.0,1.0,7.98547732666296,7.98547732666296,22.713641437303945,184.43686592740872,184.43686592740872,15.77070596385917,40.0881775361908,n2_ions,N₂⁺,injection,200,8
injection_n2_ions,200,0.02,99988,99988,99988,99988,1.0,1.0,8.983661992495835,8.983661992495835,22.04071297513748,145.34218889299672,145.34218889299672,14.120220684219872,36.0360814649279,n2_ions,N₂⁺,injection,200,9
injection_n2_ions,200,0.02,99988,99988,99988,99988,1.0,1.0,9.98184665832871,9.98184665832871,21.69363484956637,117.33087666163966,117.33087666163966,12.78418932385175,32.7929314965196,n2_ions,N₂⁺,injection,200,10
injection_n2_ions,200,0.02,99988,99988,99988,99988,1.0,1.0,10.980031324161585,10.980031324161585,21.58799580235408,96.61142272745292,96.61142272745292,11.680287914705074,30.041434547102302,n2_ions,N₂⁺,injection,200,11
injection_n2_ions,200,0.02,99988,99988,99988,99988,1.0,1.0,11.97821598999446,11.97821598999446,21.66598618085926,80.87823928836401,80.87823928836401,10.752525677778685,27.739661953091293,n2_ions,N₂⁺,injection,200,12
injection_n2_ions,200,0.02,99988,99988,99988,99988,1.0,1.0,12.976400655827335,12.976400655827335,21.886800381401045,68.6661884285478,68.6661884285478,9.961825988118568,25.7594370403626,n2_ions,N₂⁺,injection,200,13
injection_n2_ions,200,0.02,99988,99988,99988,99988,1.0,1.0,13.974585321660209,13.974585321660209,22.220670333191887,59.00772596629742,59.00772596629742,9.279889414154047,24.076423565484298,n2_ions,N₂⁺,injection,200,14
injection_n2_ions,200,0.02,99988,99988,99988,99988,1.0,1.0,14.972769987493084,14.972769987493084,22.64540354900126,51.24391524024752,51.24391524024752,8.68571876514659,22.578705605515395,n2_ions,N₂⁺,injection,200,15
injection_n2_ions,200,0.02,99988,99988,99988,99988,1.0,1.0,15.970954653325961,15.970954653325961,23.14406054954836,44.91344476223027,44.91344476223027,8.163352591922928,21.2672789309462,n2_ions,N₂⁺,injection,200,16
injection_n2_ions,200,0.02,99988,99988,99988,99988,1.0,1.0,16.969139319158835,16.969139319158835,23.70377472002321,39.68754852086518,39.68754852086518,7.700718291962558,20.096598619613804,n2_ions,N₂⁺,injection,200,17
injection_n2_ions,200,0.02,99988,99988,99988,99988,1.0,1.0,17.967323984991708,17.967323984991708,24.314096625166325,35.32397281574118,35.32397281574118,7.287905056884534,19.069994756089,n2_ions,N₂⁺,injection,200,18
injection_n2_ions,200,0.02,99988,99988,99988,99988,1.0,1.0,18.965508650824585,18.965508650824585,24.967193521193618,31.64526183223717,31.64526183223717,6.917643087877782,18.1097392688639,n2_ions,N₂⁺,injection,200,19
injection_n2_ions,200,0.02,99988,99988,99988,99988,1.0,1.0,19.963693316657462,19.963693316657462,25.656335868618473,28.51497697177676,28.51497697177676,6.5834807614624715,17.283548817374403,n2_ions,N₂⁺,injection,200,20
injection_n2_ions,1000,0.1,99988,99988,99988,99988,1.0,1.0,2.9945539974985853,2.9945539974985853,39.015623191717786,1202.8859464317013,1202.8859464317013,36.684459801232876,89.9193106441998,n2_ions,N₂⁺,injection,200,3
injection_n2_ions,1000,0.1,99988,99988,99988,99988,1.0,1.0,3.9927386633314605,3.9927386633314605,32.433915462112054,712.3225233842339,712.3225233842339,29.23781000457043,72.59135482659009,n2_ions,N₂⁺,injection,200,4
injection_n2_ions,1000,0.1,99988,99988,99988,99988,1.0,1.0,4.990923329164335,4.990923329164335,28.17889150342629,464.6027727727982,464.6027727727982,24.07717956683594,60.2768757738201,n2_ions,N₂⁺,injection,200,5
injection_n2_ions,1000,0.1,99988,99988,99988,99988,1.0,1.0,5.989107994997211,5.989107994997211,25.441322458814504,324.7931825585048,324.7931825585048,20.408887278670004,51.392869400543695,n2_ions,N₂⁺,injection,200,6
injection_n2_ions,1000,0.1,99988,99988,99988,99988,1.0,1.0,6.987292660830085,6.987292660830085,23.684204679337792,238.96110881555845,238.96110881555845,17.702709664762985,44.7870686544405,n2_ions,N₂⁺,injection,200,7
injection_n2_ions,1000,0.1,99988,99988,99988,99988,1.0,1.0,7.98547732666296,7.98547732666296,22.577295495864572,182.72944211463144,182.72944211463144,15.631211759925806,39.7167691504372,n2_ions,N₂⁺,injection,200,8
injection_n2_ions,1000,0.1,99988,99988,99988,99988,1.0,1.0,8.983661992495835,8.983661992495835,21.91998193036124,143.99829322019545,143.99829322019545,13.9958740582688,35.7163690519841,n2_ions,N₂⁺,injection,200,9
injection_n2_ions,1000,0.1,99988,99988,99988,99988,1.0,1.0,9.98184665832871,9.98184665832871,21.58540645600006,116.24662444588355,116.24662444588355,12.671890994674316,32.500715043979206,n2_ions,N₂⁺,injection,200,10
injection_n2_ions,1000,0.1,99988,99988,99988,99988,1.0,1.0,10.980031324161585,10.980031324161585,21.49001876680711,95.71910254498339,95.71910254498339,11.577821629187712,29.779913593522505,n2_ions,N₂⁺,injection,200,11
injection_n2_ions,1000,0.1,99988,99988,99988,99988,1.0,1.0,11.97821598999446,11.97821598999446,21.576568975956732,80.13174076991001,80.13174076991001,10.658248440132532,27.496741891757402,n2_ions,N₂⁺,injection,200,12
injection_n2_ions,1000,0.1,99988,99988,99988,99988,1.0,1.0,12.976400655827335,12.976400655827335,21.804632486663763,68.03297821165776,68.03297821165776,9.87448051859607,25.537476173199096,n2_ions,N₂⁺,injection,200,13
injection_n2_ions,1000,0.1,99988,99988,99988,99988,1.0,1.0,13.974585321660209,13.974585321660209,22.144722438297652,58.464254420300854,58.464254420300854,9.19850224673221,23.869317540535,n2_ions,N₂⁺,injection,200,14
injection_n2_ions,1000,0.1,99988,99988,99988,99988,1.0,1.0,14.972769987493084,14.972769987493084,22.574825303161727,50.772537893914894,50.772537893914894,8.609487023308104,22.387542426825895,n2_ions,N₂⁺,injection,200,15
injection_n2_ions,1000,0.1,99988,99988,99988,99988,1.0,1.0,15.970954653325961,15.970954653325961,23.0781686898899,44.500871681354724,44.500871681354724,8.09163909453126,21.084268465493498,n2_ions,N₂⁺,injection,200,16
injection_n2_ions,1000,0.1,99988,99988,99988,99988,1.0,1.0,16.969139319158835,16.969139319158835,23.642001467369248,39.32351560504006,39.32351560504006,7.632996145394047,19.9247065490033,n2_ions,N₂⁺,injection,200,17
injection_n2_ions,1000,0.1,99988,99988,99988,99988,1.0,1.0,17.967323984991708,17.967323984991708,24.255964906124976,35.000431485435634,35.000431485435634,7.223730509276226,18.905642440588498,n2_ions,N₂⁺,injection,200,18
injection_n2_ions,1000,0.1,99988,99988,99988,99988,1.0,1.0,18.965508650824585,18.965508650824585,24.912298549787327,31.35581548826103,31.35581548826103,6.8566399516321725,17.957696574055202,n2_ions,N₂⁺,injection,200,19
injection_n2_ions,1000,0.1,99988,99988,99988,99988,1.0,1.0,19.963693316657462,19.963693316657462,25.60433671564677,28.254508369364828,28.254508369364828,6.525331948226346,17.136169473737795,n2_ions,N₂⁺,injection,200,20
injection_n2_ions,0,0.0,94733,99988,99988,99988,0.9474436932431892,1.0,3.0069023567106976,2.9945539974985853,50.63087609383577,1590.7651735827376,1583.8217569931921,50.70143394009064,120.081494206305,n2_ions,N₂⁺,injection,300,3
injection_n2_ions,0,0.0,99630,99988,99988,99988,0.9964195703484419,1.0,3.996136851991635,3.9927386633314605,46.82564457000342,1072.7700838534984,1071.7727971870127,46.96001027676655,119.44554215000451,n2_ions,N₂⁺,injection,300,4
injection_n2_ions,0,0.0,99988,99988,99988,99988,1.0,1.0,4.990923329164335,4.990923329164335,40.76627611714396,716.808302362155,716.808302362155,36.806720679123885,93.7692229995379,n2_ions,N₂⁺,injection,300,5
injection_n2_ions,0,0.0,99988,99988,99988,99988,1.0,1.0,5.989107994997211,5.989107994997211,36.21132831088931,504.6197253603902,504.6197253603902,31.351768355064504,80.1875183560247,n2_ions,N₂⁺,injection,300,6
injection_n2_ions,0,0.0,99988,99988,99988,99988,1.0,1.0,6.987292660830085,6.987292660830085,32.99818048157244,372.2598878182996,372.2598878182996,27.21395137680491,69.8691827255609,n2_ions,N₂⁺,injection,300,7
injection_n2_ions,0,0.0,99988,99988,99988,99988,1.0,1.0,7.98547732666296,7.98547732666296,30.73554098442319,284.892971667446,284.892971667446,24.008420041902017,61.7344999190024,n2_ions,N₂⁺,injection,300,8
injection_n2_ions,0,0.0,99988,99988,99988,99988,1.0,1.0,8.983661992495835,8.983661992495835,29.1529502669434,224.51076511221396,224.51076511221396,21.468183858040845,55.36337801722719,n2_ions,N₂⁺,injection,300,9
injection_n2_ions,0,0.0,99988,99988,99988,99988,1.0,1.0,9.98184665832871,9.98184665832871,28.06622858054833,181.17270822959668,181.17270822959668,19.41116284467121,50.201300604986194,n2_ions,N₂⁺,injection,300,10
injection_n2_ions,0,0.0,99988,99988,99988,99988,1.0,1.0,10.980031324161585,10.980031324161585,27.349946087923403,149.08805157722801,149.08805157722801,17.713570174993635,45.955023903699605,n2_ions,N₂⁺,injection,300,11
injection_n2_ions,0,0.0,99988,99988,99988,99988,1.0,1.0,11.97821598999446,11.97821598999446,26.916713707661987,124.71387834503757,124.71387834503757,16.289564057347686,42.4007309676329,n2_ions,N₂⁺,injection,300,12
injection_n2_ions,0,0.0,99988,99988,99988,99988,1.0,1.0,12.976400655827335,12.976400655827335,26.704093071785387,105.78967758515789,105.78967758515789,15.078176769253002,39.3190676993063,n2_ions,N₂⁺,injection,300,13
injection_n2_ions,0,0.0,99988,99988,99988,99988,1.0,1.0,13.974585321660209,13.974585321660209,26.666596251384192,90.82209337583511,90.82209337583511,14.035302141510364,36.6579190754287,n2_ions,N₂⁺,injection,300,14
injection_n2_ions,0,0.0,99988,99988,99988,99988,1.0,1.0,14.972769987493084,14.972769987493084,26.77021065327235,78.7926394089657,78.7926394089657,13.128173648422411,34.3284835007084,n2_ions,N₂⁺,injection,300,15
injection_n2_ions,0,0.0,99988,99988,99988,99988,1.0,1.0,15.970954653325961,15.970954653325961,26.98889583967572,68.98736754008168,68.98736754008168,12.331873019416102,32.329508995089405,n2_ions,N₂⁺,injection,300,16
injection_n2_ions,0,0.0,99988,99988,99988,99988,1.0,1.0,16.969139319158835,16.969139319158835,27.302626097782063,60.895762503147765,60.895762503147765,11.627352559984953,30.5112428763401,n2_ions,N₂⁺,injection,300,17
injection_n2_ions,0,0.0,99988,99988,99988,99988,1.0,1.0,17.967323984991708,17.967323984991708,27.69571984740836,54.14493483026676,54.14493483026676,10.999774517053506,28.936694031283196,n2_ions,N₂⁺,injection,300,18
injection_n2_ions,0,0.0,99988,99988,99988,99988,1.0,1.0,18.965508650824585,18.965508650824585,28.1556804031669,48.457291188669195,48.457291188669195,10.437337973874474,27.474366718075206,n2_ions,N₂⁺,injection,300,19
injection_n2_ions,0,0.0,99988,99988,99988,99988,1.0,1.0,19.963693316657462,19.963693316657462,28.672140227487983,43.62142201194956,43.62142201194956,9.930197130740208,26.213835420051698,n2_ions,N₂⁺,injection,300,20
injection_n2_ions,200,0.02,94751,99988,99988,99988,0.9476237148457815,1.0,3.0069466275581234,2.9945539974985853,50.62624160013465,1590.6104095108597,1583.6428400874918,50.7198200482339,118.05612694732721,n2_ions,N₂⁺,injection,300,3
injection_n2_ions,200,0.02,99639,99988,99988,99988,0.996509581149738,1.0,3.996030608509488,3.9927386633314605,46.81545753751024,1072.5149448786706,1071.5490226180304,46.90866095213995,119.1137936348828,n2_ions,N₂⁺,injection,300,4
injection_n2_ions,200,0.02,99988,99988,99988,99988,1.0,1.0,4.990923329164335,4.990923329164335,40.75074686376865,716.4971524535886,716.4971524535886,36.79103496114,93.7208073013114,n2_ions,N₂⁺,injection,300,5
injection_n2_ions,200,0.02,99988,99988,99988,99988,1.0,1.0,5.989107994997211,5.989107994997211,36.19876201033511,504.40990612579475,504.40990612579475,31.339051328685194,80.1494664553107,n2_ions,N₂⁺,injection,300,6
injection_n2_ions,200,0.02,99988,99988,99988,99988,1.0,1.0,6.987292660830085,6.987292660830085,32.98764213629613,372.1090662370685,372.1090662370685,27.203259691881406,69.8383809915986,n2_ions,N₂⁺,injection,300,7
injection_n2_ions,200,0.02,99988,99988,99988,99988,1.0,1.0,7.98547732666296,7.98547732666296,30.726455201821082,284.77919283832364,284.77919283832364,23.999171021413076,61.70853302107909,n2_ions,N₂⁺,injection,300,8
injection_n2_ions,200,0.02,99988,99988,99988,99988,1.0,1.0,8.983661992495835,8.983661992495835,29.144965661281056,224.42188592609799,224.42188592609799,21.46002135243437,55.340898109318005,n2_ions,N₂⁺,injection,300,9
injection_n2_ions,200,0.02,99988,99988,99988,99988,1.0,1.0,9.98184665832871,9.98184665832871,28.059103749944494,181.10133034885263,181.10133034885263,19.403843428484464,50.1808861212747,n2_ions,N₂⁺,injection,300,10
injection_n2_ions,200,0.02,99988,99988,99988,99988,1.0,1.0,10.980031324161585,10.980031324161585,27.34351860115771,149.02951361339228,149.02951361339228,17.70692938007005,45.9373237319461,n2_ions,N₂⁺,injection,300,11
injection_n2_ions,200,0.02,99988,99988,99988,99988,1.0,1.0,11.97821598999446,11.97821598999446,26.910859491071037,124.66500448439052,124.66500448439052,16.2834779312102,42.38437208785601,n2_ions,N₂⁺,injection,300,12
injection_n2_ions,200,0.02,99988,99988,99988,99988,1.0,1.0,12.976400655827335,12.976400655827335,26.69872031860351,105.74827355237271,105.74827355237271,15.072554291832802,39.303956802581794,n2_ions,N₂⁺,injection,300,13
injection_n2_ions,200,0.02,99988,99988,99988,99988,1.0,1.0,13.974585321660209,13.974585321660209,26.661635647723497,90.78659605304154,90.78659605304154,14.030075252369983,36.644137301577004,n2_ions,N₂⁺,injection,300,14
injection_n2_ions,200,0.02,99988,99988,99988,99988,1.0,1.0,14.972769987493084,14.972769987493084,26.765604827477752,78.76187806154337,78.76187806154337,13.123286622278133,34.3155393860324,n2_ions,N₂⁺,injection,300,15
injection_n2_ions,200,0.02,99988,99988,99988,99988,1.0,1.0,15.970954653325961,15.970954653325961,26.98459769260976,68.96045526614904,68.96045526614904,12.327280352682298,32.3174121647587,n2_ions,N₂⁺,injection,300,16
injection_n2_ions,200,0.02,99988,99988,99988,99988,1.0,1.0,16.969139319158835,16.969139319158835,27.298600314238175,60.87203835622332,60.87203835622332,11.623021294767396,30.499788182280504,n2_ions,N₂⁺,injection,300,17
injection_n2_ions,200,0.02,99988,99988,99988,99988,1.0,1.0,17.967323984991708,17.967323984991708,27.691935605655836,54.12387303077073,54.12387303077073,10.995674799898136,28.925827764306597,n2_ions,N₂⁺,injection,300,18
injection_n2_ions,200,0.02,99988,99988,99988,99988,1.0,1.0,18.965508650824585,18.965508650824585,28.15210992248959,48.43846500929776,48.43846500929776,10.433443872191443,27.4639342190703,n2_ions,N₂⁺,injection,300,19
injection_n2_ions,200,0.02,99988,99988,99988,99988,1.0,1.0,19.963693316657462,19.963693316657462,28.668760732628016,43.604493807301424,43.604493807301424,9.926487292711327,26.204059581533,n2_ions,N₂⁺,injection,300,20
injection_n2_ions,1000,0.1,95238,99988,99988,99988,0.9524942993159179,1.0,3.008198725953139,2.9945539974985853,50.566848421264744,1588.6270363968827,1580.9676829193784,50.65536260473167,118.9761108061736,n2_ions,N₂⁺,injection,300,3
injection_n2_ions,1000,0.1,99814,99988,99988,99988,0.998259791174941,1.0,3.9945373038436087,3.9927386633314605,46.52834127660796,1065.3239843597892,1064.7992680363163,46.601210576135166,119.32383049448971,n2_ions,N₂⁺,injection,300,4
injection_n2_ions,1000,0.1,99988,99988,99988,99988,1.0,1.0,4.990923329164335,4.990923329164335,40.37964591773914,709.061635585177,709.061635585177,36.41619895743248,92.5630297668566,n2_ions,N₂⁺,injection,300,5
injection_n2_ions,1000,0.1,99988,99988,99988,99988,1.0,1.0,5.989107994997211,5.989107994997211,35.898251252051416,499.39228482835426,499.39228482835426,31.03492130563016,79.24879735646499,n2_ions,N₂⁺,injection,300,6
injection_n2_ions,1000,0.1,99988,99988,99988,99988,1.0,1.0,6.987292660830085,6.987292660830085,32.73553424370622,368.5009750230966,368.5009750230966,26.94746895813627,69.1013950616297,n2_ions,N₂⁺,injection,300,7
injection_n2_ions,1000,0.1,99988,99988,99988,99988,1.0,1.0,7.98547732666296,7.98547732666296,30.50918272079608,282.0583475821541,282.0583475821541,23.777980520863682,61.08696929509209,n2_ions,N₂⁺,injection,300,8
injection_n2_ions,1000,0.1,99988,99988,99988,99988,1.0,1.0,8.983661992495835,8.983661992495835,28.95399821329033,222.29616650176695,222.29616650176695,21.26478936187846,54.802691637359004,n2_ions,N₂⁺,injection,300,9
injection_n2_ions,1000,0.1,99988,99988,99988,99988,1.0,1.0,9.98184665832871,9.98184665832871,27.88868179185027,179.39401141351289,179.39401141351289,19.228739526934564,49.69298091185679,n2_ions,N₂⁺,injection,300,10
injection_n2_ions,1000,0.1,99988,99988,99988,99988,1.0,1.0,10.980031324161585,10.980031324161585,27.18974539577237,147.62903304238552,147.62903304238552,17.548033906372467,45.514236491793696,n2_ions,N₂⁺,injection,300,11
injection_n2_ions,1000,0.1,99988,99988,99988,99988,1.0,1.0,11.97821598999446,11.97821598999446,26.770811248989798,123.49581332772561,123.49581332772561,16.13786245712766,41.9934094547917,n2_ions,N₂⁺,injection,300,12
injection_n2_ions,1000,0.1,99988,99988,99988,99988,1.0,1.0,12.976400655827335,12.976400655827335,26.57021314022915,104.75795904388336,104.75795904388336,14.93805245609051,38.94283911081111,n2_ions,N₂⁺,injection,300,13
injection_n2_ions,1000,0.1,99988,99988,99988,99988,1.0,1.0,13.974585321660209,13.974585321660209,26.54297711352043,89.93749368991702,89.93749368991702,13.905027807763732,36.3147419285652,n2_ions,N₂⁺,injection,300,14
injection_n2_ions,1000,0.1,99988,99988,99988,99988,1.0,1.0,14.972769987493084,14.972769987493084,26.655438039687805,78.02609712133011,78.02609712133011,13.006375591917022,34.0061964215168,n2_ions,N₂⁺,injection,300,15
injection_n2_ions,1000,0.1,99988,99988,99988,99988,1.0,1.0,15.970954653325961,15.970954653325961,26.881832525266528,68.31700489280628,68.31700489280628,12.217456469792205,32.0282869768932,n2_ions,N₂⁺,injection,300,16
injection_n2_ions,1000,0.1,99988,99988,99988,99988,1.0,1.0,16.969139319158835,16.969139319158835,27.20233695074964,60.304753465233894,60.304753465233894,11.519427166556566,30.2260315020391,n2_ions,N₂⁺,injection,300,17
injection_n2_ions,1000,0.1,99988,99988,99988,99988,1.0,1.0,17.967323984991708,17.967323984991708,27.601422189995823,53.62010621643811,53.62010621643811,10.89759981973236,28.666132630015504,n2_ions,N₂⁺,injection,300,18
injection_n2_ions,1000,0.1,99988,99988,99988,99988,1.0,1.0,18.965508650824585,18.965508650824585,28.06670985028477,47.98817351552805,47.98817351552805,10.340288666491238,27.2190653911487,n2_ions,N₂⁺,injection,300,19
injection_n2_ions,1000,0.1,99988,99988,99988,99988,1.0,1.0,19.963693316657462,19.963693316657462,28.587937556527585,43.1996429872731,43.1996429872731,9.837750714965741,25.969825417808,n2_ions,N₂⁺,injection,300,20
injection_n2_ions,0,0.0,84355,99988,99988,99988,0.8436512381485778,1.0,2.9478745021505595,2.9945539974985853,53.629557699820076,1690.9030107527863,1719.2619007592,53.702811107122976,118.31809253145362,n2_ions,N₂⁺,injection,400,3
injection_n2_ions,0,0.0,91262,99988,99988,99988,0.9127295275433052,1.0,3.9761172184034845,3.9927386633314605,51.129755782635726,1180.5685544160833,1185.9217415920566,51.26301078229538,121.8783802253008,n2_ions,N₂⁺,injection,400,4
injection_n2_ions,0,0.0,96355,99988,99988,99988,0.9636656398767852,1.0,4.9922432090804,4.990923329164335,48.929749015533694,880.3746879783533,880.1154904980447,49.15909111829329,125.2532525485211,n2_ions,N₂⁺,injection,400,5
injection_n2_ions,0,0.0,99561,99988,99988,99988,0.9957294875385047,1.0,5.9906197445246345,5.989107994997211,46.40775204324787,674.8691805526456,674.6736401632583,46.65111193404361,125.763366302668,n2_ions,N₂⁺,injection,400,6
injection_n2_ions,0,0.0,99988,99988,99988,99988,1.0,1.0,6.987292660830085,6.987292660830085,42.33588857681406,505.8983161553245,505.8983161553245,36.70189370716935,95.58199371851549,n2_ions,N₂⁺,injection,400,7
injection_n2_ions,0,0.0,99988,99988,99988,99988,1.0,1.0,7.98547732666296,7.98547732666296,38.96873686048785,387.9950849071215,387.9950849071215,32.410710155114465,84.6046056944691,n2_ions,N₂⁺,injection,400,8
injection_n2_ions,0,0.0,99988,99988,99988,99988,1.0,1.0,8.983661992495835,8.983661992495835,36.47611335502212,306.0272234807039,306.0272234807039,28.976731976761293,75.664214028025,n2_ions,N₂⁺,injection,400,9
injection_n2_ions,0,0.0,99988,99988,99988,99988,1.0,1.0,9.98184665832871,9.98184665832871,34.637777991411056,247.00771487518085,247.00771487518085,26.182897602891906,68.4341686332424,n2_ions,N₂⁺,injection,400,10
injection_n2_ions,0,0.0,99988,99988,99988,99988,1.0,1.0,10.980031324161585,10.980031324161585,33.29566520353955,203.23834441412166,203.23834441412166,23.87330608962677,62.486583573277,n2_ions,N₂⁺,injection,400,11
injection_n2_ions,0,0.0,99988,99988,99988,99988,1.0,1.0,11.97821598999446,11.97821598999446,32.335858000187415,169.95554285544628,169.95554285544628,21.935584274640316,57.530447146066905,n2_ions,N₂⁺,injection,400,12
injection_n2_ions,0,0.0,99988,99988,99988,99988,1.0,1.0,12.976400655827335,12.976400655827335,31.675629263960268,144.10181300725816,144.10181300725816,20.288361265740466,53.344704839061095,n2_ions,N₂⁺,injection,400,13
injection_n2_ions,0,0.0,99988,99988,99988,99988,1.0,1.0,13.974585321660209,13.974585321660209,31.253845920552862,123.64775198094998,123.64775198094998,18.871676514657057,49.6728542112882,n2_ions,N₂⁺,injection,400,14
injection_n2_ions,0,0.0,99988,99988,99988,99988,1.0,1.0,14.972769987493084,14.972769987493084,31.024703301904445,107.20750621174116,107.20750621174116,17.64093956944753,46.481943601128094,n2_ions,N₂⁺,injection,400,15
injection_n2_ions,0,0.0,99988,99988,99988,99988,1.0,1.0,15.970954653325961,15.970954653325961,30.952872286541375,93.80727676222797,93.80727676222797,16.561882653727753,43.7186007707243,n2_ions,N₂⁺,injection,400,16
injection_n2_ions,0,0.0,99988,99988,99988,99988,1.0,1.0,16.969139319158835,16.969139319158835,31.011192565404137,82.7505330832617,82.7505330832617,15.608291163459178,41.25920396740821,n2_ions,N₂⁺,injection,400,17
injection_n2_ions,0,0.0,99988,99988,99988,99988,1.0,1.0,17.967323984991708,17.967323984991708,31.17833068211443,73.52795946774276,73.52795946774276,14.759787765469763,39.0515983111917,n2_ions,N₂⁺,injection,400,18
injection_n2_ions,0,0.0,99988,99988,99988,99988,1.0,1.0,18.965508650824585,18.965508650824585,31.43707251093155,65.7591846847974,65.7591846847974,13.999900416261834,37.06920384122479,n2_ions,N₂⁺,injection,400,19
injection_n2_ions,0,0.0,99988,99988,99988,99988,1.0,1.0,19.963693316657462,19.963693316657462,31.773747498696483,59.157661834971464,59.157661834971464,13.315647305381578,35.308864309218905,n2_ions,N₂⁺,injection,400,20
injection_n2_ions,200,0.02,84373,99988,99988,99988,0.8438312597511701,1.0,2.947978489952723,2.9945539974985853,53.62479265374876,1690.743887020995,1719.0360898667464,53.70571493123789,118.13588630454531,n2_ions,N₂⁺,injection,400,3
injection_n2_ions,200,0.02,91285,99988,99988,99988,0.9129595551466176,1.0,3.9764072057860136,3.9927386633314605,51.13139827896653,1180.6096915019107,1185.8692692379684,51.29686840597249,120.5331737937566,n2_ions,N₂⁺,injection,400,4
injection_n2_ions,200,0.02,96373,99988,99988,99988,0.9638456614793776,1.0,4.992259173396251,4.990923329164335,48.928163151551004,880.3429130165256,880.0805898117065,49.1721234125084,127.4432425770416,n2_ions,N₂⁺,injection,400,5
injection_n2_ions,200,0.02,99568,99988,99988,99988,0.9957994959395128,1.0,5.990693572975629,5.989107994997211,46.39707839223075,674.6909628443319,674.4859226572813,46.67235503898831,126.85517635525339,n2_ions,N₂⁺,injection,400,6
injection_n2_ions,200,0.02,99988,99988,99988,99988,1.0,1.0,6.987292660830085,6.987292660830085,42.320550632247766,505.6788041739204,505.6788041739204,36.68633024792839,95.53332931739779,n2_ions,N₂⁺,injection,400,7
injection_n2_ions,200,0.02,99988,99988,99988,99988,1.0,1.0,7.98547732666296,7.98547732666296,38.955689515960714,387.83169649596704,387.83169649596704,32.39743876054009,84.563318226249,n2_ions,N₂⁺,injection,400,8
injection_n2_ions,200,0.02,99988,99988,99988,99988,1.0,1.0,8.983661992495835,8.983661992495835,36.46476929579247,305.9009491480418,305.9009491480418,28.965159120265927,75.6294470437409,n2_ions,N₂⁺,injection,400,9
injection_n2_ions,200,0.02,99988,99988,99988,99988,1.0,1.0,9.98184665832871,9.98184665832871,34.62773055690667,246.90705780391636,246.90705780391636,26.17261116139915,68.4042433591597,n2_ions,N₂⁺,injection,400,10
injection_n2_ions,200,0.02,99988,99988,99988,99988,1.0,1.0,10.980031324161585,10.980031324161585,33.28665322363942,203.15626832859812,203.15626832859812,23.864040679213723,62.4594925251686,n2_ions,N₂⁺,injection,400,11
injection_n2_ions,200,0.02,99988,99988,99988,99988,1.0,1.0,11.97821598999446,11.97821598999446,32.327678888533626,169.88725963480124,169.88725963480124,21.927133593644147,57.506697582005,n2_ions,N₂⁺,injection,400,12
injection_n2_ions,200,0.02,99988,99988,99988,99988,1.0,1.0,12.976400655827335,12.976400655827335,31.668153331895798,144.04420125294547,144.04420125294547,20.280597388127287,53.3230202712047,n2_ions,N₂⁺,injection,400,13
injection_n2_ions,200,0.02,99988,99988,99988,99988,1.0,1.0,13.974585321660209,13.974585321660209,31.246956688994416,123.59845369123423,123.59845369123423,18.86448112751961,49.6526939545119,n2_ions,N₂⁺,injection,400,14
injection_n2_ions,200,0.02,99988,99988,99988,99988,1.0,1.0,14.972769987493084,14.972769987493084,31.01831763283411,107.1648576632383,107.1648576632383,17.634230233267637,46.46344103476929,n2_ions,N₂⁺,injection,400,15
injection_n2_ions,200,0.02,99988,99988,99988,99988,1.0,1.0,15.970954653325961,15.970954653325961,30.946925545646987,93.77004203817127,93.77004203817127,16.55559621183159,43.70114396295511,n2_ions,N₂⁺,injection,400,16
injection_n2_ions,200,0.02,99988,99988,99988,99988,1.0,1.0,16.969139319158835,16.969139319158835,31.005629576871495,82.71775010925218,82.71775010925218,15.602373470033339,41.242946384239914,n2_ions,N₂⁺,injection,400,17
injection_n2_ions,200,0.02,99988,99988,99988,99988,1.0,1.0,17.967323984991708,17.967323984991708,31.173105207574018,73.49887625788479,73.49887625788479,14.754193745425818,39.0361565341329,n2_ions,N₂⁺,injection,400,18
injection_n2_ions,200,0.02,99988,99988,99988,99988,1.0,1.0,18.965508650824585,18.965508650824585,31.432146424556624,65.73321076305545,65.73321076305545,13.994593689591955,37.0550774368069,n2_ions,N₂⁺,injection,400,19
injection_n2_ions,200,0.02,99988,99988,99988,99988,1.0,1.0,19.963693316657462,19.963693316657462,31.769088769211045,59.134325824887846,59.134325824887846,13.310596579636062,35.295362192448096,n2_ions,N₂⁺,injection,400,20
injection_n2_ions,1000,0.1,84950,99988,99988,99988,0.8496019522342682,1.0,2.95059065837374,2.9945539974985853,53.65187308577906,1691.6482097365954,1718.3434877188301,53.74098289544924,117.6155873531547,n2_ions,N₂⁺,injection,400,3
injection_n2_ions,1000,0.1,91781,99988,99988,99988,0.9179201504180502,1.0,3.9795460744291877,3.9927386633314605,51.109654263096736,1180.0651024941328,1184.3086449357852,51.259434177525236,123.2715768854701,n2_ions,N₂⁺,injection,400,4
injection_n2_ions,1000,0.1,96790,99988,99988,99988,0.9680161619394327,1.0,4.994121568072899,4.990923329164335,48.871791065320664,879.2134208862633,878.5863319338262,49.12117706907396,125.99603421362549,n2_ions,N₂⁺,injection,400,5
injection_n2_ions,1000,0.1,99753,99988,99988,99988,0.997649717966156,1.0,5.990361947320483,5.989107994997211,46.159923853306815,670.7311989008192,670.5698630439912,46.36669294749937,127.44982537948839,n2_ions,N₂⁺,injection,400,6
injection_n2_ions,1000,0.1,99988,99988,99988,99988,1.0,1.0,6.987292660830085,6.987292660830085,41.95406610451009,500.4337894661189,500.4337894661189,36.31445269528346,94.3699700926281,n2_ions,N₂⁺,injection,400,7
injection_n2_ions,1000,0.1,99988,99988,99988,99988,1.0,1.0,7.98547732666296,7.98547732666296,38.643869187285944,383.92685379315674,383.92685379315674,32.08025602010852,83.5767140752309,n2_ions,N₂⁺,injection,400,8
injection_n2_ions,1000,0.1,99988,99988,99988,99988,1.0,1.0,8.983661992495835,8.983661992495835,36.19347769957536,302.88111607280223,302.88111607280223,28.68838373323019,74.79748421131019,n2_ions,N₂⁺,injection,400,9
injection_n2_ions,1000,0.1,99988,99988,99988,99988,1.0,1.0,9.98184665832871,9.98184665832871,34.38755253547432,244.50090962659542,244.50090962659542,25.926692014326072,67.6879017303613,n2_ions,N₂⁺,injection,400,10
injection_n2_ions,1000,0.1,99988,99988,99988,99988,1.0,1.0,10.980031324161585,10.980031324161585,33.07117215387437,201.19378695305886,201.19378695305886,23.64247885792153,61.8123854185482,n2_ions,N₂⁺,injection,400,11
injection_n2_ions,1000,0.1,99988,99988,99988,99988,1.0,1.0,11.97821598999446,11.97821598999446,32.13219918477862,168.2552995506093,168.2552995506093,21.725168274861403,56.93935684906519,n2_ions,N₂⁺,injection,400,12
injection_n2_ions,1000,0.1,99988,99988,99988,99988,1.0,1.0,12.976400655827335,12.976400655827335,31.489345041541544,142.66625142620398,142.66625142620398,20.094882349758755,52.8049445060941,n2_ions,N₂⁺,injection,400,13
injection_n2_ions,1000,0.1,99988,99988,99988,99988,1.0,1.0,13.974585321660209,13.974585321660209,31.08221580525992,122.41959306716153,122.41959306716153,18.692403836093646,49.17109514087039,n2_ions,N₂⁺,injection,400,14
injection_n2_ions,1000,0.1,99988,99988,99988,99988,1.0,1.0,14.972769987493084,14.972769987493084,30.865652569819346,106.14523962901825,106.14523962901825,17.473815819523875,46.021391434322496,n2_ions,N₂⁺,injection,400,15
injection_n2_ions,1000,0.1,99988,99988,99988,99988,1.0,1.0,15.970954653325961,15.970954653325961,30.804722934165397,92.87965937433987,92.87965937433987,16.405251607735956,43.288624373292805,n2_ions,N₂⁺,injection,400,16
injection_n2_ions,1000,0.1,99988,99988,99988,99988,1.0,1.0,16.969139319158835,16.969139319158835,30.87256269087969,81.93358019061895,81.93358019061895,15.460802190981571,40.8545615506595,n2_ions,N₂⁺,injection,400,17
injection_n2_ions,1000,0.1,99988,99988,99988,99988,1.0,1.0,17.967323984991708,17.967323984991708,31.048122171809652,72.80326328920472,72.80326328920472,14.62037759488303,38.66728495506819,n2_ions,N₂⁺,injection,400,18
injection_n2_ions,1000,0.1,99988,99988,99988,99988,1.0,1.0,18.965508650824585,18.965508650824585,31.31433386237423,65.11201697199269,65.11201697199269,13.867653114373462,36.716594712725595,n2_ions,N₂⁺,injection,400,19
injection_n2_ions,1000,0.1,99988,99988,99988,99988,1.0,1.0,19.963693316657462,19.963693316657462,31.657680788973916,58.57627287110814,58.57627287110814,13.189801607397701,34.97182770100399,n2_ions,N₂⁺,injection,400,20
injection_n2_ions,0,0.0,75644,99988,99988,99988,0.7565307836940433,1.0,2.877321099515735,2.9945539974985853,55.52817858368766,1754.3054701992862,1829.85685862566,55.589580195591914,117.4201606183409,n2_ions,N₂⁺,injection,500,3
injection_n2_ions,0,0.0,83032,99988,99988,99988,0.830419650358043,1.0,3.895341710324991,3.9927386633314605,53.70014424279669,1244.9451309189963,1278.5733893501335,53.84493213651326,121.4845574620513,n2_ions,N₂⁺,injection,500,4
injection_n2_ions,0,0.0,88784,99988,99988,99988,0.8879465535864304,1.0,4.916940892594292,4.990923329164335,51.58748697877134,933.6261163805332,949.1785056125128,51.83639902032957,123.97909626372589,n2_ions,N₂⁺,injection,500,5
injection_n2_ions,0,0.0,93369,99988,99988,99988,0.9338020562467496,1.0,5.941178651938359,5.989107994997211,49.890005042762425,733.0122796990181,739.7324498310683,50.23380560398475,127.1813413442052,n2_ions,N₂⁺,injection,500,6
injection_n2_ions,0,0.0,96939,99988,99988,99988,0.9695063407608913,1.0,6.965021480674366,6.987292660830085,48.387105562455915,592.5014867876962,594.7158123878605,48.820674905641035,132.37675520237352,n2_ions,N₂⁺,injection,500,7
injection_n2_ions,0,0.0,99333,99988,99988,99988,0.9934492139056686,1.0,7.98155439354306,7.98547732666296,46.66576681929851,484.3829355508245,484.6701597003499,47.20360473336198,133.0927053526275,n2_ions,N₂⁺,injection,500,8
injection_n2_ions,0,0.0,99988,99988,99988,99988,1.0,1.0,8.983661992495835,8.983661992495835,43.99204757214255,389.6894786211866,389.6894786211866,36.65053200461101,97.1268085596426,n2_ions,N₂⁺,injection,500,9
injection_n2_ions,0,0.0,99988,99988,99988,99988,1.0,1.0,9.98184665832871,9.98184665832871,41.393276387885315,314.68555673861573,314.68555673861573,33.1091226341172,87.6930360956909,n2_ions,N₂⁺,injection,500,10
injection_n2_ions,0,0.0,99988,99988,99988,99988,1.0,1.0,10.980031324161585,10.980031324161585,39.41213130906223,258.9437055824763,258.9437055824763,30.172135698064412,79.90079473334441,n2_ions,N₂⁺,injection,500,11
injection_n2_ions,0,0.0,99988,99988,99988,99988,1.0,1.0,11.97821598999446,11.97821598999446,37.91168838687518,216.5052994414464,216.5052994414464,27.704626122135608,73.4199304703022,n2_ions,N₂⁺,injection,500,12
injection_n2_ions,0,0.0,99988,99988,99988,99988,1.0,1.0,12.976400655827335,12.976400655827335,36.79052748617849,183.51873883962503,183.51873883962503,25.60658363583769,67.9556328573797,n2_ions,N₂⁺,injection,500,13
injection_n2_ions,0,0.0,99988,99988,99988,99988,1.0,1.0,13.974585321660209,13.974585321660209,35.972309646617504,157.41235835357097,157.41235835357097,23.802865245146283,63.216099980992,n2_ions,N₂⁺,injection,500,14
injection_n2_ions,0,0.0,99988,99988,99988,99988,1.0,1.0,14.972769987493084,14.972769987493084,35.3995468543596,136.42617153625696,136.42617153625696,22.237041498803297,59.155887106704895,n2_ions,N₂⁺,injection,500,15
injection_n2_ions,0,0.0,99988,99988,99988,99988,1.0,1.0,15.970954653325961,15.970954653325961,35.02737829515323,119.31925207651099,119.31925207651099,20.865334044462692,55.521215069465796,n2_ions,N₂⁺,injection,500,16
injection_n2_ions,0,0.0,99988,99988,99988,99988,1.0,1.0,16.969139319158835,16.969139319158835,34.82155382485721,105.20518554257072,105.20518554257072,19.654372619716632,52.3075857857487,n2_ions,N₂⁺,injection,500,17
injection_n2_ions,0,0.0,99988,99988,99988,99988,1.0,1.0,17.967323984991708,17.967323984991708,34.75489040453134,93.43387158578795,93.43387158578795,18.577837389208018,49.47283830337279,n2_ions,N₂⁺,injection,500,18
injection_n2_ions,0,0.0,99988,99988,99988,99988,1.0,1.0,18.965508650824585,18.965508650824585,34.805577993910546,83.52040345829197,83.52040345829197,17.614752385028996,46.9841432226577,n2_ions,N₂⁺,injection,500,19
injection_n2_ions,0,0.0,99988,99988,99988,99988,1.0,1.0,19.963693316657462,19.963693316657462,34.95588399400569,75.09728004506525,75.09728004506525,16.748080671206893,44.6377132112333,n2_ions,N₂⁺,injection,500,20
injection_n2_ions,200,0.02,75662,99988,99988,99988,0.7567108052966356,1.0,2.877231482795429,2.9945539974985853,55.524670701835134,1754.1883281522416,1829.7950489506352,55.60880646597501,119.7050532751062,n2_ions,N₂⁺,injection,500,3
injection_n2_ions,200,0.02,83055,99988,99988,99988,0.8306496779613554,1.0,3.8954006389046953,3.9927386633314605,53.702010902360094,1244.9918822774196,1278.6004542387705,53.843753292994826,124.0122767047019,n2_ions,N₂⁺,injection,500,4
injection_n2_ions,200,0.02,88804,99988,99988,99988,0.8881465775893107,1.0,4.91713892828888,4.990923329164335,51.58710834983515,933.6185300300482,949.1285502032174,51.82273960269232,125.9608352156355,n2_ions,N₂⁺,injection,500,5
injection_n2_ions,200,0.02,93390,99988,99988,99988,0.934012081449774,1.0,5.941525284883862,5.989107994997211,49.8917303910638,733.0410878003718,739.7124980347371,50.212909996941086,129.6000791939695,n2_ions,N₂⁺,injection,500,6
injection_n2_ions,200,0.02,96955,99988,99988,99988,0.9696663599631956,1.0,6.965004445728441,6.987292660830085,48.38504144091905,592.4719457102423,594.6878759078619,48.88525457826253,132.9088674878067,n2_ions,N₂⁺,injection,500,7
injection_n2_ions,200,0.02,99344,99988,99988,99988,0.9935592271072529,1.0,7.981632928886566,7.98547732666296,46.66028059418509,484.3142330188531,484.59567121052976,47.214396268517,134.5945109735032,n2_ions,N₂⁺,injection,500,8
injection_n2_ions,200,0.02,99988,99988,99988,99988,1.0,1.0,8.983661992495835,8.983661992495835,43.97677520207043,389.51947701065313,389.51947701065313,36.63495590942775,97.0757554000818,n2_ions,N₂⁺,injection,500,9
injection_n2_ions,200,0.02,99988,99988,99988,99988,1.0,1.0,9.98184665832871,9.98184665832871,41.37987951622917,314.5513443817772,314.5513443817772,33.09542043347398,87.64992557610469,n2_ions,N₂⁺,injection,500,10
injection_n2_ions,200,0.02,99988,99988,99988,99988,1.0,1.0,10.980031324161585,10.980031324161585,39.400200653640105,258.8350478285055,258.8350478285055,30.159893025049257,79.86455185827049,n2_ions,N₂⁺,injection,500,11
injection_n2_ions,200,0.02,99988,99988,99988,99988,1.0,1.0,11.97821598999446,11.97821598999446,37.900932551889674,216.41550447536392,216.41550447536392,27.693546083155027,73.3880242352579,n2_ions,N₂⁺,injection,500,12
injection_n2_ions,200,0.02,99988,99988,99988,99988,1.0,1.0,12.976400655827335,12.976400655827335,36.78073256876771,183.44325629503834,183.44325629503834,25.59644996637354,67.92630139062369,n2_ions,N₂⁺,injection,500,13
injection_n2_ions,200,0.02,99988,99988,99988,99988,1.0,1.0,13.974585321660209,13.974585321660209,35.9633112344342,157.34796708917074,157.34796708917074,23.79351125741338,63.18930933262061,n2_ions,N₂⁺,injection,500,14
injection_n2_ions,200,0.02,99988,99988,99988,99988,1.0,1.0,14.972769987493084,14.972769987493084,35.39123497368008,136.37065822317953,136.37065822317953,22.228358066985447,59.1308605520706,n2_ions,N₂⁺,injection,500,15
injection_n2_ions,200,0.02,99988,99988,99988,99988,1.0,1.0,15.970954653325961,15.970954653325961,35.019648388932374,119.27085230086428,119.27085230086428,20.857214635970447,55.497755275680305,n2_ions,N₂⁺,injection,500,16
injection_n2_ions,200,0.02,99988,99988,99988,99988,1.0,1.0,16.969139319158835,16.969139319158835,34.814336581023085,105.1626539580373,105.1626539580373,19.646750434518587,52.2858426221258,n2_ions,N₂⁺,injection,500,17
injection_n2_ions,200,0.02,99988,99988,99988,99988,1.0,1.0,17.967323984991708,17.967323984991708,34.74812511165277,93.39621827200443,93.39621827200443,18.570651112376492,49.4526218317853,n2_ions,N₂⁺,injection,500,18
injection_n2_ions,200,0.02,99988,99988,99988,99988,1.0,1.0,18.965508650824585,18.965508650824585,34.79920587775639,83.48680501244235,83.48680501244235,17.607944406932162,46.96487678809199,n2_ions,N₂⁺,injection,500,19
injection_n2_ions,200,0.02,99988,99988,99988,99988,1.0,1.0,19.963693316657462,19.963693316657462,34.949866646423935,75.06713859034386,75.06713859034386,16.741613805254236,44.61988955357649,n2_ions,N₂⁺,injection,500,20
injection_n2_ions,1000,0.1,76233,99988,99988,99988,0.7624214905788694,1.0,2.879928037781909,2.9945539974985853,55.58127583072169,1756.0785972518747,1829.953634311287,55.67347499813928,118.5331051936876,n2_ions,N₂⁺,injection,500,3
injection_n2_ions,1000,0.1,83583,99988,99988,99988,0.8359303116373965,1.0,3.8988490954575603,3.9927386633314605,53.71602122098719,1245.342777234702,1277.740453806489,53.857588189065034,123.5704719777211,n2_ions,N₂⁺,injection,500,4
injection_n2_ions,1000,0.1,89278,99988,99988,99988,0.8928871464575749,1.0,4.922346567964164,4.990923329164335,51.56694509935903,933.2145316284241,947.6089886675053,51.81585560535562,126.9108711672271,n2_ions,N₂⁺,injection,500,5
injection_n2_ions,1000,0.1,93796,99988,99988,99988,0.938072568708245,1.0,5.9490739219426665,5.989107994997211,49.82976234654931,732.0064087702683,737.605365143579,50.161480656073884,128.0596902522403,n2_ions,N₂⁺,injection,500,6
injection_n2_ions,1000,0.1,97300,99988,99988,99988,0.9731167740128815,1.0,6.9688997746308585,6.987292660830085,48.29394189133891,591.1681567607565,592.9923438868374,48.79091997879078,128.80352939545932,n2_ions,N₂⁺,injection,500,7
injection_n2_ions,1000,0.1,99549,99988,99988,99988,0.9956094731367764,1.0,7.982689852360379,7.98547732666296,46.46567448605339,481.8772326972577,482.08041832308044,46.99930279351976,131.309038557798,n2_ions,N₂⁺,injection,500,8
injection_n2_ions,1000,0.1,99988,99988,99988,99988,1.0,1.0,8.983661992495835,8.983661992495835,43.61184833073202,385.4573598957924,385.4573598957924,36.26275287924176,95.8559124785336,n2_ions,N₂⁺,injection,500,9
injection_n2_ions,1000,0.1,99988,99988,99988,99988,1.0,1.0,9.98184665832871,9.98184665832871,41.059761437007054,311.3443418082102,311.3443418082102,32.76798178623983,86.61992372185381,n2_ions,N₂⁺,injection,500,10
injection_n2_ions,1000,0.1,99988,99988,99988,99988,1.0,1.0,10.980031324161585,10.980031324161585,39.115033347940425,256.23790309111143,256.23790309111143,29.867233673329075,78.9968209737813,n2_ions,N₂⁺,injection,500,11
injection_n2_ions,1000,0.1,99988,99988,99988,99988,1.0,1.0,11.97821598999446,11.97821598999446,37.64376142554118,214.26851425108248,214.26851425108248,27.42860418886633,72.62391854738469,n2_ions,N₂⁺,injection,500,12
injection_n2_ions,1000,0.1,99988,99988,99988,99988,1.0,1.0,12.976400655827335,12.976400655827335,36.546520782958616,181.63835066657415,181.63835066657415,25.354124692990776,67.22369727043119,n2_ions,N₂⁺,injection,500,13
injection_n2_ions,1000,0.1,99988,99988,99988,99988,1.0,1.0,13.974585321660209,13.974585321660209,35.748304329986354,155.80941049161225,155.80941049161225,23.57000587968106,62.5475418074884,n2_ions,N₂⁺,injection,500,14
injection_n2_ions,1000,0.1,99988,99988,99988,99988,1.0,1.0,14.972769987493084,14.972769987493084,35.192516113574065,135.04345650785226,135.04345650785226,22.02073614617815,58.531273756737804,n2_ions,N₂⁺,injection,500,15
injection_n2_ions,1000,0.1,99988,99988,99988,99988,1.0,1.0,15.970954653325961,15.970954653325961,34.8349568430752,118.11443084788169,118.11443084788169,20.663212278113285,54.935645626924995,n2_ions,N₂⁺,injection,500,16
injection_n2_ions,1000,0.1,99988,99988,99988,99988,1.0,1.0,16.969139319158835,16.969139319158835,34.641833471808724,104.14608437268656,104.14608437268656,19.46453628408256,51.766520881341094,n2_ions,N₂⁺,injection,500,17
injection_n2_ions,1000,0.1,99988,99988,99988,99988,1.0,1.0,17.967323984991708,17.967323984991708,34.586324661989096,92.49569212910845,92.49569212910845,18.39875795127374,48.96976130536179,n2_ions,N₂⁺,injection,500,18
injection_n2_ions,1000,0.1,99988,99988,99988,99988,1.0,1.0,18.965508650824585,18.965508650824585,34.64687544376523,82.68360781485737,82.68360781485737,17.445166455303635,46.5047340638071,n2_ions,N₂⁺,injection,500,19
injection_n2_ions,1000,0.1,99988,99988,99988,99988,1.0,1.0,19.963693316657462,19.963693316657462,34.80597445657157,74.34636920378802,74.34636920378802,16.586947297843714,44.19411225074449,n2_ions,N₂⁺,injection,500,20
extraction_n2_ions,0,0.0,100007,100007,100007,100007,1.0,1.0,3.005838450798559,3.005838450798559,17.560014271349885,484.19687414287773,484.19687414287773,14.827738532242735,31.554278049746397,n2_ions,N₂⁺,extraction,100,3
extraction_n2_ions,0,0.0,100007,100007,100007,100007,1.0,1.0,4.00778460106476,4.00778460106476,15.504355088984413,286.85599732244407,286.85599732244407,11.777134921966232,23.6894853772727,n2_ions,N₂⁺,extraction,100,4
extraction_n2_ions,0,0.0,100007,100007,100007,100007,1.0,1.0,5.0097307513309595,5.0097307513309595,14.442376463823248,188.286480465767,188.286480465767,9.716372711558032,19.0160426045925,n2_ions,N₂⁺,extraction,100,5
extraction_n2_ions,0,0.0,100007,100007,100007,100007,1.0,1.0,6.011676901597159,6.011676901597159,13.99335460550785,132.76957219357794,132.76957219357794,8.264059902155138,15.972831217600998,n2_ions,N₂⁺,extraction,100,6
extraction_n2_ions,0,0.0,100007,100007,100007,100007,1.0,1.0,7.013623051863358,7.013623051863358,13.934158950832423,98.67276652586052,98.67276652586052,7.197915741246134,13.8338712739822,n2_ions,N₂⁺,extraction,100,7
extraction_n2_ions,0,0.0,100007,100007,100007,100007,1.0,1.0,8.015569202129559,8.015569202129559,14.133901438597196,76.33060213418321,76.33060213418321,6.388376513319724,12.299826469332597,n2_ions,N₂⁺,extraction,100,8
extraction_n2_ions,0,0.0,100007,100007,100007,100007,1.0,1.0,9.017515352395758,9.017515352395758,14.51264652482492,60.9384177091445,60.9384177091445,5.756751530281035,11.174196171197696,n2_ions,N₂⁺,extraction,100,9
extraction_n2_ions,0,0.0,100007,100007,100007,100007,1.0,1.0,10.019461502661958,10.019461502661958,15.019244617612879,49.900716856116325,49.900716856116325,5.252899805878572,10.286619685036701,n2_ions,N₂⁺,extraction,100,10
extraction_n2_ions,0,0.0,100007,100007,100007,100007,1.0,1.0,11.02140765292816,11.02140765292816,15.619539393372438,41.720004243039234,41.720004243039234,4.84332350420095,9.567778715441698,n2_ions,N₂⁺,extraction,100,11
extraction_n2_ions,0,0.0,100007,100007,100007,100007,1.0,1.0,12.02335380319436,12.02335380319436,16.289797167017074,35.48463626421115,35.48463626421115,4.504661930362712,8.971124098671602,n2_ions,N₂⁺,extraction,100,12
extraction_n2_ions,0,0.0,100007,100007,100007,100007,1.0,1.0,13.025299953460559,13.025299953460559,17.01322512128531,30.616762624074845,30.616762624074845,4.220234262692898,8.464621576222896,n2_ions,N₂⁺,extraction,100,13
extraction_n2_ions,0,0.0,100007,100007,100007,100007,1.0,1.0,14.027246103726757,14.027246103726757,17.777648432317275,26.7365547082981,26.7365547082981,3.9778125500998103,8.045301653240404,n2_ions,N₂⁺,extraction,100,14
extraction_n2_ions,0,0.0,100007,100007,100007,100007,1.0,1.0,15.029192253992958,15.029192253992958,18.574067220328562,23.586596714096864,23.586596714096864,3.768238690611551,7.657972899460301,n2_ions,N₂⁺,extraction,100,15
extraction_n2_ions,0,0.0,100007,100007,100007,100007,1.0,1.0,16.031138404259156,16.031138404259156,19.395885822134975,20.988823956393965,20.988823956393965,3.584751928371868,7.311697636950996,n2_ions,N₂⁺,extraction,100,16
extraction_n2_ions,0,0.0,100007,100007,100007,100007,1.0,1.0,17.033084554525356,17.033084554525356,20.23807460503271,18.81626337406899,18.81626337406899,3.422130721334183,7.0158143568153015,n2_ions,N₂⁺,extraction,100,17
extraction_n2_ions,0,0.0,100007,100007,100007,100007,1.0,1.0,18.035030704791556,18.035030704791556,21.096891771733247,16.977298886040803,16.977298886040803,3.2765010370352643,6.729352765168699,n2_ions,N₂⁺,extraction,100,18
extraction_n2_ions,0,0.0,100007,100007,100007,100007,1.0,1.0,19.03697685505776,19.03697685505776,21.96941929684757,15.403929227401015,15.403929227401015,3.14480636366706,6.482133413424698,n2_ions,N₂⁺,extraction,100,19
extraction_n2_ions,0,0.0,100007,100007,100007,100007,1.0,1.0,20.038923005323955,20.038923005323955,22.853514680129784,14.045623480154322,14.045623480154322,3.0248333875173623,6.238115737857804,n2_ions,N₂⁺,extraction,100,20
extraction_n2_ions,200,0.02,100007,100007,100007,100007,1.0,1.0,3.005838450798559,3.005838450798559,17.555095886415256,484.03324642252164,484.03324642252164,14.82278299644869,31.5405460259913,n2_ions,N₂⁺,extraction,100,3
extraction_n2_ions,200,0.02,100007,100007,100007,100007,1.0,1.0,4.00778460106476,4.00778460106476,15.500418972856535,286.75778555410625,286.75778555410625,11.773155161239444,23.679312041574,n2_ions,N₂⁺,extraction,100,4
extraction_n2_ions,200,0.02,100007,100007,100007,100007,1.0,1.0,5.0097307513309595,5.0097307513309595,14.439131939087098,188.22171601240214,188.22171601240214,9.71307671916942,19.007965851238897,n2_ions,N₂⁺,extraction,100,5
extraction_n2_ions,200,0.02,100007,100007,100007,100007,1.0,1.0,6.011676901597159,6.011676901597159,13.990609047683177,132.72390177799153,132.72390177799153,8.261255587013224,15.9661066526909,n2_ions,N₂⁺,extraction,100,6
extraction_n2_ions,200,0.02,100007,100007,100007,100007,1.0,1.0,7.013623051863358,7.013623051863358,13.931784983270006,98.63891857673548,98.63891857673548,7.19547679718713,13.8281074248946,n2_ions,N₂⁺,extraction,100,7
extraction_n2_ions,200,0.02,100007,100007,100007,100007,1.0,1.0,8.015569202129559,8.015569202129559,14.131814255049363,76.30456301587233,76.30456301587233,6.386219770617755,12.2946714505143,n2_ions,N₂⁺,extraction,100,8
extraction_n2_ions,200,0.02,100007,100007,100007,100007,1.0,1.0,9.017515352395758,9.017515352395758,14.510784888337568,60.917773036919385,60.917773036919385,5.754816960649127,11.169568971952401,n2_ions,N₂⁺,extraction,100,9
extraction_n2_ions,200,0.02,100007,100007,100007,100007,1.0,1.0,10.019461502661958,10.019461502661958,15.017565135082691,49.88395465258131,49.88395465258131,5.251145302089442,10.2824130354397,n2_ions,N₂⁺,extraction,100,10
extraction_n2_ions,200,0.02,100007,100007,100007,100007,1.0,1.0,11.02140765292816,11.02140765292816,15.618008528281273,41.706114319543296,41.706114319543296,4.841716309702116,9.563914893245698,n2_ions,N₂⁺,extraction,100,11
extraction_n2_ions,200,0.02,100007,100007,100007,100007,1.0,1.0,12.02335380319436,12.02335380319436,16.288389715442783,35.472930282691095,35.472930282691095,4.503177393929725,8.9675451648849,n2_ions,N₂⁺,extraction,100,12
extraction_n2_ions,200,0.02,100007,100007,100007,100007,1.0,1.0,13.025299953460559,13.025299953460559,17.01192168462117,30.606755663246332,30.606755663246332,4.218853484265374,8.4612833118942,n2_ions,N₂⁺,extraction,100,13
extraction_n2_ions,200,0.02,100007,100007,100007,100007,1.0,1.0,14.027246103726757,14.027246103726757,17.77643421132876,26.727898547427053,26.727898547427053,3.9765208667964234,8.042150172109505,n2_ions,N₂⁺,extraction,100,14
extraction_n2_ions,200,0.02,100007,100007,100007,100007,1.0,1.0,15.029192253992958,15.029192253992958,18.572929723293857,23.57902813013386,23.57902813013386,3.7670237575042003,7.655001388987298,n2_ions,N₂⁺,extraction,100,15
extraction_n2_ions,200,0.02,100007,100007,100007,100007,1.0,1.0,16.031138404259156,16.031138404259156,19.394814969202447,20.982144125520286,20.982144125520286,3.5836036559017335,7.3088839480948025,n2_ions,N₂⁺,extraction,100,16
extraction_n2_ions,200,0.02,100007,100007,100007,100007,1.0,1.0,17.033084554525356,17.033084554525356,20.23706249814129,18.810321368155837,18.810321368155837,3.421041291991539,7.0131236538497,n2_ions,N₂⁺,extraction,100,17
extraction_n2_ions,200,0.02,100007,100007,100007,100007,1.0,1.0,18.035030704791556,18.035030704791556,21.09593207250809,16.971977579740493,16.971977579740493,3.2754641460909784,6.726787451689603,n2_ions,N₂⁺,extraction,100,18
extraction_n2_ions,200,0.02,100007,100007,100007,100007,1.0,1.0,19.03697685505776,19.03697685505776,21.96850601535281,15.399131819169053,15.399131819169053,3.1438159524263507,6.479665424526694,n2_ions,N₂⁺,extraction,100,19
extraction_n2_ions,200,0.02,100007,100007,100007,100007,1.0,1.0,20.038923005323955,20.038923005323955,22.85264340416747,14.041275562044753,14.041275562044753,3.0238850623527163,6.235750228843202,n2_ions,N₂⁺,extraction,100,20
extraction_n2_ions,1000,0.1,100007,100007,100007,100007,1.0,1.0,3.005838450798559,3.005838450798559,17.437339361747917,480.1156531587834,480.1156531587834,14.704131208410233,31.210838336864104,n2_ions,N₂⁺,extraction,100,3
extraction_n2_ions,1000,0.1,100007,100007,100007,100007,1.0,1.0,4.00778460106476,4.00778460106476,15.406228745618535,284.40760368023564,284.40760368023564,11.67791294623155,23.4351705461319,n2_ions,N₂⁺,extraction,100,4
extraction_n2_ions,1000,0.1,100007,100007,100007,100007,1.0,1.0,5.0097307513309595,5.0097307513309595,14.361473707083155,186.6715681929148,186.6715681929148,9.634181317033878,18.814174853508998,n2_ions,N₂⁺,extraction,100,5
extraction_n2_ions,1000,0.1,100007,100007,100007,100007,1.0,1.0,6.011676901597159,6.011676901597159,13.924886150545888,131.63064779556564,131.63064779556564,8.194119884646927,15.8047643883192,n2_ions,N₂⁺,extraction,100,6
extraction_n2_ions,1000,0.1,100007,100007,100007,100007,1.0,1.0,7.013623051863358,7.013623051863358,13.874974929034009,97.82892274696383,97.82892274696383,7.137107612908241,13.689806561715102,n2_ions,N₂⁺,extraction,100,7
extraction_n2_ions,1000,0.1,100007,100007,100007,100007,1.0,1.0,8.015569202129559,8.015569202129559,14.081863709868578,75.68139398169427,75.68139398169427,6.334599058516808,12.1717697340823,n2_ions,N₂⁺,extraction,100,8
extraction_n2_ions,1000,0.1,100007,100007,100007,100007,1.0,1.0,9.017515352395758,9.017515352395758,14.466235910266812,60.42374584284402,60.42374584284402,5.708519596127984,11.0592618844246,n2_ions,N₂⁺,extraction,100,9
extraction_n2_ions,1000,0.1,100007,100007,100007,100007,1.0,1.0,10.019461502661958,10.019461502661958,14.97736186633909,49.482702861425466,49.482702861425466,5.209142383867832,10.182139681031199,n2_ions,N₂⁺,extraction,100,10
extraction_n2_ions,1000,0.1,100007,100007,100007,100007,1.0,1.0,11.02140765292816,11.02140765292816,15.581363148796258,41.37362158686339,41.37362158686339,4.8032404025217454,9.471818704698098,n2_ions,N₂⁺,extraction,100,11
extraction_n2_ions,1000,0.1,100007,100007,100007,100007,1.0,1.0,12.02335380319436,12.02335380319436,16.254703594518137,35.19275786594249,35.19275786594249,4.467644131563666,8.882241530874001,n2_ions,N₂⁺,extraction,100,12
extraction_n2_ions,1000,0.1,100007,100007,100007,100007,1.0,1.0,13.025299953460559,13.025299953460559,16.980729964965207,30.367285403310575,30.367285403310575,4.185807114766723,8.381715257539298,n2_ions,N₂⁺,extraction,100,13
extraction_n2_ions,1000,0.1,100007,100007,100007,100007,1.0,1.0,14.027246103726757,14.027246103726757,17.747370079578044,26.52070084421578,26.52070084421578,3.9456002778498918,7.967032281711699,n2_ions,N₂⁺,extraction,100,14
extraction_n2_ions,1000,0.1,100007,100007,100007,100007,1.0,1.0,15.029192253992958,15.029192253992958,18.545700649735704,23.3978535660057,23.3978535660057,3.7379399101681763,7.584168239099899,n2_ions,N₂⁺,extraction,100,15
extraction_n2_ions,1000,0.1,100007,100007,100007,100007,1.0,1.0,16.031138404259156,16.031138404259156,19.36918618498948,20.822275352843754,20.822275352843754,3.5561215854366193,7.241806549546702,n2_ions,N₂⁺,extraction,100,16
extraction_n2_ions,1000,0.1,100007,100007,100007,100007,1.0,1.0,17.033084554525356,17.033084554525356,20.212844209804995,18.66813755958747,18.66813755958747,3.394972413041986,6.948972109143103,n2_ions,N₂⁺,extraction,100,17
extraction_n2_ions,1000,0.1,100007,100007,100007,100007,1.0,1.0,18.035030704791556,18.035030704791556,21.072960981737197,16.844608288570996,16.844608288570996,3.250644311689987,6.665617741911603,n2_ions,N₂⁺,extraction,100,18
extraction_n2_ions,1000,0.1,100007,100007,100007,100007,1.0,1.0,19.03697685505776,19.03697685505776,21.9466503876239,15.28432562963955,15.28432562963955,3.1201139350605245,6.420809512949198,n2_ions,N₂⁺,extraction,100,19
extraction_n2_ions,1000,0.1,100007,100007,100007,100007,1.0,1.0,20.038923005323955,20.038923005323955,22.831789179638267,13.937206972511952,13.937206972511952,3.0011863563397925,6.1793303255894045,n2_ions,N₂⁺,extraction,100,20
extraction_n2_ions,0,0.0,100007,100007,100007,100007,1.0,1.0,3.005838450798559,3.005838450798559,32.476198589306925,980.437259716303,980.437259716303,29.844514895317648,64.7872924034797,n2_ions,N₂⁺,extraction,200,3
extraction_n2_ions,0,0.0,100007,100007,100007,100007,1.0,1.0,4.00778460106476,4.00778460106476,27.408242432117977,583.8751370229915,583.8751370229915,23.781410704073746,49.19721357623919,n2_ions,N₂⁺,extraction,200,4
extraction_n2_ions,0,0.0,100007,100007,100007,100007,1.0,1.0,5.0097307513309595,5.0097307513309595,24.267228053886708,384.40184230339156,384.40184230339156,19.648530516203977,39.5439762122503,n2_ions,N₂⁺,extraction,200,5
extraction_n2_ions,0,0.0,100007,100007,100007,100007,1.0,1.0,6.011676901597159,6.011676901597159,22.33608745870857,271.5450418297498,271.5450418297498,16.72442776760992,33.1755016111418,n2_ions,N₂⁺,extraction,200,6
extraction_n2_ions,0,0.0,100007,100007,100007,100007,1.0,1.0,7.013623051863358,7.013623051863358,21.18168975750056,202.00781537401093,202.00781537401093,14.574265166169754,28.637048914793098,n2_ions,N₂⁺,extraction,200,7
extraction_n2_ions,0,0.0,100007,100007,100007,100007,1.0,1.0,8.015569202129559,8.015569202129559,20.54631372692649,156.33006476280923,156.33006476280923,12.940209392771035,25.315887590393004,n2_ions,N₂⁺,extraction,200,8
extraction_n2_ions,0,0.0,100007,100007,100007,100007,1.0,1.0,9.017515352395758,9.017515352395758,20.271567570228854,124.80214092281128,124.80214092281128,11.664458583867233,22.81659591785,n2_ions,N₂⁺,extraction,200,9
extraction_n2_ions,0,0.0,100007,100007,100007,100007,1.0,1.0,10.019461502661958,10.019461502661958,20.255141909397,102.15798926933988,102.15798926933988,10.645560449796355,20.9756021789786,n2_ions,N₂⁺,extraction,200,10
extraction_n2_ions,0,0.0,100007,100007,100007,100007,1.0,1.0,11.02140765292816,11.02140765292816,20.428678106911395,85.35452775384746,85.35452775384746,9.81587864130724,19.4333508322535,n2_ions,N₂⁺,extraction,200,11
extraction_n2_ions,0,0.0,100007,100007,100007,100007,1.0,1.0,12.02335380319436,12.02335380319436,20.744521780662332,72.53523534465846,72.53523534465846,9.128308718701767,18.1912138560361,n2_ions,N₂⁺,extraction,200,12
extraction_n2_ions,0,0.0,100007,100007,100007,100007,1.0,1.0,13.025299953460559,13.025299953460559,21.16908927058368,62.522854339024114,62.522854339024114,8.549531768196339,17.137001949876094,n2_ions,N₂⁺,extraction,200,13
extraction_n2_ions,0,0.0,100007,100007,100007,100007,1.0,1.0,14.027246103726757,14.027246103726757,21.677622353049408,54.53940276480998,54.53940276480998,8.054881960059927,16.264732318821803,n2_ions,N₂⁺,extraction,200,14
extraction_n2_ions,0,0.0,100007,100007,100007,100007,1.0,1.0,15.029192253992958,15.029192253992958,22.252181914037905,48.0597329382485,48.0597329382485,7.626407777435774,15.462194244720795,n2_ions,N₂⁺,extraction,200,15
extraction_n2_ions,0,0.0,100007,100007,100007,100007,1.0,1.0,16.031138404259156,16.031138404259156,22.87935927694359,42.718244331700085,42.718244331700085,7.250610490195693,14.747150799058204,n2_ions,N₂⁺,extraction,200,16
extraction_n2_ions,0,0.0,100007,100007,100007,100007,1.0,1.0,17.033084554525356,17.033084554525356,23.548981310624,38.25435572306544,38.25435572306544,6.917219595098968,14.102755457544202,n2_ions,N₂⁺,extraction,200,17
extraction_n2_ions,0,0.0,100007,100007,100007,100007,1.0,1.0,18.035030704791556,18.035030704791556,24.25343288887945,34.47957636376957,34.47957636376957,6.618547364170589,13.550198950373705,n2_ions,N₂⁺,extraction,200,18
extraction_n2_ions,0,0.0,100007,100007,100007,100007,1.0,1.0,19.03697685505776,19.03697685505776,24.986659424806323,31.25329517941735,31.25329517941735,6.348478324455014,13.011955247993896,n2_ions,N₂⁺,extraction,200,19
extraction_n2_ions,0,0.0,100007,100007,100007,100007,1.0,1.0,20.038923005323955,20.038923005323955,25.74424956118908,28.47122350013187,28.47122350013187,6.10258933617249,12.547144251256498,n2_ions,N₂⁺,extraction,200,20
extraction_n2_ions,200,0.02,100007,100007,100007,100007,1.0,1.0,3.005838450798559,3.005838450798559,32.46622211377144,980.1053564653868,980.1053564653868,29.83447229228971,64.7578445561043,n2_ions,N₂⁺,extraction,200,3
extraction_n2_ions,200,0.02,100007,100007,100007,100007,1.0,1.0,4.00778460106476,4.00778460106476,27.40033228764331,583.677767521832,583.677767521832,23.773436813371326,49.1755472644675,n2_ions,N₂⁺,extraction,200,4
extraction_n2_ions,200,0.02,100007,100007,100007,100007,1.0,1.0,5.0097307513309595,5.0097307513309595,24.26070249856332,384.2715846977976,384.2715846977976,19.641938114902498,39.5269603179381,n2_ions,N₂⁺,extraction,200,5
extraction_n2_ions,200,0.02,100007,100007,100007,100007,1.0,1.0,6.011676901597159,6.011676901597159,22.330557214776142,271.45305012721906,271.45305012721906,16.718824081681305,33.1614555357434,n2_ions,N₂⁺,extraction,200,6
extraction_n2_ions,200,0.02,100007,100007,100007,100007,1.0,1.0,7.013623051863358,7.013623051863358,21.176898873706328,201.93950711508677,201.93950711508677,14.569394125774378,28.625132872431102,n2_ions,N₂⁺,extraction,200,7
extraction_n2_ions,200,0.02,100007,100007,100007,100007,1.0,1.0,8.015569202129559,8.015569202129559,20.54209323504138,156.27741108621214,156.27741108621214,12.93590076957251,25.3055067417885,n2_ions,N₂⁺,extraction,200,8
extraction_n2_ions,200,0.02,100007,100007,100007,100007,1.0,1.0,9.017515352395758,9.017515352395758,20.267800051698178,124.76036091597518,124.76036091597518,11.660595751813842,22.8071598716893,n2_ions,N₂⁺,extraction,200,9
extraction_n2_ions,200,0.02,100007,100007,100007,100007,1.0,1.0,10.019461502661958,10.019461502661958,20.25173648876189,102.1240012088617,102.1240012088617,10.642053305677377,20.967023384945694,n2_ions,N₂⁺,extraction,200,10
extraction_n2_ions,200,0.02,100007,100007,100007,100007,1.0,1.0,11.02140765292816,11.02140765292816,20.425572663663058,85.32635128722788,85.32635128722788,9.812665972898987,19.425520676315497,n2_ions,N₂⁺,extraction,200,11
extraction_n2_ions,200,0.02,100007,100007,100007,100007,1.0,1.0,12.02335380319436,12.02335380319436,20.741663416075,72.51146190644712,72.51146190644712,9.125338470921994,18.183963224309103,n2_ions,N₂⁺,extraction,200,12
extraction_n2_ions,200,0.02,100007,100007,100007,100007,1.0,1.0,13.025299953460559,13.025299953460559,21.16644180893244,62.502528805940806,62.502528805940806,8.546768493663734,17.130241070751694,n2_ions,N₂⁺,extraction,200,13
extraction_n2_ions,200,0.02,100007,100007,100007,100007,1.0,1.0,14.027246103726757,14.027246103726757,21.675155776309843,54.521818580991386,54.521818580991386,8.052296147327606,16.2583516795651,n2_ions,N₂⁺,extraction,200,14
extraction_n2_ions,200,0.02,100007,100007,100007,100007,1.0,1.0,15.029192253992958,15.029192253992958,22.249870711234284,48.04435484763283,48.04435484763283,7.623974404909524,15.456179500265495,n2_ions,N₂⁺,extraction,200,15
extraction_n2_ions,200,0.02,100007,100007,100007,100007,1.0,1.0,16.031138404259156,16.031138404259156,22.877184613507286,42.70467908523121,42.70467908523121,7.248310985607379,14.741456642407101,n2_ions,N₂⁺,extraction,200,16
extraction_n2_ions,200,0.02,100007,100007,100007,100007,1.0,1.0,17.033084554525356,17.033084554525356,23.54692574255545,38.24228763250925,38.24228763250925,6.915036647872057,14.0973447989799,n2_ions,N₂⁺,extraction,200,17
extraction_n2_ions,200,0.02,100007,100007,100007,100007,1.0,1.0,18.035030704791556,18.035030704791556,24.25148302047661,34.46876480245451,34.46876480245451,6.61646795317854,13.545008820656108,n2_ions,N₂⁺,extraction,200,18
extraction_n2_ions,200,0.02,100007,100007,100007,100007,1.0,1.0,19.03697685505776,19.03697685505776,24.984804647524857,31.243552155114763,31.243552155114763,6.346491988088627,13.006993403484493,n2_ions,N₂⁺,extraction,200,19
extraction_n2_ions,200,0.02,100007,100007,100007,100007,1.0,1.0,20.038923005323955,20.038923005323955,25.742480175563575,28.462393756013206,28.462393756013206,6.10068666108863,12.542358931039402,n2_ions,N₂⁺,extraction,200,20
extraction_n2_ions,1000,0.1,100007,100007,100007,100007,1.0,1.0,3.005838450798559,3.005838450798559,32.22759379038827,972.166529170135,972.166529170135,29.594256693679274,64.0487145845638,n2_ions,N₂⁺,extraction,200,3
extraction_n2_ions,1000,0.1,100007,100007,100007,100007,1.0,1.0,4.00778460106476,4.00778460106476,27.21098704745332,578.9533309805147,578.9533309805147,23.582561544952174,48.654283993699195,n2_ions,N₂⁺,extraction,200,4
extraction_n2_ions,1000,0.1,100007,100007,100007,100007,1.0,1.0,5.0097307513309595,5.0097307513309595,24.104596822775143,381.1555354820448,381.1555354820448,19.4842241205275,39.1177853151117,n2_ions,N₂⁺,extraction,200,5
extraction_n2_ions,1000,0.1,100007,100007,100007,100007,1.0,1.0,6.011676901597159,6.011676901597159,22.19821777847823,269.2516770583711,269.2516770583711,16.584728078341776,32.823788751369904,n2_ions,N₂⁺,extraction,200,6
extraction_n2_ions,1000,0.1,100007,100007,100007,100007,1.0,1.0,7.013623051863358,7.013623051863358,21.062260061419014,200.30499081103676,200.30499081103676,14.452818369276011,28.338706828251,n2_ions,N₂⁺,extraction,200,7
extraction_n2_ions,1000,0.1,100007,100007,100007,100007,1.0,1.0,8.015569202129559,8.015569202129559,20.441079673567145,155.0171941393308,155.0171941393308,12.832768223745639,25.055992285171506,n2_ions,N₂⁺,extraction,200,8
extraction_n2_ions,1000,0.1,100007,100007,100007,100007,1.0,1.0,9.017515352395758,9.017515352395758,20.177572983362918,123.75978520515827,123.75978520515827,11.568077950122184,22.5825299111263,n2_ions,N₂⁺,extraction,200,9
extraction_n2_ions,1000,0.1,100007,100007,100007,100007,1.0,1.0,10.019461502661958,10.019461502661958,20.170232253657606,101.31054197172978,101.31054197172978,10.558105700264782,20.7627956585042,n2_ions,N₂⁺,extraction,200,10
extraction_n2_ions,1000,0.1,100007,100007,100007,100007,1.0,1.0,11.02140765292816,11.02140765292816,20.351215870024514,84.65169342155328,84.65169342155328,9.735735743451604,19.239106695228603,n2_ions,N₂⁺,extraction,200,11
extraction_n2_ions,1000,0.1,100007,100007,100007,100007,1.0,1.0,12.02335380319436,12.02335380319436,20.673277065111165,71.94268257845576,71.94268257845576,9.05426829635984,18.011337387959003,n2_ions,N₂⁺,extraction,200,12
extraction_n2_ions,1000,0.1,100007,100007,100007,100007,1.0,1.0,13.025299953460559,13.025299953460559,21.103097828437694,62.01621385948219,62.01621385948219,8.480646423133066,16.9692635799559,n2_ions,N₂⁺,extraction,200,13
extraction_n2_ions,1000,0.1,100007,100007,100007,100007,1.0,1.0,14.027246103726757,14.027246103726757,21.61611304462081,54.100903946340864,54.100903946340864,7.990392351645813,16.106415048301,n2_ions,N₂⁺,extraction,200,14
extraction_n2_ions,1000,0.1,100007,100007,100007,100007,1.0,1.0,15.029192253992958,15.029192253992958,22.194558430279667,47.67632255408145,47.67632255408145,7.565729746444022,15.312938420024796,n2_ions,N₂⁺,extraction,200,15
extraction_n2_ions,1000,0.1,100007,100007,100007,100007,1.0,1.0,16.031138404259156,16.031138404259156,22.825127573358905,42.37995454705026,42.37995454705026,7.193259490068738,14.605831582908202,n2_ions,N₂⁺,extraction,200,16
extraction_n2_ions,1000,0.1,100007,100007,100007,100007,1.0,1.0,17.033084554525356,17.033084554525356,23.49772843983756,37.9534538481151,37.9534538481151,6.862787126531077,13.968452526264198,n2_ions,N₂⁺,extraction,200,17
extraction_n2_ions,1000,0.1,100007,100007,100007,100007,1.0,1.0,18.035030704791556,18.035030704791556,24.204817621562768,34.210016150025304,34.210016150025304,6.56669855274503,13.421351904821002,n2_ions,N₂⁺,extraction,200,18
extraction_n2_ions,1000,0.1,100007,100007,100007,100007,1.0,1.0,19.03697685505776,19.03697685505776,24.940415338884215,31.01037800683162,31.01037800683162,6.298953608888679,12.888755671013492,n2_ions,N₂⁺,extraction,200,19
extraction_n2_ions,1000,0.1,100007,100007,100007,100007,1.0,1.0,20.038923005323955,20.038923005323955,25.700124639083917,28.251027424257735,28.251027424257735,6.055139754932725,12.4283102524913,n2_ions,N₂⁺,extraction,200,20
extraction_n2_ions,0,0.0,100007,100007,100007,100007,1.0,1.0,3.005838450798559,3.005838450798559,48.524105441780634,1514.3284556390338,1514.3284556390338,46.02183674310236,101.3646792333837,n2_ions,N₂⁺,extraction,300,3
extraction_n2_ions,0,0.0,100007,100007,100007,100007,1.0,1.0,4.00778460106476,4.00778460106476,40.09598154319928,900.4525076658776,900.4525076658776,36.585920796884736,76.00185801167031,n2_ions,N₂⁺,extraction,300,4
extraction_n2_ions,0,0.0,100007,100007,100007,100007,1.0,1.0,5.0097307513309595,5.0097307513309595,34.604295567984295,590.741624363561,590.741624363561,30.090599627310695,61.043748136208194,n2_ions,N₂⁺,extraction,300,5
extraction_n2_ions,0,0.0,100007,100007,100007,100007,1.0,1.0,6.011676901597159,6.011676901597159,31.071834509421805,416.85802510721686,416.85802510721686,25.564210831289355,51.1942987895725,n2_ions,N₂⁺,extraction,300,6
extraction_n2_ions,0,0.0,100007,100007,100007,100007,1.0,1.0,7.013623051863358,7.013623051863358,28.754844504153116,309.98559933319507,309.98559933319507,22.25544092888454,44.141377291659495,n2_ions,N₂⁺,extraction,300,7
extraction_n2_ions,0,0.0,100007,100007,100007,100007,1.0,1.0,8.015569202129559,8.015569202129559,27.239631344384048,239.83402372905823,239.83402372905823,19.74800721168903,38.997910944124705,n2_ions,N₂⁺,extraction,300,8
extraction_n2_ions,0,0.0,100007,100007,100007,100007,1.0,1.0,9.017515352395758,9.017515352395758,26.277737141519506,191.40773388911484,191.40773388911484,17.79267090513809,35.08380711042909,n2_ions,N₂⁺,extraction,300,9
extraction_n2_ions,0,0.0,100007,100007,100007,100007,1.0,1.0,10.019461502661958,10.019461502661958,25.7109337752607,156.60993625685222,156.60993625685222,16.23117715804075,31.969214293369696,n2_ions,N₂⁺,extraction,300,10
extraction_n2_ions,0,0.0,100007,100007,100007,100007,1.0,1.0,11.02140765292816,11.02140765292816,25.43403065334402,130.76934865562953,130.76934865562953,14.95851109367239,29.608401050728602,n2_ions,N₂⁺,extraction,300,11
extraction_n2_ions,0,0.0,100007,100007,100007,100007,1.0,1.0,12.02335380319436,12.02335380319436,25.374700019008763,111.04510799862868,111.04510799862868,13.902583647244766,27.742262799083306,n2_ions,N₂⁺,extraction,300,12
extraction_n2_ions,0,0.0,100007,100007,100007,100007,1.0,1.0,13.025299953460559,13.025299953460559,25.481506667534944,95.63086269475909,95.63086269475909,13.012084407549931,26.097063464092397,n2_ions,N₂⁺,extraction,300,13
extraction_n2_ions,0,0.0,100007,100007,100007,100007,1.0,1.0,14.027246103726757,14.027246103726757,25.717403792674386,83.33893625664548,83.33893625664548,12.250027566743936,24.686931206674792,n2_ions,N₂⁺,extraction,300,14
extraction_n2_ions,0,0.0,100007,100007,100007,100007,1.0,1.0,15.029192253992958,15.029192253992958,26.055308616830583,73.36466375901342,73.36466375901342,11.589347195460432,23.471076708063,n2_ions,N₂⁺,extraction,300,15
extraction_n2_ions,0,0.0,100007,100007,100007,100007,1.0,1.0,16.031138404259156,16.031138404259156,26.474596727887636,65.14483288881006,65.14483288881006,11.009395078494075,22.362209298136897,n2_ions,N₂⁺,extraction,300,16
extraction_n2_ions,0,0.0,100007,100007,100007,100007,1.0,1.0,17.033084554525356,17.033084554525356,26.960013825886197,58.28027941494278,58.28027941494278,10.494874733511976,21.345608813812596,n2_ions,N₂⁺,extraction,300,17
extraction_n2_ions,0,0.0,100007,100007,100007,100007,1.0,1.0,18.035030704791556,18.035030704791556,27.499739952542154,52.47958488496507,52.47958488496507,10.033989057128869,20.4253510267666,n2_ions,N₂⁺,extraction,300,18
extraction_n2_ions,0,0.0,100007,100007,100007,100007,1.0,1.0,19.03697685505776,19.03697685505776,28.08483465467652,47.5278079524214,47.5278079524214,9.61783568163593,19.657119377364697,n2_ions,N₂⁺,extraction,300,19
extraction_n2_ions,0,0.0,100007,100007,100007,100007,1.0,1.0,20.038923005323955,20.038923005323955,28.707941098405847,43.260898256751126,43.260898256751126,9.239039321092134,18.943683779174794,n2_ions,N₂⁺,extraction,300,20
extraction_n2_ions,200,0.02,100007,100007,100007,100007,1.0,1.0,3.005838450798559,3.005838450798559,48.507420264597584,1513.7733633592532,1513.7733633592532,46.005028750783985,101.3057578777327,n2_ions,N₂⁺,extraction,300,3
extraction_n2_ions,200,0.02,100007,100007,100007,100007,1.0,1.0,4.00778460106476,4.00778460106476,40.08349120218635,900.1408556621843,900.1408556621843,36.57333263167575,75.9621530280259,n2_ions,N₂⁺,extraction,300,4
extraction_n2_ions,200,0.02,100007,100007,100007,100007,1.0,1.0,5.0097307513309595,5.0097307513309595,34.594216914973146,590.5404428328275,590.5404428328275,30.080428093137918,61.0166648076998,n2_ions,N₂⁺,extraction,300,5
extraction_n2_ions,200,0.02,100007,100007,100007,100007,1.0,1.0,6.011676901597159,6.011676901597159,31.0633692109027,416.7172108442805,416.7172108442805,25.555651555227563,51.172237930204496,n2_ions,N₂⁺,extraction,300,6
extraction_n2_ions,200,0.02,100007,100007,100007,100007,1.0,1.0,7.013623051863358,7.013623051863358,28.747537039668305,309.88140975199326,309.88140975199326,22.24803435392678,44.1228318429075,n2_ions,N₂⁺,extraction,300,7
extraction_n2_ions,200,0.02,100007,100007,100007,100007,1.0,1.0,8.015569202129559,8.015569202129559,27.23320056599719,239.75379513612003,239.75379513612003,19.74147071763552,38.981822070184805,n2_ions,N₂⁺,extraction,300,8
extraction_n2_ions,200,0.02,100007,100007,100007,100007,1.0,1.0,9.017515352395758,9.017515352395758,26.272008018535775,191.3442006123768,191.3442006123768,17.786828982396063,35.069548878092604,n2_ions,N₂⁺,extraction,300,9
extraction_n2_ions,200,0.02,100007,100007,100007,100007,1.0,1.0,10.019461502661958,10.019461502661958,25.705752836584303,156.55822750309315,156.55822750309315,16.225876140120356,31.956423003344696,n2_ions,N₂⁺,extraction,300,10
extraction_n2_ions,200,0.02,100007,100007,100007,100007,1.0,1.0,11.02140765292816,11.02140765292816,25.429304562405296,130.7264676454396,130.7264676454396,14.953657122640532,29.596465026564395,n2_ions,N₂⁺,extraction,300,11
extraction_n2_ions,200,0.02,100007,100007,100007,100007,1.0,1.0,12.02335380319436,12.02335380319436,25.370353581175014,111.00895803660565,111.00895803660565,13.898102464115436,27.731222321422095,n2_ions,N₂⁺,extraction,300,12
extraction_n2_ions,200,0.02,100007,100007,100007,100007,1.0,1.0,13.025299953460559,13.025299953460559,25.4774802996331,95.59995079318115,95.59995079318115,13.007916955765388,26.0867942456218,n2_ions,N₂⁺,extraction,300,13
extraction_n2_ions,200,0.02,100007,100007,100007,100007,1.0,1.0,14.027246103726757,14.027246103726757,25.713652502790705,83.31219337457196,83.31219337457196,12.246128947020816,24.677276298325097,n2_ions,N₂⁺,extraction,300,14
extraction_n2_ions,200,0.02,100007,100007,100007,100007,1.0,1.0,15.029192253992958,15.029192253992958,26.05179496368402,73.34128490346895,73.34128490346895,11.585680385007535,23.461907734536002,n2_ions,N₂⁺,extraction,300,15
extraction_n2_ions,200,0.02,100007,100007,100007,100007,1.0,1.0,16.031138404259156,16.031138404259156,26.471284398177687,65.12417103918702,65.12417103918702,11.005923779913843,22.353472659992896,n2_ions,N₂⁺,extraction,300,16
extraction_n2_ions,200,0.02,100007,100007,100007,100007,1.0,1.0,17.033084554525356,17.033084554525356,26.956883115535327,58.26189924228029,58.26189924228029,10.49157939185206,21.3372595897385,n2_ions,N₂⁺,extraction,300,17
extraction_n2_ions,200,0.02,100007,100007,100007,100007,1.0,1.0,18.035030704791556,18.035030704791556,27.496772935608252,52.46313347447143,52.46313347447143,10.030853023644212,20.417621461704996,n2_ions,N₂⁺,extraction,300,18
extraction_n2_ions,200,0.02,100007,100007,100007,100007,1.0,1.0,19.03697685505776,19.03697685505776,28.082008865602297,47.51296426639004,47.51296426639004,9.614836539551593,19.649676941638898,n2_ions,N₂⁺,extraction,300,19
extraction_n2_ions,200,0.02,100007,100007,100007,100007,1.0,1.0,20.038923005323955,20.038923005323955,28.705244969734466,43.2474437977931,43.2474437977931,9.236164759556125,18.936500967858994,n2_ions,N₂⁺,extraction,300,20
extraction_n2_ions,1000,0.1,100007,100007,100007,100007,1.0,1.0,3.005838450798559,3.005838450798559,48.10833761941374,1500.496447393333,1500.496447393333,45.602984425823536,99.91107133634671,n2_ions,N₂⁺,extraction,300,3
extraction_n2_ions,1000,0.1,100007,100007,100007,100007,1.0,1.0,4.00778460106476,4.00778460106476,39.784571137209255,892.6823693728343,892.6823693728343,36.272065149359086,75.0209461050859,n2_ions,N₂⁺,extraction,300,4
extraction_n2_ions,1000,0.1,100007,100007,100007,100007,1.0,1.0,5.0097307513309595,5.0097307513309595,34.3528646536593,585.7227735149761,585.7227735149761,29.836841957318917,60.364208853710196,n2_ions,N₂⁺,extraction,300,5
extraction_n2_ions,1000,0.1,100007,100007,100007,100007,1.0,1.0,6.011676901597159,6.011676901597159,30.86055182357529,413.34348682937997,413.34348682937997,25.350569979303266,50.640996932161094,n2_ions,N₂⁺,extraction,300,6
extraction_n2_ions,1000,0.1,100007,100007,100007,100007,1.0,1.0,7.013623051863358,7.013623051863358,28.57261314584241,307.3873507965519,307.3873507965519,22.070734175362137,43.6763512128148,n2_ions,N₂⁺,extraction,300,7
extraction_n2_ions,1000,0.1,100007,100007,100007,100007,1.0,1.0,8.015569202129559,8.015569202129559,27.079397179634316,237.83498709536337,237.83498709536337,19.585132143180275,38.594543827053,n2_ions,N₂⁺,extraction,300,8
extraction_n2_ions,1000,0.1,100007,100007,100007,100007,1.0,1.0,9.017515352395758,9.017515352395758,26.134747885596166,189.82205035728308,189.82205035728308,17.646860287579866,34.726368890330306,n2_ions,N₂⁺,extraction,300,9
extraction_n2_ions,1000,0.1,100007,100007,100007,100007,1.0,1.0,10.019461502661958,10.019461502661958,25.58177372085507,155.32084447910236,155.32084447910236,16.09900642151459,31.648565044020593,n2_ions,N₂⁺,extraction,300,10
extraction_n2_ions,1000,0.1,100007,100007,100007,100007,1.0,1.0,11.02140765292816,11.02140765292816,25.316218624231485,129.70041052338254,129.70041052338254,14.837504269530317,29.3132434739789,n2_ions,N₂⁺,extraction,300,11
extraction_n2_ions,1000,0.1,100007,100007,100007,100007,1.0,1.0,12.02335380319436,12.02335380319436,25.266326676406884,110.14375098646885,110.14375098646885,13.790842218716246,27.469142241788205,n2_ions,N₂⁺,extraction,300,12
extraction_n2_ions,1000,0.1,100007,100007,100007,100007,1.0,1.0,13.025299953460559,13.025299953460559,25.381102169767576,94.86002057882999,94.86002057882999,12.908144955475045,25.8429088943376,n2_ions,N₂⁺,extraction,300,13
extraction_n2_ions,1000,0.1,100007,100007,100007,100007,1.0,1.0,14.027246103726757,14.027246103726757,25.62383741163546,82.67190311024572,82.67190311024572,12.152769470167398,24.4478703385834,n2_ions,N₂⁺,extraction,300,14
extraction_n2_ions,1000,0.1,100007,100007,100007,100007,1.0,1.0,15.029192253992958,15.029192253992958,25.967624414167425,72.78123784242855,72.78123784242855,11.497826890766715,23.2439441797756,n2_ions,N₂⁺,extraction,300,15
extraction_n2_ions,1000,0.1,100007,100007,100007,100007,1.0,1.0,16.031138404259156,16.031138404259156,26.39203854143555,64.62984646445138,64.62984646445138,10.922860580960883,22.1456871562485,n2_ions,N₂⁺,extraction,300,16
extraction_n2_ions,1000,0.1,100007,100007,100007,100007,1.0,1.0,17.033084554525356,17.033084554525356,26.881999163570246,57.822261009255826,57.822261009255826,10.412757790882328,21.138594446065895,n2_ions,N₂⁺,extraction,300,17
extraction_n2_ions,1000,0.1,100007,100007,100007,100007,1.0,1.0,18.035030704791556,18.035030704791556,27.425755075833266,52.06935615888237,52.06935615888237,9.955783354436107,20.231999778405694,n2_ions,N₂⁺,extraction,300,18
extraction_n2_ions,1000,0.1,100007,100007,100007,100007,1.0,1.0,19.03697685505776,19.03697685505776,28.01442321832696,47.157941261477475,47.157941261477475,9.543089662084551,19.4710074062673,n2_ions,N₂⁺,extraction,300,19
extraction_n2_ions,1000,0.1,100007,100007,100007,100007,1.0,1.0,20.038923005323955,20.038923005323955,28.640750310558847,42.92559686441009,42.92559686441009,9.167410236175575,18.7641182366588,n2_ions,N₂⁺,extraction,300,20
extraction_n2_ions,0,0.0,89666,100007,100007,100007,0.8965972381933265,1.0,2.959394100650536,3.005838450798559,53.4776325415344,1679.1253061962473,1707.0466697821323,53.56634128730115,118.1303717850013,n2_ions,N₂⁺,extraction,400,3
extraction_n2_ions,0,0.0,100006,100007,100007,100007,0.999990000699951,1.0,4.007775112211483,4.00778460106476,53.99578189893029,1247.2725526363138,1247.27574245391,50.638022060831645,111.8389981359497,n2_ions,N₂⁺,extraction,400,4
extraction_n2_ions,0,0.0,100007,100007,100007,100007,1.0,1.0,5.0097307513309595,5.0097307513309595,46.01975174813191,818.6072871462327,818.6072871462327,41.65674998448521,84.2890543859924,n2_ions,N₂⁺,extraction,400,5
extraction_n2_ions,0,0.0,100007,100007,100007,100007,1.0,1.0,6.011676901597159,6.011676901597159,40.50304323514415,573.7395222351929,573.7395222351929,35.12723321646507,70.3874334006604,n2_ions,N₂⁺,extraction,400,6
extraction_n2_ions,0,0.0,100007,100007,100007,100007,1.0,1.0,7.013623051863358,7.013623051863358,36.825177336899735,425.05213161001194,425.05213161001194,30.450031329987482,61.105698182865005,n2_ions,N₂⁺,extraction,400,7
extraction_n2_ions,0,0.0,100007,100007,100007,100007,1.0,1.0,8.015569202129559,8.015569202129559,34.31742897310353,328.13464780500124,328.13464780500124,26.949059591088172,54.28714265548561,n2_ions,N₂⁺,extraction,400,8
extraction_n2_ions,0,0.0,100007,100007,100007,100007,1.0,1.0,9.017515352395758,9.017515352395758,32.59569258937118,261.4708854441952,261.4708854441952,24.236255960107393,49.158615616945,n2_ions,N₂⁺,extraction,400,9
extraction_n2_ions,0,0.0,100007,100007,100007,100007,1.0,1.0,10.019461502661958,10.019461502661958,31.427241914351992,213.66198578638623,213.66198578638623,22.077146615937696,45.0648005349883,n2_ions,N₂⁺,extraction,400,10
extraction_n2_ions,0,0.0,100007,100007,100007,100007,1.0,1.0,11.02140765292816,11.02140765292816,30.66131380381662,178.19780167255263,178.19780167255263,20.32020034504589,41.7436658731547,n2_ions,N₂⁺,extraction,400,11
extraction_n2_ions,0,0.0,100007,100007,100007,100007,1.0,1.0,12.02335380319436,12.02335380319436,30.196091870289923,151.14533236364912,151.14533236364912,18.86323148898821,38.92273094577791,n2_ions,N₂⁺,extraction,400,12
extraction_n2_ions,0,0.0,100007,100007,100007,100007,1.0,1.0,13.025299953460559,13.025299953460559,29.96053796521297,130.01802701098688,130.01802701098688,17.635016442180543,36.59231100330619,n2_ions,N₂⁺,extraction,400,13
extraction_n2_ions,0,0.0,100007,100007,100007,100007,1.0,1.0,14.027246103726757,14.027246103726757,29.903242860215183,113.17971210521853,113.17971210521853,16.584033479572057,34.491407988529694,n2_ions,N₂⁺,extraction,400,14
extraction_n2_ions,0,0.0,100007,100007,100007,100007,1.0,1.0,15.029192253992958,15.029192253992958,29.987115639476638,99.52579708007698,99.52579708007698,15.673119540686208,32.6679785149213,n2_ions,N₂⁺,extraction,400,15
extraction_n2_ions,0,0.0,100007,100007,100007,100007,1.0,1.0,16.031138404259156,16.031138404259156,30.18369091183707,88.2816438277263,88.2816438277263,14.873776986131691,31.0036189321859,n2_ions,N₂⁺,extraction,400,16
extraction_n2_ions,0,0.0,100007,100007,100007,100007,1.0,1.0,17.033084554525356,17.033084554525356,30.47234731898468,78.90093377648839,78.90093377648839,14.165387590231417,29.479244291859303,n2_ions,N₂⁺,extraction,400,17
extraction_n2_ions,0,0.0,100007,100007,100007,100007,1.0,1.0,18.035030704791556,18.035030704791556,30.836640454861094,70.98191269875909,70.98191269875909,13.531517241671759,28.153334895798004,n2_ions,N₂⁺,extraction,400,18
extraction_n2_ions,0,0.0,100007,100007,100007,100007,1.0,1.0,19.03697685505776,19.03697685505776,31.264059836090944,64.22807084405675,64.22807084405675,12.959730528151484,26.8626038147293,n2_ions,N₂⁺,extraction,400,19
extraction_n2_ions,0,0.0,100007,100007,100007,100007,1.0,1.0,20.038923005323955,20.038923005323955,31.744743341657603,58.41541650329032,58.41541650329032,12.44022002497923,25.740943478478304,n2_ions,N₂⁺,extraction,400,20
extraction_n2_ions,200,0.02,89694,100007,100007,100007,0.8968772185946984,1.0,2.959532573142963,3.005838450798559,53.48779499718064,1679.4633967427817,1707.3055009621908,53.565458985144296,117.6901661106015,n2_ions,N₂⁺,extraction,400,3
extraction_n2_ions,200,0.02,100006,100007,100007,100007,0.999990000699951,1.0,4.007775112211483,4.00778460106476,53.97691356657506,1246.8017605595585,1246.8049492625023,50.61898793123601,111.7689630574857,n2_ions,N₂⁺,extraction,400,4
extraction_n2_ions,200,0.02,100007,100007,100007,100007,1.0,1.0,5.0097307513309595,5.0097307513309595,46.00528397771363,818.3184937731671,818.3184937731671,41.64215165240451,84.24458994403831,n2_ions,N₂⁺,extraction,400,5
extraction_n2_ions,200,0.02,100007,100007,100007,100007,1.0,1.0,6.011676901597159,6.011676901597159,40.49122354467915,573.5429100310031,573.5429100310031,35.11529334542462,70.3506561046033,n2_ions,N₂⁺,extraction,400,6
extraction_n2_ions,200,0.02,100007,100007,100007,100007,1.0,1.0,7.013623051863358,7.013623051863358,36.81509537077462,424.9083832783643,424.9083832783643,30.439827572480514,61.07626825125009,n2_ions,N₂⁺,extraction,400,7
extraction_n2_ions,200,0.02,100007,100007,100007,100007,1.0,1.0,8.015569202129559,8.015569202129559,34.3086303602022,328.02487877076976,328.02487877076976,26.940134890222108,54.2625267225699,n2_ions,N₂⁺,extraction,400,8
extraction_n2_ions,200,0.02,100007,100007,100007,100007,1.0,1.0,9.017515352395758,9.017515352395758,32.58786802935473,261.3841147572523,261.3841147572523,24.228298717934177,49.1372582337778,n2_ions,N₂⁺,extraction,400,9
extraction_n2_ions,200,0.02,100007,100007,100007,100007,1.0,1.0,10.019461502661958,10.019461502661958,31.42019291846718,213.59163274512812,213.59163274512812,22.06995779821192,45.0458459643295,n2_ions,N₂⁺,extraction,400,10
extraction_n2_ions,200,0.02,100007,100007,100007,100007,1.0,1.0,11.02140765292816,11.02140765292816,30.654895447295686,178.1395663116709,178.1395663116709,20.313636231993314,41.7264993015066,n2_ions,N₂⁺,extraction,400,11
extraction_n2_ions,200,0.02,100007,100007,100007,100007,1.0,1.0,12.02335380319436,12.02335380319436,30.19019300470332,151.09627063192968,151.09627063192968,18.857177830051654,38.9069903006678,n2_ions,N₂⁺,extraction,400,12
extraction_n2_ions,200,0.02,100007,100007,100007,100007,1.0,1.0,13.025299953460559,13.025299953460559,29.9550782058532,129.9761104380152,129.9761104380152,17.629393650801013,36.577629028417604,n2_ions,N₂⁺,extraction,400,13
extraction_n2_ions,200,0.02,100007,100007,100007,100007,1.0,1.0,14.027246103726757,14.027246103726757,29.89815611384079,113.14344877643126,113.14344877643126,16.578775355824998,34.4776588222861,n2_ions,N₂⁺,extraction,400,14
extraction_n2_ions,200,0.02,100007,100007,100007,100007,1.0,1.0,15.029192253992958,15.029192253992958,29.98234751300616,99.4940713133831,99.4940713133831,15.668171121272978,32.65498054817451,n2_ions,N₂⁺,extraction,400,15
extraction_n2_ions,200,0.02,100007,100007,100007,100007,1.0,1.0,16.031138404259156,16.031138404259156,30.17920758223162,88.25367744447644,88.25367744447644,14.869106072058413,30.9912953281041,n2_ions,N₂⁺,extraction,400,16
extraction_n2_ions,200,0.02,100007,100007,100007,100007,1.0,1.0,17.033084554525356,17.033084554525356,30.468109858408887,78.87605595378852,78.87605595378852,14.160954750888395,29.467529583240903,n2_ions,N₂⁺,extraction,400,17
extraction_n2_ions,200,0.02,100007,100007,100007,100007,1.0,1.0,18.035030704791556,18.035030704791556,30.832616071305928,70.95959843924359,70.95959843924359,13.527290243816553,28.1421040035177,n2_ions,N₂⁺,extraction,400,18
extraction_n2_ions,200,0.02,100007,100007,100007,100007,1.0,1.0,19.03697685505776,19.03697685505776,31.2602341253064,64.2079746343819,64.2079746343819,12.955695945570792,26.851878783800995,n2_ions,N₂⁺,extraction,400,19
extraction_n2_ions,200,0.02,100007,100007,100007,100007,1.0,1.0,20.038923005323955,20.038923005323955,31.741094389856514,58.39720718235964,58.39720718235964,12.436354957837967,25.7306177273521,n2_ions,N₂⁺,extraction,400,20
extraction_n2_ions,1000,0.1,90266,100007,100007,100007,0.9025968182227244,1.0,2.963316888281999,3.005838450798559,53.628037726641296,1684.1290742818853,1709.730101384212,53.69345906347101,118.7074917431351,n2_ions,N₂⁺,extraction,400,3
extraction_n2_ions,1000,0.1,100007,100007,100007,100007,1.0,1.0,4.00778460106476,4.00778460106476,53.527447423808255,1235.5869327305531,1235.5869327305531,50.162011054397716,104.1361150578443,n2_ions,N₂⁺,extraction,400,4
extraction_n2_ions,1000,0.1,100007,100007,100007,100007,1.0,1.0,5.0097307513309595,5.0097307513309595,45.659715036857236,811.4205394117558,811.4205394117558,41.29343803500219,83.191813433774,n2_ions,N₂⁺,extraction,400,5
extraction_n2_ions,1000,0.1,100007,100007,100007,100007,1.0,1.0,6.011676901597159,6.011676901597159,40.20832783100827,568.8371396061867,568.8371396061867,34.829471500884125,69.4803423156001,n2_ions,N₂⁺,extraction,400,6
extraction_n2_ions,1000,0.1,100007,100007,100007,100007,1.0,1.0,7.013623051863358,7.013623051863358,36.57409813071489,421.47225278949077,421.47225278949077,30.195903017415088,60.379646540985796,n2_ions,N₂⁺,extraction,400,7
extraction_n2_ions,1000,0.1,100007,100007,100007,100007,1.0,1.0,8.015569202129559,8.015569202129559,34.09801931328102,325.39735424181646,325.39735424181646,26.72650216054102,53.6797458060026,n2_ions,N₂⁺,extraction,400,8
extraction_n2_ions,1000,0.1,100007,100007,100007,100007,1.0,1.0,9.017515352395758,9.017515352395758,32.400783482568684,259.30943520889593,259.30943520889593,24.038058974371477,48.6315033475758,n2_ions,N₂⁺,extraction,400,9
extraction_n2_ions,1000,0.1,100007,100007,100007,100007,1.0,1.0,10.019461502661958,10.019461502661958,31.251585331751865,211.90883186136284,211.90883186136284,21.898018267387332,44.596840092730496,n2_ions,N₂⁺,extraction,400,10
extraction_n2_ions,1000,0.1,100007,100007,100007,100007,1.0,1.0,11.02140765292816,11.02140765292816,30.50129893714294,176.74594659457478,176.74594659457478,20.15651786329093,41.3196733286404,n2_ions,N₂⁺,extraction,400,11
extraction_n2_ions,1000,0.1,100007,100007,100007,100007,1.0,1.0,12.02335380319436,12.02335380319436,30.049077353099776,149.9225910254454,149.9225910254454,18.712343367565108,38.533769940748,n2_ions,N₂⁺,extraction,400,12
extraction_n2_ions,1000,0.1,100007,100007,100007,100007,1.0,1.0,13.025299953460559,13.025299953460559,29.824414850075986,128.9729599827929,128.9729599827929,17.49481058922875,36.229325730356805,n2_ions,N₂⁺,extraction,400,13
extraction_n2_ions,1000,0.1,100007,100007,100007,100007,1.0,1.0,14.027246103726757,14.027246103726757,29.77639181942706,112.27539318295752,112.27539318295752,16.452894963622615,34.151304667733896,n2_ions,N₂⁺,extraction,400,14
extraction_n2_ions,1000,0.1,100007,100007,100007,100007,1.0,1.0,15.029192253992958,15.029192253992958,29.868270364392888,98.73503418959513,98.73503418959513,15.54978182317125,32.346289114134706,n2_ions,N₂⁺,extraction,400,15
extraction_n2_ions,1000,0.1,100007,100007,100007,100007,1.0,1.0,16.031138404259156,16.031138404259156,30.071833115975267,87.58389053634379,87.58389053634379,14.757230715101828,30.698462733594205,n2_ions,N₂⁺,extraction,400,16
extraction_n2_ions,1000,0.1,100007,100007,100007,100007,1.0,1.0,17.033084554525356,17.033084554525356,30.366663607467867,78.28047239629325,78.28047239629325,14.054826958223012,29.189021147118396,n2_ions,N₂⁺,extraction,400,17
extraction_n2_ions,1000,0.1,100007,100007,100007,100007,1.0,1.0,18.035030704791556,18.035030704791556,30.736415897638693,70.42619112077601,70.42619112077601,13.426232750897311,27.8749688408396,n2_ions,N₂⁺,extraction,400,18
extraction_n2_ions,1000,0.1,100007,100007,100007,100007,1.0,1.0,19.03697685505776,19.03697685505776,31.16870382539096,63.72717192808916,63.72717192808916,12.859147089707555,26.596655651161694,n2_ions,N₂⁺,extraction,400,19
extraction_n2_ions,1000,0.1,100007,100007,100007,100007,1.0,1.0,20.038923005323955,20.038923005323955,31.65375239378838,57.96134545443679,57.96134545443679,12.343832526253852,25.4847902004954,n2_ions,N₂⁺,extraction,400,20
extraction_n2_ions,0,0.0,79656,100007,100007,100007,0.7965042447028708,1.0,2.880038441681986,3.005838450798559,53.15382161787292,1668.3525740963084,1745.5941715427343,53.22904449609106,118.61899622075269,n2_ions,N₂⁺,extraction,500,3
extraction_n2_ions,0,0.0,88720,100007,100007,100007,0.8871379003469757,1.0,3.916081543282571,4.00778460106476,57.211249053672695,1327.503090821628,1360.9309949587157,57.34226025674125,122.52465959162669,n2_ions,N₂⁺,extraction,500,4
extraction_n2_ions,0,0.0,99928,100007,100007,100007,0.9992100552961293,1.0,5.008780660276134,5.0097307513309595,58.196237847732114,1061.6639842824054,1061.8843346301323,54.275387963909495,122.82906195662,n2_ions,N₂⁺,extraction,500,5
extraction_n2_ions,0,0.0,100007,100007,100007,100007,1.0,1.0,6.011676901597159,6.011676901597159,50.95852458151618,747.6590710984103,747.6590710984103,45.75983252308295,91.66598076124711,n2_ions,N₂⁺,extraction,500,6
extraction_n2_ions,0,0.0,100007,100007,100007,100007,1.0,1.0,7.013623051863358,7.013623051863358,45.64000608385523,550.7336614238163,550.7336614238163,39.42702642737049,79.79088339040449,n2_ions,N₂⁺,extraction,500,7
extraction_n2_ions,0,0.0,100007,100007,100007,100007,1.0,1.0,8.015569202129559,8.015569202129559,41.93422589285468,423.15967631735606,423.15967631735606,34.71660373428891,71.02468561202849,n2_ions,N₂⁺,extraction,500,8
extraction_n2_ions,0,0.0,100007,100007,100007,100007,1.0,1.0,9.017515352395758,9.017515352395758,39.32322241036998,336.07602397840833,336.07602397840833,31.10896787592561,64.2683204517779,n2_ions,N₂⁺,extraction,500,9
extraction_n2_ions,0,0.0,100007,100007,100007,100007,1.0,1.0,10.019461502661958,10.019461502661958,37.467425433876706,273.9464982616322,273.9464982616322,28.26065592123345,58.879659893877104,n2_ions,N₂⁺,extraction,500,10
extraction_n2_ions,0,0.0,100007,100007,100007,100007,1.0,1.0,11.02140765292816,11.02140765292816,36.15254109678609,228.02108619202653,228.02108619202653,25.95499887594818,54.5336441252736,n2_ions,N₂⁺,extraction,500,11
extraction_n2_ions,0,0.0,100007,100007,100007,100007,1.0,1.0,12.02335380319436,12.02335380319436,35.23734651047934,193.07418784530404,193.07418784530404,24.049446610970172,50.7651810687543,n2_ions,N₂⁺,extraction,500,12
extraction_n2_ions,0,0.0,100007,100007,100007,100007,1.0,1.0,13.025299953460559,13.025299953460559,34.62543356299323,165.8321396567451,165.8321396567451,22.44682001071912,47.58681538551559,n2_ions,N₂⁺,extraction,500,13
extraction_n2_ions,0,0.0,100007,100007,100007,100007,1.0,1.0,14.027246103726757,14.027246103726757,34.24859287899337,144.15763882473135,144.15763882473135,21.0784580926143,44.79781569981619,n2_ions,N₂⁺,extraction,500,14
extraction_n2_ions,0,0.0,100007,100007,100007,100007,1.0,1.0,15.029192253992958,15.029192253992958,34.05699120201136,126.60559946568712,126.60559946568712,19.894251635722533,42.34902673323781,n2_ions,N₂⁺,extraction,500,15
extraction_n2_ions,0,0.0,100007,100007,100007,100007,1.0,1.0,16.031138404259156,16.031138404259156,34.013693414448184,112.17266395386756,112.17266395386756,18.857145392685393,40.0986505916948,n2_ions,N₂⁺,extraction,500,16
extraction_n2_ions,0,0.0,100007,100007,100007,100007,1.0,1.0,17.033084554525356,17.033084554525356,34.091150010306436,100.14666105352647,100.14666105352647,17.93950149912498,38.1272399585673,n2_ions,N₂⁺,extraction,500,17
extraction_n2_ions,0,0.0,100007,100007,100007,100007,1.0,1.0,18.035030704791556,18.035030704791556,34.26795277984951,90.00773184569728,90.00773184569728,17.119911040600492,36.3116040955324,n2_ions,N₂⁺,extraction,500,18
extraction_n2_ions,0,0.0,100007,100007,100007,100007,1.0,1.0,19.03697685505776,19.03697685505776,34.52756524398591,81.37105227825394,81.37105227825394,16.381900750771493,34.638310239305696,n2_ions,N₂⁺,extraction,500,19
extraction_n2_ions,0,0.0,100007,100007,100007,100007,1.0,1.0,20.038923005323955,20.038923005323955,34.85722534221882,73.94759854587957,73.94759854587957,15.712757255870104,33.094999882319,n2_ions,N₂⁺,extraction,500,20
extraction_n2_ions,200,0.02,79674,100007,100007,100007,0.7966842321037527,1.0,2.880189670676121,3.005838450798559,53.15968355806151,1668.5475925673454,1745.7007918364745,53.24238541336368,118.7396097736551,n2_ions,N₂⁺,extraction,500,3
extraction_n2_ions,200,0.02,88742,100007,100007,100007,0.8873578849480537,1.0,3.9163368584704097,4.00778460106476,57.21188573811849,1327.5189770158515,1360.8520105817338,57.33866055666234,122.5937011121557,n2_ions,N₂⁺,extraction,500,4
extraction_n2_ions,200,0.02,99931,100007,100007,100007,0.9992400531962763,1.0,5.00883012332626,5.0097307513309595,58.17811989796014,1061.302329122252,1061.5111406358749,54.23695798658275,123.2767456125442,n2_ions,N₂⁺,extraction,500,5
extraction_n2_ions,200,0.02,100007,100007,100007,100007,1.0,1.0,6.011676901597159,6.011676901597159,50.94242779633322,747.3913124439377,747.3913124439377,45.74356457265598,91.61189678771728,n2_ions,N₂⁺,extraction,500,6
extraction_n2_ions,200,0.02,100007,100007,100007,100007,1.0,1.0,7.013623051863358,7.013623051863358,45.62667105962685,550.5435310998771,550.5435310998771,39.413536533632225,79.74841138200479,n2_ions,N₂⁺,extraction,500,7
extraction_n2_ions,200,0.02,100007,100007,100007,100007,1.0,1.0,8.015569202129559,8.015569202129559,41.92274453978946,423.01643816700533,423.01643816700533,34.70497071195676,70.9897673613333,n2_ions,N₂⁺,extraction,500,8
extraction_n2_ions,200,0.02,100007,100007,100007,100007,1.0,1.0,9.017515352395758,9.017515352395758,39.31311570003264,335.9639453187956,335.9639453187956,31.098706433070156,64.23860227587109,n2_ions,N₂⁺,extraction,500,9
extraction_n2_ions,200,0.02,100007,100007,100007,100007,1.0,1.0,10.019461502661958,10.019461502661958,37.4583500473086,273.85592067354827,273.85592067354827,28.25141887248693,58.85365315730749,n2_ions,N₂⁺,extraction,500,10
extraction_n2_ions,200,0.02,100007,100007,100007,100007,1.0,1.0,11.02140765292816,11.02140765292816,36.14431855999848,227.94648105040997,227.94648105040997,25.946609565498907,54.510284134989504,n2_ions,N₂⁺,extraction,500,11
extraction_n2_ions,200,0.02,100007,100007,100007,100007,1.0,1.0,12.02335380319436,12.02335380319436,35.22979764485447,193.01140282085547,193.01140282085547,24.04172146209742,50.74393826649711,n2_ions,N₂⁺,extraction,500,12
extraction_n2_ions,200,0.02,100007,100007,100007,100007,1.0,1.0,13.025299953460559,13.025299953460559,34.618455286467885,165.77856487113345,165.77856487113345,22.439656463607033,47.5671740684089,n2_ions,N₂⁺,extraction,500,13
extraction_n2_ions,200,0.02,100007,100007,100007,100007,1.0,1.0,14.027246103726757,14.027246103726757,34.242096583986275,144.11132684760437,144.11132684760437,21.07176727837284,44.779480142236395,n2_ions,N₂⁺,extraction,500,14
extraction_n2_ions,200,0.02,100007,100007,100007,100007,1.0,1.0,15.029192253992958,15.029192253992958,34.05090901449496,126.5651303079732,126.5651303079732,19.887964544373254,42.331756911038,n2_ions,N₂⁺,extraction,500,15
extraction_n2_ions,200,0.02,100007,100007,100007,100007,1.0,1.0,16.031138404259156,16.031138404259156,34.00798073026718,112.13702902865546,112.13702902865546,18.851218390233072,40.082344501045895,n2_ions,N₂⁺,extraction,500,16
extraction_n2_ions,200,0.02,100007,100007,100007,100007,1.0,1.0,17.033084554525356,17.033084554525356,34.08575358867044,100.1149790547745,100.1149790547745,17.933880563303926,38.1117162805528,n2_ions,N₂⁺,extraction,500,17
extraction_n2_ions,200,0.02,100007,100007,100007,100007,1.0,1.0,18.035030704791556,18.035030704791556,34.26283036116817,89.97932923987318,89.97932923987318,17.11455439443882,36.296795116544104,n2_ions,N₂⁺,extraction,500,18
extraction_n2_ions,200,0.02,100007,100007,100007,100007,1.0,1.0,19.03697685505776,19.03697685505776,34.52270063959599,81.34549882810815,81.34549882810815,16.37679373554989,34.6241558495454,n2_ions,N₂⁺,extraction,500,19
extraction_n2_ions,200,0.02,100007,100007,100007,100007,1.0,1.0,20.038923005323955,20.038923005323955,34.85257809679493,73.92440745211341,73.92440745211341,15.70785732024429,33.08144634543309,n2_ions,N₂⁺,extraction,500,20
extraction_n2_ions,1000,0.1,80090,100007,100007,100007,0.8008439409241354,1.0,2.883489836451591,3.005838450798559,53.27721138373168,1672.457577338448,1747.6642681457954,53.355163768179395,118.73701327649741,n2_ions,N₂⁺,extraction,500,3
extraction_n2_ions,1000,0.1,89453,100007,100007,100007,0.8944673872828902,1.0,3.921810650219437,4.00778460106476,57.37770643215588,1331.6564422377435,1363.041221251858,57.499152017004924,120.87109926897571,n2_ions,N₂⁺,extraction,500,4
extraction_n2_ions,1000,0.1,99973,100007,100007,100007,0.9996600237983341,1.0,5.009390150550503,5.0097307513309595,57.72196289757318,1052.1969096290836,1052.2752503362083,53.64070567065175,122.151151188299,n2_ions,N₂⁺,extraction,500,5
extraction_n2_ions,1000,0.1,100007,100007,100007,100007,1.0,1.0,6.011676901597159,6.011676901597159,50.55733550917422,740.9855741871681,740.9855741871681,45.354363507352275,90.3336418904691,n2_ions,N₂⁺,extraction,500,6
extraction_n2_ions,1000,0.1,100007,100007,100007,100007,1.0,1.0,7.013623051863358,7.013623051863358,45.30749492945041,545.9927286427697,545.9927286427697,39.09064910792974,78.74409967287849,n2_ions,N₂⁺,extraction,500,7
extraction_n2_ions,1000,0.1,100007,100007,100007,100007,1.0,1.0,8.015569202129559,8.015569202129559,41.648081581688395,419.5898199047851,419.5898199047851,34.4266684422015,70.1638360830859,n2_ions,N₂⁺,extraction,500,8
extraction_n2_ions,1000,0.1,100007,100007,100007,100007,1.0,1.0,9.017515352395758,9.017515352395758,39.070962636449615,333.2785818442694,333.2785818442694,30.852838276034987,63.53549896721259,n2_ions,N₂⁺,extraction,500,9
extraction_n2_ions,1000,0.1,100007,100007,100007,100007,1.0,1.0,10.019461502661958,10.019461502661958,37.2413011223491,271.68964731742193,271.68964731742193,28.030520417230804,58.238171702702004,n2_ions,N₂⁺,extraction,500,10
extraction_n2_ions,1000,0.1,100007,100007,100007,100007,1.0,1.0,11.02140765292816,11.02140765292816,35.947336548052085,226.159213777939,226.159213777939,25.745594665566873,53.95721775681069,n2_ions,N₂⁺,extraction,500,11
extraction_n2_ions,1000,0.1,100007,100007,100007,100007,1.0,1.0,12.02335380319436,12.02335380319436,35.049203425799,191.50937416885415,191.50937416885415,23.856893010255007,50.240751871753794,n2_ions,N₂⁺,extraction,500,12
extraction_n2_ions,1000,0.1,100007,100007,100007,100007,1.0,1.0,13.025299953460559,13.025299953460559,34.451569748608286,164.4973234528484,164.4973234528484,22.268320086577575,47.1016686687331,n2_ions,N₂⁺,extraction,500,13
extraction_n2_ions,1000,0.1,100007,100007,100007,100007,1.0,1.0,14.027246103726757,14.027246103726757,34.086750818606106,143.0038695161265,143.0038695161265,20.911737784916312,44.344673448427095,n2_ions,N₂⁺,extraction,500,14
extraction_n2_ions,1000,0.1,100007,100007,100007,100007,1.0,1.0,15.029192253992958,15.029192253992958,33.9054949293722,125.59758606031663,125.59758606031663,19.73763394166574,41.921988648692505,n2_ions,N₂⁺,extraction,500,15
extraction_n2_ions,1000,0.1,100007,100007,100007,100007,1.0,1.0,16.031138404259156,16.031138404259156,33.87129341520221,111.28439266797972,111.28439266797972,18.70938033608441,39.695225832736796,n2_ions,N₂⁺,extraction,500,16
extraction_n2_ions,1000,0.1,100007,100007,100007,100007,1.0,1.0,17.033084554525356,17.033084554525356,33.95662714402951,99.35688709422806,99.35688709422806,17.799369288614173,37.742975455912706,n2_ions,N₂⁺,extraction,500,17
extraction_n2_ions,1000,0.1,100007,100007,100007,100007,1.0,1.0,18.035030704791556,18.035030704791556,34.14040445310545,89.30050639744687,89.30050639744687,16.986523142669476,35.944851760780004,n2_ions,N₂⁺,extraction,500,18
extraction_n2_ions,1000,0.1,100007,100007,100007,100007,1.0,1.0,19.03697685505776,19.03697685505776,34.40625592562528,80.7338223268586,80.7338223268586,16.25452377879793,34.28760741353891,n2_ions,N₂⁺,extraction,500,19
extraction_n2_ions,1000,0.1,100007,100007,100007,100007,1.0,1.0,20.038923005323955,20.038923005323955,34.741514576464674,73.37016848277986,73.37016848277986,15.590762391793145,32.7590387825058,n2_ions,N₂⁺,extraction,500,20
