family,b_gs,b_t,n_sc_on,n_sc_off,n_all_on,n_all_off,detected_frac_on,detected_frac_off,sigma_initial_mm,sigma_sc_off_mm,sigma_sc_on_mm,expansion_vs_no_sc_pct,expansion_vs_initial_pct,rms_particle_dx_mm,max_abs_particle_dx_mm,beam,power_kw,sigma_x_mm
injection_electrons,0,0.0,100030,100030,100031,100031,0.9999900030990393,0.9999900030990393,24.994306808629283,25.153487169926713,20.622598883843324,-18.01296279706489,-17.4908148413887,5.522576177824734,14.373484167891203,injection,100,25
injection_electrons,5,0.0005,100030,100030,100031,100031,0.9999900030990393,0.9999900030990393,24.994306808629283,25.152562390850953,20.663190047953577,-17.84856855987901,-17.32841320160312,5.467312545608385,14.229681924840104,injection,100,25
injection_electrons,10,0.001,100030,100030,100031,100031,0.9999900030990393,0.9999900030990393,24.994306808629283,25.150725751220534,20.784454399604982,-17.3604189191386,-16.843245308851095,5.304045379525843,13.762303263613102,injection,100,25
injection_electrons,15,0.0015,100030,100030,100031,100031,0.9999900030990393,0.9999900030990393,24.994306808629283,25.1477007789759,20.981759836447914,-16.565891964210167,-16.053843792923427,5.040143983583455,12.995602831570704,injection,100,25
injection_electrons,20,0.002,100030,100030,100031,100031,0.9999900030990393,0.9999900030990393,24.994306808629283,25.14310362187921,21.24744320016309,-15.493952060580796,-14.990868269139545,4.687422066588948,11.969245619107902,injection,100,25
injection_electrons,25,0.0025,100030,100030,100031,100031,0.9999900030990393,0.9999900030990393,24.994306808629283,25.13657533625654,21.571098544657573,-14.184417502793977,-13.69595200291711,4.26152280393372,10.735502633514798,injection,100,25
injection_electrons,30,0.003,100030,100030,100031,100031,0.9999900030990393,0.9999900030990393,24.994306808629283,25.127910478831247,21.94020154791407,-12.685929192571056,-12.219203693461832,3.7806718370507912,9.355581783851903,injection,100,25
injection_electrons,35,0.0035,100030,100030,100031,100031,0.9999900030990393,0.9999900030990393,24.994306808629283,25.117146336415583,22.34054401206668,-11.05460901950992,-10.617469077583664,3.26492693330672,7.914876270585701,injection,100,25
injection_electrons,40,0.004,100030,100030,100031,100031,0.9999900030990393,0.9999900030990393,24.994306808629283,25.104590467462543,22.756998769591842,-9.351244749096221,-8.951270608013061,2.734853560499635,6.565698775168002,injection,100,25
injection_electrons,45,0.0045000000000000005,100030,100030,100031,100031,0.9999900030990393,0.9999900030990393,24.994306808629283,25.09078309049993,23.174233382806932,-7.638461106535399,-7.281952005142111,2.2106133448080945,5.268018827001001,injection,100,25
injection_electrons,50,0.005,100030,100030,100031,100031,0.9999900030990393,0.9999900030990393,24.994306808629283,25.076409007973325,23.577680036148685,-5.976649094166964,-5.667797804224395,1.710807764090625,4.1729292314871955,injection,100,25
injection_electrons,55,0.0055000000000000005,100030,100030,100031,100031,0.9999900030990393,0.9999900030990393,24.994306808629283,25.06218577186657,23.954352975025916,-4.420335907350292,-4.160762855180778,1.2518733324200453,3.247879585731198,injection,100,25
injection_electrons,60,0.006,100030,100030,100031,100031,0.9999900030990393,0.9999900030990393,24.994306808629283,25.048757731134252,24.293253696760242,-3.0161337439699065,-2.8048511896597295,0.8483597946113303,2.4427714680500046,injection,100,25
injection_electrons,65,0.006500000000000001,100030,100030,100031,100031,0.9999900030990393,0.9999900030990393,24.994306808629283,25.036619686464082,24.586221835347466,-1.7989563158165578,-1.632711706735257,0.5148365503317784,1.8103915420229022,injection,100,25
injection_electrons,70,0.007,100030,100030,100031,100031,0.9999900030990393,0.9999900030990393,24.994306808629283,25.02608212034327,24.828051629569377,-0.7912964155620483,-0.6651721943434996,0.27846125923951154,1.6094312147170005,injection,100,25
injection_electrons,75,0.007500000000000001,100030,100030,100031,100031,0.9999900030990393,0.9999900030990393,24.994306808629283,25.01727683288973,25.016554055456268,-0.00288911314485496,0.08900925717734154,0.2115548522407178,1.7768170648724997,injection,100,25
injection_electrons,80,0.008,100030,100030,100031,100031,0.9999900030990393,0.9999900030990393,24.994306808629283,25.010191538796892,25.15262551577632,0.5695037431380001,0.6334190756287716,0.2821695743382036,1.7471829564460997,injection,100,25
injection_electrons,85,0.0085,100030,100030,100031,100031,0.9999900030990393,0.9999900030990393,24.994306808629283,25.00471718792093,25.239676607435015,0.9396603758733413,0.9817027560893088,0.35343505170645384,1.6252094071007974,injection,100,25
injection_electrons,90,0.009000000000000001,100030,100030,100031,100031,0.9999900030990393,0.9999900030990393,24.994306808629283,25.000692827456323,25.283355005819548,1.1306173805423425,1.156456145807061,0.388950225233416,1.5352615611308948,injection,100,25
injection_electrons,95,0.0095,100030,100030,100031,100031,0.9999900030990393,0.9999900030990393,24.994306808629283,24.99793811376982,25.290778022582167,1.1714562516299765,1.1861549761025048,0.3881948044770919,1.5444409542410007,injection,100,25
injection_electrons,100,0.01,100030,100030,100031,100031,0.9999900030990393,0.9999900030990393,24.994306808629283,24.996270446861736,25.269991897686147,1.0950491650596472,1.1029915379036748,0.35848811822093285,1.6317967686919008,injection,100,25
injection_electrons,105,0.0105,100030,100030,100031,100031,0.9999900030990393,0.9999900030990393,24.994306808629283,24.995509557243548,25.229312720764444,0.9353806650168606,0.9402377666822392,0.3093139576300852,1.605232987995299,injection,100,25
injection_electrons,110,0.011000000000000001,100030,100030,100031,100031,0.9999900030990393,0.9999900030990393,24.994306808629283,24.995475579876913,25.176713012494282,0.725080953303725,0.7297910090550142,0.25082215305250055,1.4709512398729991,injection,100,25
injection_electrons,115,0.0115,100030,100030,100031,100031,0.9999900030990393,0.9999900030990393,24.994306808629283,24.995986841572563,25.119396631917247,0.49371841618763845,0.5004732647547527,0.19359901904836602,1.3615437942456006,injection,100,25
injection_electrons,120,0.012,100030,100030,100031,100031,0.9999900030990393,0.9999900030990393,24.994306808629283,24.996861507537865,25.063397029280154,0.26617550256149425,0.2764238319544754,0.14898558490449937,1.2795592813339995,injection,100,25
injection_electrons,125,0.0125,100030,100030,100031,100031,0.9999900030990393,0.9999900030990393,24.994306808629283,24.997924202094595,25.013403395600918,0.06192191552059079,0.07640374713269171,0.12716991045811904,1.2564564988580997,injection,100,25
injection_electrons,130,0.013000000000000001,100030,100030,100031,100031,0.9999900030990393,0.9999900030990393,24.994306808629283,24.999016047059996,24.972627114771367,-0.10555988379283843,-0.08673852819327532,0.12805092270228602,1.299130508619502,injection,100,25
injection_electrons,135,0.0135,100030,100030,100031,100031,0.9999900030990393,0.9999900030990393,24.994306808629283,25.000005101059248,24.942893309391994,-0.2284471200561189,-0.20570084071920292,0.1390878457734655,1.2540529132506002,injection,100,25
injection_electrons,140,0.014,100030,100030,100031,100031,0.9999900030990393,0.9999900030990393,24.994306808629283,25.00079415472874,24.924714289851238,-0.3043097927475702,-0.27843348211609165,0.14898536757186082,1.2911232834544002,injection,100,25
injection_electrons,145,0.0145,100030,100030,100031,100031,0.9999900030990393,0.9999900030990393,24.994306808629283,25.001323915566502,24.917528072655706,-0.335165622403788,-0.307184898390811,0.15296639911584112,1.232003804990999,injection,100,25
injection_electrons,150,0.015000000000000001,100030,100030,100031,100031,0.9999900030990393,0.9999900030990393,24.994306808629283,25.00157118057097,24.91983961305366,-0.32690572495229775,-0.29793663071269183,0.15052782073441434,1.0974570899541014,injection,100,25
injection_electrons,155,0.0155,100030,100030,100031,100031,0.9999900030990393,0.9999900030990393,24.994306808629283,25.001543009715252,24.9296406374256,-0.28759173888472933,-0.25872360333416555,0.14324954725733816,1.2303853926014003,injection,100,25
injection_electrons,160,0.016,100030,100030,100031,100031,0.9999900030990393,0.9999900030990393,24.994306808629283,25.001268743836068,24.944599900551065,-0.2266638700044954,-0.1988729211768181,0.1336498136421871,1.2841680658818007,injection,100,25
injection_electrons,165,0.0165,100030,100030,100031,100031,0.9999900030990393,0.9999900030990393,24.994306808629283,25.000791815386975,24.96229736396476,-0.15397292896349724,-0.12806694304269284,0.12433672959370959,1.3192383342179,injection,100,25
injection_electrons,170,0.017,100030,100030,100031,100031,0.9999900030990393,0.9999900030990393,24.994306808629283,25.000162807849524,24.980476174057827,-0.07874602234796413,-0.05533513962739933,0.11724793906307346,1.4078542247066999,injection,100,25
injection_electrons,175,0.0175,100030,100030,100031,100031,0.9999900030990393,0.9999900030990393,24.994306808629283,24.999434423534012,24.997205837631714,-0.008914545283467135,0.011598757367536905,0.11304541042762305,1.4014301041865997,injection,100,25
injection_electrons,180,0.018000000000000002,100030,100030,100031,100031,0.9999900030990393,0.9999900030990393,24.994306808629283,24.998658248742252,25.01101094136324,0.04941342250481817,0.06683175037360822,0.11109310520957379,1.3015434243443003,injection,100,25
injection_electrons,185,0.018500000000000003,100030,100030,100031,100031,0.9999900030990393,0.9999900030990393,24.994306808629283,24.997882709583518,25.020913801960873,0.09213217233203785,0.10645221543974515,0.11011804631195683,1.1610245514826998,injection,100,25
injection_electrons,190,0.019,100030,100030,100031,100031,0.9999900030990393,0.9999900030990393,24.994306808629283,24.997151496174286,25.026469495272394,0.11728535990429556,0.1286800505785779,0.10898272263994087,1.113334116011,injection,100,25
injection_electrons,195,0.0195,100030,100030,100031,100031,0.9999900030990393,0.9999900030990393,24.994306808629283,24.99650195013306,25.027706210041654,0.1248345067275558,0.1336280364488518,0.10711187255718714,1.1145877072867005,injection,100,25
injection_electrons,200,0.02,100030,100030,100031,100031,0.9999900030990393,0.9999900030990393,24.994306808629283,24.99596330322225,25.025058863354577,0.11640103555670134,0.12303623765503868,0.10455571155367793,1.0979941221849998,injection,100,25
injection_electrons,205,0.0205,100030,100030,100031,100031,0.9999900030990393,0.9999900030990393,24.994306808629283,24.995555029592634,25.019274715196833,0.09489561474476105,0.09989437498194587,0.10178068290540863,1.0873292268754007,injection,100,25
injection_electrons,210,0.021,100030,100030,100031,100031,0.9999900030990393,0.9999900030990393,24.994306808629283,24.995285774133265,25.011302088084697,0.06407733880764432,0.06799660252849726,0.09941446323691483,1.1306764497382016,injection,100,25
injection_electrons,215,0.021500000000000002,100030,100030,100031,100031,0.9999900030990393,0.9999900030990393,24.994306808629283,24.995153278792984,25.002152069711194,0.028000592115384748,0.03138819228707401,0.09788354048104785,1.2521546386977995,injection,100,25
injection_electrons,220,0.022000000000000002,100030,100030,100031,100031,0.9999900030990393,0.9999900030990393,24.994306808629283,24.99514548506156,24.992812549914465,-0.009333552983270543,-0.005978396305439393,0.09728636671637132,1.290916337684699,injection,100,25
injection_electrons,225,0.022500000000000003,100030,100030,100031,100031,0.9999900030990393,0.9999900030990393,24.994306808629283,24.995242659301944,24.98416292282778,-0.044327381114817044,-0.040584785484021335,0.09736298561845468,1.2457330722575009,injection,100,25
injection_electrons,230,0.023,100030,100030,100031,100031,0.9999900030990393,0.9999900030990393,24.994306808629283,24.995420108175107,24.97690709372179,-0.0740656263155337,-0.06961471282527221,0.09765363261058975,1.2662590727693006,injection,100,25
injection_electrons,235,0.0235,100030,100030,100031,100031,0.9999900030990393,0.9999900030990393,24.994306808629283,24.9956509310778,24.971538199269524,-0.0964677090217192,-0.0910951823312689,0.09772456665537098,1.2655128769592001,injection,100,25
injection_electrons,240,0.024,100030,100030,100031,100031,0.9999900030990393,0.9999900030990393,24.994306808629283,24.995908330256807,24.968318348012566,-0.11037799418892602,-0.10397752102387914,0.09728853402777222,1.1797296254687009,injection,100,25
injection_electrons,245,0.0245,100030,100030,100031,100031,0.9999900030990393,0.9999900030990393,24.994306808629283,24.996167222497043,24.967293288212144,-0.11551344663317531,-0.10807869417611693,0.09628884651922033,1.0623025392537997,injection,100,25
injection_electrons,250,0.025,100030,100030,100031,100031,0.9999900030990393,0.9999900030990393,24.994306808629283,24.99640516980289,24.968298098789866,-0.11244445280067517,-0.10405853636411555,0.0948896656257637,1.1412881959223,injection,100,25
injection_electrons,255,0.025500000000000002,100030,100030,100031,100031,0.9999900030990393,0.9999900030990393,24.994306808629283,24.996602860893336,24.971027151151105,-0.10231674233719401,-0.09313984043014534,0.0933694542888784,1.1888768981017002,injection,100,25
injection_electrons,260,0.026000000000000002,100030,100030,100031,100031,0.9999900030990393,0.9999900030990393,24.994306808629283,24.996744455421346,24.975049181677637,-0.08679239723556886,-0.07704805377918289,0.09201209345488615,1.1591019065245014,injection,100,25
injection_electrons,265,0.026500000000000003,100030,100030,100031,100031,0.9999900030990393,0.9999900030990393,24.994306808629283,24.996818034206985,24.979883276972455,-0.06774765176653652,-0.057707268168161185,0.09103466703192635,1.0549067650440023,injection,100,25
injection_electrons,270,0.027,100030,100030,100031,100031,0.9999900030990393,0.9999900030990393,24.994306808629283,24.99681622756116,24.985022600637667,-0.04718051617504937,-0.037145290976470235,0.09049811946432008,1.0326777902483997,injection,100,25
injection_electrons,275,0.0275,100030,100030,100031,100031,0.9999900030990393,0.9999900030990393,24.994306808629283,24.996736902234186,24.990016734503126,-0.02688417995254655,-0.017164205268838106,0.09033429026329227,1.1093145426203002,injection,100,25
injection_electrons,280,0.028,100030,100030,100031,100031,0.9999900030990393,0.9999900030990393,24.994306808629283,24.996583657805395,24.99446750646016,-0.00846576225856932,0.0006429377382266566,0.09037083889651253,1.1718253954093,injection,100,25
injection_electrons,285,0.0285,100030,100030,100031,100031,0.9999900030990393,0.9999900030990393,24.994306808629283,24.996365865100223,24.99807015250449,0.006818140738795719,0.015056804351565312,0.09040006813004148,1.1613166592705007,injection,100,25
injection_electrons,290,0.029,100030,100030,100031,100031,0.9999900030990393,0.9999900030990393,24.994306808629283,24.99609807360356,25.00063119242512,0.01813530579137801,0.025303297443945993,0.09025938352225844,1.2729975924623993,injection,100,25
injection_electrons,295,0.029500000000000002,100030,100030,100031,100031,0.9999900030990393,0.9999900030990393,24.994306808629283,24.995798779193194,25.00206391218558,0.02506474407051318,0.03103548186269567,0.08987591350476057,1.3088500332092003,injection,100,25
injection_electrons,300,0.030000000000000002,100030,100030,100031,100031,0.9999900030990393,0.9999900030990393,24.994306808629283,24.995488712704805,25.002393003030946,0.027622145761974082,0.032352145084790784,0.08926223460813734,1.2679039829592003,injection,100,25
injection_electrons,0,0.0,100030,100030,100031,100031,0.9999900030990393,0.9999900030990393,24.994306808629283,25.153487169926713,16.636826126511533,-33.85876871019945,-33.437537380441896,10.939021246949373,28.070056001684296,injection,200,25
injection_electrons,5,0.0005,100030,100030,100031,100031,0.9999900030990393,0.9999900030990393,24.994306808629283,25.152562390850953,16.705415680829294,-33.58364280648497,-33.163116669986024,10.82702902157796,27.730188151197908,injection,200,25
injection_electrons,10,0.001,100030,100030,100031,100031,0.9999900030990393,0.9999900030990393,24.994306808629283,25.150725751220534,16.911719206284413,-32.758524053868676,-32.33771460128815,10.495838993897971,26.776303916423394,injection,200,25
injection_electrons,15,0.0015,100030,100030,100031,100031,0.9999900030990393,0.9999900030990393,24.994306808629283,25.1477007789759,17.253575625533596,-31.39104136328037,-30.969977452718155,9.96055228528761,25.2571221029521,injection,200,25
injection_electrons,20,0.002,100030,100030,100031,100031,0.9999900030990393,0.9999900030990393,24.994306808629283,25.14310362187921,17.72496755123097,-29.503661052381258,-29.083980256210072,9.245871961621726,23.248807725530405,injection,200,25
injection_electrons,25,0.0025,100030,100030,100031,100031,0.9999900030990393,0.9999900030990393,24.994306808629283,25.13657533625654,18.31463182142182,-27.139510548180656,-26.72478592165359,8.383806740616945,20.890671932036902,injection,200,25
injection_electrons,30,0.003,100030,100030,100031,100031,0.9999900030990393,0.9999900030990393,24.994306808629283,25.127910478831247,19.004875461487252,-24.367465900128394,-23.963182467913768,7.41188764806807,18.277782559240904,injection,200,25
injection_electrons,35,0.0035,100030,100030,100031,100031,0.9999900030990393,0.9999900030990393,24.994306808629283,25.117146336415583,19.771038613917312,-21.284693933352315,-20.897831793073117,6.371423735210225,15.655089600493795,injection,200,25
injection_electrons,40,0.004,100030,100030,100031,100031,0.9999900030990393,0.9999900030990393,24.994306808629283,25.104590467462543,20.583692869729052,-18.008250736425747,-17.646474345819684,5.304549003529381,12.960114498609897,injection,200,25
injection_electrons,45,0.0045000000000000005,100030,100030,100031,100031,0.9999900030990393,0.9999900030990393,24.994306808629283,25.09078309049993,21.410310604408583,-14.668623425646988,-14.339250260716675,4.25239148328558,10.4452605396446,injection,200,25
injection_electrons,50,0.005,100030,100030,100031,100031,0.9999900030990393,0.9999900030990393,24.994306808629283,25.076409007973325,22.2181314289662,-11.398273086462673,-11.107230942306467,3.2532181915235427,8.180740734673705,injection,200,25
injection_electrons,55,0.0055000000000000005,100030,100030,100031,100031,0.9999900030990393,0.9999900030990393,24.994306808629283,25.06218577186657,22.977054515217095,-8.319830024522956,-8.070847128737856,2.3408989496380532,6.1019375019251,injection,200,25
injection_electrons,60,0.006,100030,100030,100031,100031,0.9999900030990393,0.9999900030990393,24.994306808629283,25.048757731134252,23.661555089467257,-5.538009735080706,-5.332221170870377,1.5458566095307351,4.627121678526898,injection,200,25
injection_electrons,65,0.006500000000000001,100030,100030,100031,100031,0.9999900030990393,0.9999900030990393,24.994306808629283,25.036619686464082,24.25203912365228,-3.1337319999152236,-2.969747033435366,0.9025271710529671,4.0311269982978,injection,200,25
injection_electrons,70,0.007,100030,100030,100031,100031,0.9999900030990393,0.9999900030990393,24.994306808629283,25.02608212034327,24.736687093143257,-1.15637368169893,-1.0307135839313752,0.4891431839985068,3.9910914261894,injection,200,25
injection_electrons,75,0.007500000000000001,100030,100030,100031,100031,0.9999900030990393,0.9999900030990393,24.994306808629283,25.01727683288973,25.10996674586585,0.370503606748529,0.4627451288092388,0.46276459859020735,3.714411155916201,injection,200,25
injection_electrons,80,0.008,100030,100030,100031,100031,0.9999900030990393,0.9999900030990393,24.994306808629283,25.010191538796892,25.3738955145634,1.4542230722316418,1.518700673879314,0.6319778418999582,3.461819196583699,injection,200,25
injection_electrons,85,0.0085,100030,100030,100031,100031,0.9999900030990393,0.9999900030990393,24.994306808629283,25.00471718792093,25.535920739804908,2.124413357254795,2.1669491989617207,0.7625328378940117,3.1616905024251025,injection,200,25
injection_electrons,90,0.009000000000000001,100030,100030,100031,100031,0.9999900030990393,0.9999900030990393,24.994306808629283,25.000692827456323,25.608563979853646,2.4314172274847667,2.457588345727957,0.81301273874383,2.9521188940756,injection,200,25
injection_electrons,95,0.0095,100030,100030,100031,100031,0.9999900030990393,0.9999900030990393,24.994306808629283,24.99793811376982,25.607376528087894,2.437954728683689,2.4528374567561517,0.7893473431469855,2.8090322399914,injection,200,25
injection_electrons,100,0.01,100030,100030,100031,100031,0.9999900030990393,0.9999900030990393,24.994306808629283,24.996270446861736,25.549779244320508,2.2143655335920887,2.2223958437584956,0.70867318216498,2.6469009293486003,injection,200,25
injection_electrons,105,0.0105,100030,100030,100031,100031,0.9999900030990393,0.9999900030990393,24.994306808629283,24.995509557243548,25.453616304243212,1.8327561834677875,1.8376564676534812,0.591747552348472,2.4833782255455983,injection,200,25
injection_electrons,110,0.011000000000000001,100030,100030,100031,100031,0.9999900030990393,0.9999900030990393,24.994306808629283,24.995475579876913,25.335843796216874,1.361719304968867,1.3664591308836682,0.46062382253130396,2.3925129177702003,injection,200,25
injection_electrons,115,0.0115,100030,100030,100031,100031,0.9999900030990393,0.9999900030990393,24.994306808629283,24.995986841572563,25.211521368630745,0.8622765263250676,0.8690561481243808,0.3393659086440881,2.8977300764012006,injection,200,25
injection_electrons,120,0.012,100030,100030,100031,100031,0.9999900030990393,0.9999900030990393,24.994306808629283,24.996861507537865,25.093034245653943,0.3847392525140769,0.3949997004540906,0.25646108026887415,3.1378958287237,injection,200,25
injection_electrons,125,0.0125,100030,100030,100031,100031,0.9999900030990393,0.9999900030990393,24.994306808629283,24.997924202094595,24.989944942798353,-0.031919687537784736,-0.01745143749865008,0.23472915064694902,3.0986851308339998,injection,200,25
injection_electrons,130,0.013000000000000001,100030,100030,100031,100031,0.9999900030990393,0.9999900030990393,24.994306808629283,24.999016047059996,24.90853529723039,-0.3619372444870539,-0.3431641935725982,0.25823792227802234,2.7889095341991,injection,200,25
injection_electrons,135,0.0135,100030,100030,100031,100031,0.9999900030990393,0.9999900030990393,24.994306808629283,25.000005101059248,24.852098250036057,-0.5916272833757286,-0.5689638031654787,0.2899977254889376,2.6070156066679004,injection,200,25
injection_electrons,140,0.014,100030,100030,100031,100031,0.9999900030990393,0.9999900030990393,24.994306808629283,25.00079415472874,24.821118395567503,-0.7186802069135578,-0.692911447346023,0.30937600103414603,2.547156934593099,injection,200,25
injection_electrons,145,0.0145,100030,100030,100031,100031,0.9999900030990393,0.9999900030990393,24.994306808629283,25.001323915566502,24.81379592073373,-0.7500722580375485,-0.7222080183205137,0.3109726082737672,2.293463890214399,injection,200,25
injection_electrons,150,0.015000000000000001,100030,100030,100031,100031,0.9999900030990393,0.9999900030990393,24.994306808629283,25.00157118057097,24.826567631480835,-0.6999702051770806,-0.6711095387952004,0.2967486326442343,1.9367823203089998,injection,200,25
injection_electrons,155,0.0155,100030,100030,100031,100031,0.9999900030990393,0.9999900030990393,24.994306808629283,25.001543009715252,24.854644578503763,-0.5875574605711642,-0.5587761692886883,0.2724661175857752,2.1302461019734,injection,200,25
injection_electrons,160,0.016,100030,100030,100031,100031,0.9999900030990393,0.9999900030990393,24.994306808629283,25.001268743836068,24.89262155017782,-0.4345667204790682,-0.40683368108593854,0.24537148865678296,2.1718548651153,injection,200,25
injection_electrons,165,0.0165,100030,100030,100031,100031,0.9999900030990393,0.9999900030990393,24.994306808629283,25.000791815386975,24.935074368416764,-0.26286146237082253,-0.23698372859881633,0.2228171691131318,2.6152433110735003,injection,200,25
injection_electrons,170,0.017,100030,100030,100031,100031,0.9999900030990393,0.9999900030990393,24.994306808629283,25.000162807849524,24.97702527060646,-0.09254954626054523,-0.06914189761347833,0.2095755054844693,3.0459826130925993,injection,200,25
injection_electrons,175,0.0175,100030,100030,100031,100031,0.9999900030990393,0.9999900030990393,24.994306808629283,24.999434423534012,25.014256690413752,0.0592904088493551,0.07981770383638231,0.2056919222824525,3.237027995346,injection,200,25
injection_electrons,180,0.018000000000000002,100030,100030,100031,100031,0.9999900030990393,0.9999900030990393,24.994306808629283,24.998658248742252,25.043658070783394,0.18000894925391808,0.19745001344495527,0.20706619695134587,3.1768691895515997,injection,200,25
injection_electrons,185,0.018500000000000003,100030,100030,100031,100031,0.9999900030990393,0.9999900030990393,24.994306808629283,24.997882709583518,25.06330927225187,0.26172841687617243,0.27607272388432413,0.20875763020688323,2.8742311812214005,injection,200,25
injection_electrons,190,0.019,100030,100030,100031,100031,0.9999900030990393,0.9999900030990393,24.994306808629283,24.997151496174286,25.07250756792093,0.30145863522961225,0.3128742872942958,0.2073910753067305,2.356850291393701,injection,200,25
injection_electrons,195,0.0195,100030,100030,100031,100031,0.9999900030990393,0.9999900030990393,24.994306808629283,24.99650195013306,25.071642040908216,0.3006024239913918,0.30941139064610823,0.20204082351596594,2.175229399909302,injection,200,25
injection_electrons,200,0.02,100030,100030,100031,100031,0.9999900030990393,0.9999900030990393,24.994306808629283,24.99596330322225,25.061995672849953,0.26417213382285976,0.2708171294324657,0.19368639300091653,1.9820790878604004,injection,200,25
injection_electrons,205,0.0205,100030,100030,100031,100031,0.9999900030990393,0.9999900030990393,24.994306808629283,24.995555029592634,25.045548371332742,0.20000892831113504,0.20501293792940523,0.18462822165066134,1.9620077039182,injection,200,25
injection_electrons,210,0.021,100030,100030,100031,100031,0.9999900030990393,0.9999900030990393,24.994306808629283,24.995285774133265,25.024645365255484,0.11746051390459922,0.12138186851307076,0.17742271803383794,2.127999757144801,injection,200,25
injection_electrons,215,0.021500000000000002,100030,100030,100031,100031,0.9999900030990393,0.9999900030990393,24.994306808629283,24.995153278792984,25.001777366853908,0.02650149005705149,0.029889039459352063,0.17384106270871766,2.1840864915025016,injection,200,25
injection_electrons,220,0.022000000000000002,100030,100030,100031,100031,0.9999900030990393,0.9999900030990393,24.994306808629283,24.99514548506156,24.97930709502813,-0.06336586455516491,-0.060012520915264655,0.1740627655344429,2.198659929191999,injection,200,25
injection_electrons,225,0.022500000000000003,100030,100030,100031,100031,0.9999900030990393,0.9999900030990393,24.994306808629283,24.995242659301944,24.959275818917007,-0.14389474379258305,-0.14015587621810655,0.17668218463805352,2.6384289941795,injection,200,25
injection_electrons,230,0.023,100030,100030,100031,100031,0.9999900030990393,0.9999900030990393,24.994306808629283,24.995420108175107,24.943266298337807,-0.20865346376092164,-0.20420854509897168,0.17978120140480472,2.8682014330336,injection,200,25
injection_electrons,235,0.0235,100030,100030,100031,100031,0.9999900030990393,0.9999900030990393,24.994306808629283,24.9956509310778,24.932318861339496,-0.25337235630684685,-0.24800826750027705,0.18156796795507,2.8749053656057004,injection,200,25
injection_electrons,240,0.024,100030,100030,100031,100031,0.9999900030990393,0.9999900030990393,24.994306808629283,24.995908330256807,24.926895531692168,-0.2760963820670703,-0.2697065273834287,0.18109967941634414,2.6624738771005,injection,200,25
injection_electrons,245,0.0245,100030,100030,100031,100031,0.9999900030990393,0.9999900030990393,24.994306808629283,24.996167222497043,24.92693177882415,-0.2769842394500288,-0.26956150583007377,0.1782789835267402,2.2510153332944998,injection,200,25
injection_electrons,250,0.025,100030,100030,100031,100031,0.9999900030990393,0.9999900030990393,24.994306808629283,24.99640516980289,24.931871003353006,-0.2581737894369107,-0.24980010749776627,0.17375460299742887,2.3045165346077,injection,200,25
injection_electrons,255,0.025500000000000002,100030,100030,100031,100031,0.9999900030990393,0.9999900030990393,24.994306808629283,24.996602860893336,24.940802660967243,-0.22323113359292712,-0.21406533924583915,0.16859418023572162,2.2120901093675,injection,200,25
injection_electrons,260,0.026000000000000002,100030,100030,100031,100031,0.9999900030990393,0.9999900030990393,24.994306808629283,24.996744455421346,24.952559804921854,-0.1767616202113409,-0.16702605128066095,0.16394770361562738,1.971729193979101,injection,200,25
injection_electrons,265,0.026500000000000003,100030,100030,100031,100031,0.9999900030990393,0.9999900030990393,24.994306808629283,24.996818034206985,24.96584997361877,-0.1238880106493423,-0.11385326757966663,0.16067582837509176,1.9617015035844982,injection,200,25
injection_electrons,270,0.027,100030,100030,100031,100031,0.9999900030990393,0.9999900030990393,24.994306808629283,24.99681622756116,24.979408850865422,-0.06963837529254668,-0.05960540485450139,0.15905997796381338,1.949099178561701,injection,200,25
injection_electrons,275,0.0275,100030,100030,100031,100031,0.9999900030990393,0.9999900030990393,24.994306808629283,24.996736902234186,24.992058143380547,-0.018717478493046613,-0.008996709794562019,0.1587959955772719,1.9123353500707,injection,200,25
injection_electrons,280,0.028,100030,100030,100031,100031,0.9999900030990393,0.9999900030990393,24.994306808629283,24.996583657805395,25.002837602795985,0.02501919892816673,0.03413094922783966,0.15923054737933143,2.4047816905842,injection,200,25
injection_electrons,285,0.0285,100030,100030,100031,100031,0.9999900030990393,0.9999900030990393,24.994306808629283,24.996365865100223,25.011051383000165,0.058750611905722394,0.06699355376842409,0.15960916602398822,2.7273834285804,injection,200,25
injection_electrons,290,0.029,100030,100030,100031,100031,0.9999900030990393,0.9999900030990393,24.994306808629283,24.99609807360356,25.016284028185467,0.0807564225522972,0.08792890206739123,0.15939850497362776,2.861439521795899,injection,200,25
injection_electrons,295,0.029500000000000002,100030,100030,100031,100031,0.9999900030990393,0.9999900030990393,24.994306808629283,24.995798779193194,25.01842189495001,0.09050767273597327,0.09648231697467757,0.1583728089047259,2.801859595451699,injection,200,25
injection_electrons,300,0.030000000000000002,100030,100030,100031,100031,0.9999900030990393,0.9999900030990393,24.994306808629283,24.995488712704805,25.017629393873786,0.08857870883607344,0.09331159060770311,0.15662395131732584,2.5570147221571,injection,200,25
injection_electrons,0,0.0,100030,100030,100031,100031,0.9999900030990393,0.9999900030990393,24.994306808629283,25.153487169926713,13.573422010539518,-46.03761331841184,-45.69394496728633,16.304746357181912,41.726066720956595,injection,300,25
injection_electrons,5,0.0005,100030,100030,100031,100031,0.9999900030990393,0.9999900030990393,24.994306808629283,25.152562390850953,13.637788478111231,-45.779725078539634,-45.436420451545445,16.1316330735562,41.366398381537,injection,300,25
injection_electrons,10,0.001,100030,100030,100031,100031,0.9999900030990393,0.9999900030990393,24.994306808629283,25.150725751220534,13.8399414097988,-44.97199982737212,-44.62762453959891,15.61962221869818,40.077559951011295,injection,300,25
injection_electrons,15,0.0015,100030,100030,100031,100031,0.9999900030990393,0.9999900030990393,24.994306808629283,25.1477007789759,14.19967483765808,-43.53489823002285,-43.18836306852229,14.793339630821825,37.915526419592304,injection,300,25
injection_electrons,20,0.002,100030,100030,100031,100031,0.9999900030990393,0.9999900030990393,24.994306808629283,25.14310362187921,14.738447670837369,-41.38174867953788,-41.03278085012175,13.69215495391276,34.9797182565369,injection,300,25
injection_electrons,25,0.0025,100030,100030,100031,100031,0.9999900030990393,0.9999900030990393,24.994306808629283,25.13657533625654,15.46780386800625,-38.46495132654062,-38.114691531809186,12.366477845577535,31.407146441006503,injection,300,25
injection_electrons,30,0.003,100030,100030,100031,100031,0.9999900030990393,0.9999900030990393,24.994306808629283,25.127910478831247,16.37958372044231,-34.81517799006358,-34.46674138293262,10.876396665944775,27.364032093262097,injection,300,25
injection_electrons,35,0.0035,100030,100030,100031,100031,0.9999900030990393,0.9999900030990393,24.994306808629283,25.117146336415583,17.44386178216467,-30.54998546202662,-30.208659453031206,9.287177741767664,23.035496346440702,injection,300,25
injection_electrons,40,0.004,100030,100030,100031,100031,0.9999900030990393,0.9999900030990393,24.994306808629283,25.104590467462543,18.613040932098738,-25.8580180536199,-25.530877593002156,7.665385524055324,18.9390419338976,injection,300,25
injection_electrons,45,0.0045000000000000005,100030,100030,100031,100031,0.9999900030990393,0.9999900030990393,24.994306808629283,25.09078309049993,19.82937863443208,-20.969470889332133,-20.66441855636506,6.075579216517613,15.395049763047197,injection,300,25
injection_electrons,50,0.005,100030,100030,100031,100031,0.9999900030990393,0.9999900030990393,24.994306808629283,25.076409007973325,21.033512877715125,-16.122308935751985,-15.84678447472163,4.577175460025067,12.017971605227999,injection,300,25
injection_electrons,55,0.0055000000000000005,100030,100030,100031,100031,0.9999900030990393,0.9999900030990393,24.994306808629283,25.06218577186657,22.170180355780317,-11.539318407465714,-11.299078924140982,3.224287444203758,9.421049844445996,injection,300,25
injection_electrons,60,0.006,100030,100030,100031,100031,0.9999900030990393,0.9999900030990393,24.994306808629283,25.048757731134252,23.194079241606065,-7.404273335371525,-7.202550488024295,2.067131062199832,7.023794579124903,injection,300,25
injection_electrons,65,0.006500000000000001,100030,100030,100031,100031,0.9999900030990393,0.9999900030990393,24.994306808629283,25.036619686464082,24.07160742282301,-3.854403173136034,-3.691638231341987,1.1752521402796308,6.565109581867899,injection,300,25
injection_electrons,70,0.007,100030,100030,100031,100031,0.9999900030990393,0.9999900030990393,24.994306808629283,25.02608212034327,24.78223037886281,-0.9743903992156855,-0.8484989457409275,0.7250838757354051,6.933262592589498,injection,300,25
injection_electrons,75,0.007500000000000001,100030,100030,100031,100031,0.9999900030990393,0.9999900030990393,24.994306808629283,25.01727683288973,25.318150895361118,1.2026651201134442,1.2956714071383102,0.8354419602176503,6.522453124940698,injection,300,25
injection_electrons,80,0.008,100030,100030,100031,100031,0.9999900030990393,0.9999900030990393,24.994306808629283,25.010191538796892,25.68405067082046,2.694338150022757,2.7596038868861417,1.0828828743719157,5.454155934768201,injection,300,25
injection_electrons,85,0.0085,100030,100030,100031,100031,0.9999900030990393,0.9999900030990393,24.994306808629283,25.00471718792093,25.893162652029034,3.553111428659883,3.596242337432698,1.2362140303572322,4.867460463397698,injection,300,25
injection_electrons,90,0.009000000000000001,100030,100030,100031,100031,0.9999900030990393,0.9999900030990393,24.994306808629283,25.000692827456323,25.967057823365753,3.8653528627340616,3.8918903500081425,1.2655813699807297,4.598408413601998,injection,300,25
injection_electrons,95,0.0095,100030,100030,100031,100031,0.9999900030990393,0.9999900030990393,24.994306808629283,24.99793811376982,25.931784298099252,3.7356928402628276,3.7507641105946066,1.1876804930050195,4.5398834316041,injection,300,25
injection_electrons,100,0.01,100030,100030,100031,100031,0.9999900030990393,0.9999900030990393,24.994306808629283,24.996270446861736,25.815660616103955,3.278049703391228,3.2861635802241995,1.0316150728454487,4.209530382770403,injection,300,25
injection_electrons,105,0.0105,100030,100030,100031,100031,0.9999900030990393,0.9999900030990393,24.994306808629283,24.995509557243548,25.647002170979757,2.6064386174812437,2.611376131964316,0.8311884096268772,3.5538316593916015,injection,300,25
injection_electrons,110,0.011000000000000001,100030,100030,100031,100031,0.9999900030990393,0.9999900030990393,24.994306808629283,24.995475579876913,25.452225575605496,1.827330687383677,1.8320922859845767,0.6231514625140674,3.8309033724821013,injection,300,25
injection_electrons,115,0.0115,100030,100030,100031,100031,0.9999900030990393,0.9999900030990393,24.994306808629283,24.995986841572563,25.25443202361377,1.0339467038419592,1.0407378647311782,0.45068069617108175,4.200633190099801,injection,300,25
injection_electrons,120,0.012,100030,100030,100031,100031,0.9999900030990393,0.9999900030990393,24.994306808629283,24.996861507537865,25.072165510295466,0.3012538303454271,0.31150574513754137,0.3640874730388714,4.188726417668599,injection,300,25
injection_electrons,125,0.0125,100030,100030,100031,100031,0.9999900030990393,0.9999900030990393,24.994306808629283,24.997924202094595,24.919052784602325,-0.31551186752403204,-0.3010846614116769,0.3771183928292781,4.770436082804501,injection,300,25
injection_electrons,130,0.013000000000000001,100030,100030,100031,100031,0.9999900030990393,0.9999900030990393,24.994306808629283,24.999016047059996,24.803653529200048,-0.7814808290541597,-0.7627868253718195,0.4319335838830594,4.937334927326999,injection,300,25
injection_electrons,135,0.0135,100030,100030,100031,100031,0.9999900030990393,0.9999900030990393,24.994306808629283,25.000005101059248,24.729813162559083,-1.0807675334782885,-1.0582155692306805,0.47637607075209515,4.6881421826511005,injection,300,25
injection_electrons,140,0.014,100030,100030,100031,100031,0.9999900030990393,0.9999900030990393,24.994306808629283,25.00079415472874,24.69685444027129,-1.2157202390307265,-1.1900804876704751,0.49157189727705475,4.057025748228799,injection,300,25
injection_electrons,145,0.0145,100030,100030,100031,100031,0.9999900030990393,0.9999900030990393,24.994306808629283,25.001323915566502,24.700775054605483,-1.2021317830048561,-1.1743944581910082,0.4762173610282284,3.6737877471629012,injection,300,25
injection_electrons,150,0.015000000000000001,100030,100030,100031,100031,0.9999900030990393,0.9999900030990393,24.994306808629283,25.00157118057097,24.734800852837026,-1.067014252053311,-1.0382602637439953,0.43775328429808985,3.7709082891134003,injection,300,25
injection_electrons,155,0.0155,100030,100030,100031,100031,0.9999900030990393,0.9999900030990393,24.994306808629283,25.001543009715252,24.790591909139916,-0.8437523255799162,-0.8150452062908764,0.3882469430757923,3.7442641181653986,injection,300,25
injection_electrons,160,0.016,100030,100030,100031,100031,0.9999900030990393,0.9999900030990393,24.994306808629283,25.001268743836068,24.85901950251179,-0.5689680903068206,-0.5412724871841079,0.34192321869643805,4.076255213426002,injection,300,25
injection_electrons,165,0.0165,100030,100030,100031,100031,0.9999900030990393,0.9999900030990393,24.994306808629283,25.000791815386975,24.93115266117609,-0.27854779450635636,-0.25267413069999245,0.3114333827093086,3.957491653109802,injection,300,25
injection_electrons,170,0.017,100030,100030,100031,100031,0.9999900030990393,0.9999900030990393,24.994306808629283,25.000162807849524,24.999015341359016,-0.004589836071577924,0.018838420948363854,0.3016466140609347,4.1414754749077,injection,300,25
injection_electrons,175,0.0175,100030,100030,100031,100031,0.9999900030990393,0.9999900030990393,24.994306808629283,24.999434423534012,25.05620536750412,0.22708891332623438,0.2476506323970895,0.3064677114418328,4.128452632119,injection,300,25
injection_electrons,180,0.018000000000000002,100030,100030,100031,100031,0.9999900030990393,0.9999900030990393,24.994306808629283,24.998658248742252,25.098229892644113,0.3983079528153022,0.4157870222628146,0.3148142240734687,3.7876152721084,injection,300,25
injection_electrons,185,0.018500000000000003,100030,100030,100031,100031,0.9999900030990393,0.9999900030990393,24.994306808629283,24.997882709583518,25.122684628944643,0.49924995973071873,0.5136282486179589,0.3178636319516858,3.184927046801601,injection,300,25
injection_electrons,190,0.019,100030,100030,100031,100031,0.9999900030990393,0.9999900030990393,24.994306808629283,24.997151496174286,25.129259588389676,0.5284925853876077,0.5399340769626892,0.31191201585547584,3.1791983102491024,injection,300,25
injection_electrons,195,0.0195,100030,100030,100031,100031,0.9999900030990393,0.9999900030990393,24.994306808629283,24.99650195013306,25.11935472798434,0.49147988025031175,0.5003056108436876,0.29763933734676473,2.909302484792404,injection,300,25
injection_electrons,200,0.02,100030,100030,100031,100031,0.9999900030990393,0.9999900030990393,24.994306808629283,24.99596330322225,25.095856470624657,0.3996371981772384,0.4062911717172213,0.27906784551846947,2.8627334100889,injection,300,25
injection_electrons,205,0.0205,100030,100030,100031,100031,0.9999900030990393,0.9999900030990393,24.994306808629283,24.995555029592634,25.062578325541647,0.26814085892337136,0.27314827106463824,0.26191728212807724,3.2900551387457977,injection,300,25
injection_electrons,210,0.021,100030,100030,100031,100031,0.9999900030990393,0.9999900030990393,24.994306808629283,24.995285774133265,25.023835662884533,0.11422109356642451,0.11814232129476743,0.25150059764287575,3.3376338130660983,injection,300,25
injection_electrons,215,0.021500000000000002,100030,100030,100031,100031,0.9999900030990393,0.9999900030990393,24.994306808629283,24.995153278792984,24.983934628617764,-0.0448833021749806,-0.04149817032708114,0.25014996586635085,3.0127552701636997,injection,300,25
injection_electrons,220,0.022000000000000002,100030,100030,100031,100031,0.9999900030990393,0.9999900030990393,24.994306808629283,24.99514548506156,24.946765754285916,-0.19355650802095337,-0.19020753288886416,0.2559691645584291,3.2340760366367,injection,300,25
injection_electrons,225,0.022500000000000003,100030,100030,100031,100031,0.9999900030990393,0.9999900030990393,24.994306808629283,24.995242659301944,24.91555917935389,-0.31879458437023,-0.3150622654924051,0.26451950225613063,3.5153310216419,injection,300,25
injection_electrons,230,0.023,100030,100030,100031,100031,0.9999900030990393,0.9999900030990393,24.994306808629283,24.995420108175107,24.892641264445793,-0.4111907032748774,-0.4067548060520343,0.271292444753395,3.5072677944335,injection,300,25
injection_electrons,235,0.0235,100030,100030,100031,100031,0.9999900030990393,0.9999900030990393,24.994306808629283,24.9956509310778,24.879333246263055,-0.46535169312243996,-0.4599990039592994,0.27337382223962314,3.2185764243270003,injection,300,25
injection_electrons,240,0.024,100030,100030,100031,100031,0.9999900030990393,0.9999900030990393,24.994306808629283,24.995908330256807,24.875961024342995,-0.47986776207136206,-0.4734909641319951,0.26981462720263594,3.2009765919344026,injection,300,25
injection_electrons,245,0.0245,100030,100030,100031,100031,0.9999900030990393,0.9999900030990393,24.994306808629283,24.996167222497043,24.881895093348746,-0.45715860408170883,-0.4497492814712789,0.2614372168176257,3.2546404156697992,injection,300,25
injection_electrons,250,0.025,100030,100030,100031,100031,0.9999900030990393,0.9999900030990393,24.994306808629283,24.99640516980289,24.895760698043446,-0.40263578332867533,-0.39427422948898894,0.25040826192245064,3.0771741389027003,injection,300,25
injection_electrons,255,0.025500000000000002,100030,100030,100031,100031,0.9999900030990393,0.9999900030990393,24.994306808629283,24.996602860893336,24.915559553683586,-0.3242172852877534,-0.31506076783257564,0.23948247125071045,3.2356518716640004,injection,300,25
injection_electrons,260,0.026000000000000002,100030,100030,100031,100031,0.9999900030990393,0.9999900030990393,24.994306808629283,24.996744455421346,24.939039206357734,-0.23085105809087514,-0.2211207643993074,0.23108385626954606,3.1584745636279,injection,300,25
injection_electrons,265,0.026500000000000003,100030,100030,100031,100031,0.9999900030990393,0.9999900030990393,24.994306808629283,24.996818034206985,24.963800086128675,-0.13208860437007308,-0.12205468522965557,0.22656647687758616,2.7792414433282016,injection,300,25
injection_electrons,270,0.027,100030,100030,100031,100031,0.9999900030990393,0.9999900030990393,24.994306808629283,24.99681622756116,24.98757313546914,-0.036977077432065464,-0.026940827812105272,0.22571425589309482,2.5546123736221027,injection,300,25
injection_electrons,275,0.0275,100030,100030,100031,100031,0.9999900030990393,0.9999900030990393,24.994306808629283,24.996736902234186,25.00842811523688,0.04677095673895071,0.056498092608525674,0.22696490652124524,2.9654421543749008,injection,300,25
injection_electrons,280,0.028,100030,100030,100031,100031,0.9999900030990393,0.9999900030990393,24.994306808629283,24.996583657805395,25.024846398230046,0.11306641264086092,0.12218618357608957,0.2285346415280226,3.2835312796091,injection,300,25
injection_electrons,285,0.0285,100030,100030,100031,100031,0.9999900030990393,0.9999900030990393,24.994306808629283,24.996365865100223,25.03586476804218,0.15801858220161336,0.1662697018608661,0.22882387808365987,3.3635233863668006,injection,300,25
injection_electrons,290,0.029,100030,100030,100031,100031,0.9999900030990393,0.9999900030990393,24.994306808629283,24.99609807360356,25.041072091217362,0.17992415248722082,0.18710373904802236,0.22707384771262396,3.2071729903311996,injection,300,25
injection_electrons,295,0.029500000000000002,100030,100030,100031,100031,0.9999900030990393,0.9999900030990393,24.994306808629283,24.995798779193194,25.040614837777344,0.17929436454520165,0.18527430867605332,0.223357316640807,2.8332818922420993,injection,300,25
injection_electrons,300,0.030000000000000002,100030,100030,100031,100031,0.9999900030990393,0.9999900030990393,24.994306808629283,24.995488712704805,25.035102948108644,0.1584855405675878,0.16322172801879198,0.2184361309597691,2.792221066911999,injection,300,25
injection_electrons,0,0.0,100030,100030,100031,100031,0.9999900030990393,0.9999900030990393,24.994306808629283,25.153487169926713,12.087682029602641,-51.94430916101936,-51.638258575631426,21.60381409698509,55.354663924013494,injection,400,25
injection_electrons,5,0.0005,100030,100030,100031,100031,0.9999900030990393,0.9999900030990393,24.994306808629283,25.152562390850953,12.08555664507387,-51.9509922795385,-51.64676205022285,21.36331452821724,54.7608551324831,injection,400,25
injection_electrons,10,0.001,100030,100030,100031,100031,0.9999900030990393,0.9999900030990393,24.994306808629283,25.150725751220534,12.108754157330516,-51.85524951802676,-51.55395086552282,20.654091688013427,52.9346295024592,injection,400,25
injection_electrons,15,0.0015,100030,100030,100031,100031,0.9999900030990393,0.9999900030990393,24.994306808629283,25.1477007789759,12.23467429616975,-51.34873599896559,-51.050155582047466,19.5106084009907,49.9604444867266,injection,400,25
injection_electrons,20,0.002,100030,100030,100031,100031,0.9999900030990393,0.9999900030990393,24.994306808629283,25.14310362187921,12.564813285006768,-50.02680069268367,-49.72929883108914,17.990759929638177,45.979410339987695,injection,400,25
injection_electrons,25,0.0025,100030,100030,100031,100031,0.9999900030990393,0.9999900030990393,24.994306808629283,25.13657533625654,13.188450171301072,-47.53282818014477,-47.23418307905318,16.167004895464256,41.1805819541122,injection,400,25
injection_electrons,30,0.003,100030,100030,100031,100031,0.9999900030990393,0.9999900030990393,24.994306808629283,25.127910478831247,14.141760096435545,-43.72090704338856,-43.42007480058177,14.126787432191232,35.7891007644049,injection,400,25
injection_electrons,35,0.0035,100030,100030,100031,100031,0.9999900030990393,0.9999900030990393,24.994306808629283,25.117146336415583,15.39652486537344,-38.70113802278923,-38.39987248593031,11.962364498414566,30.0520609852692,injection,400,25
injection_electrons,40,0.004,100030,100030,100031,100031,0.9999900030990393,0.9999900030990393,24.994306808629283,25.104590467462543,16.871411866388705,-32.79551049336838,-32.49898068561817,9.76899540401171,24.862463008875604,injection,400,25
injection_electrons,45,0.0045000000000000005,100030,100030,100031,100031,0.9999900030990393,0.9999900030990393,24.994306808629283,25.09078309049993,18.460590904255735,-26.424811702089002,-26.14081660435481,7.637640182004215,20.168973703518994,injection,400,25
injection_electrons,50,0.005,100030,100030,100031,100031,0.9999900030990393,0.9999900030990393,24.994306808629283,25.076409007973325,20.057621491567087,-20.013980130928864,-19.7512391716253,5.6524422464422726,15.877201259844703,injection,400,25
injection_electrons,55,0.0055000000000000005,100030,100030,100031,100031,0.9999900030990393,0.9999900030990393,24.994306808629283,25.06218577186657,21.569064529206493,-13.937815617747361,-13.704089917949736,3.889842877677805,12.500620785543099,injection,400,25
injection_electrons,60,0.006,100030,100030,100031,100031,0.9999900030990393,0.9999900030990393,24.994306808629283,25.048757731134252,22.92270473231718,-8.487658436547951,-8.288295779408783,2.4296829303840437,9.442025464624999,injection,400,25
injection_electrons,65,0.006500000000000001,100030,100030,100031,100031,0.9999900030990393,0.9999900030990393,24.994306808629283,25.036619686464082,24.068088653430998,-3.8684576638623236,-3.7057165149245397,1.4059269818699422,10.249015946669202,injection,400,25
injection_electrons,70,0.007,100030,100030,100031,100031,0.9999900030990393,0.9999900030990393,24.994306808629283,25.02608212034327,24.97759380142205,-0.19375113806489042,-0.06686725635240975,1.0879368883340574,9.832119184089303,injection,400,25
injection_electrons,75,0.007500000000000001,100030,100030,100031,100031,0.9999900030990393,0.9999900030990393,24.994306808629283,25.01727683288973,25.642783467588423,2.5002986491173607,2.5944974746619165,1.3352401170398778,8.3631907545151,injection,400,25
injection_electrons,80,0.008,100030,100030,100031,100031,0.9999900030990393,0.9999900030990393,24.994306808629283,25.010191538796892,26.074121740155782,4.253986618648931,4.320243565041348,1.6135547121708331,6.717389625591098,injection,400,25
injection_electrons,85,0.0085,100030,100030,100031,100031,0.9999900030990393,0.9999900030990393,24.994306808629283,25.00471718792093,26.294312544050644,5.1574082859560555,5.201207400449026,1.7438231365974493,6.2676652876034,injection,400,25
injection_electrons,90,0.009000000000000001,100030,100030,100031,100031,0.9999900030990393,0.9999900030990393,24.994306808629283,25.000692827456323,26.335901965074076,5.340688543444672,5.367602977417274,1.7124882227951077,5.8613906819215025,injection,400,25
injection_electrons,95,0.0095,100030,100030,100031,100031,0.9999900030990393,0.9999900030990393,24.994306808629283,24.99793811376982,26.237550280023594,4.95885764902726,4.974106627214336,1.5496919348148404,5.596349725679698,injection,400,25
injection_electrons,100,0.01,100030,100030,100031,100031,0.9999900030990393,0.9999900030990393,24.994306808629283,24.996270446861736,26.040426547914176,4.177247574881848,4.185432095775199,1.2995012986912686,4.877984254411,injection,400,25
injection_electrons,105,0.0105,100030,100030,100031,100031,0.9999900030990393,0.9999900030990393,24.994306808629283,24.995509557243548,25.78424512376809,3.155509051408689,3.1604729876568705,1.0117593170110541,5.511125931118903,injection,400,25
injection_electrons,110,0.011000000000000001,100030,100030,100031,100031,0.9999900030990393,0.9999900030990393,24.994306808629283,24.995475579876913,25.504890478379075,2.0380284298822327,2.042799881025359,0.7423750667942366,6.042919490714802,injection,400,25
injection_electrons,115,0.0115,100030,100030,100031,100031,0.9999900030990393,0.9999900030990393,24.994306808629283,24.995986841572563,25.233126432043413,0.9487106549298074,0.955496086539509,0.5594636839304508,5.8763017305038,injection,400,25
injection_electrons,120,0.012,100030,100030,100031,100031,0.9999900030990393,0.9999900030990393,24.994306808629283,24.996861507537865,24.992390232218067,-0.017887346851319652,-0.00766805187233377,0.5173818472964101,5.707980927743,injection,400,25
injection_electrons,125,0.0125,100030,100030,100031,100031,0.9999900030990393,0.9999900030990393,24.994306808629283,24.997924202094595,24.799401708854013,-0.7941559132495724,-0.7797979806664523,0.5750342309096883,6.1221004116376,injection,400,25
injection_electrons,130,0.013000000000000001,100030,100030,100031,100031,0.9999900030990393,0.9999900030990393,24.994306808629283,24.999016047059996,24.663342688635474,-1.3427462816641533,-1.3241580273774312,0.6446575661809129,5.994021152387601,injection,400,25
injection_electrons,135,0.0135,100030,100030,100031,100031,0.9999900030990393,0.9999900030990393,24.994306808629283,25.000005101059248,24.58674836856352,-1.6530265926954502,-1.6306050941370942,0.680660473005457,5.355941174037799,injection,400,25
injection_electrons,140,0.014,100030,100030,100031,100031,0.9999900030990393,0.9999900030990393,24.994306808629283,25.00079415472874,24.56678360103799,-1.7359870690694112,-1.7104823545003867,0.6716151265492792,4.4784916497796985,injection,400,25
injection_electrons,145,0.0145,100030,100030,100031,100031,0.9999900030990393,0.9999900030990393,24.994306808629283,25.001323915566502,24.595770652420345,-1.6221271502092294,-1.594507738343609,0.6235492725190745,4.652986069809401,injection,400,25
injection_electrons,150,0.015000000000000001,100030,100030,100031,100031,0.9999900030990393,0.9999900030990393,24.994306808629283,25.00157118057097,24.662707586623146,-1.3553691946014967,-1.3266990140796908,0.5517793999236839,4.4710670513296975,injection,400,25
injection_electrons,155,0.0155,100030,100030,100031,100031,0.9999900030990393,0.9999900030990393,24.994306808629283,25.001543009715252,24.75466198176869,-0.9874631651759502,-0.958797652183152,0.47681260309752505,4.8889854327584,injection,400,25
injection_electrons,160,0.016,100030,100030,100031,100031,0.9999900030990393,0.9999900030990393,24.994306808629283,25.001268743836068,24.858283987780133,-0.5719099999322519,-0.5442152162515201,0.42059403694953706,5.2938162326575,injection,400,25
injection_electrons,165,0.0165,100030,100030,100031,100031,0.9999900030990393,0.9999900030990393,24.994306808629283,25.000791815386975,24.960925483351854,-0.15946027761643,-0.13355571543958167,0.39693835413255263,5.508780536846601,injection,400,25
injection_electrons,170,0.017,100030,100030,100031,100031,0.9999900030990393,0.9999900030990393,24.994306808629283,25.000162807849524,25.05194473118081,0.20712634445336775,0.2306042051609447,0.4017512472392362,5.2418720965836,injection,400,25
injection_electrons,175,0.0175,100030,100030,100031,100031,0.9999900030990393,0.9999900030990393,24.994306808629283,24.999434423534012,25.12321747269192,0.4951433982897546,0.5157601090906461,0.41744085410219806,4.625329790551898,injection,400,25
injection_electrons,180,0.018000000000000002,100030,100030,100031,100031,0.9999900030990393,0.9999900030990393,24.994306808629283,24.998658248742252,25.169696994584324,0.6841917039714707,0.7017205449942221,0.4274113045172246,4.7351509045829,injection,400,25
injection_electrons,185,0.018500000000000003,100030,100030,100031,100031,0.9999900030990393,0.9999900030990393,24.994306808629283,24.997882709583518,25.189603428243974,0.7669478286933318,0.7813644167449452,0.423194371693126,4.4147628177983,injection,400,25
injection_electrons,190,0.019,100030,100030,100031,100031,0.9999900030990393,0.9999900030990393,24.994306808629283,24.997151496174286,25.183985179810403,0.7474198956817668,0.7588863041227967,0.4039950475210097,3.708219913908099,injection,400,25
injection_electrons,195,0.0195,100030,100030,100031,100031,0.9999900030990393,0.9999900030990393,24.994306808629283,24.99650195013306,25.156320392405384,0.6393632300677687,0.6482019486140134,0.3748863070588579,3.2310018123461983,injection,400,25
injection_electrons,200,0.02,100030,100030,100031,100031,0.9999900030990393,0.9999900030990393,24.994306808629283,24.99596330322225,25.11182425916754,0.4635186671535729,0.4701768744300061,0.34481580161246245,3.7445684627703013,injection,400,25
injection_electrons,205,0.0205,100030,100030,100031,100031,0.9999900030990393,0.9999900030990393,24.994306808629283,24.995555029592634,25.05674444026687,0.2448011680548534,0.24980741460702838,0.32373161582742893,3.8566249705244964,injection,400,25
injection_electrons,210,0.021,100030,100030,100031,100031,0.9999900030990393,0.9999900030990393,24.994306808629283,24.995285774133265,24.99767713784492,0.009567258935394563,0.013484387630513517,0.318022388557577,3.7672597444507003,injection,400,25
injection_electrons,215,0.021500000000000002,100030,100030,100031,100031,0.9999900030990393,0.9999900030990393,24.994306808629283,24.995153278792984,24.94076891810503,-0.2175796246630668,-0.2142003414384308,0.3264091044776054,4.1263081061697,injection,400,25
injection_electrons,220,0.022000000000000002,100030,100030,100031,100031,0.9999900030990393,0.9999900030990393,24.994306808629283,24.99514548506156,24.891344903208896,-0.41528296730539704,-0.4119414321378079,0.3414430779647023,4.1044585091895,injection,400,25
injection_electrons,225,0.022500000000000003,100030,100030,100031,100031,0.9999900030990393,0.9999900030990393,24.994306808629283,24.995242659301944,24.85343929206944,-0.5673214265824789,-0.5635984131842742,0.35483898898621846,4.0129665346844,injection,400,25
injection_electrons,230,0.023,100030,100030,100031,100031,0.9999900030990393,0.9999900030990393,24.994306808629283,24.995420108175107,24.82954659208733,-0.6636156358641343,-0.6591909821842656,0.36080481145474413,4.354554519530698,injection,400,25
injection_electrons,235,0.0235,100030,100030,100031,100031,0.9999900030990393,0.9999900030990393,24.994306808629283,24.9956509310778,24.820643991600484,-0.7001495578565886,-0.6948094954521422,0.3571083962358849,4.346650922775302,injection,400,25
injection_electrons,240,0.024,100030,100030,100031,100031,0.9999900030990393,0.9999900030990393,24.994306808629283,24.995908330256807,24.82623486304148,-0.678804966691049,-0.6724409157439548,0.34450534148851747,4.004179891852802,injection,400,25
injection_electrons,245,0.0245,100030,100030,100031,100031,0.9999900030990393,0.9999900030990393,24.994306808629283,24.996167222497043,24.84449244239692,-0.6067921483723038,-0.5993939635110745,0.3262379750422033,3.368584714240999,injection,400,25
injection_electrons,250,0.025,100030,100030,100031,100031,0.9999900030990393,0.9999900030990393,24.994306808629283,24.99640516980289,24.872647450678972,-0.49510206881038243,-0.4867482778450505,0.30686995961127855,3.5608210342196003,injection,400,25
injection_electrons,255,0.025500000000000002,100030,100030,100031,100031,0.9999900030990393,0.9999900030990393,24.994306808629283,24.996602860893336,24.90725218222084,-0.35745128715983787,-0.34829782268011034,0.291024896702478,3.441697473745201,injection,400,25
injection_electrons,260,0.026000000000000002,100030,100030,100031,100031,0.9999900030990393,0.9999900030990393,24.994306808629283,24.996744455421346,24.94463566619357,-0.20846230324395032,-0.19872982602007205,0.28183273273099385,2.985779883286602,injection,400,25
injection_electrons,265,0.026500000000000003,100030,100030,100031,100031,0.9999900030990393,0.9999900030990393,24.994306808629283,24.996818034206985,24.981185647769124,-0.06253750543956382,-0.05249659836786824,0.279491066065633,3.2285354196541,injection,400,25
injection_electrons,270,0.027,100030,100030,100031,100031,0.9999900030990393,0.9999900030990393,24.994306808629283,24.99681622756116,25.013749478355816,0.06774163013603118,0.0777883934745427,0.2815272828638896,3.4225905001221,injection,400,25
injection_electrons,275,0.0275,100030,100030,100031,100031,0.9999900030990393,0.9999900030990393,24.994306808629283,24.996736902234186,25.039802552049228,0.17228508658340136,0.18202442567536448,0.28439893240708847,3.3446843449248007,injection,400,25
injection_electrons,280,0.028,100030,100030,100031,100031,0.9999900030990393,0.9999900030990393,24.994306808629283,24.996583657805395,25.05768156566063,0.24442503300308172,0.25355677001399624,0.2851073517420591,3.0186825827603996,injection,400,25
injection_electrons,285,0.0285,100030,100030,100031,100031,0.9999900030990393,0.9999900030990393,24.994306808629283,24.996365865100223,25.066576257072267,0.2808823984692621,0.28914363977492474,0.2820875320631597,3.254097485405403,injection,400,25
injection_electrons,290,0.029,100030,100030,100031,100031,0.9999900030990393,0.9999900030990393,24.994306808629283,24.99609807360356,25.06659153650583,0.2820178681276264,0.28920477143055123,0.275402028079102,3.290743149835201,injection,400,25
injection_electrons,295,0.029500000000000002,100030,100030,100031,100031,0.9999900030990393,0.9999900030990393,24.994306808629283,24.995798779193194,25.058571065359565,0.25113134699510375,0.25711557924901207,0.26638834825988217,3.072039295959099,injection,400,25
injection_electrons,300,0.030000000000000002,100030,100030,100031,100031,0.9999900030990393,0.9999900030990393,24.994306808629283,24.995488712704805,25.04398737124788,0.194029647111571,0.1987675153345192,0.2571125011115271,2.670721625917901,injection,400,25
injection_electrons,0,0.0,100030,100030,100031,100031,0.9999900030990393,0.9999900030990393,24.994306808629283,25.153487169926713,12.727883193013673,-49.39913059756177,-49.076870623115774,26.89326196973545,71.43709499295059,injection,500,25
injection_electrons,5,0.0005,100030,100030,100031,100031,0.9999900030990393,0.9999900030990393,24.994306808629283,25.152562390850953,12.592401135305797,-49.93591134123899,-49.61892229410311,26.574018188833893,70.61100906286,injection,500,25
injection_electrons,10,0.001,100030,100030,100031,100031,0.9999900030990393,0.9999900030990393,24.994306808629283,25.150725751220534,12.236123371067071,-51.34882590625336,-51.04435796217981,25.634413097560234,68.0885456382606,injection,500,25
injection_electrons,15,0.0015,100030,100030,100031,100031,0.9999900030990393,0.9999900030990393,24.994306808629283,25.1477007789759,11.801982966592966,-53.069335959096044,-52.78131513325934,24.123501988918708,63.9875350214604,injection,500,25
injection_electrons,20,0.002,100030,100030,100031,100031,0.9999900030990393,0.9999900030990393,24.994306808629283,25.14310362187921,11.519405023954606,-54.18463369840083,-53.9118843656927,22.123631963955617,58.5086079072805,injection,500,25
injection_electrons,25,0.0025,100030,100030,100031,100031,0.9999900030990393,0.9999900030990393,24.994306808629283,25.13657533625654,11.647063334353025,-53.66487606784878,-53.401134812301024,19.737954034335353,51.9226549868559,injection,500,25
injection_electrons,30,0.003,100030,100030,100031,100031,0.9999900030990393,0.9999900030990393,24.994306808629283,25.127910478831247,12.361648164523658,-50.8051090243353,-50.54214442044138,17.089656816492646,44.5532121983423,injection,500,25
injection_electrons,35,0.0035,100031,100030,100031,100031,1.0,0.9999900030990393,24.9966293247101,25.117146336415583,13.666610610025806,-45.588521773225686,-45.32618605294974,20.694929012781046,160.4123138884633,injection,500,25
injection_electrons,40,0.004,100031,100030,100031,100031,1.0,0.9999900030990393,24.9966293247101,25.104590467462543,15.405210464872328,-38.635882211109355,-38.37084886623613,19.555264666683946,159.3074971398511,injection,500,25
injection_electrons,45,0.0045000000000000005,100031,100030,100031,100031,1.0,0.9999900030990393,24.9966293247101,25.09078309049993,17.37067311283733,-30.76870877173079,-30.50793814162066,18.803833936910063,158.189265100514,injection,500,25
injection_electrons,50,0.005,100031,100030,100031,100031,1.0,0.9999900030990393,24.9966293247101,25.076409007973325,19.370660746986058,-22.75345030132927,-22.50690885015669,18.450552470892884,157.10051201164322,injection,500,25
injection_electrons,55,0.0055000000000000005,100031,100030,100031,100031,1.0,0.9999900030990393,24.9966293247101,25.06218577186657,21.253937538476944,-15.195195934045614,-14.972785880908212,18.430357770420194,156.08158113376402,injection,500,25
injection_electrons,60,0.006,100031,100030,100031,100031,1.0,0.9999900030990393,24.9966293247101,25.048757731134252,22.91452481814069,-8.520314404018626,-8.329541073408532,18.633028239783627,155.1683674406544,injection,500,25
injection_electrons,65,0.006500000000000001,100031,100030,100031,100031,1.0,0.9999900030990393,24.9966293247101,25.036619686464082,24.286986207261606,-2.994148126185592,-2.8389552376447247,18.941478736536286,155.2948280227156,injection,500,25
injection_electrons,70,0.007,100031,100030,100031,100031,1.0,0.9999900030990393,24.9966293247101,25.02608212034327,25.34314759832044,1.2669401325085206,1.3862599997344072,19.25743555732167,156.2029403833894,injection,500,25
injection_electrons,75,0.007500000000000001,100030,100030,100031,100031,0.9999900030990393,0.9999900030990393,24.994306808629283,25.01727683288973,26.079583320418237,4.24629145140174,4.342094862235846,1.9582398649633346,9.219631454008201,injection,500,25
injection_electrons,80,0.008,100030,100030,100031,100031,0.9999900030990393,0.9999900030990393,24.994306808629283,25.010191538796892,26.520898681812582,6.040366147025367,6.107758398229479,2.1887685753645494,8.5157396428197,injection,500,25
injection_electrons,85,0.0085,100030,100030,100031,100031,0.9999900030990393,0.9999900030990393,24.994306808629283,25.00471718792093,26.701987341156688,6.787799839846453,6.832278028762251,2.2338344265577734,7.852890142085499,injection,500,25
injection_electrons,90,0.009000000000000001,100030,100030,100031,100031,0.9999900030990393,0.9999900030990393,24.994306808629283,25.000692827456323,26.67085557379093,6.680465848931982,6.707722594582299,2.100656585648325,7.3989611182195,injection,500,25
injection_electrons,95,0.0095,100030,100030,100031,100031,0.9999900030990393,0.9999900030990393,24.994306808629283,24.99793811376982,26.480892735164975,5.932307755327582,5.947698161496717,1.8345114408896845,6.300993102257397,injection,500,25
injection_electrons,100,0.01,100030,100030,100031,100031,0.9999900030990393,0.9999900030990393,24.994306808629283,24.996270446861736,26.18548798387367,4.757579893928687,4.7658100077139665,1.4948382901925175,7.1190682161295,injection,500,25
injection_electrons,105,0.0105,100030,100030,100031,100031,0.9999900030990393,0.9999900030990393,24.994306808629283,24.995509557243548,25.835505741971406,3.360588360097805,3.3655621649475,1.1492235711743846,7.7688236841905,injection,500,25
injection_electrons,110,0.011000000000000001,100030,100030,100031,100031,0.9999900030990393,0.9999900030990393,24.994306808629283,24.995475579876913,25.47511151278541,1.9188910063973275,1.9236568864959613,0.8733678706256987,7.5330468809214,injection,500,25
injection_electrons,115,0.0115,100030,100030,100031,100031,0.9999900030990393,0.9999900030990393,24.994306808629283,24.995986841572563,25.13991526748793,0.5758061357113098,0.5825665019378645,0.7396135657070425,7.556638569400398,injection,500,25
injection_electrons,120,0.012,100030,100030,100031,100031,0.9999900030990393,0.9999900030990393,24.994306808629283,24.996861507537865,24.85692534773489,-0.5598149182079348,-0.5496510143140343,0.7495735767667715,7.9904144266488,injection,500,25
injection_electrons,125,0.0125,100030,100030,100031,100031,0.9999900030990393,0.9999900030990393,24.994306808629283,24.997924202094595,24.643592323151942,-1.4174452089624423,-1.4031774842271472,0.8162003610143685,7.663564659709201,injection,500,25
injection_electrons,130,0.013000000000000001,100030,100030,100031,100031,0.9999900030990393,0.9999900030990393,24.994306808629283,24.999016047059996,24.50724828711077,-1.9671484630574554,-1.94867785391174,0.8648125189882923,6.647855937263699,injection,500,25
injection_electrons,135,0.0135,100030,100030,100031,100031,0.9999900030990393,0.9999900030990393,24.994306808629283,25.000005101059248,24.447877365911722,-2.2085104899603913,-2.186215632629207,0.865240133412935,5.7490222599181,injection,500,25
injection_electrons,140,0.014,100030,100030,100031,100031,0.9999900030990393,0.9999900030990393,24.994306808629283,25.00079415472874,24.45804261036377,-2.170937215057678,-2.1455453930827484,0.8163253069629497,5.7179888815457005,injection,500,25
injection_electrons,145,0.0145,100030,100030,100031,100031,0.9999900030990393,0.9999900030990393,24.994306808629283,25.001323915566502,24.525050533459616,-1.9049926464507982,-1.8774526485673793,0.7323528790956151,5.530965168500803,injection,500,25
injection_electrons,150,0.015000000000000001,100030,100030,100031,100031,0.9999900030990393,0.9999900030990393,24.994306808629283,25.00157118057097,24.632678882898748,-1.475476461090941,-1.4468411886729426,0.6359813443764317,6.0636267920013,injection,500,25
injection_electrons,155,0.0155,100030,100030,100031,100031,0.9999900030990393,0.9999900030990393,24.994306808629283,25.001543009715252,24.76307012439929,-0.9538326703407596,-0.9251574208497648,0.5536011731826816,6.2546706744511,injection,500,25
injection_electrons,160,0.016,100030,100030,100031,100031,0.9999900030990393,0.9999900030990393,24.994306808629283,25.001268743836068,24.898736186010996,-0.4101094183484255,-0.38236956659782884,0.5064616073015679,5.8287355981241,injection,500,25
injection_electrons,165,0.0165,100030,100030,100031,100031,0.9999900030990393,0.9999900030990393,24.994306808629283,25.000791815386975,25.0242610180384,0.09387383737573529,0.11984412945900136,0.49763769099959093,5.2155259118583,injection,500,25
injection_electrons,170,0.017,100030,100030,100031,100031,0.9999900030990393,0.9999900030990393,24.994306808629283,25.000162807849524,25.127266986984,0.5084134055901801,0.5319618558447647,0.5099521801851801,5.563267781750602,injection,500,25
injection_electrons,175,0.0175,100030,100030,100031,100031,0.9999900030990393,0.9999900030990393,24.994306808629283,24.999434423534012,25.19965642235066,0.800906114212574,0.82158555263665,0.5219381267923832,5.343816832016799,injection,500,25
injection_electrons,180,0.018000000000000002,100030,100030,100031,100031,0.9999900030990393,0.9999900030990393,24.994306808629283,24.998658248742252,25.23758320462986,0.9557511187610501,0.9733272375314961,0.5198919723027581,4.612597858301099,injection,500,25
injection_electrons,185,0.018500000000000003,100030,100030,100031,100031,0.9999900030990393,0.9999900030990393,24.994306808629283,24.997882709583518,25.241174919758148,0.9732512669217375,0.9876973705213343,0.500073155076794,3.6493934601352986,injection,500,25
injection_electrons,190,0.019,100030,100030,100031,100031,0.9999900030990393,0.9999900030990393,24.994306808629283,24.997151496174286,25.214063965617257,0.8677487491971503,0.8792288526765724,0.4665877233048605,3.887905560574003,injection,500,25
injection_electrons,195,0.0195,100030,100030,100031,100031,0.9999900030990393,0.9999900030990393,24.994306808629283,24.99650195013306,25.162628759351897,0.664600229065071,0.6734411640674232,0.42894771993016395,4.1938143096082,injection,500,25
injection_electrons,200,0.02,100030,100030,100031,100031,0.9999900030990393,0.9999900030990393,24.994306808629283,24.99596330322225,25.094771257998893,0.39529564665310435,0.40194933245727427,0.3988346595059823,3.9526813645505996,injection,500,25
injection_electrons,205,0.0205,100030,100030,100031,100031,0.9999900030990393,0.9999900030990393,24.994306808629283,24.995555029592634,25.01920539657705,0.09461829095780416,0.09961703734535643,0.38550638717753116,3.4261356109634002,injection,500,25
injection_electrons,210,0.021,100030,100030,100031,100031,0.9999900030990393,0.9999900030990393,24.994306808629283,24.995285774133265,24.944346124197658,-0.20379702955155565,-0.19988825781067643,0.3898835768704469,3.546922688937901,injection,500,25
injection_electrons,215,0.021500000000000002,100030,100030,100031,100031,0.9999900030990393,0.9999900030990393,24.994306808629283,24.995153278792984,24.877582523255928,-0.47037421305516913,-0.4670034911032461,0.40475946045075695,4.175903926051998,injection,500,25
injection_electrons,220,0.022000000000000002,100030,100030,100031,100031,0.9999900030990393,0.9999900030990393,24.994306808629283,24.99514548506156,24.824681335617864,-0.6819890268115247,-0.6786564408853946,0.420246299512604,4.496001571958502,injection,500,25
injection_electrons,225,0.022500000000000003,100030,100030,100031,100031,0.9999900030990393,0.9999900030990393,24.994306808629283,24.995242659301944,24.78949839209833,-0.8231337059136146,-0.819420270780391,0.42863693214160603,4.416167583686001,injection,500,25
injection_electrons,230,0.023,100030,100030,100031,100031,0.9999900030990393,0.9999900030990393,24.994306808629283,24.995420108175107,24.773788078098015,-0.8866905581819129,-0.8822758407331932,0.42614606280673395,3.973090074954399,injection,500,25
injection_electrons,235,0.0235,100030,100030,100031,100031,0.9999900030990393,0.9999900030990393,24.994306808629283,24.9956509310778,24.77724785628048,-0.8737643016360708,-0.8684335757367934,0.41282436030944547,3.3557534550390997,injection,500,25
injection_electrons,240,0.024,100030,100030,100031,100031,0.9999900030990393,0.9999900030990393,24.994306808629283,24.995908330256807,24.79773609154733,-0.7928187129314979,-0.7864619674672779,0.3915825868878921,3.5956495609646,injection,500,25
injection_electrons,245,0.0245,100030,100030,100031,100031,0.9999900030990393,0.9999900030990393,24.994306808629283,24.996167222497043,24.831817083761393,-0.6575013571989974,-0.6501069468019427,0.3671689452346411,3.4824745209151,injection,500,25
injection_electrons,250,0.025,100030,100030,100031,100031,0.9999900030990393,0.9999900030990393,24.994306808629283,24.99640516980289,24.87505404240987,-0.4854743174815379,-0.47711971823214405,0.3448950840001106,3.266807225291398,injection,500,25
injection_electrons,255,0.025500000000000002,100030,100030,100031,100031,0.9999900030990393,0.9999900030990393,24.994306808629283,24.996602860893336,24.922582392451268,-0.2961221124886171,-0.28696301412628467,0.3289847288483815,3.0751759515170995,injection,500,25
injection_electrons,260,0.026000000000000002,100030,100030,100031,100031,0.9999900030990393,0.9999900030990393,24.994306808629283,24.996744455421346,24.96970436558688,-0.10817444600712545,-0.098432187900932,0.32092398803255334,2.8635481607436972,injection,500,25
injection_electrons,265,0.026500000000000003,100030,100030,100031,100031,0.9999900030990393,0.9999900030990393,24.994306808629283,24.996818034206985,25.012151981811293,0.06134359814646828,0.0713969517884383,0.3190311953842113,3.0866686654162976,injection,500,25
injection_electrons,270,0.027,100030,100030,100031,100031,0.9999900030990393,0.9999900030990393,24.994306808629283,24.99681622756116,25.04657927578641,0.1990775456051308,0.2091374950197844,0.3197132939891007,3.3039321175831944,injection,500,25
injection_electrons,275,0.0275,100030,100030,100031,100031,0.9999900030990393,0.9999900030990393,24.994306808629283,24.996736902234186,25.07064260043103,0.29566138366738937,0.30541271812905,0.31937815583740614,3.271291778846198,injection,500,25
injection_electrons,280,0.028,100030,100030,100031,100031,0.9999900030990393,0.9999900030990393,24.994306808629283,24.996583657805395,25.083240565168023,0.34667500386824646,0.35581605531078697,0.31585897810163505,2.9979351888781025,injection,500,25
injection_electrons,285,0.0285,100030,100030,100031,100031,0.9999900030990393,0.9999900030990393,24.994306808629283,24.996365865100223,25.08433085619906,0.3519111200946723,0.3601782128188402,0.3085293664884942,2.6755532644594098,injection,500,25
injection_electrons,290,0.029,100030,100030,100031,100031,0.9999900030990393,0.9999900030990393,24.994306808629283,24.99609807360356,25.075037212611985,0.31580584608037476,0.32299517086358254,0.2984859887397236,2.523517096960795,injection,500,25
injection_electrons,295,0.029500000000000002,100030,100030,100031,100031,0.9999900030990393,0.9999900030990393,24.994306808629283,24.995798779193194,25.057209486652496,0.24568411676613167,0.2516680238617175,0.28774761559390505,2.6171783669258026,injection,500,25
injection_electrons,300,0.030000000000000002,100030,100030,100031,100031,0.9999900030990393,0.9999900030990393,24.994306808629283,24.995488712704805,25.03325371806846,0.15108728538064664,0.15582312299107226,0.27851706930024467,2.9403777200293035,injection,500,25
extraction_electrons,0,0.0,100011,100011,100011,100011,1.0,1.0,9.976976528033545,10.490615502178484,13.991807319437065,33.37451283512891,40.24095656757891,22.415885359823555,60.6108435367329,extraction,100,10
extraction_electrons,5,0.0005,100011,100011,100011,100011,1.0,1.0,9.976976528033545,10.482830299500458,13.661076481977814,30.318588507807952,36.92601604897634,22.07624885670269,59.92644019595439,extraction,100,10
extraction_electrons,10,0.001,100011,100011,100011,100011,1.0,1.0,9.976976528033545,10.461128014447374,12.694726464735659,21.351411121282204,27.240215801507773,21.08049758715092,57.406907005526705,extraction,100,10
extraction_electrons,15,0.0015,100011,100011,100011,100011,1.0,1.0,9.976976528033545,10.42776203045877,11.169584475877624,7.1139180511795574,11.953600817773413,19.49269701563995,53.67815205476229,extraction,100,10
extraction_electrons,20,0.002,100011,100011,100011,100011,1.0,1.0,9.976976528033545,10.385996196528804,9.218788331104369,-11.238285122947945,-7.599378376793819,17.414125937936475,48.715619334963996,extraction,100,10
extraction_electrons,25,0.0025,100011,100011,100011,100011,1.0,1.0,9.976976528033545,10.339565869208739,7.057232360721902,-31.74537064715296,-29.264819448133174,14.97749380061193,43.0834541604384,extraction,100,10
extraction_electrons,30,0.003,100011,100011,100011,100011,1.0,1.0,9.976976528033545,10.292090155663445,5.079341483468122,-50.648105422268344,-49.08937122187199,12.337266796347214,36.7808699487938,extraction,100,10
extraction_electrons,35,0.0035,100011,100011,100011,100011,1.0,1.0,9.976976528033545,10.246556030476748,4.10227095774256,-59.964392469616044,-58.882623947085555,9.661631972802814,30.432480823080198,extraction,100,10
extraction_electrons,40,0.004,100011,100011,100011,100011,1.0,1.0,9.976976528033545,10.20497833801401,4.840179914992309,-52.570404809558326,-51.48650594303539,7.129854072400344,24.328288224390302,extraction,100,10
extraction_electrons,45,0.0045000000000000005,100011,100011,100011,100011,1.0,1.0,9.976976528033545,10.168295607866584,6.561976593083115,-35.46630776541826,-34.2288059449161,4.945231282063495,19.105989603494095,extraction,100,10
extraction_electrons,50,0.005,100011,100011,100011,100011,1.0,1.0,9.976976528033545,10.136500868386776,8.428686937117122,-16.848160459354368,-15.518625172325518,3.3878946253403694,15.346678694063401,extraction,100,10
extraction_electrons,55,0.0055000000000000005,100011,100011,100011,100011,1.0,1.0,9.976976528033545,10.108947559217118,10.09268160220777,-0.16090653269356103,1.159720821725041,2.7949573521377142,15.601238415319301,extraction,100,10
extraction_electrons,60,0.006,100011,100011,100011,100011,1.0,1.0,9.976976528033545,10.084731787387755,11.419481802539385,13.235354626098307,14.458340865618503,3.0350879664752797,15.753349839084699,extraction,100,10
extraction_electrons,65,0.006500000000000001,100011,100011,100011,100011,1.0,1.0,9.976976528033545,10.063044328367246,12.364319375754253,22.868577065687965,23.928520238698535,3.490536651096469,15.098893538588802,extraction,100,10
extraction_electrons,70,0.007,100011,100011,100011,100011,1.0,1.0,9.976976528033545,10.043408156463691,12.931281085800423,28.753913854214595,29.611220889071998,3.8009527306944753,14.732067518339402,extraction,100,10
extraction_electrons,75,0.007500000000000001,100011,100011,100011,100011,1.0,1.0,9.976976528033545,10.025759572542334,13.15545918943823,31.216583584023304,31.858175194395912,3.8716259023896455,13.3858380953385,extraction,100,10
extraction_electrons,80,0.008,100011,100011,100011,100011,1.0,1.0,9.976976528033545,10.010378693206404,13.091080790357957,30.775080459666214,31.21290556887979,3.713229661519037,12.8922023736721,extraction,100,10
extraction_electrons,85,0.0085,100011,100011,100011,100011,1.0,1.0,9.976976528033545,9.997714677140653,12.803270973559016,28.06197603171401,28.328165728205157,3.3787497317184196,11.776132795964902,extraction,100,10
extraction_electrons,90,0.009000000000000001,100011,100011,100011,100011,1.0,1.0,9.976976528033545,9.988173235441122,12.358851766445763,23.734855965380564,23.873717971768006,2.936518509455972,10.0440675579456,extraction,100,10
extraction_electrons,95,0.0095,100011,100011,100011,100011,1.0,1.0,9.976976528033545,9.981934881480198,11.822569612402235,18.439658771337264,18.4985208613341,2.4613570531070628,9.6889373310059,extraction,100,10
extraction_electrons,100,0.01,100011,100011,100011,100011,1.0,1.0,9.976976528033545,9.978854071383525,11.252280071490103,12.761244838306606,12.782465107271545,2.0266044308066014,8.5101851972695,extraction,100,10
extraction_electrons,105,0.0105,100011,100011,100011,100011,1.0,1.0,9.976976528033545,9.978459080528719,10.696318840548797,7.194094340887358,7.2100231016283045,1.695512412568063,7.5717120351227,extraction,100,10
extraction_electrons,110,0.011000000000000001,100011,100011,100011,100011,1.0,1.0,9.976976528033545,9.980040380982647,10.193612602353959,2.139993559327502,2.171359967738762,1.5024172167248726,7.8366816594851,extraction,100,10
extraction_electrons,115,0.0115,100011,100011,100011,100011,1.0,1.0,9.976976528033545,9.982791308907894,9.773376975021971,-2.097753297707994,-2.040693916032521,1.4293551183603854,8.613191743401401,extraction,100,10
extraction_electrons,120,0.012,100011,100011,100011,100011,1.0,1.0,9.976976528033545,9.985955153871338,9.454915371124104,-5.317866689410888,-5.23265896679762,1.41761773993097,8.443015512041999,extraction,100,10
extraction_electrons,125,0.0125,100011,100011,100011,100011,1.0,1.0,9.976976528033545,9.988938270517957,9.247473589751062,-7.422857772134861,-7.311863832020737,1.4098053940262614,7.588667611139099,extraction,100,10
extraction_electrons,130,0.013000000000000001,100011,100011,100011,100011,1.0,1.0,9.976976528033545,9.991365313905435,9.150683535018171,-8.414083085494328,-8.28199796495096,1.3736182788001872,6.269370499076899,extraction,100,10
extraction_electrons,135,0.0135,100011,100011,100011,100011,1.0,1.0,9.976976528033545,9.993073420677959,9.153575518391646,-8.400797902166913,-8.253011394066,1.300705217241263,6.7875863043455,extraction,100,10
extraction_electrons,140,0.014,100011,100011,100011,100011,1.0,1.0,9.976976528033545,9.994060200992923,9.237776828767414,-7.56732856332375,-7.409055210154191,1.197612715462283,6.588766791098802,extraction,100,10
extraction_electrons,145,0.0145,100011,100011,100011,100011,1.0,1.0,9.976976528033545,9.994410855004036,9.379799952590135,-6.1495460946172305,-5.985546560778698,1.0790622428912857,6.4039960225188,extraction,100,10
extraction_electrons,150,0.015000000000000001,100011,100011,100011,100011,1.0,1.0,9.976976528033545,9.994230715283901,9.554481510807639,-4.400030547661526,-4.234699921752538,0.9626454665596204,5.727153587240501,extraction,100,10
extraction_electrons,155,0.0155,100011,100011,100011,100011,1.0,1.0,9.976976528033545,9.993602277968744,9.737762509086046,-2.5600355283970644,-2.3976604362589082,0.8650452394144604,5.6162225205469,extraction,100,10
extraction_electrons,160,0.016,100011,100011,100011,100011,1.0,1.0,9.976976528033545,9.99257386889406,9.909267954005905,-0.8336782492794903,-0.6786482241126879,0.7961813015717287,5.8300249134469,extraction,100,10
extraction_electrons,165,0.0165,100011,100011,100011,100011,1.0,1.0,9.976976528033545,9.991174994931304,10.053707105423847,0.6258734385521825,0.7690764549230122,0.7561126573297752,5.40119341524,extraction,100,10
extraction_electrons,170,0.017,100011,100011,100011,100011,1.0,1.0,9.976976528033545,9.989445077552924,10.16120336964447,1.719397731887029,1.8465197456692506,0.7360845556576006,4.451445192921315,extraction,100,10
extraction_electrons,175,0.0175,100011,100011,100011,100011,1.0,1.0,9.976976528033545,9.987459809405006,10.227318974044064,2.401603302705513,2.5092015131748635,0.7238885482569328,4.173268708074899,extraction,100,10
extraction_electrons,180,0.018000000000000002,100011,100011,100011,100011,1.0,1.0,9.976976528033545,9.985342729765453,10.252339498429224,2.6738868748878986,2.7599841457174756,0.7094950797896588,4.337780703061199,extraction,100,10
extraction_electrons,185,0.018500000000000003,100011,100011,100011,100011,1.0,1.0,9.976976528033545,9.983256796195732,10.24044817898935,2.576227257738428,2.6407965400689903,0.6876881736143861,4.1988552185026,extraction,100,10
extraction_electrons,190,0.019,100011,100011,100011,100011,1.0,1.0,9.976976528033545,9.981378776361108,10.199012408186253,2.180396483305147,2.2254826352335,0.6584035731525073,4.3841125135661,extraction,100,10
extraction_electrons,195,0.0195,100011,100011,100011,100011,1.0,1.0,9.976976528033545,9.979865364772676,10.137238594539484,1.5769073430821123,1.6063189690346702,0.6248367907612085,4.5269456084975985,extraction,100,10
extraction_electrons,200,0.02,100011,100011,100011,100011,1.0,1.0,9.976976528033545,9.978822246867573,10.064996402887335,0.863570408289549,0.8822299481858975,0.591923870190829,4.209354828375702,extraction,100,10
extraction_electrons,205,0.0205,100011,100011,100011,100011,1.0,1.0,9.976976528033545,9.978285574805957,9.992072043153522,0.1381647001803099,0.15130350439898077,0.5643370988489537,3.981575884463001,extraction,100,10
extraction_electrons,210,0.021,100011,100011,100011,100011,1.0,1.0,9.976976528033545,9.978220574141952,9.926922155401705,-0.5141038761278138,-0.5016988111698484,0.5446113598436454,4.270112907229999,extraction,100,10
extraction_electrons,215,0.021500000000000002,100011,100011,100011,100011,1.0,1.0,9.976976528033545,9.97853622347443,9.875919150737419,-1.0283780149598076,-1.0129058338683272,0.5322065242500001,4.106202063670801,extraction,100,10
extraction_electrons,220,0.022000000000000002,100011,100011,100011,100011,1.0,1.0,9.976976528033545,9.979110196199791,9.843201140794628,-1.3619356108214853,-1.340840953800293,0.524237564926858,3.5924606793342004,extraction,100,10
extraction_electrons,225,0.022500000000000003,100011,100011,100011,100011,1.0,1.0,9.976976528033545,9.979815968167927,9.830273313743794,-1.4984510225551362,-1.4704175546323195,0.516754713287096,3.5036029530319013,extraction,100,10
extraction_electrons,230,0.023,100011,100011,100011,100011,1.0,1.0,9.976976528033545,9.980544596042064,9.83630283693851,-1.4452293431037377,-1.409983181776231,0.5066990364232469,3.503571111251599,extraction,100,10
extraction_electrons,235,0.0235,100011,100011,100011,100011,1.0,1.0,9.976976528033545,9.981216550851086,9.858374350288582,-1.230733748102375,-1.1887587127393906,0.49277891307879856,3.1912228193408,extraction,100,10
extraction_electrons,240,0.024,100011,100011,100011,100011,1.0,1.0,9.976976528033545,9.981782868701087,9.892203721151935,-0.8974263288178408,-0.8496843371678109,0.4755756343618926,3.375086350424098,extraction,100,10
extraction_electrons,245,0.0245,100011,100011,100011,100011,1.0,1.0,9.976976528033545,9.982218331432007,9.932762560272943,-0.495438684238525,-0.4431599857568913,0.45719891193667334,3.6352810943077998,extraction,100,10
extraction_electrons,250,0.025,100011,100011,100011,100011,1.0,1.0,9.976976528033545,9.982511343622216,9.974833480497312,-0.07691314200017896,-0.021479929618073434,0.4402385334387394,3.5891075817983022,extraction,100,10
extraction_electrons,255,0.025500000000000002,100011,100011,100011,100011,1.0,1.0,9.976976528033545,9.98265521690258,10.013630877157018,0.3102948021483254,0.3673893490726554,0.42695034031798146,3.2489047449947996,extraction,100,10
extraction_electrons,260,0.026000000000000002,100011,100011,100011,100011,1.0,1.0,9.976976528033545,9.982643996764057,10.04527498801689,0.6273988261339847,0.6845606962333717,0.41811074263966436,2.8938301798208,extraction,100,10
extraction_electrons,265,0.026500000000000003,100011,100011,100011,100011,1.0,1.0,9.976976528033545,9.98247356353784,10.067083179684797,0.8475816700983296,0.9031458718788077,0.41301031022332124,2.7112483074622986,extraction,100,10
extraction_electrons,270,0.027,100011,100011,100011,100011,1.0,1.0,9.976976528033545,9.982146466374086,10.07762198038802,0.9564627641515111,1.0087770786237682,0.4096600676993008,3.0072151469467006,extraction,100,10
extraction_electrons,275,0.0275,100011,100011,100011,100011,1.0,1.0,9.976976528033545,9.981677582898454,10.076823090487132,0.9532015715643771,1.000769743950336,0.40590518376212614,3.1221456523289,extraction,100,10
extraction_electrons,280,0.028,100011,100011,100011,100011,1.0,1.0,9.976976528033545,9.981097592643795,10.06580373716219,0.8486656275240145,0.8903219214664526,0.40019424574226764,2.9292245715682013,extraction,100,10
extraction_electrons,285,0.0285,100011,100011,100011,100011,1.0,1.0,9.976976528033545,9.98045228035871,10.04656747257056,0.6624468546577056,0.697515367922108,0.3919132927896959,2.7511128385928996,extraction,100,10
extraction_electrons,290,0.029,100011,100011,100011,100011,1.0,1.0,9.976976528033545,9.979797343717147,10.021853071760399,0.4214086378189652,0.4498010354214932,0.3815227709161985,3.0831149990312,extraction,100,10
extraction_electrons,295,0.029500000000000002,100011,100011,100011,100011,1.0,1.0,9.976976528033545,9.979190015093742,9.994593507698065,0.15435614093954886,0.17657633667895745,0.37026638821327845,3.1471085911552006,extraction,100,10
extraction_electrons,300,0.030000000000000002,100011,100011,100011,100011,1.0,1.0,9.976976528033545,9.978679855685334,9.967765711122356,-0.10937463392775015,-0.09232072347076237,0.35964559900064924,2.9455172027231007,extraction,100,10
extraction_electrons,0,0.0,100011,100011,100011,100011,1.0,1.0,9.976976528033545,10.490615502178484,18.602880449503868,77.32877966636742,86.4580957691246,26.735862211557713,104.81083267323609,extraction,200,10
extraction_electrons,5,0.0005,100011,100011,100011,100011,1.0,1.0,9.976976528033545,10.482830299500458,18.04538899207311,72.14233633957647,80.8703161861587,26.087778008581044,103.0989347975285,extraction,200,10
extraction_electrons,10,0.001,100011,100011,100011,100011,1.0,1.0,9.976976528033545,10.461128014447374,16.502425711708963,57.74996433384847,65.40507703250636,24.254011784084856,97.2656111024898,extraction,200,10
extraction_electrons,15,0.0015,100011,100011,100011,100011,1.0,1.0,9.976976528033545,10.42776203045877,14.375131589843331,37.854426940838984,44.08304509338823,21.538852587845206,88.7906465869201,extraction,200,10
extraction_electrons,20,0.002,100011,100011,100011,100011,1.0,1.0,9.976976528033545,10.385996196528804,12.269220142538904,18.132338105799704,22.97533333935946,18.355676376724517,77.7824879665666,extraction,200,10
extraction_electrons,25,0.0025,100011,100011,100011,100011,1.0,1.0,9.976976528033545,10.339565869208739,10.874870668955452,5.177246380729117,8.99966175523199,15.141848064494452,67.0623520330075,extraction,200,10
extraction_electrons,30,0.003,100011,100011,100011,100011,1.0,1.0,9.976976528033545,10.292090155663445,10.542606656461489,2.434068269992684,5.6693541058117525,12.281631470668668,56.4713383080353,extraction,200,10
extraction_electrons,35,0.0035,100011,100011,100011,100011,1.0,1.0,9.976976528033545,10.246556030476748,11.03348893033445,7.679974593581451,10.589504739560041,10.034658498135004,47.604893749805605,extraction,200,10
extraction_electrons,40,0.004,100011,100011,100011,100011,1.0,1.0,9.976976528033545,10.20497833801401,11.875695753339818,16.371591981751777,19.031008241536963,8.465621703221931,40.29311102541791,extraction,200,10
extraction_electrons,45,0.0045000000000000005,100011,100011,100011,100011,1.0,1.0,9.976976528033545,10.168295607866584,12.699545860838441,24.89355493376475,27.288520977822863,7.508192700796926,33.1397367905687,extraction,200,10
extraction_electrons,50,0.005,100011,100011,100011,100011,1.0,1.0,9.976976528033545,10.136500868386776,13.325785837366045,31.463371930701012,33.5653722339923,6.961810135620877,34.760290519569,extraction,200,10
extraction_electrons,55,0.0055000000000000005,100011,100011,100011,100011,1.0,1.0,9.976976528033545,10.108947559217118,13.691334257189991,35.437781005269265,37.2292920477437,6.635723704324497,31.920572438384905,extraction,200,10
extraction_electrons,60,0.006,100011,100011,100011,100011,1.0,1.0,9.976976528033545,10.084731787387755,13.796757879506925,36.80837696409074,38.285961089920065,6.367862272740896,28.811650537102402,extraction,200,10
extraction_electrons,65,0.006500000000000001,100011,100011,100011,100011,1.0,1.0,9.976976528033545,10.063044328367246,13.66884457895897,35.83210142905904,37.00387628007269,6.06018625609165,26.456036936804793,extraction,200,10
extraction_electrons,70,0.007,100011,100011,100011,100011,1.0,1.0,9.976976528033545,10.043408156463691,13.358385532016204,33.00649862984084,33.89212147068299,5.698642427872897,24.8981445780913,extraction,200,10
extraction_electrons,75,0.007500000000000001,100011,100011,100011,100011,1.0,1.0,9.976976528033545,10.025759572542334,12.911299472784496,28.78125970769161,29.410943651175494,5.298616294780053,22.672868668567805,extraction,200,10
extraction_electrons,80,0.008,100011,100011,100011,100011,1.0,1.0,9.976976528033545,10.010378693206404,12.364955259788951,23.521353574570504,23.934893753088502,4.852085756997974,20.666783541613,extraction,200,10
extraction_electrons,85,0.0085,100011,100011,100011,100011,1.0,1.0,9.976976528033545,9.997714677140653,11.787927903248512,17.9062244114758,18.151304356851128,4.412354061040957,18.360106819527896,extraction,200,10
extraction_electrons,90,0.009000000000000001,100011,100011,100011,100011,1.0,1.0,9.976976528033545,9.988173235441122,11.227166652287575,12.404604802509045,12.530751382858508,3.993201620667854,16.619697292236502,extraction,200,10
extraction_electrons,95,0.0095,100011,100011,100011,100011,1.0,1.0,9.976976528033545,9.981934881480198,10.723526110666494,7.429333470830324,7.482723654157919,3.616559712926656,14.917683828646798,extraction,200,10
extraction_electrons,100,0.01,100011,100011,100011,100011,1.0,1.0,9.976976528033545,9.978854071383525,10.310907794200489,3.3275736917448118,3.3470186607000185,3.2948720432362513,13.323259648658198,extraction,200,10
extraction_electrons,105,0.0105,100011,100011,100011,100011,1.0,1.0,9.976976528033545,9.978459080528719,9.989667404528399,0.1123251988029983,0.1272016272584775,3.0403023967948752,13.412581348310201,extraction,200,10
extraction_electrons,110,0.011000000000000001,100011,100011,100011,100011,1.0,1.0,9.976976528033545,9.980040380982647,9.745239688852687,-2.3527028265074135,-2.3227160906885813,2.8365582186712683,14.286513602996799,extraction,200,10
extraction_electrons,115,0.0115,100011,100011,100011,100011,1.0,1.0,9.976976528033545,9.982791308907894,9.578789406613467,-4.046983351579492,-3.991060020049586,2.652836240211328,13.921190688931297,extraction,200,10
extraction_electrons,120,0.012,100011,100011,100011,100011,1.0,1.0,9.976976528033545,9.985955153871338,9.513829920060424,-4.7278925905037905,-4.6421539298179155,2.496558528339797,12.508620777828497,extraction,200,10
extraction_electrons,125,0.0125,100011,100011,100011,100011,1.0,1.0,9.976976528033545,9.988938270517957,9.51873226338058,-4.7072671229251295,-4.5930173671891446,2.3490641518398006,10.413329503886697,extraction,200,10
extraction_electrons,130,0.013000000000000001,100011,100011,100011,100011,1.0,1.0,9.976976528033545,9.991365313905435,9.566570917411067,-4.251615101122996,-4.113526873289819,2.206372205835065,10.975562329675,extraction,200,10
extraction_electrons,135,0.0135,100011,100011,100011,100011,1.0,1.0,9.976976528033545,9.993073420677959,9.643179123975228,-3.5013682174967253,-3.3456769505310957,2.061087567969845,10.851858454395202,extraction,200,10
extraction_electrons,140,0.014,100011,100011,100011,100011,1.0,1.0,9.976976528033545,9.994060200992923,9.740568746397004,-2.536421129129618,-2.3695333047269007,1.9201633821840285,10.1555218217322,extraction,200,10
extraction_electrons,145,0.0145,100011,100011,100011,100011,1.0,1.0,9.976976528033545,9.994410855004036,9.846193135904656,-1.4830060645862897,-1.3108519576187305,1.7908734335199243,8.8934933584416,extraction,200,10
extraction_electrons,150,0.015000000000000001,100011,100011,100011,100011,1.0,1.0,9.976976528033545,9.994230715283901,9.947596696986812,-0.4666093832091822,-0.2944762971445303,1.6729434547565754,8.362934910197303,extraction,200,10
extraction_electrons,155,0.0155,100011,100011,100011,100011,1.0,1.0,9.976976528033545,9.993602277968744,10.031247476109193,0.3766929791016338,0.5439618698426019,1.568571163218966,7.6111853516372,extraction,200,10
extraction_electrons,160,0.016,100011,100011,100011,100011,1.0,1.0,9.976976528033545,9.99257386889406,10.093967056289317,1.0146853926282562,1.1726050264531551,1.4812585492073693,7.393507472883501,extraction,200,10
extraction_electrons,165,0.0165,100011,100011,100011,100011,1.0,1.0,9.976976528033545,9.991174994931304,10.134079626085962,1.4303085595753773,1.5746563862407026,1.4074638152605952,6.699199831126101,extraction,200,10
extraction_electrons,170,0.017,100011,100011,100011,100011,1.0,1.0,9.976976528033545,9.989445077552924,10.150697794009238,1.6142309728361282,1.7412215563258782,1.3413821320607697,6.607033617325801,extraction,200,10
extraction_electrons,175,0.0175,100011,100011,100011,100011,1.0,1.0,9.976976528033545,9.987459809405006,10.147680738803457,1.6042210177163785,1.710981380884924,1.2827008636150206,6.1613231885914015,extraction,200,10
extraction_electrons,180,0.018000000000000002,100011,100011,100011,100011,1.0,1.0,9.976976528033545,9.985342729765453,10.12992438714613,1.4479388569176521,1.5330081080458413,1.2283233544507743,5.336349635606499,extraction,200,10
extraction_electrons,185,0.018500000000000003,100011,100011,100011,100011,1.0,1.0,9.976976528033545,9.983256796195732,10.099146287543535,1.1608385290856615,1.2245168580552912,1.176252039608008,5.3333206277693,extraction,200,10
extraction_electrons,190,0.019,100011,100011,100011,100011,1.0,1.0,9.976976528033545,9.981378776361108,10.06071490434218,0.7948413717047131,0.8393161602951116,1.1261567500730316,5.508894509912096,extraction,200,10
extraction_electrons,195,0.0195,100011,100011,100011,100011,1.0,1.0,9.976976528033545,9.979865364772676,10.020703515129027,0.40920542375755264,0.4382789412465504,1.0772837433025788,5.336659708932196,extraction,200,10
extraction_electrons,200,0.02,100011,100011,100011,100011,1.0,1.0,9.976976528033545,9.978822246867573,9.982982619763439,0.041692023296358016,0.060199517489278875,1.030617885455597,4.779648046785901,extraction,200,10
extraction_electrons,205,0.0205,100011,100011,100011,100011,1.0,1.0,9.976976528033545,9.978285574805957,9.952627239550779,-0.2571417210183169,-0.24405478367467426,0.9902582285619143,4.5164164674185,extraction,200,10
extraction_electrons,210,0.021,100011,100011,100011,100011,1.0,1.0,9.976976528033545,9.978220574141952,9.930072240465865,-0.48253426869376836,-0.47012526726796233,0.9552247990411039,5.2859909171716986,extraction,200,10
extraction_electrons,215,0.021500000000000002,100011,100011,100011,100011,1.0,1.0,9.976976528033545,9.97853622347443,9.916706999829472,-0.6196221796490042,-0.6040860979749318,0.9260322713898709,5.2415381991593,extraction,200,10
extraction_electrons,220,0.022000000000000002,100011,100011,100011,100011,1.0,1.0,9.976976528033545,9.979110196199791,9.912841467926492,-0.6640745213790211,-0.6428306203471901,0.8969054808884269,4.9304712809651985,extraction,200,10
extraction_electrons,225,0.022500000000000003,100011,100011,100011,100011,1.0,1.0,9.976976528033545,9.979815968167927,9.919637963558422,-0.6029971374367116,-0.5747088240010467,0.8704818993550951,4.3113969970626975,extraction,200,10
extraction_electrons,230,0.023,100011,100011,100011,100011,1.0,1.0,9.976976528033545,9.980544596042064,9.932403472572789,-0.4823496654517867,-0.44675914928248295,0.8435388950619278,4.5622931881429984,extraction,200,10
extraction_electrons,235,0.0235,100011,100011,100011,100011,1.0,1.0,9.976976528033545,9.981216550851086,9.950148726459094,-0.31126290301097814,-0.2688971102524751,0.8160632427599179,4.6075849419109005,extraction,200,10
extraction_electrons,240,0.024,100011,100011,100011,100011,1.0,1.0,9.976976528033545,9.981782868701087,9.968719363433635,-0.13087346658695598,-0.08276219330283219,0.790339316061769,4.8333531111412995,extraction,200,10
extraction_electrons,245,0.0245,100011,100011,100011,100011,1.0,1.0,9.976976528033545,9.982218331432007,9.988054392911586,0.05846457456457621,0.11103428826273465,0.7662244644775781,4.550991737021498,extraction,200,10
extraction_electrons,250,0.025,100011,100011,100011,100011,1.0,1.0,9.976976528033545,9.982511343622216,10.005438699986664,0.22967523477042118,0.28527852975444024,0.7446492173852306,3.7741887888465033,extraction,200,10
extraction_electrons,255,0.025500000000000002,100011,100011,100011,100011,1.0,1.0,9.976976528033545,9.98265521690258,10.017767308099323,0.35173098172609496,0.4088491132675731,0.7276595064652323,3.378254597686899,extraction,200,10
extraction_electrons,260,0.026000000000000002,100011,100011,100011,100011,1.0,1.0,9.976976528033545,9.982643996764057,10.02485780569857,0.4228720261705954,0.4799177138533617,0.7104776192040472,3.2372209149925997,extraction,200,10
extraction_electrons,265,0.026500000000000003,100011,100011,100011,100011,1.0,1.0,9.976976528033545,9.98247356353784,10.026280530116978,0.4388387938150773,0.49417778968305903,0.6965349161145912,3.7699556982443996,extraction,200,10
extraction_electrons,270,0.027,100011,100011,100011,100011,1.0,1.0,9.976976528033545,9.982146466374086,10.0225729632397,0.4049880153711882,0.4570165628638767,0.6843787504356525,3.1950020001415997,extraction,200,10
extraction_electrons,275,0.0275,100011,100011,100011,100011,1.0,1.0,9.976976528033545,9.981677582898454,10.01515812836131,0.33542002518913705,0.38269710488425535,0.6718855624845615,3.1902222328595986,extraction,200,10
extraction_electrons,280,0.028,100011,100011,100011,100011,1.0,1.0,9.976976528033545,9.981097592643795,10.00326343765741,0.22207823145572458,0.2634757087981887,0.6582125659033585,3.8256020060677,extraction,200,10
extraction_electrons,285,0.0285,100011,100011,100011,100011,1.0,1.0,9.976976528033545,9.98045228035871,9.990655197673759,0.10222900754837116,0.13710235362165424,0.643641562317382,3.360966413651142,extraction,200,10
extraction_electrons,290,0.029,100011,100011,100011,100011,1.0,1.0,9.976976528033545,9.979797343717147,9.977728459913711,-0.020730719594597158,0.007536670834640269,0.6292038980648612,3.09692960080467,extraction,200,10
extraction_electrons,295,0.029500000000000002,100011,100011,100011,100011,1.0,1.0,9.976976528033545,9.979190015093742,9.964869978454546,-0.1434989875685022,-0.12134487382005066,0.6143029275312729,3.2105685967979003,extraction,200,10
extraction_electrons,300,0.030000000000000002,100011,100011,100011,100011,1.0,1.0,9.976976528033545,9.978679855685334,9.95445960680051,-0.24271997132991885,-0.22568882636704313,0.6002081300651912,3.1828659155067,extraction,200,10
extraction_electrons,0,0.0,100011,100011,100011,100011,1.0,1.0,9.976976528033545,10.490615502178484,18.133536851270595,72.8548420014534,81.75382893122536,24.47835909229224,131.4552416150795,extraction,300,10
extraction_electrons,5,0.0005,100011,100011,100011,100011,1.0,1.0,9.976976528033545,10.482830299500458,17.687170517563683,68.72514399480964,77.27986497578551,23.87019129179542,128.3338061077519,extraction,300,10
extraction_electrons,10,0.001,100011,100011,100011,100011,1.0,1.0,9.976976528033545,10.461128014447374,16.566111445922296,58.358748913536054,66.0434040250014,22.21560429727762,117.87286152793871,extraction,300,10
extraction_electrons,15,0.0015,100011,100011,100011,100011,1.0,1.0,9.976976528033545,10.42776203045877,15.149635018731116,45.28174860991345,51.845952289887755,19.907367230232303,104.8227184715936,extraction,300,10
extraction_electrons,20,0.002,100011,100011,100011,100011,1.0,1.0,9.976976528033545,10.385996196528804,13.880486254511736,33.64617116989563,39.12517700638081,17.255973306079945,89.03235785581009,extraction,300,10
extraction_electrons,25,0.0025,100011,100011,100011,100011,1.0,1.0,9.976976528033545,10.339565869208739,13.098318912790793,26.681517178565773,31.285453824481067,14.65576783244878,75.7537915181334,extraction,300,10
extraction_electrons,30,0.003,100011,100011,100011,100011,1.0,1.0,9.976976528033545,10.292090155663445,12.912876524864618,25.46408289825395,29.42675056498041,12.456719017687908,62.128549027584796,extraction,300,10
extraction_electrons,35,0.0035,100011,100011,100011,100011,1.0,1.0,9.976976528033545,10.246556030476748,13.057598337403768,27.434020743809164,30.87730837808649,10.732409278963761,48.6035888362386,extraction,300,10
extraction_electrons,40,0.004,100011,100011,100011,100011,1.0,1.0,9.976976528033545,10.20497833801401,13.37870808136044,31.09981852214365,34.09581593951463,9.53451371530915,44.80310502712421,extraction,300,10
extraction_electrons,45,0.0045000000000000005,100011,100011,100011,100011,1.0,1.0,9.976976528033545,10.168295607866584,13.615693983622633,33.90340435312491,36.47114379155782,8.729601437864897,45.2943074818602,extraction,300,10
extraction_electrons,50,0.005,100011,100011,100011,100011,1.0,1.0,9.976976528033545,10.136500868386776,13.678311044215778,34.94115199925674,37.098759386494876,8.148843309716042,40.689196413703414,extraction,300,10
extraction_electrons,55,0.0055000000000000005,100011,100011,100011,100011,1.0,1.0,9.976976528033545,10.108947559217118,13.64193225502055,34.94908520503832,36.734131995691534,7.7109034081518635,37.9080246728125,extraction,300,10
extraction_electrons,60,0.006,100011,100011,100011,100011,1.0,1.0,9.976976528033545,10.084731787387755,13.425118981320884,33.12321303488417,34.56099594500064,7.269218141136234,34.24817837776239,extraction,300,10
extraction_electrons,65,0.006500000000000001,100011,100011,100011,100011,1.0,1.0,9.976976528033545,10.063044328367246,13.08692180423943,30.049330771087,31.171219732425826,6.831461319344774,32.84516774677311,extraction,300,10
extraction_electrons,70,0.007,100011,100011,100011,100011,1.0,1.0,9.976976528033545,10.043408156463691,12.67482601256117,26.20044724961179,27.040752044942117,6.4022583907059545,30.630627590696193,extraction,300,10
extraction_electrons,75,0.007500000000000001,100011,100011,100011,100011,1.0,1.0,9.976976528033545,10.025759572542334,12.271704162913926,22.40173997910928,23.000230865860026,5.981233302375989,27.97287776315639,extraction,300,10
extraction_electrons,80,0.008,100011,100011,100011,100011,1.0,1.0,9.976976528033545,10.010378693206404,11.890103662404988,18.77776083010996,19.175419817776394,5.5367833647045215,25.232878775408196,extraction,300,10
extraction_electrons,85,0.0085,100011,100011,100011,100011,1.0,1.0,9.976976528033545,9.997714677140653,11.51750966597124,15.20142390446022,15.440881649957472,5.097852345340332,23.7142281172301,extraction,300,10
extraction_electrons,90,0.009000000000000001,100011,100011,100011,100011,1.0,1.0,9.976976528033545,9.988173235441122,11.182790118565608,11.960314013033102,12.085961986017901,4.743440212784924,21.671098018170905,extraction,300,10
extraction_electrons,95,0.0095,100011,100011,100011,100011,1.0,1.0,9.976976528033545,9.981934881480198,10.844453320511283,8.640794087239968,8.694786341736705,4.409522139827222,19.601550415760002,extraction,300,10
extraction_electrons,100,0.01,100011,100011,100011,100011,1.0,1.0,9.976976528033545,9.978854071383525,10.531856611164292,5.54174392996305,5.561605578319573,4.103133739278247,17.8857846948694,extraction,300,10
extraction_electrons,105,0.0105,100011,100011,100011,100011,1.0,1.0,9.976976528033545,9.978459080528719,10.238432484598361,2.6053461959566038,2.6205930807812416,3.8455034571308158,17.0829184748256,extraction,300,10
extraction_electrons,110,0.011000000000000001,100011,100011,100011,100011,1.0,1.0,9.976976528033545,9.980040380982647,10.0250125481424,0.4506210941335409,0.48146870922149976,3.5728826795691684,15.896075396660503,extraction,300,10
extraction_electrons,115,0.0115,100011,100011,100011,100011,1.0,1.0,9.976976528033545,9.982791308907894,9.924556130075745,-0.5833556670686302,-0.52541366425497,3.371649972725538,15.826645952020598,extraction,300,10
extraction_electrons,120,0.012,100011,100011,100011,100011,1.0,1.0,9.976976528033545,9.985955153871338,9.902455383625592,-0.8361720932962058,-0.7469311388932476,3.1719301480317363,15.5865004557159,extraction,300,10
extraction_electrons,125,0.0125,100011,100011,100011,100011,1.0,1.0,9.976976528033545,9.988938270517957,9.90579051075274,-0.8323983742158703,-0.7135029042193763,2.996389289505998,14.994810373030603,extraction,300,10
extraction_electrons,130,0.013000000000000001,100011,100011,100011,100011,1.0,1.0,9.976976528033545,9.991365313905435,9.925056971130617,-0.6636564742811824,-0.5203936959964017,2.8393877066702515,14.195895808460797,extraction,300,10
extraction_electrons,135,0.0135,100011,100011,100011,100011,1.0,1.0,9.976976528033545,9.993073420677959,9.928586460307912,-0.6453165873534839,-0.48501735560533277,2.693531814330753,13.177016255397799,extraction,300,10
extraction_electrons,140,0.014,100011,100011,100011,100011,1.0,1.0,9.976976528033545,9.994060200992923,9.959175207934859,-0.3490572635793998,-0.1784239949714994,2.5220022278308956,11.8806893792882,extraction,300,10
extraction_electrons,145,0.0145,100011,100011,100011,100011,1.0,1.0,9.976976528033545,9.994410855004036,10.008441950770953,0.14038942335348192,0.31538034242133417,2.343368858838406,11.5228361516982,extraction,300,10
extraction_electrons,150,0.015000000000000001,100011,100011,100011,100011,1.0,1.0,9.976976528033545,9.994230715283901,10.096887865672489,1.0271641041025514,1.201880522641452,2.197069642024488,10.848777746009102,extraction,300,10
extraction_electrons,155,0.0155,100011,100011,100011,100011,1.0,1.0,9.976976528033545,9.993602277968744,10.143584058266576,1.500777958999544,1.6699200380485335,2.1033959212396267,9.5097543784311,extraction,300,10
extraction_electrons,160,0.016,100011,100011,100011,100011,1.0,1.0,9.976976528033545,9.99257386889406,10.150737497890235,1.5828117066867264,1.7416195113665323,2.011914612286134,9.016047991840502,extraction,300,10
extraction_electrons,165,0.0165,100011,100011,100011,100011,1.0,1.0,9.976976528033545,9.991174994931304,10.136651715899495,1.456052176465672,1.6004366394698044,1.874673542627721,8.476281592816802,extraction,300,10
extraction_electrons,170,0.017,100011,100011,100011,100011,1.0,1.0,9.976976528033545,9.989445077552924,10.151230739543253,1.6195660593187,1.7465633102381695,1.7689868729587923,7.846233967399998,extraction,300,10
extraction_electrons,175,0.0175,100011,100011,100011,100011,1.0,1.0,9.976976528033545,9.987459809405006,10.149343424669565,1.6208687529547516,1.7276466086865172,1.717184867734728,7.487375275304601,extraction,300,10
extraction_electrons,180,0.018000000000000002,100011,100011,100011,100011,1.0,1.0,9.976976528033545,9.985342729765453,10.10328785176625,1.1811825111341712,1.2660280735129925,1.6184063668107398,7.064374996221201,extraction,300,10
extraction_electrons,185,0.018500000000000003,100011,100011,100011,100011,1.0,1.0,9.976976528033545,9.983256796195732,10.082189883548192,0.9909901084599992,1.0545615219101467,1.5431555775128079,6.549171681922301,extraction,300,10
extraction_electrons,190,0.019,100011,100011,100011,100011,1.0,1.0,9.976976528033545,9.981378776361108,10.05930847915007,0.7807508815668163,0.8252194528591605,1.4889913146698153,6.048608558541499,extraction,300,10
extraction_electrons,195,0.0195,100011,100011,100011,100011,1.0,1.0,9.976976528033545,9.979865364772676,10.031277115076806,0.5151547483356334,0.5442589434853984,1.4212107300045906,6.4190616896287995,extraction,300,10
extraction_electrons,200,0.02,100011,100011,100011,100011,1.0,1.0,9.976976528033545,9.978822246867573,10.0099316861603,0.311754619163529,0.3303120743459509,1.3648443406000808,6.2181082397993,extraction,300,10
extraction_electrons,205,0.0205,100011,100011,100011,100011,1.0,1.0,9.976976528033545,9.978285574805957,9.989998716948719,0.11738631907205477,0.13052239702664448,1.3077045967188856,5.6490561671203015,extraction,300,10
extraction_electrons,210,0.021,100011,100011,100011,100011,1.0,1.0,9.976976528033545,9.978220574141952,9.97371195285169,-0.045184622415994635,-0.032721087121745374,1.2562266225919412,5.193443722796399,extraction,300,10
extraction_electrons,215,0.021500000000000002,100011,100011,100011,100011,1.0,1.0,9.976976528033545,9.97853622347443,9.965782314785962,-0.12781342275899332,-0.11220045688319358,1.212146409716081,5.543912616155301,extraction,300,10
extraction_electrons,220,0.022000000000000002,100011,100011,100011,100011,1.0,1.0,9.976976528033545,9.979110196199791,9.958344297986285,-0.2080936857618232,-0.18675226903567266,1.1712336432845998,5.400794336330097,extraction,300,10
extraction_electrons,225,0.022500000000000003,100011,100011,100011,100011,1.0,1.0,9.976976528033545,9.979815968167927,9.95713485086958,-0.2272698952635266,-0.1988746501328742,1.133777026833817,5.335417850674002,extraction,300,10
extraction_electrons,230,0.023,100011,100011,100011,100011,1.0,1.0,9.976976528033545,9.980544596042064,9.962816085132854,-0.1776306967882335,-0.14193120391635672,1.102197506686264,4.8765424563019,extraction,300,10
extraction_electrons,235,0.0235,100011,100011,100011,100011,1.0,1.0,9.976976528033545,9.981216550851086,9.972154265545122,-0.0907933943702588,-0.04833390631794332,1.060169042045226,4.530122182501598,extraction,300,10
extraction_electrons,240,0.024,100011,100011,100011,100011,1.0,1.0,9.976976528033545,9.981782868701087,9.979971357148168,-0.018148176300236685,0.03001740162671407,1.0209477234247333,4.4761664599135,extraction,300,10
extraction_electrons,245,0.0245,100011,100011,100011,100011,1.0,1.0,9.976976528033545,9.982218331432007,9.991179377715932,0.08977008903630068,0.14235625033776067,0.9875619357832381,4.250221193397099,extraction,300,10
extraction_electrons,250,0.025,100011,100011,100011,100011,1.0,1.0,9.976976528033545,9.982511343622216,9.999423452304173,0.16941737504523324,0.22498724145092464,0.9592144567787997,4.3975854462943005,extraction,300,10
extraction_electrons,255,0.025500000000000002,100011,100011,100011,100011,1.0,1.0,9.976976528033545,9.98265521690258,10.00211313833742,0.1949172941673183,0.25194617059833835,0.9362767330472718,4.1511800190872,extraction,300,10
extraction_electrons,260,0.026000000000000002,100011,100011,100011,100011,1.0,1.0,9.976976528033545,9.982643996764057,10.006837655269207,0.24235722032150964,0.2993003657145721,0.9075673269260541,4.217138047643598,extraction,300,10
extraction_electrons,265,0.026500000000000003,100011,100011,100011,100011,1.0,1.0,9.976976528033545,9.98247356353784,10.004135473834234,0.21699942562851682,0.2722161941984824,0.8826053053285944,3.7936301199059006,extraction,300,10
extraction_electrons,270,0.027,100011,100011,100011,100011,1.0,1.0,9.976976528033545,9.982146466374086,10.005632555342443,0.23528094931757337,0.28722155683518213,0.8676564243890831,4.0546379648008,extraction,300,10
extraction_electrons,275,0.0275,100011,100011,100011,100011,1.0,1.0,9.976976528033545,9.981677582898454,9.999181660825462,0.17536208499657757,0.2225637469380093,0.8428769315273982,4.2643044052982,extraction,300,10
extraction_electrons,280,0.028,100011,100011,100011,100011,1.0,1.0,9.976976528033545,9.981097592643795,9.991070668895322,0.09991963467901321,0.1412666535014484,0.823376434275245,3.9272403281447,extraction,300,10
extraction_electrons,285,0.0285,100011,100011,100011,100011,1.0,1.0,9.976976528033545,9.98045228035871,9.986058265273593,0.05616964800196911,0.09102694803913014,0.8059133001603483,3.3866538236694987,extraction,300,10
extraction_electrons,290,0.029,100011,100011,100011,100011,1.0,1.0,9.976976528033545,9.979797343717147,9.975575368487908,-0.042305220074401184,-0.014043929457985271,0.7873699424828398,3.468472931295599,extraction,300,10
extraction_electrons,295,0.029500000000000002,100011,100011,100011,100011,1.0,1.0,9.976976528033545,9.979190015093742,9.968635758920314,-0.10576265365690452,-0.08360016774414669,0.7707097650472198,3.0805425305205993,extraction,300,10
extraction_electrons,300,0.030000000000000002,100011,100011,100011,100011,1.0,1.0,9.976976528033545,9.978679855685334,9.962110766216849,-0.16604490481818557,-0.14900066944053547,0.7504897002996028,3.3472954432131985,extraction,300,10
extraction_electrons,0,0.0,100011,100011,100011,100011,1.0,1.0,9.976976528033545,10.490615502178484,17.645794437274272,68.2055207686331,76.86514935354114,22.883105178553034,135.6278517944536,extraction,400,10
extraction_electrons,5,0.0005,100011,100011,100011,100011,1.0,1.0,9.976976528033545,10.482830299500458,17.301034122168815,65.04163119947928,73.40959030580017,22.381190289756436,131.7902179301268,extraction,400,10
extraction_electrons,10,0.001,100011,100011,100011,100011,1.0,1.0,9.976976528033545,10.461128014447374,16.361431950258577,56.40217697042394,63.991885761040315,20.904765038147765,120.88000228141699,extraction,400,10
extraction_electrons,15,0.0015,100011,100011,100011,100011,1.0,1.0,9.976976528033545,10.42776203045877,15.224045369151069,45.99532790144893,52.5917729321522,18.883201846405058,104.5571386237338,extraction,400,10
extraction_electrons,20,0.002,100011,100011,100011,100011,1.0,1.0,9.976976528033545,10.385996196528804,14.322831291159144,37.90522372756215,43.55883519335255,16.681501614601395,85.3057762417525,extraction,400,10
extraction_electrons,25,0.0025,100011,100011,100011,100011,1.0,1.0,9.976976528033545,10.339565869208739,13.832827245213597,33.78537764731304,38.64748710539503,14.662246610515336,70.37628252109099,extraction,400,10
extraction_electrons,30,0.003,100011,100011,100011,100011,1.0,1.0,9.976976528033545,10.292090155663445,13.734458629841678,33.4467384381004,37.661530938258416,12.976473134193016,64.250521067227,extraction,400,10
extraction_electrons,35,0.0035,100011,100011,100011,100011,1.0,1.0,9.976976528033545,10.246556030476748,13.675103280071808,33.460484082626316,37.06660772075767,11.459601413361785,53.139860121925,extraction,400,10
extraction_electrons,40,0.004,100011,100011,100011,100011,1.0,1.0,9.976976528033545,10.20497833801401,13.663771549011548,33.89319503122681,36.95302891230383,10.28949492405091,53.82972045339401,extraction,400,10
extraction_electrons,45,0.0045000000000000005,100011,100011,100011,100011,1.0,1.0,9.976976528033545,10.168295607866584,13.694596497588494,34.67937032627009,37.261989733153044,9.359240088647235,47.1332813874442,extraction,400,10
extraction_electrons,50,0.005,100011,100011,100011,100011,1.0,1.0,9.976976528033545,10.136500868386776,13.725714093245921,35.40879906648071,37.57388377810737,8.713153062919107,46.2009000165792,extraction,400,10
extraction_electrons,55,0.0055000000000000005,100011,100011,100011,100011,1.0,1.0,9.976976528033545,10.108947559217118,13.573124319733848,34.26842151691816,36.04446478946566,8.231402510024372,41.6670599570705,extraction,400,10
extraction_electrons,60,0.006,100011,100011,100011,100011,1.0,1.0,9.976976528033545,10.084731787387755,13.368387936958987,32.560669126350625,33.9923763416319,7.799609108240607,38.2835268774776,extraction,400,10
extraction_electrons,65,0.006500000000000001,100011,100011,100011,100011,1.0,1.0,9.976976528033545,10.063044328367246,13.054310612620766,29.725261925173886,30.84435526073912,7.367299116029157,34.63275556007521,extraction,400,10
extraction_electrons,70,0.007,100011,100011,100011,100011,1.0,1.0,9.976976528033545,10.043408156463691,12.65127981280485,25.966002931612376,26.804746681091054,6.922198217499625,31.8736990402385,extraction,400,10
extraction_electrons,75,0.007500000000000001,100011,100011,100011,100011,1.0,1.0,9.976976528033545,10.025759572542334,12.186713598625191,21.554018031721878,22.14836392951989,6.469946072871853,31.6270976808007,extraction,400,10
extraction_electrons,80,0.008,100011,100011,100011,100011,1.0,1.0,9.976976528033545,10.010378693206404,11.772340671892659,17.601351883740612,17.995072342953367,6.0646513301325085,27.48480992182,extraction,400,10
extraction_electrons,85,0.0085,100011,100011,100011,100011,1.0,1.0,9.976976528033545,9.997714677140653,11.501819944213045,15.04449082260233,15.283622366906036,5.640100734192722,25.6006128020693,extraction,400,10
extraction_electrons,90,0.009000000000000001,100011,100011,100011,100011,1.0,1.0,9.976976528033545,9.988173235441122,11.264047708255958,12.77385206223336,12.900413032003954,5.250786755018215,24.5104508128016,extraction,400,10
extraction_electrons,95,0.0095,100011,100011,100011,100011,1.0,1.0,9.976976528033545,9.981934881480198,11.039331196250227,10.593099707871767,10.648062218364984,4.943769480513566,22.5090992190886,extraction,400,10
extraction_electrons,100,0.01,100011,100011,100011,100011,1.0,1.0,9.976976528033545,9.978854071383525,10.864720445315484,8.877435901907504,8.897925286157937,4.667221641981135,21.5667321314814,extraction,400,10
extraction_electrons,105,0.0105,100011,100011,100011,100011,1.0,1.0,9.976976528033545,9.978459080528719,10.63707476864062,6.600374695097755,6.616215230659472,4.405781097206309,20.942251786591896,extraction,400,10
extraction_electrons,110,0.011000000000000001,100011,100011,100011,100011,1.0,1.0,9.976976528033545,9.980040380982647,10.443584200797824,4.644708860081148,4.676844447345285,4.17993646253871,19.361460449450302,extraction,400,10
extraction_electrons,115,0.0115,100011,100011,100011,100011,1.0,1.0,9.976976528033545,9.982791308907894,10.296346147262005,3.14095355348476,3.201066157979704,3.93651550465506,18.533867532755398,extraction,400,10
extraction_electrons,120,0.012,100011,100011,100011,100011,1.0,1.0,9.976976528033545,9.985955153871338,10.155162292069507,1.6944512126370936,1.785969562374845,3.707460114790009,17.1711129657,extraction,400,10
extraction_electrons,125,0.0125,100011,100011,100011,100011,1.0,1.0,9.976976528033545,9.988938270517957,10.096215539016669,1.0739606712290684,1.195141741068384,3.497116608587346,16.777636102420402,extraction,400,10
extraction_electrons,130,0.013000000000000001,100011,100011,100011,100011,1.0,1.0,9.976976528033545,9.991365313905435,10.134098325944178,1.4285636402473934,1.5748438163520673,3.324953409113863,15.934178260303604,extraction,400,10
extraction_electrons,135,0.0135,100011,100011,100011,100011,1.0,1.0,9.976976528033545,9.993073420677959,10.134838824109606,1.4186366642548798,1.5822658861880168,3.1537469827258966,15.038987301997498,extraction,400,10
extraction_electrons,140,0.014,100011,100011,100011,100011,1.0,1.0,9.976976528033545,9.994060200992923,10.151865478125385,1.5789906600401027,1.7529253436693315,2.9874796418697414,15.166285462640996,extraction,400,10
extraction_electrons,145,0.0145,100011,100011,100011,100011,1.0,1.0,9.976976528033545,9.994410855004036,10.13932512772302,1.449953127016257,1.6272324509665204,2.860976835679988,13.8886638596585,extraction,400,10
extraction_electrons,150,0.015000000000000001,100011,100011,100011,100011,1.0,1.0,9.976976528033545,9.994230715283901,10.158428281976583,1.642923516280037,1.8187048293958785,2.718928933419518,14.259352204991801,extraction,400,10
extraction_electrons,155,0.0155,100011,100011,100011,100011,1.0,1.0,9.976976528033545,9.993602277968744,10.200200139100936,2.0673012131736,2.237387353174314,2.5499057554903364,12.3581389813727,extraction,400,10
extraction_electrons,160,0.016,100011,100011,100011,100011,1.0,1.0,9.976976528033545,9.99257386889406,10.215864319298666,2.234563920509869,2.394390631208654,2.411040769271251,12.295462765472504,extraction,400,10
extraction_electrons,165,0.0165,100011,100011,100011,100011,1.0,1.0,9.976976528033545,9.991174994931304,10.246053845584216,2.551039800446042,2.6969825657563895,2.3293608911203787,12.3058764873695,extraction,400,10
extraction_electrons,170,0.017,100011,100011,100011,100011,1.0,1.0,9.976976528033545,9.989445077552924,10.225518252470769,2.3632261160164036,2.4911527429062996,2.2623584628377116,11.235142843505699,extraction,400,10
extraction_electrons,175,0.0175,100011,100011,100011,100011,1.0,1.0,9.976976528033545,9.987459809405006,10.147442786565664,1.601838507625386,1.7085963673778348,2.1384217202381013,11.440465379418999,extraction,400,10
extraction_electrons,180,0.018000000000000002,100011,100011,100011,100011,1.0,1.0,9.976976528033545,9.985342729765453,10.153665651051348,1.6856999888861024,1.7709686148036807,2.026654544249968,11.073628654894,extraction,400,10
extraction_electrons,185,0.018500000000000003,100011,100011,100011,100011,1.0,1.0,9.976976528033545,9.983256796195732,10.14623791749675,1.6325446157322565,1.696519872404334,1.9336626623770323,9.5002995393106,extraction,400,10
extraction_electrons,190,0.019,100011,100011,100011,100011,1.0,1.0,9.976976528033545,9.981378776361108,10.08718413863321,1.0600275236791967,1.1046193231987855,1.8697387466025415,8.908104161815402,extraction,400,10
extraction_electrons,195,0.0195,100011,100011,100011,100011,1.0,1.0,9.976976528033545,9.979865364772676,10.059569670943661,0.7986511166005128,0.8278373982142151,1.7797142993183928,9.0706786192864,extraction,400,10
extraction_electrons,200,0.02,100011,100011,100011,100011,1.0,1.0,9.976976528033545,9.978822246867573,10.01032808739687,0.3157270442329718,0.3342852343053426,1.6551745381806793,8.568180306074902,extraction,400,10
extraction_electrons,205,0.0205,100011,100011,100011,100011,1.0,1.0,9.976976528033545,9.978285574805957,10.016645632919706,0.38443536042507276,0.39760647701936325,1.592872079183898,7.9932264326872,extraction,400,10
extraction_electrons,210,0.021,100011,100011,100011,100011,1.0,1.0,9.976976528033545,9.978220574141952,10.013099801134773,0.3495535775507763,0.36206633342004135,1.5437415958369212,8.1753461664387,extraction,400,10
extraction_electrons,215,0.021500000000000002,100011,100011,100011,100011,1.0,1.0,9.976976528033545,9.97853622347443,9.984141573746241,0.05617407349409742,0.07181580203745597,1.4449724720987212,7.785435398360198,extraction,400,10
extraction_electrons,220,0.022000000000000002,100011,100011,100011,100011,1.0,1.0,9.976976528033545,9.979110196199791,10.000615965674227,0.2155078864909843,0.23693989430826345,1.4210178064033319,7.807458289166901,extraction,400,10
extraction_electrons,225,0.022500000000000003,100011,100011,100011,100011,1.0,1.0,9.976976528033545,9.979815968167927,9.987274916555078,0.07474034001171415,0.10322153703175019,1.3590109200171516,7.529132532209898,extraction,400,10
extraction_electrons,230,0.023,100011,100011,100011,100011,1.0,1.0,9.976976528033545,9.980544596042064,9.995349015196664,0.14833277895949237,0.18414884621102967,1.310179786122427,7.494400865655599,extraction,400,10
extraction_electrons,235,0.0235,100011,100011,100011,100011,1.0,1.0,9.976976528033545,9.981216550851086,9.999807632699845,0.18626068028926301,0.22883791098584627,1.2718474164687648,7.240823621138704,extraction,400,10
extraction_electrons,240,0.024,100011,100011,100011,100011,1.0,1.0,9.976976528033545,9.981782868701087,10.002057878680723,0.20312012639756016,0.25139229882624736,1.24485514804907,6.985089812424198,extraction,400,10
extraction_electrons,245,0.0245,100011,100011,100011,100011,1.0,1.0,9.976976528033545,9.982218331432007,10.008401239021694,0.2622954810279188,0.3149722854399073,1.2118536706220207,7.131126006080699,extraction,400,10
extraction_electrons,250,0.025,100011,100011,100011,100011,1.0,1.0,9.976976528033545,9.982511343622216,10.014293200925541,0.3183753687756141,0.3740278709400968,1.1717591101623972,6.2354242863467,extraction,400,10
extraction_electrons,255,0.025500000000000002,100011,100011,100011,100011,1.0,1.0,9.976976528033545,9.98265521690258,10.00124098308606,0.1861805880264189,0.24320449170485148,1.1280902289005854,6.532826972997101,extraction,400,10
extraction_electrons,260,0.026000000000000002,100011,100011,100011,100011,1.0,1.0,9.976976528033545,9.982643996764057,10.005991791055834,0.23388387184142267,0.29082220390879154,1.0872810878021477,5.764994465775702,extraction,400,10
extraction_electrons,265,0.026500000000000003,100011,100011,100011,100011,1.0,1.0,9.976976528033545,9.98247356353784,10.008290159077026,0.25861922272938376,0.31385892264550463,1.0603802554877757,6.9186538417942005,extraction,400,10
extraction_electrons,270,0.027,100011,100011,100011,100011,1.0,1.0,9.976976528033545,9.982146466374086,10.008416350576459,0.26316869113136576,0.3151237497108772,1.0440564152738145,5.6361505574428,extraction,400,10
extraction_electrons,275,0.0275,100011,100011,100011,100011,1.0,1.0,9.976976528033545,9.981677582898454,10.005734730725928,0.24101307247883508,0.28824566853071776,1.0168939910063934,5.221297583304299,extraction,400,10
extraction_electrons,280,0.028,100011,100011,100011,100011,1.0,1.0,9.976976528033545,9.981097592643795,9.990122543517474,0.09042042510765125,0.1317635202106704,0.9777078109353563,5.058056808594502,extraction,400,10
extraction_electrons,285,0.0285,100011,100011,100011,100011,1.0,1.0,9.976976528033545,9.98045228035871,9.986024420308985,0.05583053546822647,0.09068771736624459,0.9465860538267373,4.7339806597452,extraction,400,10
extraction_electrons,290,0.029,100011,100011,100011,100011,1.0,1.0,9.976976528033545,9.979797343717147,9.988295152235661,0.08515011102769865,0.1134474374106631,0.9260827164084745,4.3027257668353,extraction,400,10
extraction_electrons,295,0.029500000000000002,100011,100011,100011,100011,1.0,1.0,9.976976528033545,9.979190015093742,9.98400390821617,0.048239317170506446,0.07043596988405287,0.90718086445202,4.310138221428101,extraction,400,10
extraction_electrons,300,0.030000000000000002,100011,100011,100011,100011,1.0,1.0,9.976976528033545,9.978679855685334,9.977036753615652,-0.016466126716607743,0.0006036456228875053,0.8817751529252893,4.705898702745898,extraction,400,10
extraction_electrons,0,0.0,100011,100011,100011,100011,1.0,1.0,9.976976528033545,10.490615502178484,17.368494621813024,65.5622076531761,74.08575206136464,21.913848719091547,124.2836796489483,extraction,500,10
extraction_electrons,5,0.0005,100011,100011,100011,100011,1.0,1.0,9.976976528033545,10.482830299500458,17.03785474702048,62.53105564279133,70.77172326853844,21.39093561470635,121.0618025587718,extraction,500,10
extraction_electrons,10,0.001,100011,100011,100011,100011,1.0,1.0,9.976976528033545,10.461128014447374,16.261761093465992,55.449403458285154,62.99287712838966,20.071673931296353,109.72597640466978,extraction,500,10
extraction_electrons,15,0.0015,100011,100011,100011,100011,1.0,1.0,9.976976528033545,10.42776203045877,15.3593247231619,47.292627874498635,53.94768826011473,18.231779283526464,97.67729289123031,extraction,500,10
extraction_electrons,20,0.002,100011,100011,100011,100011,1.0,1.0,9.976976528033545,10.385996196528804,14.557872068267544,40.16827844721396,45.914666906978184,16.259694784299654,90.5921221313186,extraction,500,10
extraction_electrons,25,0.0025,100011,100011,100011,100011,1.0,1.0,9.976976528033545,10.339565869208739,14.045268998571448,35.84002632449304,40.77680707283133,14.446695115403454,71.904809714449,extraction,500,10
extraction_electrons,30,0.003,100011,100011,100011,100011,1.0,1.0,9.976976528033545,10.292090155663445,13.97314345227667,35.76584776210541,40.0538871973348,13.07074864269623,62.684030601920796,extraction,500,10
extraction_electrons,35,0.0035,100011,100011,100011,100011,1.0,1.0,9.976976528033545,10.246556030476748,13.97549532513084,36.39212320279084,40.077460199111044,11.898406040774532,56.0531571145178,extraction,500,10
extraction_electrons,40,0.004,100011,100011,100011,100011,1.0,1.0,9.976976528033545,10.20497833801401,13.897029781186932,36.178924843180326,39.290994041518786,10.779750739280248,51.375726750339105,extraction,500,10
extraction_electrons,45,0.0045000000000000005,100011,100011,100011,100011,1.0,1.0,9.976976528033545,10.168295607866584,13.808765751279768,35.80216669347001,38.40631690853007,9.8128887424778,47.3991480942459,extraction,500,10
extraction_electrons,50,0.005,100011,100011,100011,100011,1.0,1.0,9.976976528033545,10.136500868386776,13.608634316852502,34.253767582602855,36.400384210733975,9.113055697231479,43.958984977554806,extraction,500,10
extraction_electrons,55,0.0055000000000000005,100011,100011,100011,100011,1.0,1.0,9.976976528033545,10.108947559217118,13.4576677340893,33.12629880861231,34.887234587308356,8.57859065219411,41.059035726792104,extraction,500,10
extraction_electrons,60,0.006,100011,100011,100011,100011,1.0,1.0,9.976976528033545,10.084731787387755,13.388194499583289,32.75707060773729,34.19089903604387,8.14093345312647,39.830945120890696,extraction,500,10
extraction_electrons,65,0.006500000000000001,100011,100011,100011,100011,1.0,1.0,9.976976528033545,10.063044328367246,13.108266805342687,30.261443531467936,31.385162313560322,7.748286682044981,34.00953277049939,extraction,500,10
extraction_electrons,70,0.007,100011,100011,100011,100011,1.0,1.0,9.976976528033545,10.043408156463691,12.767556834198425,27.123747589422997,27.970200173608117,7.3374573461150385,32.2338107402099,extraction,500,10
extraction_electrons,75,0.007500000000000001,100011,100011,100011,100011,1.0,1.0,9.976976528033545,10.025759572542334,12.366303511663052,23.345302888878283,23.948407384901827,6.884749504770386,35.18201179755909,extraction,500,10
extraction_electrons,80,0.008,100011,100011,100011,100011,1.0,1.0,9.976976528033545,10.010378693206404,11.954701256760986,19.42306703016248,19.822886454331968,6.507485986281963,29.406236555629608,extraction,500,10
extraction_electrons,85,0.0085,100011,100011,100011,100011,1.0,1.0,9.976976528033545,9.997714677140653,11.627912855649958,16.30570816585397,16.5474612772474,6.102713457197955,28.074512072844797,extraction,500,10
extraction_electrons,90,0.009000000000000001,100011,100011,100011,100011,1.0,1.0,9.976976528033545,9.988173235441122,11.413758604097621,14.272733712688135,14.400976809226451,5.700076200792167,27.877896964959,extraction,500,10
extraction_electrons,95,0.0095,100011,100011,100011,100011,1.0,1.0,9.976976528033545,9.981934881480198,11.232628702909622,12.529573036484898,12.585497934649004,5.338127240194971,25.974866318665008,extraction,500,10
extraction_electrons,100,0.01,100011,100011,100011,100011,1.0,1.0,9.976976528033545,9.978854071383525,11.049997937449788,10.734136990117893,10.754975782505284,5.085475355560724,22.9759596087532,extraction,500,10
extraction_electrons,105,0.0105,100011,100011,100011,100011,1.0,1.0,9.976976528033545,9.978459080528719,10.882540380344045,9.060329781574072,9.076535859997525,4.81025843906064,23.5043987390343,extraction,500,10
extraction_electrons,110,0.011000000000000001,100011,100011,100011,100011,1.0,1.0,9.976976528033545,9.980040380982647,10.760722812009845,7.822437597695697,7.855549041075838,4.608691860113155,22.755139878077802,extraction,500,10
extraction_electrons,115,0.0115,100011,100011,100011,100011,1.0,1.0,9.976976528033545,9.982791308907894,10.545430487983745,5.6360907652531544,5.697657585471361,4.401919419623056,21.238940964835997,extraction,500,10
extraction_electrons,120,0.012,100011,100011,100011,100011,1.0,1.0,9.976976528033545,9.985955153871338,10.391650409956204,4.062658502202332,4.1563080834910116,4.170465353898384,19.299836079014504,extraction,500,10
extraction_electrons,125,0.0125,100011,100011,100011,100011,1.0,1.0,9.976976528033545,9.988938270517957,10.330971899763163,3.4241239657542666,3.5481227277117,3.931575680828834,19.7686085508425,extraction,500,10
extraction_electrons,130,0.013000000000000001,100011,100011,100011,100011,1.0,1.0,9.976976528033545,9.991365313905435,10.247216097857956,2.560718939947493,2.708631909327308,3.7117500305009616,18.4330744579964,extraction,500,10
extraction_electrons,135,0.0135,100011,100011,100011,100011,1.0,1.0,9.976976528033545,9.993073420677959,10.238891915342831,2.4598888081440284,2.6251979903265443,3.5396632987023566,17.6988855884293,extraction,500,10
extraction_electrons,140,0.014,100011,100011,100011,100011,1.0,1.0,9.976976528033545,9.994060200992923,10.234428563985336,2.4051122182407125,2.580461477767315,3.378495090822169,18.4090995727177,extraction,500,10
extraction_electrons,145,0.0145,100011,100011,100011,100011,1.0,1.0,9.976976528033545,9.994410855004036,10.23064778325122,2.3636903832996214,2.542566422852688,3.2223345470605222,17.1259390547143,extraction,500,10
extraction_electrons,150,0.015000000000000001,100011,100011,100011,100011,1.0,1.0,9.976976528033545,9.994230715283901,10.224035960113733,2.2993790255251723,2.476295613064683,3.0763634684484567,16.263212953525894,extraction,500,10
extraction_electrons,155,0.0155,100011,100011,100011,100011,1.0,1.0,9.976976528033545,9.993602277968744,10.22714096531044,2.3368819455277023,2.507417318001881,2.9581244647456737,15.3286086569249,extraction,500,10
extraction_electrons,160,0.016,100011,100011,100011,100011,1.0,1.0,9.976976528033545,9.99257386889406,10.246324770511567,2.539394804049522,2.6996980670566995,2.7998074748672144,14.644276450706103,extraction,500,10
extraction_electrons,165,0.0165,100011,100011,100011,100011,1.0,1.0,9.976976528033545,9.991174994931304,10.319526895790323,3.2864192752664056,3.4334085761780875,2.67569967454636,14.6095658092589,extraction,500,10
extraction_electrons,170,0.017,100011,100011,100011,100011,1.0,1.0,9.976976528033545,9.989445077552924,10.282555793739341,2.9342041916328387,3.0628443882490197,2.573493564056664,14.193163952080305,extraction,500,10
extraction_electrons,175,0.0175,100011,100011,100011,100011,1.0,1.0,9.976976528033545,9.987459809405006,10.270209990310063,2.8310520022197805,2.9391014547601957,2.5077969807377687,14.042327658232702,extraction,500,10
extraction_electrons,180,0.018000000000000002,100011,100011,100011,100011,1.0,1.0,9.976976528033545,9.985342729765453,10.235422211792674,2.504465683303536,2.5904208858559707,2.422913608487261,13.4940914379286,extraction,500,10
extraction_electrons,185,0.018500000000000003,100011,100011,100011,100011,1.0,1.0,9.976976528033545,9.983256796195732,10.1678913536798,1.8494421334972033,1.9135539219704345,2.298546776686184,13.1594133042364,extraction,500,10
extraction_electrons,190,0.019,100011,100011,100011,100011,1.0,1.0,9.976976528033545,9.981378776361108,10.17839469969385,1.973834755167636,2.0188297636499097,2.204138580815958,12.7628927773631,extraction,500,10
extraction_electrons,195,0.0195,100011,100011,100011,100011,1.0,1.0,9.976976528033545,9.979865364772676,10.151643920353767,1.7212512323807605,1.7507046531525683,2.129961369892744,13.074444392675304,extraction,500,10
extraction_electrons,200,0.02,100011,100011,100011,100011,1.0,1.0,9.976976528033545,9.978822246867573,10.104730196709953,1.2617516048239352,1.2804848073706854,2.0472104983340724,11.627315298075398,extraction,500,10
extraction_electrons,205,0.0205,100011,100011,100011,100011,1.0,1.0,9.976976528033545,9.978285574805957,10.054466674080473,0.763468821406188,0.7766896697531056,1.9686586937661683,11.046936171765301,extraction,500,10
extraction_electrons,210,0.021,100011,100011,100011,100011,1.0,1.0,9.976976528033545,9.978220574141952,10.0613268780994,0.8328769978568573,0.8454500201423354,1.8645995046991553,10.617641108565401,extraction,500,10
extraction_electrons,215,0.021500000000000002,100011,100011,100011,100011,1.0,1.0,9.976976528033545,9.97853622347443,10.053639912654003,0.7526523680185804,0.7684029766437561,1.8006591401007357,10.8412233211132,extraction,500,10
extraction_electrons,220,0.022000000000000002,100011,100011,100011,100011,1.0,1.0,9.976976528033545,9.979110196199791,10.02680123945522,0.4779087746078936,0.49939689926781217,1.7592675897519918,10.357970692671197,extraction,500,10
extraction_electrons,225,0.022500000000000003,100011,100011,100011,100011,1.0,1.0,9.976976528033545,9.979815968167927,10.006618780849367,0.26857020978074964,0.2971065706382392,1.6448302453697115,10.1017625436368,extraction,500,10
extraction_electrons,230,0.023,100011,100011,100011,100011,1.0,1.0,9.976976528033545,9.980544596042064,10.035157351035155,0.5471921343325192,0.5831508457309953,1.6079780678239672,10.0194964140757,extraction,500,10
extraction_electrons,235,0.0235,100011,100011,100011,100011,1.0,1.0,9.976976528033545,9.981216550851086,10.053119712797518,0.7203847504971828,0.7631889736336772,1.5698467967723393,9.900335791512,extraction,500,10
extraction_electrons,240,0.024,100011,100011,100011,100011,1.0,1.0,9.976976528033545,9.981782868701087,10.001470553860813,0.19723615929834182,0.24550549716584324,1.4373387298133924,9.537207136728501,extraction,500,10
extraction_electrons,245,0.0245,100011,100011,100011,100011,1.0,1.0,9.976976528033545,9.982218331432007,10.032575860687823,0.5044723285329233,0.557276370231552,1.4127281579811573,9.297751132670001,extraction,500,10
extraction_electrons,250,0.025,100011,100011,100011,100011,1.0,1.0,9.976976528033545,9.982511343622216,10.050131510956842,0.6773863310240991,0.733237997681413,1.3663777010024303,9.728885454975998,extraction,500,10
extraction_electrons,255,0.025500000000000002,100011,100011,100011,100011,1.0,1.0,9.976976528033545,9.98265521690258,10.018094383212624,0.35500741576286465,0.4121274121828833,1.317674076585629,7.947151976259299,extraction,500,10
extraction_electrons,260,0.026000000000000002,100011,100011,100011,100011,1.0,1.0,9.976976528033545,9.982643996764057,10.031237972945624,0.4867846253689745,0.5438666189061747,1.2815589190955736,8.195844522764501,extraction,500,10
extraction_electrons,265,0.026500000000000003,100011,100011,100011,100011,1.0,1.0,9.976976528033545,9.98247356353784,10.010608623618637,0.2818445739096731,0.3370970703458376,1.2313138705193805,8.447749883686297,extraction,500,10
extraction_electrons,270,0.027,100011,100011,100011,100011,1.0,1.0,9.976976528033545,9.982146466374086,10.004464857341539,0.223583084486223,0.27551763032374055,1.195593716806156,7.376662726427501,extraction,500,10
extraction_electrons,275,0.0275,100011,100011,100011,100011,1.0,1.0,9.976976528033545,9.981677582898454,10.007404262133866,0.2577390325599005,0.30497950972245835,1.166127208985349,8.2754092860775,extraction,500,10
extraction_electrons,280,0.028,100011,100011,100011,100011,1.0,1.0,9.976976528033545,9.981097592643795,10.010688713312437,0.2964716093994513,0.3378998154818458,1.1464609448056167,7.381371313696599,extraction,500,10
extraction_electrons,285,0.0285,100011,100011,100011,100011,1.0,1.0,9.976976528033545,9.98045228035871,10.006016712071244,0.25614502223354485,0.2910719891552338,1.1234965668904473,7.303486856854802,extraction,500,10
extraction_electrons,290,0.029,100011,100011,100011,100011,1.0,1.0,9.976976528033545,9.979797343717147,9.99280272162976,0.13031705419148665,0.15862715073795552,1.084416319490422,7.032329756816498,extraction,500,10
extraction_electrons,295,0.029500000000000002,100011,100011,100011,100011,1.0,1.0,9.976976528033545,9.979190015093742,9.98059103141649,0.014039379154295872,0.03622844428659011,1.0361512232312668,6.337356624990102,extraction,500,10
extraction_electrons,300,0.030000000000000002,100011,100011,100011,100011,1.0,1.0,9.976976528033545,9.978679855685334,9.986712784245064,0.08050091470921394,0.09758724182784562,1.0149550776009637,6.006161153360798,extraction,500,10
injection_electrons,0,0.0,100031,100031,100031,100031,1.0,1.0,9.998651729884015,10.415262351080944,5.428391013297002,-47.880419807825405,-45.70876994272535,10.36987368721731,27.421398191565196,injection,100,10
injection_electrons,5,0.0005,100031,100031,100031,100031,1.0,1.0,9.998651729884015,10.413577274319435,5.393133987767163,-48.21055391726928,-46.06138774042764,10.245048527315008,27.060764200296,injection,100,10
injection_electrons,10,0.001,100031,100031,100031,100031,1.0,1.0,9.998651729884015,10.408859796756792,5.305584521566394,-49.02818728311129,-46.93700045868145,9.877091317854356,25.966042538125897,injection,100,10
injection_electrons,15,0.0015,100031,100031,100031,100031,1.0,1.0,9.998651729884015,10.400506190410784,5.214808051932332,-49.860055304420094,-47.84488756272718,9.283937893685627,24.189821037016998,injection,100,10
injection_electrons,20,0.002,100031,100031,100031,100031,1.0,1.0,9.998651729884015,10.3877183465903,5.193992335758486,-49.99871807784064,-48.05307279345816,8.494239527464504,22.171575397360904,injection,100,10
injection_electrons,25,0.0025,100031,100031,100031,100031,1.0,1.0,9.998651729884015,10.369764598229818,5.3208243585847805,-48.689053563539154,-46.78458153831004,7.545982820018116,19.7814144413997,injection,100,10
injection_electrons,30,0.003,100031,100031,100031,100031,1.0,1.0,9.998651729884015,10.346242542536835,5.646245812367658,-45.42708824818219,-43.529928185295894,6.4836556319635035,17.053560586891,injection,100,10
injection_electrons,35,0.0035,100031,100031,100031,100031,1.0,1.0,9.998651729884015,10.317278065957897,6.171144321881089,-40.1863138472256,-38.28023528975667,5.355913942963946,14.110098527041398,injection,100,10
injection_electrons,40,0.004,100031,100031,100031,100031,1.0,1.0,9.998651729884015,10.283612913335919,6.8509222491717665,-33.380201035305355,-31.481539368996124,4.212976534170304,11.0807767921059,injection,100,10
injection_electrons,45,0.0045000000000000005,100031,100031,100031,100031,1.0,1.0,9.998651729884015,10.246561857782794,7.61903700392277,-25.642990208118277,-23.79935605566741,3.1044218607785963,8.6061852010954,injection,100,10
injection_electrons,50,0.005,100031,100031,100031,100031,1.0,1.0,9.998651729884015,10.207852074437625,8.407490608837236,-17.637025423877684,-15.913756814742431,2.0797154414339163,6.434572224055103,injection,100,10
injection_electrons,55,0.0055000000000000005,100031,100031,100031,100031,1.0,1.0,9.998651729884015,10.16938409512765,9.158624730096523,-9.939238754050027,-8.401402733898767,1.1969877988385091,4.783056804972599,injection,100,10
injection_electrons,60,0.006,100031,100031,100031,100031,1.0,1.0,9.998651729884015,10.132969639118084,9.827583286896829,-3.013789274985279,-1.7109151074429008,0.6029012283788832,5.317784654082001,injection,100,10
injection_electrons,65,0.006500000000000001,100031,100031,100031,100031,1.0,1.0,9.998651729884015,10.100103205189399,10.384272162204413,2.8135252803061395,3.856724313817761,0.6670635173756759,5.7881962152056,injection,100,10
injection_electrons,70,0.007,100031,100031,100031,100031,1.0,1.0,9.998651729884015,10.071811632902143,10.81077162990388,7.3369124039982525,8.122294104840112,1.0289158849952378,5.619261304759,injection,100,10
injection_electrons,75,0.007500000000000001,100031,100031,100031,100031,1.0,1.0,9.998651729884015,10.048602845686727,11.101348954136148,10.47654210855098,11.028459176714666,1.3149723503349717,5.108748457197201,injection,100,10
injection_electrons,80,0.008,100031,100031,100031,100031,1.0,1.0,9.998651729884015,10.030508666550787,11.259944391961502,12.256962894719114,12.614627413291423,1.4711376697661411,5.2719522351051,injection,100,10
injection_electrons,85,0.0085,100031,100031,100031,100031,1.0,1.0,9.998651729884015,10.017194783226167,11.299138142129426,12.797428687818657,13.006617765858476,1.500912032280206,5.025017583257499,injection,100,10
injection_electrons,90,0.009000000000000001,100031,100031,100031,100031,1.0,1.0,9.998651729884015,10.008099540213864,11.237388348981135,12.282939471453357,12.389036567748214,1.422446710259739,4.3788599824932,injection,100,10
injection_electrons,95,0.0095,100031,100031,100031,100031,1.0,1.0,9.998651729884015,10.002564217514957,11.097049669255016,10.942048738098208,10.985460530524382,1.2604607656142597,3.578944831445999,injection,100,10
injection_electrons,100,0.01,100031,100031,100031,100031,1.0,1.0,9.998651729884015,9.999928557309948,10.902331138260724,9.024090280036257,9.038012652003747,1.0431522849349817,3.0127171633413994,injection,100,10
injection_electrons,105,0.0105,100031,100031,100031,100031,1.0,1.0,9.998651729884015,9.999581418122574,10.677279183360112,6.77726133625276,6.7871896312561075,0.8008563693386194,3.2382324812029,injection,100,10
injection_electrons,110,0.011000000000000001,100031,100031,100031,100031,1.0,1.0,9.998651729884015,10.000971821348893,10.443859840861526,4.428449828917702,4.452681451508811,0.5671629584804551,3.6282578492093998,injection,100,10
injection_electrons,115,0.0115,100031,100031,100031,100031,1.0,1.0,9.998651729884015,10.003595877171076,10.220854596388083,2.1718062373231817,2.2223282949234813,0.38735152017387253,3.6603157395246004,injection,100,10
injection_electrons,120,0.012,100031,100031,100031,100031,1.0,1.0,9.998651729884015,10.006978136005488,10.023091753263078,0.16102380797267113,0.2444331899871699,0.32383108594754867,3.2447895213885,injection,100,10
injection_electrons,125,0.0125,100031,100031,100031,100031,1.0,1.0,9.998651729884015,10.010662365741197,9.861066862605089,-1.4943616882740818,-1.3760341993682257,0.3739430554882259,2.9486506896613003,injection,100,10
injection_electrons,130,0.013000000000000001,100031,100031,100031,100031,1.0,1.0,9.998651729884015,10.014219062631708,9.740718840897287,-2.7311188223852034,-2.5796766999676257,0.4511023347647709,3.0916435799497,injection,100,10
injection_electrons,135,0.0135,100031,100031,100031,100031,1.0,1.0,9.998651729884015,10.017268426654711,9.664209007796568,-3.52450791793395,-3.344878200806445,0.5050632130877966,3.0471506401464,injection,100,10
injection_electrons,140,0.014,100031,100031,100031,100031,1.0,1.0,9.998651729884015,10.019510988443955,9.630020065798327,-3.887324671781378,-3.6868137229334685,0.522099446703631,2.7010044459067,injection,100,10
injection_electrons,145,0.0145,100031,100031,100031,100031,1.0,1.0,9.998651729884015,10.020755296250782,9.633733799751425,-3.8621988568482313,-3.6496713756107857,0.5029241530560127,2.472265636138901,injection,100,10
injection_electrons,150,0.015000000000000001,100031,100031,100031,100031,1.0,1.0,9.998651729884015,10.02093328452994,9.668845696823059,-3.513520923748936,-3.298505058189305,0.45470730301458906,2.7900399490179995,injection,100,10
injection_electrons,155,0.0155,100031,100031,100031,100031,1.0,1.0,9.998651729884015,10.020098089204822,9.727349865734709,-2.9216103561451767,-2.7133844790136807,0.38852837144880553,3.2245831713020996,injection,100,10
injection_electrons,160,0.016,100031,100031,100031,100031,1.0,1.0,9.998651729884015,10.018404375962303,9.800604448707235,-2.173998164594426,-1.9807398690050992,0.3182045094891179,3.3804813362751,injection,100,10
injection_electrons,165,0.0165,100031,100031,100031,100031,1.0,1.0,9.998651729884015,10.016075901182745,9.879839947236581,-1.3601729388859396,-1.188278038451207,0.2601189581075169,3.3474705882577003,injection,100,10
injection_electrons,170,0.017,100031,100031,100031,100031,1.0,1.0,9.998651729884015,10.013367740007064,9.957135430297866,-0.5615724017058676,-0.4152189785955329,0.2293381073899518,3.0148433789395996,injection,100,10
injection_electrons,175,0.0175,100031,100031,100031,100031,1.0,1.0,9.998651729884015,10.010530905820106,10.025708076708066,0.15161204766007685,0.2705999524234226,0.22843514990947167,2.424893043801199,injection,100,10
injection_electrons,180,0.018000000000000002,100031,100031,100031,100031,1.0,1.0,9.998651729884015,10.007785266554016,10.080549577302053,0.7270770586097042,0.8190889094902731,0.24355668005733544,2.6548501407839993,injection,100,10
injection_electrons,185,0.018500000000000003,100031,100031,100031,100031,1.0,1.0,9.998651729884015,10.00530362078222,10.118482526332645,1.1311891156939868,1.198469550554293,0.2584277270906069,2.6311524762146012,injection,100,10
injection_electrons,190,0.019,100031,100031,100031,100031,1.0,1.0,9.998651729884015,10.003206621163438,10.13840753650437,1.3515757542675644,1.3977465201898465,0.2640478001409292,2.3649832305776,injection,100,10
injection_electrons,195,0.0195,100031,100031,100031,100031,1.0,1.0,9.998651729884015,10.001565855094473,10.14106686294414,1.3947916743317634,1.4243433705613873,0.2579901672702884,2.2932351833904008,injection,100,10
injection_electrons,200,0.02,100031,100031,100031,100031,1.0,1.0,9.998651729884015,10.000411327493904,10.12857506755616,1.2815846855208646,1.2994085720960724,0.2421750718304509,2.6763715584392997,injection,100,10
injection_electrons,205,0.0205,100031,100031,100031,100031,1.0,1.0,9.998651729884015,9.999739855644128,10.104237960424381,1.0450082331018962,1.0560046833593573,0.22133407921704726,2.8015255224487996,injection,100,10
injection_electrons,210,0.021,100031,100031,100031,100031,1.0,1.0,9.998651729884015,9.99952208976126,10.072007855715631,0.7248923028890575,0.7336601755251415,0.2017275771379749,2.9331660234682864,injection,100,10
injection_electrons,215,0.021500000000000002,100031,100031,100031,100031,1.0,1.0,9.998651729884015,9.999707418049653,10.036068500210753,0.3636214605186261,0.37421815798330815,0.18926176709255946,3.0080438133579004,injection,100,10
injection_electrons,220,0.022000000000000002,100031,100031,100031,100031,1.0,1.0,9.998651729884015,10.000227326278178,10.000399866887864,0.001725366874727463,0.01748372731720238,0.18677958101386496,2.8093191085441,injection,100,10
injection_electrons,225,0.022500000000000003,100031,100031,100031,100031,1.0,1.0,9.998651729884015,10.000998482586791,9.968453483847899,-0.3254174950186983,-0.3020231812441265,0.19201133598970682,2.3600951056776998,injection,100,10
injection_electrons,230,0.023,100031,100031,100031,100031,1.0,1.0,9.998651729884015,10.001926808052865,9.942995114379377,-0.589203408547645,-0.5566412053166325,0.19987194292909294,2.3834586906393,injection,100,10
injection_electrons,235,0.0235,100031,100031,100031,100031,1.0,1.0,9.998651729884015,10.002913224314062,9.925774149706903,-0.7711660880917792,-0.7288740736843047,0.20573891959599636,2.2507932523434,injection,100,10
injection_electrons,240,0.024,100031,100031,100031,100031,1.0,1.0,9.998651729884015,10.003860946364698,9.917602264360449,-0.8622539084331748,-0.8106039465433645,0.20705543232702062,2.0574890884464,injection,100,10
injection_electrons,245,0.0245,100031,100031,100031,100031,1.0,1.0,9.998651729884015,10.004683442874999,9.91844585075256,-0.8619722214584846,-0.8021669450865576,0.20325034192593516,2.5078182075599003,injection,100,10
injection_electrons,250,0.025,100031,100031,100031,100031,1.0,1.0,9.998651729884015,10.005311765668937,9.92742491983087,-0.7784549613468306,-0.712364146460498,0.19570837890632947,2.749770214599,injection,100,10
injection_electrons,255,0.025500000000000002,100031,100031,100031,100031,1.0,1.0,9.998651729884015,10.005699956245593,9.942982590142849,-0.626816378434325,-0.5567664645702353,0.18700544211179612,2.7072861344854995,injection,100,10
injection_electrons,260,0.026000000000000002,100031,100031,100031,100031,1.0,1.0,9.998651729884015,10.005827622063254,9.963175039645535,-0.4262774058156782,-0.3548147409960012,0.18012174361326447,2.7251161950277,injection,100,10
injection_electrons,265,0.026500000000000003,100031,100031,100031,100031,1.0,1.0,9.998651729884015,10.005699382522478,9.985756568800197,-0.1993145402421015,-0.1289689993429599,0.17724999334695013,2.9480316656848,injection,100,10
injection_electrons,270,0.027,100031,100031,100031,100031,1.0,1.0,9.998651729884015,10.005341516862504,10.008516337396344,0.03173125603448401,0.09865937707227435,0.17881885983599113,2.9285396910099375,injection,100,10
injection_electrons,275,0.0275,100031,100031,100031,100031,1.0,1.0,9.998651729884015,10.004796630841634,10.029405932424073,0.24597503068255477,0.3075834959641588,0.18344976758732276,2.6734928419657003,injection,100,10
injection_electrons,280,0.028,100031,100031,100031,100031,1.0,1.0,9.998651729884015,10.00411739354866,10.046671770461526,0.42536862812414533,0.4802651584911999,0.18873738441261118,2.2089324258529,injection,100,10
injection_electrons,285,0.0285,100031,100031,100031,100031,1.0,1.0,9.998651729884015,10.003360363690927,10.059037792017776,0.5565872497100166,0.6039420490392633,0.19232700151863252,2.2625055289272007,injection,100,10
injection_electrons,290,0.029,100031,100031,100031,100031,1.0,1.0,9.998651729884015,10.002580684364226,10.06574655409447,0.6314957281872591,0.6710387162493392,0.19281059582715698,2.2060086331979,injection,100,10
injection_electrons,295,0.029500000000000002,100031,100031,100031,100031,1.0,1.0,9.998651729884015,10.001828078519981,10.066593903587158,0.6475398752980865,0.6795133537862652,0.1897897126798848,2.2741439849797995,injection,100,10
injection_electrons,300,0.030000000000000002,100031,100031,100031,100031,1.0,1.0,9.998651729884015,10.001144232759604,10.061877224396063,0.6072604316366581,0.6323402016601865,0.18386901952014653,2.4395684889063,injection,100,10
injection_electrons,0,0.0,100031,100031,100031,100031,1.0,1.0,9.998651729884015,10.415262351080944,11.437241213514264,9.81231992036431,14.387834705059156,19.540305633672297,54.13487204492,injection,200,10
injection_electrons,5,0.0005,100031,100031,100031,100031,1.0,1.0,9.998651729884015,10.413577274319435,11.176815425498404,7.329259975447289,11.7832256532457,19.260051692747084,53.5032081192129,injection,200,10
injection_electrons,10,0.001,100031,100031,100031,100031,1.0,1.0,9.998651729884015,10.408859796756792,10.41751486025108,0.08315092779889177,4.189196120464578,18.43507617921274,51.3782330041352,injection,200,10
injection_electrons,15,0.0015,100031,100031,100031,100031,1.0,1.0,9.998651729884015,10.400506190410784,9.226907019046436,-11.284058197536584,-7.718487769015747,17.114762622632355,47.854314499120704,injection,200,10
injection_electrons,20,0.002,100031,100031,100031,100031,1.0,1.0,9.998651729884015,10.3877183465903,7.7271440784473056,-25.612691636140774,-22.718139533229444,15.376825171061414,43.104791985538604,injection,200,10
injection_electrons,25,0.0025,100031,100031,100031,100031,1.0,1.0,9.998651729884015,10.369764598229818,6.126061528652051,-40.92381296970032,-38.73112401402631,13.322116612492104,37.3717790692576,injection,200,10
injection_electrons,30,0.003,100031,100031,100031,100031,1.0,1.0,9.998651729884015,10.346242542536835,4.804501071276141,-53.562841277659565,-51.94851064852648,11.067969416042116,31.237519094395,injection,200,10
injection_electrons,35,0.0035,100031,100031,100031,100031,1.0,1.0,9.998651729884015,10.317278065957897,4.377124211767421,-57.57481591768041,-56.22285554076204,8.740859187973474,26.011605355686502,injection,200,10
injection_electrons,40,0.004,100031,100031,100031,100031,1.0,1.0,9.998651729884015,10.283612913335919,5.136728461387114,-50.049379486797484,-48.62578875475343,6.471885205496705,20.671287531843504,injection,200,10
injection_electrons,45,0.0045000000000000005,100031,100031,100031,100031,1.0,1.0,9.998651729884015,10.246561857782794,6.579294054226154,-35.79022753638246,-34.198187596014264,4.3980674413092276,15.5763773160607,injection,200,10
injection_electrons,50,0.005,100031,100031,100031,100031,1.0,1.0,9.998651729884015,10.207852074437625,8.17163257275655,-19.947580419784394,-18.27265521877176,2.7005001951419674,11.507331603330897,injection,200,10
injection_electrons,55,0.0055000000000000005,100031,100031,100031,100031,1.0,1.0,9.998651729884015,10.16938409512765,9.641777614167685,-5.188185203986462,-3.5692223847511695,1.7460141633774988,12.311474231271099,injection,200,10
injection_electrons,60,0.006,100031,100031,100031,100031,1.0,1.0,9.998651729884015,10.132969639118084,10.860887176128653,7.183654574474008,8.623517145492565,1.879852407481954,12.2641982025318,injection,200,10
injection_electrons,65,0.006500000000000001,100031,100031,100031,100031,1.0,1.0,9.998651729884015,10.100103205189399,11.773455619071022,16.567676387919093,17.750432129588688,2.4442533329456406,10.8535989484154,injection,200,10
injection_electrons,70,0.007,100031,100031,100031,100031,1.0,1.0,9.998651729884015,10.071811632902143,12.367362692338263,22.7918386791222,23.690303717396553,2.889814319288318,11.0881112312477,injection,200,10
injection_electrons,75,0.007500000000000001,100031,100031,100031,100031,1.0,1.0,9.998651729884015,10.048602845686727,12.659989139837927,25.987556023991075,26.61696278508927,3.091412107726427,10.9287631033522,injection,200,10
injection_electrons,80,0.008,100031,100031,100031,100031,1.0,1.0,9.998651729884015,10.030508666550787,12.687938326766883,26.493468562346713,26.8964923425137,3.0516640368644765,9.812761065892202,injection,200,10
injection_electrons,85,0.0085,100031,100031,100031,100031,1.0,1.0,9.998651729884015,10.017194783226167,12.50253672834973,24.81075789087459,25.042226353200125,2.8143240524336988,8.5754650878412,injection,200,10
injection_electrons,90,0.009000000000000001,100031,100031,100031,100031,1.0,1.0,9.998651729884015,10.008099540213864,12.159959567780529,21.50118530416496,21.61599279867692,2.4388032950746745,7.439014904825001,injection,200,10
injection_electrons,95,0.0095,100031,100031,100031,100031,1.0,1.0,9.998651729884015,10.002564217514957,11.717715307238466,17.147114004229035,17.192953848132397,1.9926063699348786,6.6533150509025,injection,200,10
injection_electrons,100,0.01,100031,100031,100031,100031,1.0,1.0,9.998651729884015,9.999928557309948,11.22877217243289,12.288523943750151,12.302863183765922,1.5479581711326789,7.5848924787159,injection,200,10
injection_electrons,105,0.0105,100031,100031,100031,100031,1.0,1.0,9.998651729884015,9.999581418122574,10.73993569492984,7.403852679928158,7.413839236246944,1.183934672849171,7.4500133937609,injection,200,10
injection_electrons,110,0.011000000000000001,100031,100031,100031,100031,1.0,1.0,9.998651729884015,10.000971821348893,10.288619742148343,2.876199692768,2.90007113056725,0.9765524434247255,7.4476434229776,injection,200,10
injection_electrons,115,0.0115,100031,100031,100031,100031,1.0,1.0,9.998651729884015,10.003595877171076,9.90242058004024,-1.0113892881431386,-0.9624412615168887,0.9428490709440961,7.4982879566339,injection,200,10
injection_electrons,120,0.012,100031,100031,100031,100031,1.0,1.0,9.998651729884015,10.006978136005488,9.60044315508742,-4.062514931009387,-3.9826227130846714,1.0022518991160752,6.7915945320876,injection,200,10
injection_electrons,125,0.0125,100031,100031,100031,100031,1.0,1.0,9.998651729884015,10.010662365741197,9.391403036297293,-6.185997557595724,-6.073305781536275,1.0626783217539113,6.112643699116599,injection,200,10
injection_electrons,130,0.013000000000000001,100031,100031,100031,100031,1.0,1.0,9.998651729884015,10.014219062631708,9.277024486406287,-7.361478429968448,-7.2172455144219665,1.078050982459319,5.784060564954901,injection,200,10
injection_electrons,135,0.0135,100031,100031,100031,100031,1.0,1.0,9.998651729884015,10.017268426654711,9.251298780989371,-7.646492167736962,-7.474537258468084,1.0382570144347143,5.4059834499415,injection,200,10
injection_electrons,140,0.014,100031,100031,100031,100031,1.0,1.0,9.998651729884015,10.019510988443955,9.301445678818917,-7.166670214277138,-6.973000659491779,0.9529491924801156,5.7764364124723,injection,200,10
injection_electrons,145,0.0145,100031,100031,100031,100031,1.0,1.0,9.998651729884015,10.020755296250782,9.40960671575306,-6.098827507806515,-5.891244440192011,0.8413067866800337,6.499823380746,injection,200,10
injection_electrons,150,0.015000000000000001,100031,100031,100031,100031,1.0,1.0,9.998651729884015,10.02093328452994,9.555591435910593,-4.64369770166747,-4.431200385239964,0.7263292503399926,6.2059825975139,injection,200,10
injection_electrons,155,0.0155,100031,100031,100031,100031,1.0,1.0,9.998651729884015,10.020098089204822,9.718553331945149,-3.0093992551284865,-2.801361678612202,0.6310148417117813,5.272056641705801,injection,200,10
injection_electrons,160,0.016,100031,100031,100031,100031,1.0,1.0,9.998651729884015,10.018404375962303,9.87989655066726,-1.3825337857930053,-1.1877119278174253,0.5707972201815533,5.6770779862204,injection,200,10
injection_electrons,165,0.0165,100031,100031,100031,100031,1.0,1.0,9.998651729884015,10.016075901182745,10.023615002527068,0.07527001011875534,0.24966638820353992,0.5449526951651568,5.4900651098444,injection,200,10
injection_electrons,170,0.017,100031,100031,100031,100031,1.0,1.0,9.998651729884015,10.013367740007064,10.138168321799276,1.24633974335715,1.395354050569364,0.5387694677992337,4.726294740736201,injection,200,10
injection_electrons,175,0.0175,100031,100031,100031,100031,1.0,1.0,9.998651729884015,10.010530905820106,10.217071135644757,2.0632295306592496,2.1844885856752816,0.5344343928559739,4.204081518940198,injection,200,10
injection_electrons,180,0.018000000000000002,100031,100031,100031,100031,1.0,1.0,9.998651729884015,10.007785266554016,10.258227113833588,2.502470233014953,2.596103864421573,0.5211782023077004,4.1581212888743,injection,200,10
injection_electrons,185,0.018500000000000003,100031,100031,100031,100031,1.0,1.0,9.998651729884015,10.00530362078222,10.26356772850802,2.581272068439322,2.649517212728014,0.4960002867456577,4.171819653562499,injection,200,10
injection_electrons,190,0.019,100031,100031,100031,100031,1.0,1.0,9.998651729884015,10.003206621163438,10.238181672429816,2.348997278225262,2.3956224200698317,0.4623548123749025,4.3067322621682,injection,200,10
injection_electrons,195,0.0195,100031,100031,100031,100031,1.0,1.0,9.998651729884015,10.001565855094473,10.189287758043228,1.87692513020985,1.906617345111039,0.42743325339003935,4.2654276484051,injection,200,10
injection_electrons,200,0.02,100031,100031,100031,100031,1.0,1.0,9.998651729884015,10.000411327493904,10.12544687464676,1.2503040430857038,1.2681224247843348,0.3988825576885858,3.9994441431821,injection,200,10
injection_electrons,205,0.0205,100031,100031,100031,100031,1.0,1.0,9.998651729884015,9.999739855644128,10.055376283880731,0.5563787562453459,0.5673220303011206,0.3816433595208279,4.6813332024524,injection,200,10
injection_electrons,210,0.021,100031,100031,100031,100031,1.0,1.0,9.998651729884015,9.99952208976126,9.987232268405196,-0.12290408727282376,-0.11421001338299819,0.37550255155892204,4.8811626795707,injection,200,10
injection_electrons,215,0.021500000000000002,100031,100031,100031,100031,1.0,1.0,9.998651729884015,9.999707418049653,9.928103291836852,-0.7160622128158933,-0.7055795116486352,0.37577979568694053,4.6044110183661,injection,200,10
injection_electrons,220,0.022000000000000002,100031,100031,100031,100031,1.0,1.0,9.998651729884015,10.000227326278178,9.883228594927656,-1.1699607172236726,-1.1543869921119665,0.3764888680808993,4.1280296088712,injection,200,10
injection_electrons,225,0.022500000000000003,100031,100031,100031,100031,1.0,1.0,9.998651729884015,10.000998482586791,9.8556832521727,-1.4530072238997604,-1.4298775632319627,0.37344280511057176,3.8878627564211,injection,200,10
injection_electrons,230,0.023,100031,100031,100031,100031,1.0,1.0,9.998651729884015,10.001926808052865,9.846562907678761,-1.553339704995793,-1.5210933065174181,0.3649808230391939,3.3972035835907994,injection,200,10
injection_electrons,235,0.0235,100031,100031,100031,100031,1.0,1.0,9.998651729884015,10.002913224314062,9.854954956111754,-1.479151771932452,-1.4371615059136311,0.3520478793707533,3.6012918617772005,injection,200,10
injection_electrons,240,0.024,100031,100031,100031,100031,1.0,1.0,9.998651729884015,10.003860946364698,9.878194893383457,-1.2561755271789043,-1.2047307952584907,0.33752429045625415,3.5077434964979997,injection,200,10
injection_electrons,245,0.0245,100031,100031,100031,100031,1.0,1.0,9.998651729884015,10.004683442874999,9.912437523608233,-0.922027366417677,-0.8622583184701327,0.3248750576823834,3.1116330060617,injection,200,10
injection_electrons,250,0.025,100031,100031,100031,100031,1.0,1.0,9.998651729884015,10.005311765668937,9.953148722022577,-0.5213535056982965,-0.4550914372328685,0.3166189891834884,2.9033848046952,injection,200,10
injection_electrons,255,0.025500000000000002,100031,100031,100031,100031,1.0,1.0,9.998651729884015,10.005699956245593,9.995686255800969,-0.10007995930733093,-0.0296587396296899,0.31348920434010985,3.375493846278,injection,200,10
injection_electrons,260,0.026000000000000002,100031,100031,100031,100031,1.0,1.0,9.998651729884015,10.005827622063254,10.03563454037332,0.2978955808147221,0.3698779744349956,0.3141287013729236,3.5162247565684996,injection,200,10
injection_electrons,265,0.026500000000000003,100031,100031,100031,100031,1.0,1.0,9.998651729884015,10.005699382522478,10.069398432149857,0.6366276578191554,0.7075624211851927,0.3160299907086156,3.3112361126280003,injection,200,10
injection_electrons,270,0.027,100031,100031,100031,100031,1.0,1.0,9.998651729884015,10.005341516862504,10.09426799732715,0.8887900559393369,0.9562916083711182,0.31648107347035026,3.3491111326319003,injection,200,10
injection_electrons,275,0.0275,100031,100031,100031,100031,1.0,1.0,9.998651729884015,10.004796630841634,10.108746990929529,1.039005228426615,1.1011010686216904,0.31383091642189703,3.2961583758199,injection,200,10
injection_electrons,280,0.028,100031,100031,100031,100031,1.0,1.0,9.998651729884015,10.00411739354866,10.112310186844672,1.0814826439939917,1.1367378325715105,0.307403455321092,3.1951480532565997,injection,200,10
injection_electrons,285,0.0285,100031,100031,100031,100031,1.0,1.0,9.998651729884015,10.003360363690927,10.105556492522304,1.0216179875146336,1.069191782315726,0.2978195769482001,3.0105552334207006,injection,200,10
injection_electrons,290,0.029,100031,100031,100031,100031,1.0,1.0,9.998651729884015,10.002580684364226,10.089915761213973,0.873125442379763,0.9127633784582034,0.28642591862454464,2.7174808940075,injection,200,10
injection_electrons,295,0.029500000000000002,100031,100031,100031,100031,1.0,1.0,9.998651729884015,10.001828078519981,10.067469639763766,0.6562956364422723,0.6882718964404733,0.2751709453246066,2.7204355984950004,injection,200,10
injection_electrons,300,0.030000000000000002,100031,100031,100031,100031,1.0,1.0,9.998651729884015,10.001144232759604,10.04070894024418,0.3956018087908353,0.4206288157278637,0.26581243211771705,2.7667736628818993,injection,200,10
injection_electrons,0,0.0,100031,100031,100031,100031,1.0,1.0,9.998651729884015,10.415262351080944,17.19730258135776,65.11636482755468,71.99621554932638,26.096432931742672,74.19583464652891,injection,300,10
injection_electrons,5,0.0005,100031,100031,100031,100031,1.0,1.0,9.998651729884015,10.413577274319435,16.72112164807954,60.57039005524953,67.23376410944863,25.61521266752245,72.9348511448042,injection,300,10
injection_electrons,10,0.001,100031,100031,100031,100031,1.0,1.0,9.998651729884015,10.408859796756792,15.335329508596873,47.32958083819207,53.373974040545605,24.208449637124623,69.1764237641334,injection,300,10
injection_electrons,15,0.0015,100031,100031,100031,100031,1.0,1.0,9.998651729884015,10.400506190410784,13.173800972482942,26.664998138543705,31.75577396209357,21.9932047698872,63.1261672364578,injection,300,10
injection_electrons,20,0.002,100031,100031,100031,100031,1.0,1.0,9.998651729884015,10.3877183465903,10.46642777094513,0.757716196460656,4.678391184113595,19.153044579367183,56.976614915459,injection,300,10
injection_electrons,25,0.0025,100031,100031,100031,100031,1.0,1.0,9.998651729884015,10.369764598229818,7.58474452401334,-26.857119540513942,-24.14232709652221,15.923308676270223,49.7254030116057,injection,300,10
injection_electrons,30,0.003,100031,100031,100031,100031,1.0,1.0,9.998651729884015,10.346242542536835,5.247968969054388,-49.27657120468376,-47.51323367560414,12.572027214030632,41.6615724346844,injection,300,10
injection_electrons,35,0.0035,100031,100031,100031,100031,1.0,1.0,9.998651729884015,10.317278065957897,4.803647103161732,-53.44075179080925,-51.95705148120551,9.386450767691555,33.8136265836676,injection,300,10
injection_electrons,40,0.004,100031,100031,100031,100031,1.0,1.0,9.998651729884015,10.283612913335919,6.4065182406307,-37.70167844102099,-35.92617871184702,6.671316655586946,27.412805585782795,injection,300,10
injection_electrons,45,0.0045000000000000005,100031,100031,100031,100031,1.0,1.0,9.998651729884015,10.246561857782794,8.588015866713413,-16.18636586680663,-14.108260806349392,4.767434053061178,21.2122646632494,injection,300,10
injection_electrons,50,0.005,100031,100031,100031,100031,1.0,1.0,9.998651729884015,10.207852074437625,10.575090850168479,3.5976106731649082,5.765168503285301,3.957496384805655,19.3634196954204,injection,300,10
injection_electrons,55,0.0055000000000000005,100031,100031,100031,100031,1.0,1.0,9.998651729884015,10.16938409512765,12.121579675084034,19.19679266408787,21.232142118271824,4.0238796528279135,18.8218928720446,injection,300,10
injection_electrons,60,0.006,100031,100031,100031,100031,1.0,1.0,9.998651729884015,10.132969639118084,13.169417222519444,29.966018763929057,31.711930551182533,4.346978513746023,17.9742935362283,injection,300,10
injection_electrons,65,0.006500000000000001,100031,100031,100031,100031,1.0,1.0,9.998651729884015,10.100103205189399,13.74222722882753,36.060265421513904,37.44080302101831,4.544410383363808,18.1441547551642,injection,300,10
injection_electrons,70,0.007,100031,100031,100031,100031,1.0,1.0,9.998651729884015,10.071811632902143,13.900350489361037,38.01241520395391,39.022248847968235,4.50820238360666,16.6453923989528,injection,300,10
injection_electrons,75,0.007500000000000001,100031,100031,100031,100031,1.0,1.0,9.998651729884015,10.048602845686727,13.726997887996298,36.606034677631726,37.28848907667206,4.25525386462633,14.434015500347297,injection,300,10
injection_electrons,80,0.008,100031,100031,100031,100031,1.0,1.0,9.998651729884015,10.030508666550787,13.307630995551538,32.6715467574354,33.09425465613158,3.8460664418897226,13.10991601841,injection,300,10
injection_electrons,85,0.0085,100031,100031,100031,100031,1.0,1.0,9.998651729884015,10.017194783226167,12.72629025361484,27.04445235431645,27.280063326722814,3.3540022627372896,11.4326032930983,injection,300,10
injection_electrons,90,0.009000000000000001,100031,100031,100031,100031,1.0,1.0,9.998651729884015,10.008099540213864,12.060201606583622,20.50441303190622,20.618278667893165,2.8524201572608145,10.266465377703298,injection,300,10
injection_electrons,95,0.0095,100031,100031,100031,100031,1.0,1.0,9.998651729884015,10.002564217514957,11.374346005209773,13.71430123180577,13.758797810849611,2.4034572689845493,10.6319869775982,injection,300,10
injection_electrons,100,0.01,100031,100031,100031,100031,1.0,1.0,9.998651729884015,9.999928557309948,10.727087812851249,7.2716445059974655,7.285343090709717,2.0534059446304704,10.0494869853889,injection,300,10
injection_electrons,105,0.0105,100031,100031,100031,100031,1.0,1.0,9.998651729884015,9.999581418122574,10.161855397599448,1.6228077225590498,1.6322567494540197,1.8237213568236013,8.9173497454549,injection,300,10
injection_electrons,110,0.011000000000000001,100031,100031,100031,100031,1.0,1.0,9.998651729884015,10.000971821348893,9.709477072229724,-2.9146642378985566,-2.8921365146663214,1.6947546349236344,9.074818082785502,injection,300,10
injection_electrons,115,0.0115,100031,100031,100031,100031,1.0,1.0,9.998651729884015,10.003595877171076,9.386023973413408,-6.173499123120429,-6.1271036637828065,1.6279571478103256,8.806512853604698,injection,300,10
injection_electrons,120,0.012,100031,100031,100031,100031,1.0,1.0,9.998651729884015,10.006978136005488,9.19517648897682,-8.112355558245643,-8.035835856806218,1.579895819850074,8.2754385893851,injection,300,10
injection_electrons,125,0.0125,100031,100031,100031,100031,1.0,1.0,9.998651729884015,10.010662365741197,9.128373921201794,-8.813487183013969,-8.703951614607508,1.5195181304609706,7.244387144589099,injection,300,10
injection_electrons,130,0.013000000000000001,100031,100031,100031,100031,1.0,1.0,9.998651729884015,10.014219062631708,9.164393213293188,-8.48619192393809,-8.343710123409853,1.435172431670655,6.378516344044099,injection,300,10
injection_electrons,135,0.0135,100031,100031,100031,100031,1.0,1.0,9.998651729884015,10.017268426654711,9.276030573520943,-7.399600585339472,-7.2271859835191465,1.3280671904752857,5.9674405750213,injection,300,10
injection_electrons,140,0.014,100031,100031,100031,100031,1.0,1.0,9.998651729884015,10.019510988443955,9.435328800630625,-5.830446101482378,-5.633988906421528,1.2072451766636703,6.292948101273499,injection,300,10
injection_electrons,145,0.0145,100031,100031,100031,100031,1.0,1.0,9.998651729884015,10.020755296250782,9.615190822131533,-4.047244565197483,-3.8351261561235583,1.08677729586538,6.126185220843399,injection,300,10
injection_electrons,150,0.015000000000000001,100031,100031,100031,100031,1.0,1.0,9.998651729884015,10.02093328452994,9.793599152743099,-2.268592408830772,-2.05080227495128,0.9777621457332931,5.8934350135653,injection,300,10
injection_electrons,155,0.0155,100031,100031,100031,100031,1.0,1.0,9.998651729884015,10.020098089204822,9.95453244122405,-0.6543413786678332,-0.4412523793393186,0.8888703897513809,5.995406934734,injection,300,10
injection_electrons,160,0.016,100031,100031,100031,100031,1.0,1.0,9.998651729884015,10.018404375962303,10.085582751923727,0.6705496548193635,0.8694274427010207,0.8223648476529697,6.3247197279759,injection,300,10
injection_electrons,165,0.0165,100031,100031,100031,100031,1.0,1.0,9.998651729884015,10.016075901182745,10.179137069797413,1.62799453821445,1.8050967749377866,0.7734137935172483,6.5815361652031,injection,300,10
injection_electrons,170,0.017,100031,100031,100031,100031,1.0,1.0,9.998651729884015,10.013367740007064,10.234420394603708,2.2075755164115085,2.3580045699064245,0.7352253863339021,6.1550687806063,injection,300,10
injection_electrons,175,0.0175,100031,100031,100031,100031,1.0,1.0,9.998651729884015,10.010530905820106,10.252651126826311,2.4186551471055084,2.540336475398397,0.6999275005246083,5.1348217205847,injection,300,10
injection_electrons,180,0.018000000000000002,100031,100031,100031,100031,1.0,1.0,9.998651729884015,10.007785266554016,10.238874521760989,2.3090948601712347,2.402551847655565,0.6637830512011033,5.156169593031,injection,300,10
injection_electrons,185,0.018500000000000003,100031,100031,100031,100031,1.0,1.0,9.998651729884015,10.00530362078222,10.200432474679154,1.9502541980997767,2.0180795395848827,0.6254017756707804,4.753649461508401,injection,300,10
injection_electrons,190,0.019,100031,100031,100031,100031,1.0,1.0,9.998651729884015,10.003206621163438,10.145178737119679,1.419266054705659,1.4654676569814118,0.5867496350525889,4.4587628714909044,injection,300,10
injection_electrons,195,0.0195,100031,100031,100031,100031,1.0,1.0,9.998651729884015,10.001565855094473,10.081814363526977,0.802359446462364,0.8317384772429381,0.5519153522493204,4.1646329114704,injection,300,10
injection_electrons,200,0.02,100031,100031,100031,100031,1.0,1.0,9.998651729884015,10.000411327493904,10.018554796858425,0.1814272310443732,0.19905750807305278,0.523149366528968,4.6890855057609,injection,300,10
injection_electrons,205,0.0205,100031,100031,100031,100031,1.0,1.0,9.998651729884015,9.999739855644128,9.962223472402838,-0.3751735923421484,-0.3643316965656451,0.5014172989002761,4.8641824626709,injection,300,10
injection_electrons,210,0.021,100031,100031,100031,100031,1.0,1.0,9.998651729884015,9.99952208976126,9.917395853509248,-0.821301613365133,-0.8126683333904872,0.4858929416694077,4.5528663775364,injection,300,10
injection_electrons,215,0.021500000000000002,100031,100031,100031,100031,1.0,1.0,9.998651729884015,9.999707418049653,9.887632809866131,-1.1207788738020863,-1.1103389038551015,0.47363316456781634,4.3034061747326,injection,300,10
injection_electrons,220,0.022000000000000002,100031,100031,100031,100031,1.0,1.0,9.998651729884015,10.000227326278178,9.87401941199414,-1.2620504531171362,-1.246491239587566,0.4619943870662803,3.8011961290118004,injection,300,10
injection_electrons,225,0.022500000000000003,100031,100031,100031,100031,1.0,1.0,9.998651729884015,10.000998482586791,9.875818322899287,-1.251676619144193,-1.2284997047912305,0.4495595692805655,3.807427257976297,injection,300,10
injection_electrons,230,0.023,100031,100031,100031,100031,1.0,1.0,9.998651729884015,10.001926808052865,9.89113997184913,-1.107654938191882,-1.0752625547857941,0.4357897698924522,4.255408546434499,injection,300,10
injection_electrons,235,0.0235,100031,100031,100031,100031,1.0,1.0,9.998651729884015,10.002913224314062,9.91676073823291,-0.8612739523896074,-0.8190203425762821,0.42142728306869276,4.242969199070902,injection,300,10
injection_electrons,240,0.024,100031,100031,100031,100031,1.0,1.0,9.998651729884015,10.003860946364698,9.94875899133254,-0.5508068867368876,-0.4989946634740394,0.40773331811326674,3.792570894778301,injection,300,10
injection_electrons,245,0.0245,100031,100031,100031,100031,1.0,1.0,9.998651729884015,10.004683442874999,9.9835078552271,-0.2116567482500442,-0.15145916735607168,0.39608573715601375,3.6026321408559996,injection,300,10
injection_electrons,250,0.025,100031,100031,100031,100031,1.0,1.0,9.998651729884015,10.005311765668937,10.017067887553159,0.11749880622970998,0.18418640999466884,0.3872887991813333,3.9018272025479,injection,300,10
injection_electrons,255,0.025500000000000002,100031,100031,100031,100031,1.0,1.0,9.998651729884015,10.005699956245593,10.046648262194582,0.4092497889008673,0.480030044122004,0.3812474007023613,3.8165912374828,injection,300,10
injection_electrons,260,0.026000000000000002,100031,100031,100031,100031,1.0,1.0,9.998651729884015,10.005827622063254,10.06952455739232,0.6365983678212839,0.708823843683648,0.37701411535980567,3.570183294310101,injection,300,10
injection_electrons,265,0.026500000000000003,100031,100031,100031,100031,1.0,1.0,9.998651729884015,10.005699382522478,10.084364250440036,0.7862005933834793,0.8572407847734276,0.37319835167251736,3.4388905704341006,injection,300,10
injection_electrons,270,0.027,100031,100031,100031,100031,1.0,1.0,9.998651729884015,10.005341516862504,10.090593069010808,0.8520603919878633,0.9195373697435505,0.3686994448057364,3.056041823747999,injection,300,10
injection_electrons,275,0.0275,100031,100031,100031,100031,1.0,1.0,9.998651729884015,10.004796630841634,10.088259210780084,0.834225652135312,0.8961956403406912,0.3624173634990863,3.3114771710386,injection,300,10
injection_electrons,280,0.028,100031,100031,100031,100031,1.0,1.0,9.998651729884015,10.00411739354866,10.078322293450338,0.7417435939879091,0.7968130675879426,0.3541594922188322,3.2700222969319945,injection,300,10
injection_electrons,285,0.0285,100031,100031,100031,100031,1.0,1.0,9.998651729884015,10.003360363690927,10.062355923381823,0.5897574169679176,0.6371278370203459,0.34420625400821253,3.135409513484099,injection,300,10
injection_electrons,290,0.029,100031,100031,100031,100031,1.0,1.0,9.998651729884015,10.002580684364226,10.042168306845994,0.3957740880176086,0.43522444963171036,0.33345227277017975,2.8507347878143996,injection,300,10
injection_electrons,295,0.029500000000000002,100031,100031,100031,100031,1.0,1.0,9.998651729884015,10.001828078519981,10.019835193035416,0.1800382327517447,0.2118631963956341,0.32306383903208774,2.890727549229,injection,300,10
injection_electrons,300,0.030000000000000002,100031,100031,100031,100031,1.0,1.0,9.998651729884015,10.001144232759604,9.997419615364912,-0.037241912605279204,-0.012322806638231931,0.31388538099937563,2.6370188250759,injection,300,10
injection_electrons,0,0.0,100031,100031,100031,100031,1.0,1.0,9.998651729884015,10.415262351080944,18.815218329060453,80.65045022229059,88.17755470795572,27.67644460565568,91.68488990614361,injection,400,10
injection_electrons,5,0.0005,100031,100031,100031,100031,1.0,1.0,9.998651729884015,10.413577274319435,18.221428143592444,74.97760532807187,82.23885215575774,27.042983978853098,90.1824770869143,injection,400,10
injection_electrons,10,0.001,100031,100031,100031,100031,1.0,1.0,9.998651729884015,10.408859796756792,16.5443813609621,58.94518404520179,65.46612291249407,25.222610507820992,85.136985298668,injection,400,10
injection_electrons,15,0.0015,100031,100031,100031,100031,1.0,1.0,9.998651729884015,10.400506190410784,14.091875747943782,35.49221057083185,40.937759696399056,22.447921920647925,78.0598221956739,injection,400,10
injection_electrons,20,0.002,100031,100031,100031,100031,1.0,1.0,9.998651729884015,10.3877183465903,11.391721336798538,9.665288918213655,13.932574556536558,19.069253702298994,69.06302250567741,injection,400,10
injection_electrons,25,0.0025,100031,100031,100031,100031,1.0,1.0,9.998651729884015,10.369764598229818,9.197180752945087,-11.307719034286446,-8.015790514469945,15.494950625683888,58.7286476549853,injection,400,10
injection_electrons,30,0.003,100031,100031,100031,100031,1.0,1.0,9.998651729884015,10.346242542536835,8.342854161291703,-19.363439171356546,-16.560208449339797,12.125865599836645,49.926923762576195,injection,400,10
injection_electrons,35,0.0035,100031,100031,100031,100031,1.0,1.0,9.998651729884015,10.317278065957897,8.989811861253843,-12.86643818473847,-10.089759058363313,9.314077489767158,41.1806047819553,injection,400,10
injection_electrons,40,0.004,100031,100031,100031,100031,1.0,1.0,9.998651729884015,10.283612913335919,10.389953836633913,1.034081350534799,3.9135487195775864,7.300543476311852,32.8895438492725,injection,400,10
injection_electrons,45,0.0045000000000000005,100031,100031,100031,100031,1.0,1.0,9.998651729884015,10.246561857782794,11.830212386821696,15.455433256727357,18.318076340868082,6.154925345065302,29.5613283479464,injection,400,10
injection_electrons,50,0.005,100031,100031,100031,100031,1.0,1.0,9.998651729884015,10.207852074437625,12.983510636599098,27.191406594853017,29.852614005885634,5.703160192499474,26.5502072734757,injection,400,10
injection_electrons,55,0.0055000000000000005,100031,100031,100031,100031,1.0,1.0,9.998651729884015,10.16938409512765,13.741625850109523,35.127415009266905,37.43478842290797,5.587944288370412,26.204237161448503,injection,400,10
injection_electrons,60,0.006,100031,100031,100031,100031,1.0,1.0,9.998651729884015,10.132969639118084,14.098678341611372,39.136687898321185,41.00579480604549,5.518053957359737,23.9580529306662,injection,400,10
injection_electrons,65,0.006500000000000001,100031,100031,100031,100031,1.0,1.0,9.998651729884015,10.100103205189399,14.108049656651902,39.68223264692221,41.09952059321857,5.355403104700664,21.027749332428492,injection,400,10
injection_electrons,70,0.007,100031,100031,100031,100031,1.0,1.0,9.998651729884015,10.071811632902143,13.840294059045828,37.416132901383634,38.42160356160716,5.068080870380722,20.073161143335703,injection,400,10
injection_electrons,75,0.007500000000000001,100031,100031,100031,100031,1.0,1.0,9.998651729884015,10.048602845686727,13.369125335930502,33.044618652324175,33.70928098208281,4.670996261259332,18.543279089212803,injection,400,10
injection_electrons,80,0.008,100031,100031,100031,100031,1.0,1.0,9.998651729884015,10.030508666550787,12.76874082321915,27.299035848497667,27.704626265318154,4.205707219713137,16.860503771581996,injection,400,10
injection_electrons,85,0.0085,100031,100031,100031,100031,1.0,1.0,9.998651729884015,10.017194783226167,12.105989244830269,20.852089899477622,21.076216792788504,3.7229721527598705,14.518944126832004,injection,400,10
injection_electrons,90,0.009000000000000001,100031,100031,100031,100031,1.0,1.0,9.998651729884015,10.008099540213864,11.440329552507357,14.310709106545193,14.418722259466744,3.2663521961393336,12.530430747683305,injection,400,10
injection_electrons,95,0.0095,100031,100031,100031,100031,1.0,1.0,9.998651729884015,10.002564217514957,10.823796450785595,8.210217054469116,8.252559877002064,2.873403367263513,12.1965837091815,injection,400,10
injection_electrons,100,0.01,100031,100031,100031,100031,1.0,1.0,9.998651729884015,9.999928557309948,10.2907533713226,2.908268917582002,2.9214102994061575,2.564635674376583,11.907718537070698,injection,400,10
injection_electrons,105,0.0105,100031,100031,100031,100031,1.0,1.0,9.998651729884015,9.999581418122574,9.867597249908838,-1.3198969306308816,-1.3107215204174016,2.339233837720202,11.276125711612098,injection,400,10
injection_electrons,110,0.011000000000000001,100031,100031,100031,100031,1.0,1.0,9.998651729884015,10.000971821348893,9.563673396175462,-4.372559317084946,-4.3503698844564065,2.1771119603488533,10.766488028341499,injection,400,10
injection_electrons,115,0.0115,100031,100031,100031,100031,1.0,1.0,9.998651729884015,10.003595877171076,9.378968893352065,-6.244024563651706,-6.197663977832524,2.053145284969451,10.208011761056397,injection,400,10
injection_electrons,120,0.012,100031,100031,100031,100031,1.0,1.0,9.998651729884015,10.006978136005488,9.300828425443221,-7.0565729330567155,-6.979174025585233,1.942560182011144,9.5760738452157,injection,400,10
injection_electrons,125,0.0125,100031,100031,100031,100031,1.0,1.0,9.998651729884015,10.010662365741197,9.310103499905223,-6.998126999402643,-6.886410773973218,1.829737674912492,8.812797152096802,injection,400,10
injection_electrons,130,0.013000000000000001,100031,100031,100031,100031,1.0,1.0,9.998651729884015,10.014219062631708,9.386646359066201,-6.2668162104353105,-6.120878967997745,1.7088907404523421,8.1062919504012,injection,400,10
injection_electrons,135,0.0135,100031,100031,100031,100031,1.0,1.0,9.998651729884015,10.017268426654711,9.505532398935975,-5.108538634714732,-4.9318582571908465,1.580925453079936,7.467728841963702,injection,400,10
injection_electrons,140,0.014,100031,100031,100031,100031,1.0,1.0,9.998651729884015,10.019510988443955,9.646178193358589,-3.726058043311209,-3.5252106588726573,1.4512753195051473,6.9870035230260985,injection,400,10
injection_electrons,145,0.0145,100031,100031,100031,100031,1.0,1.0,9.998651729884015,10.020755296250782,9.790909399685878,-2.2936983268207256,-2.077703432526168,1.3276684891232062,7.1544442122959975,injection,400,10
injection_electrons,150,0.015000000000000001,100031,100031,100031,100031,1.0,1.0,9.998651729884015,10.02093328452994,9.926214134716991,-0.9452128571614593,-0.7244736302847943,1.2152517769774995,7.223094500990099,injection,400,10
injection_electrons,155,0.0155,100031,100031,100031,100031,1.0,1.0,9.998651729884015,10.020098089204822,10.040398959614182,0.20260151376392255,0.4175285914339133,1.1207964408908895,6.456030835955103,injection,400,10
injection_electrons,160,0.016,100031,100031,100031,100031,1.0,1.0,9.998651729884015,10.018404375962303,10.12670817383379,1.0810483766391599,1.2807371174559545,1.042596728187795,6.090380533445003,injection,400,10
injection_electrons,165,0.0165,100031,100031,100031,100031,1.0,1.0,9.998651729884015,10.016075901182745,10.182174036613443,1.658315462756077,1.8354705383018421,0.9778048037110447,6.0531627435797,injection,400,10
injection_electrons,170,0.017,100031,100031,100031,100031,1.0,1.0,9.998651729884015,10.013367740007064,10.208493623256912,1.9486539225983757,2.098701895433752,0.9210558022631911,5.9489227876260005,injection,400,10
injection_electrons,175,0.0175,100031,100031,100031,100031,1.0,1.0,9.998651729884015,10.010530905820106,10.2074852796289,1.9674718120523016,2.0886170994507403,0.8682176104021273,5.4628172901099035,injection,400,10
injection_electrons,180,0.018000000000000002,100031,100031,100031,100031,1.0,1.0,9.998651729884015,10.007785266554016,10.184325559840563,1.7640295888096569,1.856988671798665,0.8187533244288286,5.2189601855064005,injection,400,10
injection_electrons,185,0.018500000000000003,100031,100031,100031,100031,1.0,1.0,9.998651729884015,10.00530362078222,10.144173738333562,1.387965051484219,1.4554163139276932,0.7711636654559483,4.302584177265101,injection,400,10
injection_electrons,190,0.019,100031,100031,100031,100031,1.0,1.0,9.998651729884015,10.003206621163438,10.094842432070317,0.9160643619317899,0.9620367304004285,0.7268999569810124,4.3042199731359,injection,400,10
injection_electrons,195,0.0195,100031,100031,100031,100031,1.0,1.0,9.998651729884015,10.001565855094473,10.043086172850868,0.41513817294165367,0.4444043473786241,0.6871655760480461,4.139718300817201,injection,400,10
injection_electrons,200,0.02,100031,100031,100031,100031,1.0,1.0,9.998651729884015,10.000411327493904,9.9951651910546,-0.052459206601640496,-0.03487008972414829,0.652532638049131,4.2789219430787,injection,400,10
injection_electrons,205,0.0205,100031,100031,100031,100031,1.0,1.0,9.998651729884015,9.999739855644128,9.955342589163967,-0.44398421480036365,-0.43314980749459275,0.6231866599290861,4.1934260910169,injection,400,10
injection_electrons,210,0.021,100031,100031,100031,100031,1.0,1.0,9.998651729884015,9.99952208976126,9.926504365890276,-0.7302121362954828,-0.7215709271891635,0.5992237634788161,4.2724751517135005,injection,400,10
injection_electrons,215,0.021500000000000002,100031,100031,100031,100031,1.0,1.0,9.998651729884015,9.999707418049653,9.910106563139134,-0.8960347654651035,-0.8855710663492444,0.5788304357249933,4.045390490178099,injection,400,10
injection_electrons,220,0.022000000000000002,100031,100031,100031,100031,1.0,1.0,9.998651729884015,10.000227326278178,9.906290199070622,-0.9393499181834852,-0.923739853217842,0.5597709669828028,4.414901768738799,injection,400,10
injection_electrons,225,0.022500000000000003,100031,100031,100031,100031,1.0,1.0,9.998651729884015,10.000998482586791,9.913608600865095,-0.8738115686534265,-0.8505459667601301,0.5407187328304784,4.3018417804669,injection,400,10
injection_electrons,230,0.023,100031,100031,100031,100031,1.0,1.0,9.998651729884015,10.001926808052865,9.929990876253404,-0.7192207379636328,-0.6867011221662778,0.5216599911528725,4.197976509157701,injection,400,10
injection_electrons,235,0.0235,100031,100031,100031,100031,1.0,1.0,9.998651729884015,10.002913224314062,9.952534807018115,-0.5036374520723919,-0.461231415112362,0.5044382974637269,4.3785366825331,injection,400,10
injection_electrons,240,0.024,100031,100031,100031,100031,1.0,1.0,9.998651729884015,10.003860946364698,9.978572364453168,-0.2527882189398034,-0.20082073036741255,0.48914296887402414,4.1171721909300985,injection,400,10
injection_electrons,245,0.0245,100031,100031,100031,100031,1.0,1.0,9.998651729884015,10.004683442874999,10.004821327004727,0.0013781958271286143,0.06170429061223004,0.4760755253308991,3.458742676760499,injection,400,10
injection_electrons,250,0.025,100031,100031,100031,100031,1.0,1.0,9.998651729884015,10.005311765668937,10.028708541870387,0.23384354980051647,0.30060865002965453,0.46509538775797277,3.0379369935790996,injection,400,10
injection_electrons,255,0.025500000000000002,100031,100031,100031,100031,1.0,1.0,9.998651729884015,10.005699956245593,10.04801197069351,0.4228791052394598,0.49366896800662197,0.4560577226718473,3.5843432695123005,injection,400,10
injection_electrons,260,0.026000000000000002,100031,100031,100031,100031,1.0,1.0,9.998651729884015,10.005827622063254,10.061638998349876,0.5577887046900099,0.6299576199619406,0.4480210949631984,3.8062314850918,injection,400,10
injection_electrons,265,0.026500000000000003,100031,100031,100031,100031,1.0,1.0,9.998651729884015,10.005699382522478,10.068707290467573,0.6297201778334038,0.7006500723910181,0.44068362321191484,3.6879411701755,injection,400,10
injection_electrons,270,0.027,100031,100031,100031,100031,1.0,1.0,9.998651729884015,10.005341516862504,10.068887918315605,0.6351247615686395,0.7024565944393046,0.43355504211084056,3.285076993647899,injection,400,10
injection_electrons,275,0.0275,100031,100031,100031,100031,1.0,1.0,9.998651729884015,10.004796630841634,10.062809922906672,0.5798547857154945,0.6416684444653598,0.42499757851538117,3.3649633422076004,injection,400,10
injection_electrons,280,0.028,100031,100031,100031,100031,1.0,1.0,9.998651729884015,10.00411739354866,10.051549152031276,0.4741223699874286,0.5290455511032688,0.4147897601095242,3.1659885614739,injection,400,10
injection_electrons,285,0.0285,100031,100031,100031,100031,1.0,1.0,9.998651729884015,10.003360363690927,10.036500097349336,0.33128601243535005,0.3785347113571147,0.40323603706920047,3.0837618247879,injection,400,10
injection_electrons,290,0.029,100031,100031,100031,100031,1.0,1.0,9.998651729884015,10.002580684364226,10.019445041381982,0.16860005982373139,0.2079611537605608,0.3902280091985969,2.8500575640853,injection,400,10
injection_electrons,295,0.029500000000000002,100031,100031,100031,100031,1.0,1.0,9.998651729884015,10.001828078519981,10.001937450057808,0.0010935154750590925,0.03286163237361528,0.3777396144895989,2.5878564895426,injection,400,10
injection_electrons,300,0.030000000000000002,100031,100031,100031,100031,1.0,1.0,9.998651729884015,10.001144232759604,9.98548478349288,-0.15657657666239277,-0.1316872189055296,0.3664140956922695,2.7932279842866996,injection,400,10
injection_electrons,0,0.0,100031,100031,100031,100031,1.0,1.0,9.998651729884015,10.415262351080944,18.789321801302332,80.40181003556084,87.91855451015182,26.813225192893,107.75382918849111,injection,500,10
injection_electrons,5,0.0005,100031,100031,100031,100031,1.0,1.0,9.998651729884015,10.413577274319435,18.21401523922719,74.90642033400134,82.16471311616004,26.143317194582178,105.3866424841629,injection,500,10
injection_electrons,10,0.001,100031,100031,100031,100031,1.0,1.0,9.998651729884015,10.408859796756792,16.62602840241228,59.729583518769694,66.282703424106,24.238966114134335,99.9045848095601,injection,500,10
injection_electrons,15,0.0015,100031,100031,100031,100031,1.0,1.0,9.998651729884015,10.400506190410784,14.42953760060948,38.738801135597065,44.31483354383086,21.399027545321125,91.0675166365578,injection,500,10
injection_electrons,20,0.002,100031,100031,100031,100031,1.0,1.0,9.998651729884015,10.3877183465903,12.285317883851983,18.267722265347697,22.86974499905392,18.066166850246812,79.49475087917321,injection,500,10
injection_electrons,25,0.0025,100031,100031,100031,100031,1.0,1.0,9.998651729884015,10.369764598229818,10.871466988590747,4.838127091588684,8.729329536481977,14.71862635648127,66.26298556608339,injection,500,10
injection_electrons,30,0.003,100031,100031,100031,100031,1.0,1.0,9.998651729884015,10.346242542536835,10.588512545693852,2.341623078726074,5.899403557050187,11.751876938380592,56.341337161740896,injection,500,10
injection_electrons,35,0.0035,100031,100031,100031,100031,1.0,1.0,9.998651729884015,10.317278065957897,11.183718642284397,8.397957007530321,11.852267129761596,9.448312103221454,47.009930234249396,injection,500,10
injection_electrons,40,0.004,100031,100031,100031,100031,1.0,1.0,9.998651729884015,10.283612913335919,12.109151175221319,17.75191537516956,21.107840360410137,7.879571378017995,37.598191955430195,injection,500,10
injection_electrons,45,0.0045000000000000005,100031,100031,100031,100031,1.0,1.0,9.998651729884015,10.246561857782794,12.980880962495394,26.685234936982738,29.82631371885951,6.9808865760263625,33.6327991167316,injection,500,10
injection_electrons,50,0.005,100031,100031,100031,100031,1.0,1.0,9.998651729884015,10.207852074437625,13.590056655435898,33.13336200735066,35.91889209239958,6.535514948652503,30.8695659912579,injection,500,10
injection_electrons,55,0.0055000000000000005,100031,100031,100031,100031,1.0,1.0,9.998651729884015,10.16938409512765,13.908038155065938,36.76381996161939,39.09913587146485,6.294187002255139,29.7565549811596,injection,500,10
injection_electrons,60,0.006,100031,100031,100031,100031,1.0,1.0,9.998651729884015,10.132969639118084,13.93781905760775,37.54920377735207,39.39698505499831,6.06744077072125,28.510969931219904,injection,500,10
injection_electrons,65,0.006500000000000001,100031,100031,100031,100031,1.0,1.0,9.998651729884015,10.100103205189399,13.750235276201607,36.139552209098056,37.52089429322598,5.782906254885699,27.312369788974905,injection,500,10
injection_electrons,70,0.007,100031,100031,100031,100031,1.0,1.0,9.998651729884015,10.071811632902143,13.35731791772316,32.620807502873376,33.5911908782736,5.418627758255846,24.3114796427203,injection,500,10
injection_electrons,75,0.007500000000000001,100031,100031,100031,100031,1.0,1.0,9.998651729884015,10.048602845686727,12.846158953579549,27.840249543683072,28.478911963548946,4.984118526839489,20.4845596966723,injection,500,10
injection_electrons,80,0.008,100031,100031,100031,100031,1.0,1.0,9.998651729884015,10.030508666550787,12.277606553975785,22.402631433024943,22.792621301934336,4.514012751899155,18.132194611447197,injection,500,10
injection_electrons,85,0.0085,100031,100031,100031,100031,1.0,1.0,9.998651729884015,10.017194783226167,11.691863206364575,16.717938099223616,16.93439797907834,4.049409283484775,16.6512472009386,injection,500,10
injection_electrons,90,0.009000000000000001,100031,100031,100031,100031,1.0,1.0,9.998651729884015,10.008099540213864,11.11600123319918,11.070050697773537,11.175001725238864,3.621880062805884,14.826618126109798,injection,500,10
injection_electrons,95,0.0095,100031,100031,100031,100031,1.0,1.0,9.998651729884015,10.002564217514957,10.614780902060733,6.120597391154536,6.162122542334658,3.260339361921084,14.007447294750701,injection,500,10
injection_electrons,100,0.01,100031,100031,100031,100031,1.0,1.0,9.998651729884015,9.999928557309948,10.193096568424611,1.9316939116875709,1.9447105849225377,2.960683485158061,13.9320925286597,injection,500,10
injection_electrons,105,0.0105,100031,100031,100031,100031,1.0,1.0,9.998651729884015,9.999581418122574,9.873366292399886,-1.2622040908026766,-1.2530233162304838,2.7321832600051237,13.199462945309703,injection,500,10
injection_electrons,110,0.011000000000000001,100031,100031,100031,100031,1.0,1.0,9.998651729884015,10.000971821348893,9.659588275771117,-3.4135037241983857,-3.391091751895947,2.5500625671818393,12.321512784298399,injection,500,10
injection_electrons,115,0.0115,100031,100031,100031,100031,1.0,1.0,9.998651729884015,10.003595877171076,9.545156085166543,-4.582750019427772,-4.535567964249243,2.395642173020603,11.6854817078847,injection,500,10
injection_electrons,120,0.012,100031,100031,100031,100031,1.0,1.0,9.998651729884015,10.006978136005488,9.507930953394375,-4.98699183538257,-4.907869478271476,2.2562604556366725,10.802074332381899,injection,500,10
injection_electrons,125,0.0125,100031,100031,100031,100031,1.0,1.0,9.998651729884015,10.010662365741197,9.528814433960289,-4.813347151032721,-4.6990065122427875,2.1160837349724773,9.472652668642699,injection,500,10
injection_electrons,130,0.013000000000000001,100031,100031,100031,100031,1.0,1.0,9.998651729884015,10.014219062631708,9.595121866088538,-4.185021257494171,-4.035842778575882,1.9780503020669185,8.1830222906668,injection,500,10
injection_electrons,135,0.0135,100031,100031,100031,100031,1.0,1.0,9.998651729884015,10.017268426654711,9.688241348161027,-3.2845987995907544,-3.104522390706266,1.836381673359276,7.901920680169699,injection,500,10
injection_electrons,140,0.014,100031,100031,100031,100031,1.0,1.0,9.998651729884015,10.019510988443955,9.791673520310235,-2.273938003526288,-2.0700611959026727,1.6973675590760187,7.696672422709403,injection,500,10
injection_electrons,145,0.0145,100031,100031,100031,100031,1.0,1.0,9.998651729884015,10.020755296250782,9.902111055498535,-1.183985011555333,-0.9655369243128931,1.5651269264649037,7.377787464014101,injection,500,10
injection_electrons,150,0.015000000000000001,100031,100031,100031,100031,1.0,1.0,9.998651729884015,10.02093328452994,9.997272653522531,-0.23611205000173552,-0.013792623233011003,1.444371484264373,6.817541871095202,injection,500,10
injection_electrons,155,0.0155,100031,100031,100031,100031,1.0,1.0,9.998651729884015,10.020098089204822,10.077390795631176,0.5717778999397183,0.7874968333162924,1.3388847732982057,6.552553783538199,injection,500,10
injection_electrons,160,0.016,100031,100031,100031,100031,1.0,1.0,9.998651729884015,10.018404375962303,10.13657924496815,1.1795777508181837,1.3794611394643885,1.2501818616424518,6.121307804222898,injection,500,10
injection_electrons,165,0.0165,100031,100031,100031,100031,1.0,1.0,9.998651729884015,10.016075901182745,10.17249759036767,1.5617063082205007,1.7386930276215518,1.1722800707306413,5.667942915240399,injection,500,10
injection_electrons,170,0.017,100031,100031,100031,100031,1.0,1.0,9.998651729884015,10.013367740007064,10.181364310311071,1.6777229665979387,1.8273721834011214,1.1033349006705937,5.692497343617502,injection,500,10
injection_electrons,175,0.0175,100031,100031,100031,100031,1.0,1.0,9.998651729884015,10.010530905820106,10.172115393863086,1.6141450394907109,1.7348705472020942,1.0422671665934524,5.372107277263501,injection,500,10
injection_electrons,180,0.018000000000000002,100031,100031,100031,100031,1.0,1.0,9.998651729884015,10.007785266554016,10.148263031855725,1.4036848469479501,1.4963147633650475,0.9815828617044797,4.9209454458323005,injection,500,10
injection_electrons,185,0.018500000000000003,100031,100031,100031,100031,1.0,1.0,9.998651729884015,10.00530362078222,10.112987125792044,1.076264240359004,1.1435081348648568,0.9250650159137821,4.8073755504972,injection,500,10
injection_electrons,190,0.019,100031,100031,100031,100031,1.0,1.0,9.998651729884015,10.003206621163438,10.072751591069826,0.6952267661777034,0.7410985319584729,0.8700339587209938,4.8132228131592,injection,500,10
injection_electrons,195,0.0195,100031,100031,100031,100031,1.0,1.0,9.998651729884015,10.001565855094473,10.03210288357229,0.30532247570276283,0.33455664415529274,0.8213638953521553,4.8708903069896,injection,500,10
injection_electrons,200,0.02,100031,100031,100031,100031,1.0,1.0,9.998651729884015,10.000411327493904,9.99641250157758,-0.03998661440384188,-0.022395302556066365,0.7778980216302268,4.531200650847278,injection,500,10
injection_electrons,205,0.0205,100031,100031,100031,100031,1.0,1.0,9.998651729884015,9.999739855644128,9.968052464588377,-0.316882154067899,-0.306033914594539,0.7428743220047344,4.3644392137129,injection,500,10
injection_electrons,210,0.021,100031,100031,100031,100031,1.0,1.0,9.998651729884015,9.99952208976126,9.948226769517772,-0.5129777181652528,-0.5043175992972437,0.7135140206270335,5.107852139532199,injection,500,10
injection_electrons,215,0.021500000000000002,100031,100031,100031,100031,1.0,1.0,9.998651729884015,9.999707418049653,9.938134690705295,-0.6157452890393267,-0.605251996105094,0.6904401689077679,5.2031498777317,injection,500,10
injection_electrons,220,0.022000000000000002,100031,100031,100031,100031,1.0,1.0,9.998651729884015,10.000227326278178,9.936649288068013,-0.6357659294713991,-0.620108025471966,0.6636475137951581,4.5687578060089,injection,500,10
injection_electrons,225,0.022500000000000003,100031,100031,100031,100031,1.0,1.0,9.998651729884015,10.000998482586791,9.942792239871192,-0.5820043150385867,-0.5586702239649965,0.6382809624150192,4.043587465911199,injection,500,10
injection_electrons,230,0.023,100031,100031,100031,100031,1.0,1.0,9.998651729884015,10.001926808052865,9.956274334326137,-0.4564367906588873,-0.4238310994593486,0.6143852545984294,3.5554788849294994,injection,500,10
injection_electrons,235,0.0235,100031,100031,100031,100031,1.0,1.0,9.998651729884015,10.002913224314062,9.971480098788481,-0.3142397101793981,-0.2717529505935623,0.5919871050021498,3.6639738841441982,injection,500,10
injection_electrons,240,0.024,100031,100031,100031,100031,1.0,1.0,9.998651729884015,10.003860946364698,9.989729202993317,-0.14126289286854332,-0.08923730050552914,0.5719305649746405,4.1875799811937,injection,500,10
injection_electrons,245,0.0245,100031,100031,100031,100031,1.0,1.0,9.998651729884015,10.004683442874999,10.00850518117178,0.03819949245373877,0.09854779978297756,0.5553122444431651,4.138940923880099,injection,500,10
injection_electrons,250,0.025,100031,100031,100031,100031,1.0,1.0,9.998651729884015,10.005311765668937,10.025368591497342,0.20046177768517914,0.2672046425367114,0.5428396214248036,3.9976247875948,injection,500,10
injection_electrons,255,0.025500000000000002,100031,100031,100031,100031,1.0,1.0,9.998651729884015,10.005699956245593,10.038413879671944,0.32695287255672945,0.3976751152266589,0.5325925071895692,3.4201982702346,injection,500,10
injection_electrons,260,0.026000000000000002,100031,100031,100031,100031,1.0,1.0,9.998651729884015,10.005827622063254,10.046495753348534,0.40644445238697813,0.4785047500106776,0.5225502884397754,3.9224179435423006,injection,500,10
injection_electrons,265,0.026500000000000003,100031,100031,100031,100031,1.0,1.0,9.998651729884015,10.005699382522478,10.050394314027239,0.4466947266358323,0.517495613819352,0.5117938417807794,4.0844104222609,injection,500,10
injection_electrons,270,0.027,100031,100031,100031,100031,1.0,1.0,9.998651729884015,10.005341516862504,10.049156719459688,0.4379181112742714,0.5051179993070809,0.4993005031590754,3.7188972841505006,injection,500,10
injection_electrons,275,0.0275,100031,100031,100031,100031,1.0,1.0,9.998651729884015,10.004796630841634,10.043990754079193,0.391753322768551,0.4534513794461681,0.4856454476620525,3.2836924470394013,injection,500,10
injection_electrons,280,0.028,100031,100031,100031,100031,1.0,1.0,9.998651729884015,10.00411739354866,10.0347595498932,0.3062954495546055,0.36112688975120655,0.4702235278302227,2.9232696529530973,injection,500,10
injection_electrons,285,0.0285,100031,100031,100031,100031,1.0,1.0,9.998651729884015,10.003360363690927,10.024552314436557,0.2118483187164788,0.25904077121847724,0.45741921816566333,2.8841777619128006,injection,500,10
injection_electrons,290,0.029,100031,100031,100031,100031,1.0,1.0,9.998651729884015,10.002580684364226,10.012074906121915,0.09491772230871831,0.13424986288681495,0.4435914545802793,2.7177982520407014,injection,500,10
injection_electrons,295,0.029500000000000002,100031,100031,100031,100031,1.0,1.0,9.998651729884015,10.001828078519981,9.99928373247328,-0.02543881005279136,0.006320878117760387,0.4326075885191765,3.025780450151199,injection,500,10
injection_electrons,300,0.030000000000000002,100031,100031,100031,100031,1.0,1.0,9.998651729884015,10.001144232759604,9.986592052911165,-0.14550514930853353,-0.12061303162311798,0.42252067755569556,3.0151956177741006,injection,500,10
