family,b_gs,b_t,n_sc_on,n_sc_off,n_all_on,n_all_off,detected_frac_on,detected_frac_off,sigma_initial_mm,sigma_sc_off_mm,sigma_sc_on_mm,expansion_vs_no_sc_pct,expansion_vs_initial_pct,rms_particle_dx_mm,max_abs_particle_dx_mm,power_kw
injection_electrons,0,0.0,100030,100030,100031,100031,0.9999900030990393,0.9999900030990393,24.994306808629283,25.153742397715664,20.282497718409495,-19.365884417058165,-18.851529375453758,5.921366001236805,15.181340404281702,100
injection_electrons,5,0.0005,100030,100030,100031,100031,0.9999900030990393,0.9999900030990393,24.994306808629283,25.152811099510025,20.326850191252163,-19.186566818179106,-18.67407907374202,5.861317901919707,15.005955223135004,100
injection_electrons,10,0.001,100030,100030,100031,100031,0.9999900030990393,0.9999900030990393,24.994306808629283,25.150966855851873,20.459140242413877,-18.654657056837355,-18.144798337234302,5.684060751867704,14.477561192683996,100
injection_electrons,15,0.0015,100030,100030,100031,100031,0.9999900030990393,0.9999900030990393,24.994306808629283,25.147946206640107,20.674499827896213,-17.78851577773265,-17.283163777287303,5.397395015869561,13.6241220464291,100
injection_electrons,20,0.002,100030,100030,100031,100031,0.9999900030990393,0.9999900030990393,24.994306808629283,25.14338199222783,20.964722687284613,-16.619320766931434,-16.1220079124317,5.014225268616404,12.490418290714203,100
injection_electrons,25,0.0025,100030,100030,100031,100031,0.9999900030990393,0.9999900030990393,24.994306808629283,25.136926071652958,21.31876113483501,-15.189466388747153,-14.705531551390294,4.551249855792026,11.134843618569299,100
injection_electrons,30,0.003,100030,100030,100031,100031,0.9999900030990393,0.9999900030990393,24.994306808629283,25.12837046120058,21.722964281172498,-13.552037468112754,-13.088350689235174,4.028297914407892,9.698603259734298,100
injection_electrons,35,0.0035,100030,100030,100031,100031,0.9999900030990393,0.9999900030990393,24.994306808629283,25.117734520595157,22.161849323309358,-11.768120229402601,-11.332410644579339,3.4670765629351696,8.24499435217789,100
injection_electrons,40,0.004,100030,100030,100031,100031,0.9999900030990393,0.9999900030990393,24.994306808629283,25.105296795953443,22.618769078369123,-9.904394828684548,-9.504315316478406,2.889975402722309,6.952650823545298,100
injection_electrons,45,0.0045000000000000005,100030,100030,100031,100031,0.9999900030990393,0.9999900030990393,24.994306808629283,25.091566318131495,23.076847690201294,-8.029465368506461,-7.671583505432467,2.318903666135272,5.671173218774001,100
injection_electrons,50,0.005,100030,100030,100031,100031,0.9999900030990393,0.9999900030990393,24.994306808629283,25.07720446349852,23.519903013838526,-6.210028123057921,-5.898958535156174,1.77430558329455,4.401203641302601,100
injection_electrons,55,0.0055000000000000005,100030,100030,100031,100031,0.9999900030990393,0.9999900030990393,24.994306808629283,25.062920219243555,23.93333346131806,-4.507003765100714,-4.244860061271716,1.274527615134481,3.399602441360905,100
injection_electrons,60,0.006,100030,100030,100031,100031,0.9999900030990393,0.9999900030990393,24.994306808629283,25.04936594804612,24.304939160213767,-2.97183884564719,-2.7580986890082926,0.8361275010745838,2.498948722183897,100
injection_electrons,65,0.006500000000000001,100030,100030,100031,100031,0.9999900030990393,0.9999900030990393,24.994306808629283,25.037057113463206,24.62532171448454,-1.6445039731017963,-1.4762765655791377,0.47832173399825684,1.7968761934575,100
injection_electrons,70,0.007,100030,100030,100031,100031,0.9999900030990393,0.9999900030990393,24.994306808629283,25.026329901573718,24.88860443058395,-0.5503222866933721,-0.42290581953182693,0.2493977434516866,1.7176641973446003,100
injection_electrons,75,0.007500000000000001,100030,100030,100031,100031,0.9999900030990393,0.9999900030990393,24.994306808629283,25.017338793761457,25.092362835167233,0.29988817765254083,0.39231344677299607,0.25412683983120987,1.8967628229758002,100
injection_electrons,80,0.008,100030,100030,100031,100031,0.9999900030990393,0.9999900030990393,24.994306808629283,25.01008570940669,25.237305144762626,0.9085112222165348,0.9722147447171814,0.36389031722648774,1.8682560202525007,100
injection_electrons,85,0.0085,100030,100030,100031,100031,0.9999900030990393,0.9999900030990393,24.994306808629283,25.004466161971976,25.327229053437094,1.290820965240158,1.3319923107164122,0.4459274684921568,1.959163228734102,100
injection_electrons,90,0.009000000000000001,100030,100030,100031,100031,0.9999900030990393,0.9999900030990393,24.994306808629283,25.000317017541416,25.368359145750574,1.4721498449436599,1.4965501543421578,0.4809955055013315,2.0601977427525995,100
injection_electrons,95,0.0095,100030,100030,100031,100031,0.9999900030990393,0.9999900030990393,24.994306808629283,24.99745413972965,25.368682758594634,1.485065706251154,1.4978449005679018,0.47303827100269785,1.9883648669445044,100
injection_electrons,100,0.01,100030,100030,100031,100031,0.9999900030990393,0.9999900030990393,24.994306808629283,24.995694402609047,25.337228756056877,1.3663727358267819,1.3720002321056635,0.4313586623953067,1.7631387702579993,100
injection_electrons,105,0.0105,100030,100030,100031,100031,0.9999900030990393,0.9999900030990393,24.994306808629283,24.99486282551405,25.28346824951677,1.154658963393529,1.1569092237743162,0.3670569893798506,1.5799237612657002,100
injection_electrons,110,0.011000000000000001,100030,100030,100031,100031,0.9999900030990393,0.9999900030990393,24.994306808629283,24.99478997831618,25.21653396931562,0.8871608490881977,0.8891111179351263,0.2918519227813104,1.3795930112592005,100
injection_electrons,115,0.0115,100030,100030,100031,100031,0.9999900030990393,0.9999900030990393,24.994306808629283,24.995306383404515,25.144712239734734,0.5977356469989648,0.6017587615333442,0.21813326463364036,1.2875390085338,100
injection_electrons,120,0.012,100030,100030,100031,100031,0.9999900030990393,0.9999900030990393,24.994306808629283,24.996239569322714,25.07502244815975,0.3151789236878866,0.3229360996024999,0.16022283613650984,1.1208153378250998,100
injection_electrons,125,0.0125,100030,100030,100031,100031,0.9999900030990393,0.9999900030990393,24.994306808629283,24.997416697898124,25.01291752092312,0.06200969969147874,0.07445980573228539,0.1334463718010313,1.2712540469622002,100
injection_electrons,130,0.013000000000000001,100030,100030,100031,100031,0.9999900030990393,0.9999900030990393,24.994306808629283,24.998672598430083,24.962237396979877,-0.14574854447469976,-0.1283068656192321,0.13887403809529159,1.3204485067392007,100
injection_electrons,135,0.0135,100030,100030,100031,100031,0.9999900030990393,0.9999900030990393,24.994306808629283,24.999860725006457,24.925182155717756,-0.2987159413012308,-0.2765615923689513,0.1569678098303499,1.3529190328493996,100
injection_electrons,140,0.014,100030,100030,100031,100031,0.9999900030990393,0.9999900030990393,24.994306808629283,25.000863618149197,24.90235813117255,-0.39400833699655413,-0.36787848593178296,0.17181695509506237,1.3859518159417998,100
injection_electrons,145,0.0145,100030,100030,100031,100031,0.9999900030990393,0.9999900030990393,24.994306808629283,25.00159990860635,24.893126947316688,-0.4338640794436688,-0.40481163205399184,0.17755657894736265,1.3861977939113999,100
injection_electrons,150,0.015000000000000001,100030,100030,100031,100031,0.9999900030990393,0.9999900030990393,24.994306808629283,25.00202628815914,24.8958083470329,-0.4248373307908393,-0.3940835901173112,0.17376842662972858,1.4058806851407,100
injection_electrons,155,0.0155,100030,100030,100031,100031,0.9999900030990393,0.9999900030990393,24.994306808629283,25.002134520161015,24.907967948840515,-0.37663412795642115,-0.34543410405348807,0.1627145586616867,1.3737442028197,100
injection_electrons,160,0.016,100030,100030,100031,100031,0.9999900030990393,0.9999900030990393,24.994306808629283,25.001944865426037,24.926782123565456,-0.3006275802348468,-0.2701602632184774,0.14793633341533044,1.3958176927980004,100
injection_electrons,165,0.0165,100030,100030,100031,100031,0.9999900030990393,0.9999900030990393,24.994306808629283,25.00149790438828,24.949300044698084,-0.20877892952579913,-0.18006806220230986,0.13338193759684688,1.4413405288931003,100
injection_electrons,170,0.017,100030,100030,100031,100031,0.9999900030990393,0.9999900030990393,24.994306808629283,25.000846605826506,24.972717627132827,-0.11251210463858463,-0.08637639627998572,0.12248767918883582,1.3817150836556005,100
injection_electrons,175,0.0175,100030,100030,100031,100031,0.9999900030990393,0.9999900030990393,24.994306808629283,25.000049843502623,24.994567606646953,-0.021928903702139735,0.0010434296884742622,0.11691047176668212,1.2227386407915004,100
injection_electrons,180,0.018000000000000002,100030,100030,100031,100031,0.9999900030990393,0.9999900030990393,24.994306808629283,24.999167736786646,25.012929701871112,0.055049692971231856,0.07450854062254209,0.11585686122029686,1.1573615432979993,100
injection_electrons,185,0.018500000000000003,100030,100030,100031,100031,0.9999900030990393,0.9999900030990393,24.994306808629283,24.998258511670873,25.02647840867127,0.11288745168878123,0.12871571229524648,0.11696079386739033,1.3909641686346,100
injection_electrons,190,0.019,100030,100030,100031,100031,0.9999900030990393,0.9999900030990393,24.994306808629283,24.997376240530016,25.034533749502035,0.14864563630392347,0.16094441498519796,0.11788355216896278,1.531212160436601,100
injection_electrons,195,0.0195,100030,100030,100031,100031,0.9999900030990393,0.9999900030990393,24.994306808629283,24.996568852817504,25.03701509732481,0.16180718539995365,0.17087206707722125,0.11725652574718523,1.5537536950185995,100
injection_electrons,200,0.02,100030,100030,100031,100031,0.9999900030990393,0.9999900030990393,24.994306808629283,24.9958761047765,25.034385381166736,0.15406251906839863,0.16035080646292776,0.11485985478112988,1.4574043465937994,100
injection_electrons,205,0.0205,100030,100030,100031,100031,0.9999900030990393,0.9999900030990393,24.994306808629283,24.995327573047902,25.02751551529312,0.12877583680850346,0.13286508370926597,0.11127415148062761,1.487090806675699,100
injection_electrons,210,0.021,100030,100030,100031,100031,0.9999900030990393,0.9999900030990393,24.994306808629283,24.994941021774267,25.017562341844695,0.09050359451026058,0.09304332139903337,0.10758746566238778,1.4643176067496988,100
injection_electrons,215,0.021500000000000002,100030,100030,100031,100031,0.9999900030990393,0.9999900030990393,24.994306808629283,24.994721581229147,25.005815111044615,0.044383490247801305,0.04604369508403039,0.10479251054270776,1.4440103552252999,100
injection_electrons,220,0.022000000000000002,100030,100030,100031,100031,0.9999900030990393,0.9999900030990393,24.994306808629283,24.994662057349068,24.993578179118433,-0.0043364388290112466,-0.002915181910934095,0.10352152732804973,1.4104750626996,100
injection_electrons,225,0.022500000000000003,100030,100030,100031,100031,0.9999900030990393,0.9999900030990393,24.994306808629283,24.994744435302927,24.982027710796785,-0.05087759364397204,-0.04912757903835496,0.10372951896865928,1.3002012645183996,100
injection_electrons,230,0.023,100030,100030,100031,100031,0.9999900030990393,0.9999900030990393,24.994306808629283,24.99494235693422,24.972151623671717,-0.09118137956489747,-0.08864092582041572,0.1048370942421407,1.1662143763493003,100
injection_electrons,235,0.0235,100030,100030,100031,100031,0.9999900030990393,0.9999900030990393,24.994306808629283,24.995224146198908,24.964671252105056,-0.12223492742111652,-0.1185692275890382,0.10604353385463687,1.1836862891752986,100
injection_electrons,240,0.024,100030,100030,100031,100031,0.9999900030990393,0.9999900030990393,24.994306808629283,24.99555589056172,24.960010822648478,-0.14220555073418684,-0.1372151916170128,0.10668761891328397,1.2234475394543995,100
injection_electrons,245,0.0245,100030,100030,100031,100031,0.9999900030990393,0.9999900030990393,24.994306808629283,24.99590416353913,24.958298171971126,-0.1504486147888895,-0.14406735475346322,0.10640838180121097,1.3800509728996015,100
injection_electrons,250,0.025,100030,100030,100031,100031,0.9999900030990393,0.9999900030990393,24.994306808629283,24.99623814760628,24.959400558385124,-0.14737253263321648,-0.13965680469324449,0.10519137320817584,1.4273085545007014,100
injection_electrons,0,0.0,100030,100030,100031,100031,0.9999900030990393,0.9999900030990393,24.994306808629283,25.153742397715664,16.029431261282593,-36.274169434372894,-35.86767024981692,11.792231946712787,29.727345175268702,200
injection_electrons,5,0.0005,100030,100030,100031,100031,0.9999900030990393,0.9999900030990393,24.994306808629283,25.152811099510025,16.10268662308463,-35.98056869516939,-35.57458205832227,11.668475607984892,29.3818719566203,200
injection_electrons,10,0.001,100030,100030,100031,100031,0.9999900030990393,0.9999900030990393,24.994306808629283,25.150966855851873,16.32339844826578,-35.09832627182753,-34.691533663057506,11.302840918102945,28.451062882105504,200
injection_electrons,15,0.0015,100030,100030,100031,100031,0.9999900030990393,0.9999900030990393,24.994306808629283,25.147946206640107,16.69083270962855,-33.62944006448737,-33.22146184159811,10.71229191186782,26.8330187713349,200
injection_electrons,20,0.002,100030,100030,100031,100031,0.9999900030990393,0.9999900030990393,24.994306808629283,25.14338199222783,17.200755751107508,-31.589331314202273,-31.181305075566456,9.924060954494442,24.629206100557003,200
injection_electrons,25,0.0025,100030,100030,100031,100031,0.9999900030990393,0.9999900030990393,24.994306808629283,25.136926071652958,17.842667498120182,-29.01810091154522,-28.61307323010054,8.973644653896372,21.9625022049367,200
injection_electrons,30,0.003,100030,100030,100031,100031,0.9999900030990393,0.9999900030990393,24.994306808629283,25.12837046120058,18.59805811219955,-25.987806726600702,-25.590822523717392,7.9028399251917625,19.095057223759,200
injection_electrons,35,0.0035,100030,100030,100031,100031,0.9999900030990393,0.9999900030990393,24.994306808629283,25.117734520595157,19.44009828697614,-22.604093649304502,-22.22189462656172,6.7574233721214005,16.225291449884796,200
injection_electrons,40,0.004,100030,100030,100031,100031,0.9999900030990393,0.9999900030990393,24.994306808629283,25.105296795953443,20.33545558632867,-18.999342044797462,-18.639649652904733,5.584395506722288,13.317453824860493,200
injection_electrons,45,0.0045000000000000005,100030,100030,100031,100031,0.9999900030990393,0.9999900030990393,24.994306808629283,25.091566318131495,21.247123473797032,-15.321653481458497,-14.992147465912264,4.429559519745603,10.655616242282605,200
injection_electrons,50,0.005,100030,100030,100031,100031,0.9999900030990393,0.9999900030990393,24.994306808629283,25.07720446349852,22.13780922778804,-11.721383218727432,-11.428592930030923,3.3355561556092215,8.379972603252497,200
injection_electrons,55,0.0055000000000000005,100030,100030,100031,100031,0.9999900030990393,0.9999900030990393,24.994306808629283,25.062920219243555,22.97289328399312,-8.339119771229575,-8.087495845006876,2.3410081990470037,6.2691061140674975,200
injection_electrons,60,0.006,100030,100030,100031,100031,0.9999900030990393,0.9999900030990393,24.994306808629283,25.04936594804612,23.72343962595765,-5.293253030190548,-5.084626640787116,1.4822088977547785,4.527456111445794,200
injection_electrons,65,0.006500000000000001,100030,100030,100031,100031,0.9999900030990393,0.9999900030990393,24.994306808629283,25.037057113463206,24.367271438360657,-2.6751773264214185,-2.5087127843535173,0.8100870019942503,4.514042208775299,200
injection_electrons,70,0.007,100030,100030,100031,100031,0.9999900030990393,0.9999900030990393,24.994306808629283,25.026329901573718,24.891007542200523,-0.5407199533667306,-0.41329118354702654,0.4778420375784913,5.0447214845745005,200
injection_electrons,75,0.007500000000000001,100030,100030,100031,100031,0.9999900030990393,0.9999900030990393,24.994306808629283,25.017338793761457,25.288699325078827,1.0846898367345092,1.1778382921502129,0.6086988602175537,4.9929436137348,200
injection_electrons,80,0.008,100030,100030,100031,100031,0.9999900030990393,0.9999900030990393,24.994306808629283,25.01008570940669,25.562890227096347,2.2103263623832303,2.274851720515647,0.8267359524422138,4.423483238539399,200
injection_electrons,85,0.0085,100030,100030,100031,100031,0.9999900030990393,0.9999900030990393,24.994306808629283,25.004466161971976,25.722533923764736,2.8717580177129776,2.9135719614517663,0.9625233476438191,3.607612892781603,200
injection_electrons,90,0.009000000000000001,100030,100030,100031,100031,0.9999900030990393,0.9999900030990393,24.994306808629283,25.000317017541416,25.781879549324458,3.1262104845896976,3.1510085345646255,0.9999354462363215,3.5730070901651025,200
injection_electrons,95,0.0095,100030,100030,100031,100031,0.9999900030990393,0.9999900030990393,24.994306808629283,24.99745413972965,25.758927247891528,3.0462026408986542,3.059178416575481,0.9521768758389594,3.252030647156804,200
injection_electrons,100,0.01,100030,100030,100031,100031,0.9999900030990393,0.9999900030990393,24.994306808629283,24.995694402609047,25.673750848267787,2.7126929731864813,2.7183952123206234,0.8406852875585383,2.8123116881066004,200
injection_electrons,105,0.0105,100030,100030,100031,100031,0.9999900030990393,0.9999900030990393,24.994306808629283,24.99486282551405,25.546795631795064,2.208184978385308,2.210458675233329,0.6896598946930941,2.607391267656695,200
injection_electrons,110,0.011000000000000001,100030,100030,100031,100031,0.9999900030990393,0.9999900030990393,24.994306808629283,24.99478997831618,25.397458645162104,1.6110104033490558,1.6129746650690668,0.524783078313706,2.8737879259186005,200
injection_electrons,115,0.0115,100030,100030,100031,100031,0.9999900030990393,0.9999900030990393,24.994306808629283,24.995306383404515,25.24309215500227,0.9913292031590082,0.9953680583255631,0.3749653153289592,3.1515390370191994,200
injection_electrons,120,0.012,100030,100030,100031,100031,0.9999900030990393,0.9999900030990393,24.994306808629283,24.996239569322714,25.09791941285307,0.4067805609254238,0.4145448202148794,0.2767992338586301,3.1347318670260993,200
injection_electrons,125,0.0125,100030,100030,100031,100031,0.9999900030990393,0.9999900030990393,24.994306808629283,24.997416697898124,24.972725305972467,-0.09877577440925434,-0.08634567392509229,0.26067379545681024,2.833189334277,200
injection_electrons,130,0.013000000000000001,100030,100030,100031,100031,0.9999900030990393,0.9999900030990393,24.994306808629283,24.998672598430083,24.874664834872632,-0.4960573929242873,-0.4786769029951454,0.29875342010980327,2.6984336932614,200
injection_electrons,135,0.0135,100030,100030,100031,100031,0.9999900030990393,0.9999900030990393,24.994306808629283,24.999860725006457,24.807368711477306,-0.7699723436323302,-0.7479227112929476,0.34100882281616074,2.6173448565187005,200
injection_electrons,140,0.014,100030,100030,100031,100031,0.9999900030990393,0.9999900030990393,24.994306808629283,25.000863618149197,24.771216665933927,-0.9185560775930912,-0.8925638322497265,0.3640424612497186,2.3979511943873004,200
injection_electrons,145,0.0145,100030,100030,100031,100031,0.9999900030990393,0.9999900030990393,24.994306808629283,25.00159990860635,24.76390563796209,-0.9507162402132563,-0.9218146053470377,0.3629911041603008,2.1472173967819,200
injection_electrons,150,0.015000000000000001,100030,100030,100031,100031,0.9999900030990393,0.9999900030990393,24.994306808629283,25.00202628815914,24.781053174032724,-0.8838208214790533,-0.853208837633912,0.34112992236656564,2.2254409765668015,200
injection_electrons,155,0.0155,100030,100030,100031,100031,0.9999900030990393,0.9999900030990393,24.994306808629283,25.002134520161015,24.816807524285615,-0.7412446954317309,-0.7101588601864606,0.3059373401088527,2.5038941650685977,200
injection_electrons,160,0.016,100030,100030,100031,100031,0.9999900030990393,0.9999900030990393,24.994306808629283,25.001944865426037,24.864640847740596,-0.5491733480114669,-0.5187819845594577,0.2672246309845809,2.9769585337901994,200
injection_electrons,165,0.0165,100030,100030,100031,100031,0.9999900030990393,0.9999900030990393,24.994306808629283,25.00149790438828,24.917912958745738,-0.3343197514092622,-0.3056450033540048,0.23544071879770892,3.1948659508737003,200
injection_electrons,170,0.017,100030,100030,100031,100031,0.9999900030990393,0.9999900030990393,24.994306808629283,25.000846605826506,24.970489192857954,-0.12142553989142879,-0.09529216374628557,0.21827002849492314,3.2898997039462,200
injection_electrons,175,0.0175,100030,100030,100031,100031,0.9999900030990393,0.9999900030990393,24.994306808629283,25.000049843502623,25.017211815325087,0.06864775042407789,0.09164089594952962,0.21609282283005637,3.1093924000065,200
injection_electrons,180,0.018000000000000002,100030,100030,100031,100031,0.9999900030990393,0.9999900030990393,24.994306808629283,24.999167736786646,25.05422108902719,0.22022074022700622,0.23971171057732832,0.22209757853140555,2.6732748472603003,200
injection_electrons,185,0.018500000000000003,100030,100030,100031,100031,0.9999900030990393,0.9999900030990393,24.994306808629283,24.998258511670873,25.079121378562856,0.3234740006158088,0.33933555582461583,0.22821364780083903,2.228051773755901,200
injection_electrons,190,0.019,100030,100030,100031,100031,0.9999900030990393,0.9999900030990393,24.994306808629283,24.997376240530016,25.090926287203153,0.37423946326597957,0.38656594605182004,0.22928732999496104,2.2400409930534018,200
injection_electrons,195,0.0195,100030,100030,100031,100031,0.9999900030990393,0.9999900030990393,24.994306808629283,24.996568852817504,25.090110834762164,0.3742192878368522,0.38330339331438257,0.22388316007608483,2.1277132102938996,200
injection_electrons,200,0.02,100030,100030,100031,100031,0.9999900030990393,0.9999900030990393,24.994306808629283,24.9958761047765,25.078247965738303,0.3295418036820097,0.3358411087441615,0.21341159839954474,2.1180575797800003,200
injection_electrons,205,0.0205,100030,100030,100031,100031,0.9999900030990393,0.9999900030990393,24.994306808629283,24.995327573047902,25.057735278069654,0.24967748407924706,0.2537716685884428,0.20117336447932518,2.3681695077618965,200
injection_electrons,210,0.021,100030,100030,100031,100031,0.9999900030990393,0.9999900030990393,24.994306808629283,24.994941021774267,25.031506985239872,0.14629345767909196,0.14883460019681216,0.19116110635967196,2.6596780892035987,200
injection_electrons,215,0.021500000000000002,100030,100030,100031,100031,0.9999900030990393,0.9999900030990393,24.994306808629283,24.994721581229147,25.00271912918001,0.03199694753499571,0.033656946820492806,0.18645311747885265,2.660045024549598,200
injection_electrons,220,0.022000000000000002,100030,100030,100031,100031,0.9999900030990393,0.9999900030990393,24.994306808629283,24.994662057349068,24.97434177212004,-0.08129849958523616,-0.07987833654321541,0.18769876448837444,2.8754907003328003,200
injection_electrons,225,0.022500000000000003,100030,100030,100031,100031,0.9999900030990393,0.9999900030990393,24.994306808629283,24.994744435302927,24.94901429711674,-0.18295901486232724,-0.18121131287748282,0.1929156208231854,2.9050691972559006,200
injection_electrons,230,0.023,100030,100030,100031,100031,0.9999900030990393,0.9999900030990393,24.994306808629283,24.99494235693422,24.92880138213905,-0.2646174328016504,-0.2620813891410556,0.19894236197627677,2.6904958802931,200
injection_electrons,235,0.0235,100030,100030,100031,100031,0.9999900030990393,0.9999900030990393,24.994306808629283,24.995224146198908,24.915069584210194,-0.3206795086928782,-0.3170210921461969,0.20304012092547064,2.288710916337301,200
injection_electrons,240,0.024,100030,100030,100031,100031,0.9999900030990393,0.9999900030990393,24.994306808629283,24.99555589056172,24.908464407880324,-0.34842786878880316,-0.34344781556142623,0.2036290841379756,2.3436883602928997,200
injection_electrons,245,0.0245,100030,100030,100031,100031,0.9999900030990393,0.9999900030990393,24.994306808629283,24.99590416353913,24.908937311227813,-0.3479244109047763,-0.3415557713006723,0.20046676070147917,2.223876752189099,200
injection_electrons,250,0.025,100030,100030,100031,100031,0.9999900030990393,0.9999900030990393,24.994306808629283,24.99623814760628,24.915827301071705,-0.3216917924198759,-0.3139895343306054,0.1943986049213263,2.007461042627,200
injection_electrons,0,0.0,100030,100030,100031,100031,0.9999900030990393,0.9999900030990393,24.994306808629283,25.153742397715664,12.971574592703552,-48.430836304177284,-48.1018829927097,17.694342166641718,43.8253042043605,300
injection_electrons,5,0.0005,100030,100030,100031,100031,0.9999900030990393,0.9999900030990393,24.994306808629283,25.152811099510025,13.027662411249644,-48.20593865349936,-47.877480615898314,17.498637561339542,43.386957576491504,300
injection_electrons,10,0.001,100030,100030,100031,100031,0.9999900030990393,0.9999900030990393,24.994306808629283,25.150966855851873,13.210483543192117,-47.475245707628,-47.14602951648493,16.921569252747624,42.003746235768006,300
injection_electrons,15,0.0015,100030,100030,100031,100031,0.9999900030990393,0.9999900030990393,24.994306808629283,25.147946206640107,13.552691034320869,-46.10815959697578,-45.776887760528716,15.990998874071263,39.690913144054406,300
injection_electrons,20,0.002,100030,100030,100031,100031,0.9999900030990393,0.9999900030990393,24.994306808629283,25.14338199222783,14.092089212291905,-43.95308786762272,-43.61880359319823,14.752498504902105,36.5561726756855,300
injection_electrons,25,0.0025,100030,100030,100031,100031,0.9999900030990393,0.9999900030990393,24.994306808629283,25.136926071652958,14.853696100074787,-40.908860304819136,-40.571682128241505,13.264058309056262,32.747286102336304,300
injection_electrons,30,0.003,100030,100030,100031,100031,0.9999900030990393,0.9999900030990393,24.994306808629283,25.12837046120058,15.834903248429978,-36.98396291602022,-36.64595953922204,11.594841191852927,28.4429577301009,300
injection_electrons,35,0.0035,100030,100030,100031,100031,0.9999900030990393,0.9999900030990393,24.994306808629283,25.117734520595157,17.002004509731986,-32.31075638692143,-31.976491126923168,9.819972487794525,23.8416932946816,300
injection_electrons,40,0.004,100030,100030,100031,100031,0.9999900030990393,0.9999900030990393,24.994306808629283,25.105296795953443,18.297248988098996,-27.117973801256912,-26.79433309275906,8.015602693822819,19.611142954303293,300
injection_electrons,45,0.0045000000000000005,100030,100030,100031,100031,0.9999900030990393,0.9999900030990393,24.994306808629283,25.091566318131495,19.649790347835907,-21.687669479458883,-21.382935328889307,6.25570429764201,15.809008906537898,300
injection_electrons,50,0.005,100030,100030,100031,100031,0.9999900030990393,0.9999900030990393,24.994306808629283,25.07720446349852,20.98714559221958,-16.309867701690127,-16.032295862777158,4.60931714984881,12.293562182963512,300
injection_electrons,55,0.0055000000000000005,100030,100030,100031,100031,0.9999900030990393,0.9999900030990393,24.994306808629283,25.062920219243555,22.244108956073475,-11.246938658831018,-11.003297165282067,3.139267422231552,9.555387927743901,300
injection_electrons,60,0.006,100030,100030,100031,100031,0.9999900030990393,0.9999900030990393,24.994306808629283,25.04936594804612,23.367878402503308,-6.712695039987504,-6.507195492872997,1.9125435009351137,7.2130682843030005,300
injection_electrons,65,0.006500000000000001,100030,100030,100031,100031,0.9999900030990393,0.9999900030990393,24.994306808629283,25.037057113463206,24.319788421498814,-2.8648282771967404,-2.6986881144372865,1.0548897678761433,8.3195282333454,300
injection_electrons,70,0.007,100030,100030,100031,100031,0.9999900030990393,0.9999900030990393,24.994306808629283,25.026329901573718,25.07774304822584,0.2054362219883199,0.33382097865484184,0.8557971315524087,8.402021366105698,300
injection_electrons,75,0.007500000000000001,100030,100030,100031,100031,0.9999900030990393,0.9999900030990393,24.994306808629283,25.017338793761457,25.63495123110717,2.4687375521321497,2.563161392644453,1.1430229434458978,7.5586435960671015,300
injection_electrons,80,0.008,100030,100030,100031,100031,0.9999900030990393,0.9999900030990393,24.994306808629283,25.01008570940669,25.99857602509856,3.9523667658607042,4.017991873743654,1.417680363449542,5.9689099801602,300
injection_electrons,85,0.0085,100030,100030,100031,100031,0.9999900030990393,0.9999900030990393,24.994306808629283,25.004466161971976,26.185598799634715,4.7236866806581235,4.766253371724383,1.5496746669638213,5.7550161432052995,300
injection_electrons,90,0.009000000000000001,100030,100030,100031,100031,0.9999900030990393,0.9999900030990393,24.994306808629283,25.000317017541416,26.22222898702706,4.887585899923952,4.912807495720739,1.536675242796335,5.1809256479449,300
injection_electrons,95,0.0095,100030,100030,100031,100031,0.9999900030990393,0.9999900030990393,24.994306808629283,24.99745413972965,26.13963228137675,4.5691778661242965,4.5823454177654765,1.405870186048163,4.676428609096501,300
injection_electrons,100,0.01,100030,100030,100031,100031,0.9999900030990393,0.9999900030990393,24.994306808629283,24.995694402609047,25.9709095762536,3.9015326317270116,3.9073008709613166,1.1936990791489217,4.031643087276205,300
injection_electrons,105,0.0105,100030,100030,100031,100031,0.9999900030990393,0.9999900030990393,24.994306808629283,24.99486282551405,25.749175255908103,3.0178698545369587,3.0201615634253276,0.9408356978557216,4.5950775569223,300
injection_electrons,110,0.011000000000000001,100030,100030,100031,100031,0.9999900030990393,0.9999900030990393,24.994306808629283,24.99478997831618,25.504569472817487,2.0395430205397025,2.04151556630503,0.691434486502766,5.0637804627997,300
injection_electrons,115,0.0115,100030,100030,100031,100031,0.9999900030990393,0.9999900030990393,24.994306808629283,24.995306383404515,25.263122472861426,1.0714655197614498,1.075507579747459,0.4989006992440677,5.0976835327803,300
injection_electrons,120,0.012,100030,100030,100031,100031,0.9999900030990393,0.9999900030990393,24.994306808629283,24.996239569322714,25.045291023269055,0.19623533296000417,0.2039833112001732,0.42184433098266055,4.9245065495231,300
injection_electrons,125,0.0125,100030,100030,100031,100031,0.9999900030990393,0.9999900030990393,24.994306808629283,24.997416697898124,24.86596817702592,-0.5258484205020175,-0.5134714580644184,0.45593810946888264,5.114910505454599,300
injection_electrons,130,0.013000000000000001,100030,100030,100031,100031,0.9999900030990393,0.9999900030990393,24.994306808629283,24.998672598430083,24.734178130096208,-1.0580340507779007,-1.0407517220812235,0.5222369455070134,4.838342385352501,300
injection_electrons,135,0.0135,100030,100030,100031,100031,0.9999900030990393,0.9999900030990393,24.994306808629283,24.999860725006457,24.653214177453595,-1.3865939149257933,-1.3646813003748703,0.5671549125617222,4.136366599229701,300
injection_electrons,140,0.014,100030,100030,100031,100031,0.9999900030990393,0.9999900030990393,24.994306808629283,25.000863618149197,24.621420540726792,-1.517719880472257,-1.4918848150401676,0.574230346328539,3.9496102499246,300
injection_electrons,145,0.0145,100030,100030,100031,100031,0.9999900030990393,0.9999900030990393,24.994306808629283,25.00159990860635,24.63330049409652,-1.4731033848079944,-1.4443541775206348,0.5447365158287768,3.9767300896133015,300
injection_electrons,150,0.015000000000000001,100030,100030,100031,100031,0.9999900030990393,0.9999900030990393,24.994306808629283,25.00202628815914,24.680280200804503,-1.2868800458265772,-1.2563925466273052,0.48912987799617075,4.094061230859198,300
injection_electrons,155,0.0155,100030,100030,100031,100031,0.9999900030990393,0.9999900030990393,24.994306808629283,25.002134520161015,24.751929014410894,-1.0007365793043066,-0.9697320116703878,0.4229523569516153,4.692119384251999,300
injection_electrons,160,0.016,100030,100030,100031,100031,0.9999900030990393,0.9999900030990393,24.994306808629283,25.001944865426037,24.837124733572573,-0.6592292429273616,-0.6288715116613774,0.3643955901329804,4.9517339398025,300
injection_electrons,165,0.0165,100030,100030,100031,100031,0.9999900030990393,0.9999900030990393,24.994306808629283,25.00149790438828,24.925211887864968,-0.3051257841232058,-0.2764426366906103,0.3295235141268382,4.907951450127701,300
injection_electrons,170,0.017,100030,100030,100031,100031,0.9999900030990393,0.9999900030990393,24.994306808629283,25.000846605826506,25.006743396132585,0.023586362490246593,0.0497576812132694,0.3228660322467777,4.4244758523615,300
injection_electrons,175,0.0175,100030,100030,100031,100031,0.9999900030990393,0.9999900030990393,24.994306808629283,25.000049843502623,25.074148913067173,0.2963956873222262,0.3194411633385519,0.33357126710096274,4.110052924634399,300
injection_electrons,180,0.018000000000000002,100030,100030,100031,100031,0.9999900030990393,0.9999900030990393,24.994306808629283,24.999167736786646,25.12243597624598,0.49308937304317624,0.5126334112713238,0.34613919569415064,3.981425579128601,300
injection_electrons,185,0.018500000000000003,100030,100030,100031,100031,0.9999900030990393,0.9999900030990393,24.994306808629283,24.998258511670873,25.14902669702409,0.603114754105083,0.6190205216709321,0.3499727807060273,3.4815155419301025,300
injection_electrons,190,0.019,100030,100030,100031,100031,0.9999900030990393,0.9999900030990393,24.994306808629283,24.997376240530016,25.153901179503112,0.626165472195872,0.6385228928162512,0.341620947042253,2.891954630045502,300
injection_electrons,195,0.0195,100030,100030,100031,100031,0.9999900030990393,0.9999900030990393,24.994306808629283,24.996568852817504,25.139079693146712,0.5701216081628102,0.5792234432660859,0.32298208387202526,3.1022555842624993,300
injection_electrons,200,0.02,100030,100030,100031,100031,0.9999900030990393,0.9999900030990393,24.994306808629283,24.9958761047765,25.108343299653008,0.4499430002176119,0.4562498648066349,0.2998853288911001,3.679232503299101,300
injection_electrons,205,0.0205,100030,100030,100031,100031,0.9999900030990393,0.9999900030990393,24.994306808629283,24.995327573047902,25.06645829915074,0.2845760908512185,0.2886717006152173,0.28008659548734116,3.808409786781297,300
injection_electrons,210,0.021,100030,100030,100031,100031,0.9999900030990393,0.9999900030990393,24.994306808629283,24.994941021774267,25.01881690989698,0.095522882418142,0.0980627366678366,0.27027404561010254,3.9718638577101006,300
injection_electrons,215,0.021500000000000002,100030,100030,100031,100031,0.9999900030990393,0.9999900030990393,24.994306808629283,24.994721581229147,24.970654888367097,-0.09628710119389261,-0.09462923074153862,0.27237787441082495,4.0522288693916,300
injection_electrons,220,0.022000000000000002,100030,100030,100031,100031,0.9999900030990393,0.9999900030990393,24.994306808629283,24.994662057349068,24.926693463303742,-0.27193243857178695,-0.27051498504530036,0.2826993710744528,3.7591622985399002,300
injection_electrons,225,0.022500000000000003,100030,100030,100031,100031,0.9999900030990393,0.9999900030990393,24.994306808629283,24.994744435302927,24.890757734440683,-0.4160342632484437,-0.41429064219076217,0.2947771948029823,3.9445387231418003,300
injection_electrons,230,0.023,100030,100030,100031,100031,0.9999900030990393,0.9999900030990393,24.994306808629283,24.99494235693422,24.86553094485549,-0.5177503921821591,-0.5152207851162882,0.30307712132622383,4.0056467392148,300
injection_electrons,235,0.0235,100030,100030,100031,100031,0.9999900030990393,0.9999900030990393,24.994306808629283,24.995224146198908,24.852421419846333,-0.5713200470510271,-0.567670829478506,0.30452219618903625,3.740502604757001,300
injection_electrons,240,0.024,100030,100030,100031,100031,0.9999900030990393,0.9999900030990393,24.994306808629283,24.99555589056172,24.851589816822468,-0.5759666813155984,-0.5709979992625458,0.2985538245639412,3.1809917826043996,300
injection_electrons,245,0.0245,100030,100030,100031,100031,0.9999900030990393,0.9999900030990393,24.994306808629283,24.99590416353913,24.862059357079392,-0.5354669532417811,-0.5291102992471597,0.28680623550547846,3.2395662485210988,300
injection_electrons,250,0.025,100030,100030,100031,100031,0.9999900030990393,0.9999900030990393,24.994306808629283,24.99623814760628,24.88195096454675,-0.4572175316327587,-0.4495257457740043,0.2723949104818624,3.4995104268946022,300
injection_electrons,0,0.0,100030,100030,100031,100031,0.9999900030990393,0.9999900030990393,24.994306808629283,25.153742397715664,12.106263559094824,-51.87092493960559,-51.563915527694746,23.61453409319174,59.837369052930896,400
injection_electrons,5,0.0005,100030,100030,100031,100031,0.9999900030990393,0.9999900030990393,24.994306808629283,25.152811099510025,12.056906828838441,-52.06537042265901,-51.761387418530866,23.336067020072083,59.0932642788158,400
injection_electrons,10,0.001,100030,100030,100031,100031,0.9999900030990393,0.9999900030990393,24.994306808629283,25.150966855851873,11.94920894102547,-52.490061278716816,-52.19227709527833,22.51477666442333,56.831732420477906,400
injection_electrons,15,0.0015,100030,100030,100031,100031,0.9999900030990393,0.9999900030990393,24.994306808629283,25.147946206640107,11.89648074463644,-52.69402659412691,-52.403237922448874,21.19417018694062,53.1632546201527,400
injection_electrons,20,0.002,100030,100030,100031,100031,0.9999900030990393,0.9999900030990393,24.994306808629283,25.14338199222783,12.057494572289578,-52.04505672301079,-51.75903590922262,19.4427540912965,48.277435390569906,400
injection_electrons,25,0.0025,100030,100030,100031,100031,0.9999900030990393,0.9999900030990393,24.994306808629283,25.136926071652958,12.58109632081891,-49.949742124568374,-49.664151852071825,17.35070620125171,42.938635831625106,400
injection_electrons,30,0.003,100030,100030,100031,100031,0.9999900030990393,0.9999900030990393,24.994306808629283,25.12837046120058,13.539743528052067,-46.11770170708805,-45.82868958231131,15.021845909954422,37.2013096310644,400
injection_electrons,35,0.0035,100030,100030,100031,100031,0.9999900030990393,0.9999900030990393,24.994306808629283,25.117734520595157,14.899809671409832,-40.68012121398604,-40.387185827991544,12.568161905295472,31.103603041627203,400
injection_electrons,40,0.004,100030,100030,100031,100031,0.9999900030990393,0.9999900030990393,24.994306808629283,25.105296795953443,16.547383909896954,-34.08807693297569,-33.79538773932321,10.102333637781367,25.6937624969405,400
injection_electrons,45,0.0045000000000000005,100030,100030,100031,100031,0.9999900030990393,0.9999900030990393,24.994306808629283,25.091566318131495,18.336344316930294,-26.922281038787876,-26.637916156971908,7.732992235854072,20.647045977263694,400
injection_electrons,50,0.005,100030,100030,100031,100031,0.9999900030990393,0.9999900030990393,24.994306808629283,25.07720446349852,20.127637185147158,-19.73731675536552,-19.471112604738884,5.559290225944841,16.214597243629598,400
injection_electrons,55,0.0055000000000000005,100030,100030,100031,100031,0.9999900030990393,0.9999900030990393,24.994306808629283,25.062920219243555,21.805019352972053,-12.998887750398913,-12.760055640175338,3.678726864561878,12.632831462461809,400
injection_electrons,60,0.006,100030,100030,100031,100031,0.9999900030990393,0.9999900030990393,24.994306808629283,25.04936594804612,23.284040869654053,-7.047384281316571,-6.842622010164168,2.212449332075101,11.4919218219649,400
injection_electrons,65,0.006500000000000001,100030,100030,100031,100031,0.9999900030990393,0.9999900030990393,24.994306808629283,25.037057113463206,24.509622918844098,-2.1066141768534385,-1.9391771634084565,1.410232002643145,11.903590959320299,400
injection_electrons,70,0.007,100030,100030,100031,100031,0.9999900030990393,0.9999900030990393,24.994306808629283,25.026329901573718,25.456277950076238,1.7179828212665171,1.8483054760592976,1.461897161004673,10.922056055415899,400
injection_electrons,75,0.007500000000000001,100030,100030,100031,100031,0.9999900030990393,0.9999900030990393,24.994306808629283,25.017338793761457,26.11829289934503,4.40076426457523,4.496968446941252,1.8227497678860314,8.799743744961303,400
injection_electrons,80,0.008,100030,100030,100031,100031,0.9999900030990393,0.9999900030990393,24.994306808629283,25.01008570940669,26.514215816920675,6.014094173808671,6.081020849782659,2.076622244743752,7.880574566242798,400
injection_electrons,85,0.0085,100030,100030,100031,100031,0.9999900030990393,0.9999900030990393,24.994306808629283,25.004466161971976,26.674932179739276,6.680670592791249,6.724032732645169,2.139344908028235,7.091788565249097,400
injection_electrons,90,0.009000000000000001,100030,100030,100031,100031,0.9999900030990393,0.9999900030990393,24.994306808629283,25.000317017541416,26.64273794694816,6.569600410484155,6.595226468732296,2.0267349298027386,6.4055547379633,400
injection_electrons,95,0.0095,100030,100030,100031,100031,0.9999900030990393,0.9999900030990393,24.994306808629283,24.99745413972965,26.463681843381426,5.865508125171148,5.878838913207396,1.7820561491663556,5.5311474883597,400
injection_electrons,100,0.01,100030,100030,100031,100031,0.9999900030990393,0.9999900030990393,24.994306808629283,24.995694402609047,26.186330309349866,4.763363992066338,4.76918007707674,1.4602861699291148,6.0023894671789,400
injection_electrons,105,0.0105,100030,100030,100031,100031,0.9999900030990393,0.9999900030990393,24.994306808629283,24.99486282551405,25.85652937121065,3.447374573374473,3.449675836913735,1.1218221319311643,6.684208643194701,400
injection_electrons,110,0.011000000000000001,100030,100030,100031,100031,0.9999900030990393,0.9999900030990393,24.994306808629283,24.99478997831618,25.514056584051637,2.077499375613634,2.079472655120451,0.8335268949188239,6.824981404963001,400
injection_electrons,115,0.0115,100030,100030,100031,100031,0.9999900030990393,0.9999900030990393,24.994306808629283,24.995306383404515,25.19256128609398,0.7891677727960733,0.7931985431028243,0.6687394630279594,7.0627639643902995,400
injection_electrons,120,0.012,100030,100030,100031,100031,0.9999900030990393,0.9999900030990393,24.994306808629283,24.996239569322714,24.91692931924725,-0.31728872599221525,-0.30958045755972163,0.6542725620099081,7.246936310967099,400
injection_electrons,125,0.0125,100030,100030,100031,100031,0.9999900030990393,0.9999900030990393,24.994306808629283,24.997416697898124,24.703468774726293,-1.1759132022492014,-1.1636171234105874,0.7178301926578178,6.7239780216001,400
injection_electrons,130,0.013000000000000001,100030,100030,100031,100031,0.9999900030990393,0.9999900030990393,24.994306808629283,24.998672598430083,24.560620584375947,-1.752301096505604,-1.7351400363846303,0.7760157031451499,5.5787187719844,400
injection_electrons,135,0.0135,100030,100030,100031,100031,0.9999900030990393,0.9999900030990393,24.994306808629283,24.999860725006457,24.488856320681396,-2.0440290045853016,-2.0222624768828523,0.7917033643827692,4.8508325628299005,400
injection_electrons,140,0.014,100030,100030,100031,100031,0.9999900030990393,0.9999900030990393,24.994306808629283,25.000863618149197,24.48278901818305,-2.0722268153571144,-2.0465372149054084,0.7590389620335037,4.960756697259804,400
injection_electrons,145,0.0145,100030,100030,100031,100031,0.9999900030990393,0.9999900030990393,24.994306808629283,25.00159990860635,24.53168934340474,-1.8795219782708927,-1.8508913600469357,0.6883572415990119,5.331532074353504,400
injection_electrons,150,0.015000000000000001,100030,100030,100031,100031,0.9999900030990393,0.9999900030990393,24.994306808629283,25.00202628815914,24.62135579526144,-1.5225585658950491,-1.4921438558923361,0.5987209547274819,5.901901037863498,400
injection_electrons,155,0.0155,100030,100030,100031,100031,0.9999900030990393,0.9999900030990393,24.994306808629283,25.002134520161015,24.735995555251673,-1.0644649747593937,-1.033480365570405,0.51392045387137,6.1018322592295995,400
injection_electrons,160,0.016,100030,100030,100031,100031,0.9999900030990393,0.9999900030990393,24.994306808629283,25.001944865426037,24.859617028205587,-0.5692670629686369,-0.5388818399924333,0.4566442224747944,5.8184464324935,400
injection_electrons,165,0.0165,100030,100030,100031,100031,0.9999900030990393,0.9999900030990393,24.994306808629283,25.00149790438828,24.977887793011735,-0.09443478733488497,-0.06569102213260791,0.4370199416105529,5.289610974814101,400
injection_electrons,170,0.017,100030,100030,100031,100031,0.9999900030990393,0.9999900030990393,24.994306808629283,25.000846605826506,25.07882380710454,0.31189824291735224,0.33814499886861693,0.44431689091880233,5.3550619686850975,400
injection_electrons,175,0.0175,100030,100030,100031,100031,0.9999900030990393,0.9999900030990393,24.994306808629283,25.000049843502623,25.154143486626086,0.6163733436056029,0.6394923420785625,0.45799850021653593,4.871840145138901,400
injection_electrons,180,0.018000000000000002,100030,100030,100031,100031,0.9999900030990393,0.9999900030990393,24.994306808629283,24.999167736786646,25.199295751747318,0.8005387101994721,0.8201425416097585,0.4623774830978482,3.9134945592597,400
injection_electrons,185,0.018500000000000003,100030,100030,100031,100031,0.9999900030990393,0.9999900030990393,24.994306808629283,24.998258511670873,25.213327557650018,0.8603361145286925,0.8762825498529914,0.45102314680254296,3.5037130903145997,400
injection_electrons,190,0.019,100030,100030,100031,100031,0.9999900030990393,0.9999900030990393,24.994306808629283,24.997376240530016,25.19852807225361,0.8046917796014519,0.8170711241882511,0.42557215855716035,3.826074353145902,400
injection_electrons,195,0.0195,100030,100030,100031,100031,0.9999900030990393,0.9999900030990393,24.994306808629283,24.996568852817504,25.15982403347119,0.653110359325515,0.662219705108047,0.3934032349524465,4.158035446117399,400
injection_electrons,200,0.02,100030,100030,100031,100031,0.9999900030990393,0.9999900030990393,24.994306808629283,24.9958761047765,25.103921246064154,0.4322518676071141,0.43855762143811816,0.36480286662280603,4.1634441787432,400
injection_electrons,205,0.0205,100030,100030,100031,100031,0.9999900030990393,0.9999900030990393,24.994306808629283,24.995327573047902,25.03844770918217,0.17251278667282932,0.1766038197852593,0.3492588360314065,4.3340386964638995,400
injection_electrons,210,0.021,100030,100030,100031,100031,0.9999900030990393,0.9999900030990393,24.994306808629283,24.994941021774267,24.971031330775542,-0.09565812128901063,-0.09312311812426088,0.3500260018949972,4.178367509338502,400
injection_electrons,215,0.021500000000000002,100030,100030,100031,100031,0.9999900030990393,0.9999900030990393,24.994306808629283,24.994721581229147,24.908582325700127,-0.3446297861293579,-0.3429760368451551,0.3625336441595821,4.679785241104799,400
injection_electrons,220,0.022000000000000002,100030,100030,100031,100031,0.9999900030990393,0.9999900030990393,24.994306808629283,24.994662057349068,24.856910979634566,-0.5511219851600191,-0.5497084998063673,0.37797196221754564,4.745366580568499,400
injection_electrons,225,0.022500000000000003,100030,100030,100031,100031,0.9999900030990393,0.9999900030990393,24.994306808629283,24.994744435302927,24.820044212724344,-0.6989478249348813,-0.6972091574261041,0.38851464476731895,4.3921557299425,400
injection_electrons,230,0.023,100030,100030,100031,100031,0.9999900030990393,0.9999900030990393,24.994306808629283,24.99494235693422,24.800219607056043,-0.7790486055038071,-0.7765256426564782,0.3898852465197044,3.6754027219003014,400
injection_electrons,235,0.0235,100030,100030,100031,100031,0.9999900030990393,0.9999900030990393,24.994306808629283,24.995224146198908,24.797814846938593,-0.7897880735361795,-0.7861468741467648,0.38124092289408773,3.1110441339575985,400
injection_electrons,240,0.024,100030,100030,100031,100031,0.9999900030990393,0.9999900030990393,24.994306808629283,24.99555589056172,24.811552032459158,-0.7361462929977969,-0.7311856158660479,0.36461255006221005,3.3384973336613015,400
injection_electrons,245,0.0245,100030,100030,100031,100031,0.9999900030990393,0.9999900030990393,24.994306808629283,24.99590416353913,24.838731801696827,-0.6287924646133258,-0.6224417749354894,0.34403900844110724,3.5470064031235,400
injection_electrons,250,0.025,100030,100030,100031,100031,0.9999900030990393,0.9999900030990393,24.994306808629283,24.99623814760628,24.875710282496147,-0.4821840166444269,-0.47449415997482536,0.3243877337860324,3.4434416090849,400
injection_electrons,0,0.0,100030,100030,100031,100031,0.9999900030990393,0.9999900030990393,24.994306808629283,25.153742397715664,13.928265940248703,-44.627460518504805,-44.274245943720395,29.596000861737494,75.4007691026505,500
injection_electrons,5,0.0005,100030,100030,100031,100031,0.9999900030990393,0.9999900030990393,24.994306808629283,25.152811099510025,13.7015344428148,-45.52682645049679,-45.181378512628534,29.214391851006905,74.3433945779758,500
injection_electrons,10,0.001,100030,100030,100031,100031,0.9999900030990393,0.9999900030990393,24.994306808629283,25.150966855851873,13.078594929056946,-47.999633556775365,-47.673704139129946,28.09221610214416,71.2366083205362,500
injection_electrons,15,0.0015,100030,100030,100031,100031,0.9999900030990393,0.9999900030990393,24.994306808629283,25.147946206640107,12.238711457241335,-51.33315716251292,-51.034003259430584,26.29487580172501,66.85964558529601,500
injection_electrons,20,0.002,100030,100030,100031,100031,0.9999900030990393,0.9999900030990393,24.994306808629283,25.14338199222783,11.49195530087805,-54.29431369085363,-54.02170826793863,23.92841154548799,61.0197407153914,500
injection_electrons,25,0.0025,100030,100030,100031,100031,0.9999900030990393,0.9999900030990393,24.994306808629283,25.136926071652958,11.236953977282774,-55.29702420553823,-55.041945898642744,21.126631452342924,54.008935369827405,500
injection_electrons,30,0.003,100031,100030,100031,100031,1.0,0.9999900030990393,24.9966293247101,25.12837046120058,11.795105280931097,-53.0606041520149,-52.81321682331307,22.622034231791346,161.1112387942821,500
injection_electrons,35,0.0035,100031,100030,100031,100031,1.0,0.9999900030990393,24.9966293247101,25.117734520595157,13.188486573621487,-47.49332762153507,-47.23894008947768,20.876658967398754,160.0031052239428,500
injection_electrons,40,0.004,100031,100030,100031,100031,1.0,0.9999900030990393,24.9966293247101,25.105296795953443,15.174327336021957,-39.55726769791542,-39.29450591555731,19.53841993900886,158.8548789676432,500
injection_electrons,45,0.0045000000000000005,100031,100030,100031,100031,1.0,0.9999900030990393,24.9966293247101,25.091566318131495,17.431901288853833,-30.526850863601474,-30.262992412253965,18.71060769220659,157.7139403040396,500
injection_electrons,50,0.005,100031,100030,100031,100031,1.0,0.9999900030990393,24.9966293247101,25.07720446349852,19.696126593999086,-21.458045203291853,-21.204869912085577,18.383473925615448,156.625826334282,500
injection_electrons,55,0.0055000000000000005,100031,100030,100031,100031,1.0,0.9999900030990393,24.9966293247101,25.062920219243555,21.77960767052041,-13.100279297071637,-12.869821816374039,18.44801644430093,155.63197342694622,500
injection_electrons,60,0.006,100031,100030,100031,100031,1.0,0.9999900030990393,24.9966293247101,25.04936594804612,23.56491400896659,-5.92610584299168,-5.727633502682727,18.746969927721157,154.7677269844176,500
injection_electrons,65,0.006500000000000001,100031,100030,100031,100031,1.0,0.9999900030990393,24.9966293247101,25.037057113463206,24.98891061266903,-0.1923009584392621,-0.030879011489115538,19.130412814024066,154.7638167144734,500
injection_electrons,70,0.007,100031,100030,100031,100031,1.0,0.9999900030990393,24.9966293247101,25.026329901573718,26.03422373599939,4.027333765636532,4.150937303629143,19.48795723839933,155.69518237935148,500
injection_electrons,75,0.007500000000000001,100030,100030,100031,100031,0.9999900030990393,0.9999900030990393,24.994306808629283,25.017338793761457,26.709322005347786,6.763242187887131,6.861623368271985,2.593773146031221,10.405027496993903,500
injection_electrons,80,0.008,100030,100030,100031,100031,0.9999900030990393,0.9999900030990393,24.994306808629283,25.01008570940669,27.054771519271135,8.175445032942875,8.243736169272275,2.7261868293754197,9.989378319461906,500
injection_electrons,85,0.0085,100030,100030,100031,100031,0.9999900030990393,0.9999900030990393,24.994306808629283,25.004466161971976,27.121944269982055,8.46839958227321,8.512488374425352,2.6520784372360913,8.835699869708499,500
injection_electrons,90,0.009000000000000001,100030,100030,100031,100031,0.9999900030990393,0.9999900030990393,24.994306808629283,25.000317017541416,26.970818296053295,7.881905165959613,7.907846785099171,2.4061110609053413,7.618799651707203,500
injection_electrons,95,0.0095,100030,100030,100031,100031,0.9999900030990393,0.9999900030990393,24.994306808629283,24.99745413972965,26.666169387281165,6.675540789969259,6.688973578873858,2.0510558832637704,7.9070391908011,500
injection_electrons,100,0.01,100030,100030,100031,100031,0.9999900030990393,0.9999900030990393,24.994306808629283,24.995694402609047,26.268832271060614,5.093428683936363,5.099263092950834,1.6566209241234942,8.4698785107963,500
injection_electrons,105,0.0105,100030,100030,100031,100031,0.9999900030990393,0.9999900030990393,24.994306808629283,24.99486282551405,25.83519063612794,3.362002090109928,3.364301454474994,1.297468707872819,8.218472666344203,500
injection_electrons,110,0.011000000000000001,100030,100030,100031,100031,0.9999900030990393,0.9999900030990393,24.994306808629283,24.99478997831618,25.411873361643703,1.6686812879378232,1.6706466645046492,1.0461681589258067,8.832601373860498,500
injection_electrons,115,0.0115,100030,100030,100031,100031,0.9999900030990393,0.9999900030990393,24.994306808629283,24.995306383404515,25.035827451780037,0.1621147096737552,0.16612040281276386,0.9422496098414728,8.9777154090893,500
injection_electrons,120,0.012,100030,100030,100031,100031,0.9999900030990393,0.9999900030990393,24.994306808629283,24.996239569322714,24.732895966146785,-1.0535328821985046,-1.0458815460817061,0.9482075803935848,8.1905451290632,500
injection_electrons,125,0.0125,100030,100030,100031,100031,0.9999900030990393,0.9999900030990393,24.994306808629283,24.997416697898124,24.51780549471635,-1.9186430701141344,-1.9064394046264255,0.9846636928290683,6.614698133843499,500
injection_electrons,130,0.013000000000000001,100030,100030,100031,100031,0.9999900030990393,0.9999900030990393,24.994306808629283,24.998672598430083,24.394930643878666,-2.4150960502972163,-2.398050761478532,0.9958389838905336,6.214213789352101,500
injection_electrons,135,0.0135,100030,100030,100031,100031,0.9999900030990393,0.9999900030990393,24.994306808629283,24.999860725006457,24.359427859079084,-2.5617457351943207,-2.540094247906921,0.9629266262257051,6.101037677090098,500
injection_electrons,140,0.014,100030,100030,100031,100031,0.9999900030990393,0.9999900030990393,24.994306808629283,25.000863618149197,24.398874713555305,-2.4078724390819928,-2.3822708892586864,0.8897910281768117,6.1274926924628,500
injection_electrons,145,0.0145,100030,100030,100031,100031,0.9999900030990393,0.9999900030990393,24.994306808629283,25.00159990860635,24.49598450034219,-2.0223322111882713,-1.9937432636261354,0.792168435505104,6.5545385824782,500
injection_electrons,150,0.015000000000000001,100030,100030,100031,100031,0.9999900030990393,0.9999900030990393,24.994306808629283,25.00202628815914,24.63016954647664,-1.4873064182746254,-1.45688082066322,0.6920487060184732,6.2397963991147005,500
injection_electrons,155,0.0155,100030,100030,100031,100031,0.9999900030990393,0.9999900030990393,24.994306808629283,25.002134520161015,24.781056077238823,-0.8842382747117905,-0.853197222164348,0.6113235948153564,5.5329558135290995,500
injection_electrons,160,0.016,100030,100030,100031,100031,0.9999900030990393,0.9999900030990393,24.994306808629283,25.001944865426037,24.929354769200923,-0.29033779818262717,-0.25986733669258744,0.5640753130964046,5.9609703884559,500
injection_electrons,165,0.0165,100030,100030,100031,100031,0.9999900030990393,0.9999900030990393,24.994306808629283,25.00149790438828,25.059189678151913,0.23075326920114492,0.25959059404772056,0.5482628762691462,5.695607786205899,500
injection_electrons,170,0.017,100030,100030,100031,100031,0.9999900030990393,0.9999900030990393,24.994306808629283,25.000846605826506,25.159344089611427,0.6339684662837852,0.6602994923834649,0.5483913036609916,4.8168475955611,500
injection_electrons,175,0.0175,100030,100030,100031,100031,0.9999900030990393,0.9999900030990393,24.994306808629283,25.000049843502623,25.223000652390223,0.8918014575300726,0.9149837421455587,0.5476391230875749,4.153953599332901,500
injection_electrons,180,0.018000000000000002,100030,100030,100031,100031,0.9999900030990393,0.9999900030990393,24.994306808629283,24.999167736786646,25.248222754655167,0.9962532372709054,1.0158951315193843,0.5362879534424053,4.2915923990486995,500
injection_electrons,185,0.018500000000000003,100030,100030,100031,100031,0.9999900030990393,0.9999900030990393,24.994306808629283,24.998258511670873,25.237500477639067,0.957034530451395,0.9729962541942694,0.5125776283195774,4.395127154946202,500
injection_electrons,190,0.019,100030,100030,100031,100031,0.9999900030990393,0.9999900030990393,24.994306808629283,24.997376240530016,25.196434053510362,0.7963148254639618,0.808693141316863,0.4810512338136221,4.097979165692301,500
injection_electrons,195,0.0195,100030,100030,100031,100031,0.9999900030990393,0.9999900030990393,24.994306808629283,24.996568852817504,25.133070118270243,0.5460800090463458,0.555179668327721,0.4497831311829358,3.6555441802765003,500
injection_electrons,200,0.02,100030,100030,100031,100031,0.9999900030990393,0.9999900030990393,24.994306808629283,24.9958761047765,25.056702422482527,0.24334541206341154,0.2496393051865109,0.42748853311123314,3.9330690183277,500
injection_electrons,205,0.0205,100030,100030,100031,100031,0.9999900030990393,0.9999900030990393,24.994306808629283,24.995327573047902,24.976761723236066,-0.07427728145421586,-0.07019632721784186,0.4192195634555987,4.469746403439599,500
injection_electrons,210,0.021,100030,100030,100031,100031,0.9999900030990393,0.9999900030990393,24.994306808629283,24.994941021774267,24.90195532762874,-0.3720180578322685,-0.3694900671086354,0.4236414184982732,4.534149302341001,500
injection_electrons,215,0.021500000000000002,100030,100030,100031,100031,0.9999900030990393,0.9999900030990393,24.994306808629283,24.994721581229147,24.839271428257685,-0.6219319245716393,-0.6202827770285357,0.43434312741113734,4.162799458466699,500
injection_electrons,220,0.022000000000000002,100030,100030,100031,100031,0.9999900030990393,0.9999900030990393,24.994306808629283,24.994662057349068,24.793813782761678,-0.8035646736353264,-0.8021547762964376,0.44386083038445623,4.283483399890899,500
injection_electrons,225,0.022500000000000003,100030,100030,100031,100031,0.9999900030990393,0.9999900030990393,24.994306808629283,24.994744435302927,24.76846517932623,-0.9053073399586165,-0.9035722856097772,0.4467511217000173,4.076852856910898,500
injection_electrons,230,0.023,100030,100030,100031,100031,0.9999900030990393,0.9999900030990393,24.994306808629283,24.99494235693422,24.763676637248693,-0.9252500621245385,-0.922730816847317,0.4406082957937104,3.527456761818101,500
injection_electrons,235,0.0235,100030,100030,100031,100031,0.9999900030990393,0.9999900030990393,24.994306808629283,24.995224146198908,24.777990148433716,-0.8691020192280519,-0.8654637308080249,0.4257089491989608,3.3979924771291,500
injection_electrons,240,0.024,100030,100030,100031,100031,0.9999900030990393,0.9999900030990393,24.994306808629283,24.99555589056172,24.808173407138202,-0.7496631971056655,-0.7447031954765704,0.40470884308548866,3.2893399635553,500
injection_electrons,245,0.0245,100030,100030,100031,100031,0.9999900030990393,0.9999900030990393,24.994306808629283,24.99590416353913,24.84990295525452,-0.5841005283480749,-0.5777469824644443,0.38168767557737304,3.0911699902781997,500
injection_electrons,250,0.025,100030,100030,100031,100031,0.9999900030990393,0.9999900030990393,24.994306808629283,24.99623814760628,24.89818698461028,-0.3922636775061661,-0.38456687258803246,0.36097476189831057,3.1338104751276035,500
extraction_electrons,0,0.0,100011,100011,100011,100011,1.0,1.0,9.976976528033545,10.490573821873728,15.452786604884523,47.3016335165972,54.884463860017284,23.992648307313324,64.1979302957052,100
extraction_electrons,5,0.0005,100011,100011,100011,100011,1.0,1.0,9.976976528033545,10.4828295019588,15.061053973906276,43.67355656306342,50.958097692095095,23.59521798586294,63.4233921942369,100
extraction_electrons,10,0.001,100011,100011,100011,100011,1.0,1.0,9.976976528033545,10.461207158364811,13.918556865243465,33.04924235358582,39.506761654041924,22.433099207746714,60.5861629410011,100
extraction_electrons,15,0.0015,100011,100011,100011,100011,1.0,1.0,9.976976528033545,10.427943043919386,12.121935695330905,16.244743994831246,21.49909004266375,20.589512706015693,55.8462307178197,100
extraction_electrons,20,0.002,100011,100011,100011,100011,1.0,1.0,9.976976528033545,10.386278095847974,9.837229977052077,-5.286283630469946,-1.4006903853968633,18.196493228972404,50.4797156267048,100
extraction_electrons,25,0.0025,100011,100011,100011,100011,1.0,1.0,9.976976528033545,10.339925935272896,7.328755760169492,-29.121777021935046,-26.54331961614843,15.424133163502258,44.284856046302394,100
extraction_electrons,30,0.003,100011,100011,100011,100011,1.0,1.0,9.976976528033545,10.292491526351544,5.094246208680426,-50.50521833670898,-48.93998001933259,12.470718422639257,37.434233349702,100
extraction_electrons,35,0.0035,100011,100011,100011,100011,1.0,1.0,9.976976528033545,10.246958895334847,4.19498720014587,-59.061149332259646,-57.95332194719818,9.551187523508208,31.036123209310603,100
extraction_electrons,40,0.004,100011,100011,100011,100011,1.0,1.0,9.976976528033545,10.205350634588038,5.304828997718921,-48.019140275888596,-46.82929259367016,6.896927974532131,24.527480044392796,100
extraction_electrons,45,0.0045000000000000005,100011,100011,100011,100011,1.0,1.0,9.976976528033545,10.168619390727047,7.294696597432299,-28.262664604356523,-26.8846972132741,4.7822215212993795,19.588815711151497,100
extraction_electrons,50,0.005,100011,100011,100011,100011,1.0,1.0,9.976976528033545,10.13677231130056,9.283507241932952,-8.417522295695445,-6.950695775940396,3.557073918783291,17.1719842523293,100
extraction_electrons,55,0.0055000000000000005,100011,100011,100011,100011,1.0,1.0,9.976976528033545,10.109171150825178,10.957797928882322,8.394622718281642,9.830848033899265,3.3754926098414053,18.0297616780434,100
extraction_electrons,60,0.006,100011,100011,100011,100011,1.0,1.0,9.976976528033545,10.084911616224423,12.210986574916333,21.081741115822172,22.391653830252235,3.748148999114084,16.878175090111302,100
extraction_electrons,65,0.006500000000000001,100011,100011,100011,100011,1.0,1.0,9.976976528033545,10.063176475946982,13.024393082589599,29.426261317393386,30.54448956548461,4.123810951253782,17.040857954441897,100
extraction_electrons,70,0.007,100011,100011,100011,100011,1.0,1.0,9.976976528033545,10.043477710085627,13.426915810983612,33.6879136745666,34.57900570635148,4.2817338581294955,15.6080816350302,100
extraction_electrons,75,0.007500000000000001,100011,100011,100011,100011,1.0,1.0,9.976976528033545,10.025743871413642,13.475691906823567,34.41089339262642,35.0678922513173,4.189586083988828,14.546704069889602,100
extraction_electrons,80,0.008,100011,100011,100011,100011,1.0,1.0,9.976976528033545,10.010255882914167,13.24343633751054,32.29867939854436,32.739976888778074,3.8891798595518465,13.7817396939819,100
extraction_electrons,85,0.0085,100011,100011,100011,100011,1.0,1.0,9.976976528033545,9.997474434006373,12.806730100996745,28.099653422815464,28.3628368274907,3.449690636792854,12.0234748669895,100
extraction_electrons,90,0.009000000000000001,100011,100011,100011,100011,1.0,1.0,9.976976528033545,9.987825477800438,12.240175560705499,22.550955539934826,22.684217270760975,2.948988006868895,10.6359518156411,100
extraction_electrons,95,0.0095,100011,100011,100011,100011,1.0,1.0,9.976976528033545,9.981512832129303,11.612153104652863,16.336604480181837,16.38950008577009,2.4643296858750072,9.1943107120358,100
extraction_electrons,100,0.01,100011,100011,100011,100011,1.0,1.0,9.976976528033545,9.978409998441569,10.9811126855671,10.048722063756976,10.06453362611519,2.0637039258491936,8.296417966830802,100
extraction_electrons,105,0.0105,100011,100011,100011,100011,1.0,1.0,9.976976528033545,9.978053686139386,10.394600666499505,4.174631581094301,4.185878730821013,1.7923052222235056,8.180523812746,100
extraction_electrons,110,0.011000000000000001,100011,100011,100011,100011,1.0,1.0,9.976976528033545,9.979729111846492,9.890692431881092,-0.8921753182629777,-0.8648321052977193,1.6539032180274529,9.2698622256684,100
extraction_electrons,115,0.0115,100011,100011,100011,100011,1.0,1.0,9.976976528033545,9.982611951943614,9.495456764269804,-4.880037309062802,-4.826309477733615,1.6060234952707175,9.315235386488402,100
extraction_electrons,120,0.012,100011,100011,100011,100011,1.0,1.0,9.976976528033545,9.985920573505869,9.224081605690321,-7.629131057148797,-7.546323480141714,1.5900649202442725,8.396261935338,100
extraction_electrons,125,0.0125,100011,100011,100011,100011,1.0,1.0,9.976976528033545,9.989036284617445,9.078612175799007,-9.114233674578198,-9.004374719237763,1.5630287049554739,7.399840984137102,100
extraction_electrons,130,0.013000000000000001,100011,100011,100011,100011,1.0,1.0,9.976976528033545,9.991565224346065,9.049579853537352,-9.427805850813176,-9.295367909209473,1.5048456100808187,7.2530472840775,100
extraction_electrons,135,0.0135,100011,100011,100011,100011,1.0,1.0,9.976976528033545,9.993336525411712,9.117687232910406,-8.762331682463087,-8.612722428570297,1.4131642634654733,7.208104145557197,100
extraction_electrons,140,0.014,100011,100011,100011,100011,1.0,1.0,9.976976528033545,9.994350477441499,9.25717289397321,-7.375942890257747,-7.214646962812954,1.2968969340471819,7.4203272234791005,100
extraction_electrons,145,0.0145,100011,100011,100011,100011,1.0,1.0,9.976976528033545,9.994702273204846,9.439921219241494,-5.550751175957325,-5.382946499703789,1.171110863891365,7.029702649790801,100
extraction_electrons,150,0.015000000000000001,100011,100011,100011,100011,1.0,1.0,9.976976528033545,9.994509154314159,9.639337219835278,-3.553670610482851,-3.38418465002458,1.05277111671926,6.104583656036301,100
extraction_electrons,155,0.0155,100011,100011,100011,100011,1.0,1.0,9.976976528033545,9.993862178084596,9.832672989444855,-1.612881844550651,-1.4463654212598542,0.9560781538922353,5.101398068105801,100
extraction_electrons,160,0.016,100011,100011,100011,100011,1.0,1.0,9.976976528033545,9.992811734328846,10.002050775285586,0.09245687002188419,0.2513211009526506,0.8885680738699042,4.769337443518501,100
extraction_electrons,165,0.0165,100011,100011,100011,100011,1.0,1.0,9.976976528033545,9.99138293915365,10.13582253372692,1.4456416639507141,1.5921256830367936,0.848305286252922,4.498129336425002,100
extraction_electrons,170,0.017,100011,100011,100011,100011,1.0,1.0,9.976976528033545,9.989607408629334,10.22731716779332,2.3795705821096025,2.509183408985294,0.825271789270704,4.5191751236463,100
extraction_electrons,175,0.0175,100011,100011,100011,100011,1.0,1.0,9.976976528033545,9.987554313111051,10.275262656722383,2.880668626088423,2.989744717256837,0.8078019753476243,4.617108745273599,100
extraction_electrons,180,0.018000000000000002,100011,100011,100011,100011,1.0,1.0,9.976976528033545,9.985346371041533,10.282510997032594,2.976007190425234,3.0623953874257426,0.7865927911122513,4.7540501361255,100
extraction_electrons,185,0.018500000000000003,100011,100011,100011,100011,1.0,1.0,9.976976528033545,9.983153774137527,10.255704454553735,2.7301060023965595,2.7937113587168882,0.757705021671873,4.803102674962501,100
extraction_electrons,190,0.019,100011,100011,100011,100011,1.0,1.0,9.976976528033545,9.981167897453785,10.20312282627286,2.223737052611807,2.266681670583104,0.7215799235689149,4.796124446228699,100
extraction_electrons,195,0.0195,100011,100011,100011,100011,1.0,1.0,9.976976528033545,9.97956388201205,10.134639467640573,1.553931489010707,1.5802677210277505,0.6820266299312822,4.422074116812501,100
extraction_electrons,200,0.02,100011,100011,100011,100011,1.0,1.0,9.976976528033545,9.978464550571003,10.05998975161015,0.8170114813353946,0.8320478989136015,0.6442500945590935,4.0880938501996,100
extraction_electrons,205,0.0205,100011,100011,100011,100011,1.0,1.0,9.976976528033545,9.977916929737487,9.988450819077565,0.10557202885386197,0.11500769809149602,0.6125361970675528,4.2548309782659,100
extraction_electrons,210,0.021,100011,100011,100011,100011,1.0,1.0,9.976976528033545,9.977887797753562,9.92717658394514,-0.5082359597172292,-0.499148654389181,0.5887876240318741,4.018294986625101,100
extraction_electrons,215,0.021500000000000002,100011,100011,100011,100011,1.0,1.0,9.976976528033545,9.978278177799583,9.881252634230002,-0.9723675952976629,-0.9594479202649775,0.5721846255805081,4.0168029413639985,100
extraction_electrons,220,0.022000000000000002,100011,100011,100011,100011,1.0,1.0,9.976976528033545,9.978950900486058,9.853635585534292,-1.2557964880422712,-1.2362557148720033,0.5598227663797694,3.6054225181083,100
extraction_electrons,225,0.022500000000000003,100011,100011,100011,100011,1.0,1.0,9.976976528033545,9.979762109079186,9.844668119078477,-1.3536794617359238,-1.3261373180873393,0.5481489173044028,3.5369006171973005,100
extraction_electrons,230,0.023,100011,100011,100011,100011,1.0,1.0,9.976976528033545,9.98058764284061,9.852784425155036,-1.2805179640624886,-1.244786960554134,0.5346994386058905,3.5571585440606004,100
extraction_electrons,235,0.0235,100011,100011,100011,100011,1.0,1.0,9.976976528033545,9.981338167888211,9.874798207231972,-1.067391554761643,-1.0241411364902864,0.5184564979247784,3.5009235169801003,100
extraction_electrons,240,0.024,100011,100011,100011,100011,1.0,1.0,9.976976528033545,9.981961389597535,9.906374868738487,-0.7572311483574623,-0.7076458393650564,0.5000103737440935,3.972520756718801,100
extraction_electrons,245,0.0245,100011,100011,100011,100011,1.0,1.0,9.976976528033545,9.982434001743187,9.942932807427312,-0.3957070420798847,-0.3412228194641598,0.480964682752133,4.159228807356399,100
extraction_electrons,250,0.025,100011,100011,100011,100011,1.0,1.0,9.976976528033545,9.982748800778106,9.979767958216378,-0.02985993759049288,0.02797871855255707,0.4633636801844183,3.9942766314105995,100
extraction_electrons,0,0.0,100011,100011,100011,100011,1.0,1.0,9.976976528033545,10.490573821873728,19.12274290108693,82.2850039071686,91.66871694401,26.847356535084394,108.7815475210906,200
extraction_electrons,5,0.0005,100011,100011,100011,100011,1.0,1.0,9.976976528033545,10.4828295019588,18.54995182027556,76.95558071233873,85.9275880639136,26.15643252569337,106.4013718105566,200
extraction_electrons,10,0.001,100011,100011,100011,100011,1.0,1.0,9.976976528033545,10.461207158364811,16.992700441878913,62.43536892672565,70.31913820918012,24.222163288458407,100.4254822949157,200
extraction_electrons,15,0.0015,100011,100011,100011,100011,1.0,1.0,9.976976528033545,10.427943043919386,14.873745349317048,42.63354994051336,49.08068899956262,21.379319374983883,90.7485727490552,200
extraction_electrons,20,0.002,100011,100011,100011,100011,1.0,1.0,9.976976528033545,10.386278095847974,12.821872478425496,23.450117165177552,28.514610036400256,18.094479401742316,78.1579547839071,200
extraction_electrons,25,0.0025,100011,100011,100011,100011,1.0,1.0,9.976976528033545,10.339925935272896,11.559251090297764,11.79239737941784,15.859259143472038,14.874810920652708,66.7170052791826,200
extraction_electrons,30,0.003,100011,100011,100011,100011,1.0,1.0,9.976976528033545,10.292491526351544,11.305361942737262,9.840867138850662,13.314508768976129,12.084648518640314,55.536905285644394,200
extraction_electrons,35,0.0035,100011,100011,100011,100011,1.0,1.0,9.976976528033545,10.246958895334847,11.916438068829722,16.292435546461892,19.439371590648058,10.013737823066661,44.9286067591091,200
extraction_electrons,40,0.004,100011,100011,100011,100011,1.0,1.0,9.976976528033545,10.205350634588038,12.756064857110156,24.99389108569401,27.855015206940337,8.647954077449747,37.4620093024719,200
extraction_electrons,45,0.0045000000000000005,100011,100011,100011,100011,1.0,1.0,9.976976528033545,10.168619390727047,13.442045078403325,32.19144666444469,34.73064751263622,7.837670690218073,37.663466541027596,200
extraction_electrons,50,0.005,100011,100011,100011,100011,1.0,1.0,9.976976528033545,10.13677231130056,13.825316739140298,36.38776046816914,38.57220872770017,7.3140955699724195,35.0266657878912,200
extraction_electrons,55,0.0055000000000000005,100011,100011,100011,100011,1.0,1.0,9.976976528033545,10.109171150825178,13.921328598301786,37.7098912522164,39.53454294680665,6.9282546502930265,31.535743996779797,200
extraction_electrons,60,0.006,100011,100011,100011,100011,1.0,1.0,9.976976528033545,10.084911616224423,13.767821681085763,36.519011816983515,37.99593135656492,6.563411812164443,29.896511226350196,200
extraction_electrons,65,0.006500000000000001,100011,100011,100011,100011,1.0,1.0,9.976976528033545,10.063176475946982,13.459238769899954,33.747418641323094,34.90298119958353,6.193731164508565,27.643580517253305,200
extraction_electrons,70,0.007,100011,100011,100011,100011,1.0,1.0,9.976976528033545,10.043477710085627,13.042049602003125,29.85591224946258,30.721462212096682,5.797409241288819,25.489166652137996,200
extraction_electrons,75,0.007500000000000001,100011,100011,100011,100011,1.0,1.0,9.976976528033545,10.025743871413642,12.557899328556388,25.256534473842574,25.868786934307252,5.356313460805808,23.119925186254598,200
extraction_electrons,80,0.008,100011,100011,100011,100011,1.0,1.0,9.976976528033545,10.010255882914167,12.032760823873668,20.20432808727275,20.605283475046086,4.8951511280451,21.3473057159715,200
extraction_electrons,85,0.0085,100011,100011,100011,100011,1.0,1.0,9.976976528033545,9.997474434006373,11.518913395707035,15.218233082202183,15.454951340628288,4.475951761382244,19.394765454519696,200
extraction_electrons,90,0.009000000000000001,100011,100011,100011,100011,1.0,1.0,9.976976528033545,9.987825477800438,11.002079056017315,10.154898886361408,10.274681163210243,4.07569709598983,16.923020197748897,200
extraction_electrons,95,0.0095,100011,100011,100011,100011,1.0,1.0,9.976976528033545,9.981512832129303,10.528905718992519,5.484067356014655,5.532028560036717,3.7210445426455556,14.968337756814602,200
extraction_electrons,100,0.01,100011,100011,100011,100011,1.0,1.0,9.976976528033545,9.978409998441569,10.149182484686497,1.711419818103277,1.7260334949078304,3.42583843817081,14.409827012716699,200
extraction_electrons,105,0.0105,100011,100011,100011,100011,1.0,1.0,9.976976528033545,9.978053686139386,9.862147112569323,-1.1616150525534885,-1.1509440273971938,3.183714029371551,13.6744410088071,200
extraction_electrons,110,0.011000000000000001,100011,100011,100011,100011,1.0,1.0,9.976976528033545,9.979729111846492,9.68438583521606,-2.9594317974006135,-2.932658927234677,2.9804102625804636,12.8511921446563,200
extraction_electrons,115,0.0115,100011,100011,100011,100011,1.0,1.0,9.976976528033545,9.982611951943614,9.60681336070845,-3.764531698159379,-3.710173781455739,2.815897696380526,12.4502059169025,200
extraction_electrons,120,0.012,100011,100011,100011,100011,1.0,1.0,9.976976528033545,9.985920573505869,9.585874976154818,-4.006096327387498,-3.9200408137655796,2.656905418834449,11.364970036891002,200
extraction_electrons,125,0.0125,100011,100011,100011,100011,1.0,1.0,9.976976528033545,9.989036284617445,9.615859509495463,-3.7358636457918704,-3.619503539207558,2.510790788839967,10.7996461477432,200
extraction_electrons,130,0.013000000000000001,100011,100011,100011,100011,1.0,1.0,9.976976528033545,9.991565224346065,9.66612612245523,-3.2571383420272326,-3.115677426972785,2.3617690123270023,11.253880172196496,200
extraction_electrons,135,0.0135,100011,100011,100011,100011,1.0,1.0,9.976976528033545,9.993336525411712,9.748067096038328,-2.4543297301126255,-2.294376771880957,2.207662181217642,11.275941735418499,200
extraction_electrons,140,0.014,100011,100011,100011,100011,1.0,1.0,9.976976528033545,9.994350477441499,9.850056110158068,-1.4437593279235217,-1.2721330707640033,2.0574876741595673,10.711959719359303,200
extraction_electrons,145,0.0145,100011,100011,100011,100011,1.0,1.0,9.976976528033545,9.994702273204846,9.954444435321966,-0.4027917669024328,-0.22584089125866624,1.921980913144745,9.679457845910196,200
extraction_electrons,150,0.015000000000000001,100011,100011,100011,100011,1.0,1.0,9.976976528033545,9.994509154314159,10.046530033057163,0.5204945829735852,0.6971401088113671,1.808432619173474,8.485716129094698,200
extraction_electrons,155,0.0155,100011,100011,100011,100011,1.0,1.0,9.976976528033545,9.993862178084596,10.103907194622721,1.1011260169210724,1.2722357944064955,1.6957753801384,7.8917944913971,200
extraction_electrons,160,0.016,100011,100011,100011,100011,1.0,1.0,9.976976528033545,9.992811734328846,10.155898674104634,1.6320425533038474,1.7933503759214986,1.598426392410241,7.504165267604403,200
extraction_electrons,165,0.0165,100011,100011,100011,100011,1.0,1.0,9.976976528033545,9.99138293915365,10.189307014163576,1.980947744824313,2.1282047274885363,1.522374181204667,6.683687054463199,200
extraction_electrons,170,0.017,100011,100011,100011,100011,1.0,1.0,9.976976528033545,9.989607408629334,10.192749715143808,2.0335364364668873,2.162711183132271,1.4551157083357331,6.5083250043852985,200
extraction_electrons,175,0.0175,100011,100011,100011,100011,1.0,1.0,9.976976528033545,9.987554313111051,10.182370019297972,1.9505846985100161,2.058674696560714,1.3940981588730725,6.522298569302199,200
extraction_electrons,180,0.018000000000000002,100011,100011,100011,100011,1.0,1.0,9.976976528033545,9.985346371041533,10.155899378524289,1.7080329629563629,1.7933574363736549,1.336274025160795,6.756147483130599,200
extraction_electrons,185,0.018500000000000003,100011,100011,100011,100011,1.0,1.0,9.976976528033545,9.983153774137527,10.115307250843635,1.3237648111608324,1.3864994311794332,1.277495806681834,6.419872319351802,200
extraction_electrons,190,0.019,100011,100011,100011,100011,1.0,1.0,9.976976528033545,9.981167897453785,10.071814093444072,0.9081722391766522,0.9505641828869704,1.2169792676793176,5.605750894508901,200
extraction_electrons,195,0.0195,100011,100011,100011,100011,1.0,1.0,9.976976528033545,9.97956388201205,10.030228983180951,0.5076885299589495,0.533753437203921,1.1614159701140763,4.8727910022181,200
extraction_electrons,200,0.02,100011,100011,100011,100011,1.0,1.0,9.976976528033545,9.978464550571003,9.990558639797172,0.12120190601345726,0.1361345466280639,1.1072588051338728,4.6345003570045,200
extraction_electrons,205,0.0205,100011,100011,100011,100011,1.0,1.0,9.976976528033545,9.977916929737487,9.960345669279361,-0.1761014907405989,-0.16669237125549463,1.0581260428430141,4.496562128116402,200
extraction_electrons,210,0.021,100011,100011,100011,100011,1.0,1.0,9.976976528033545,9.977887797753562,9.936871038364348,-0.41107657472805315,-0.4019803951277878,1.0170509610657026,5.367536007848899,200
extraction_electrons,215,0.021500000000000002,100011,100011,100011,100011,1.0,1.0,9.976976528033545,9.978278177799583,9.923821893697514,-0.5457483057871304,-0.5327729717181873,0.9812649726477678,4.9350123575444975,200
extraction_electrons,220,0.022000000000000002,100011,100011,100011,100011,1.0,1.0,9.976976528033545,9.978950900486058,9.922736029731826,-0.5633344758865788,-0.5436566694259737,0.9481367435779805,4.9868097629754,200
extraction_electrons,225,0.022500000000000003,100011,100011,100011,100011,1.0,1.0,9.976976528033545,9.979762109079186,9.927670758114223,-0.5219698665719918,-0.49419550883758046,0.9136152219141908,4.630823363578099,200
extraction_electrons,230,0.023,100011,100011,100011,100011,1.0,1.0,9.976976528033545,9.98058764284061,9.9397549658774,-0.4091209698709575,-0.3730745687489434,0.8834295553530759,4.759129322682098,200
extraction_electrons,235,0.0235,100011,100011,100011,100011,1.0,1.0,9.976976528033545,9.981338167888211,9.957019681995169,-0.24363953494010993,-0.2000289965832902,0.8544162033207175,5.092358794021202,200
extraction_electrons,240,0.024,100011,100011,100011,100011,1.0,1.0,9.976976528033545,9.981961389597535,9.974126636533706,-0.07848911409328307,-0.028564680811171694,0.8251009873784666,4.817796995835298,200
extraction_electrons,245,0.0245,100011,100011,100011,100011,1.0,1.0,9.976976528033545,9.982434001743187,9.990025152687553,0.07604509023591,0.130787364462015,0.7997194974021637,4.185770730011896,200
extraction_electrons,250,0.025,100011,100011,100011,100011,1.0,1.0,9.976976528033545,9.982748800778106,10.002068364815731,0.19352950197564223,0.25149740216068306,0.7743710846878408,3.684916400548804,200
extraction_electrons,0,0.0,100011,100011,100011,100011,1.0,1.0,9.976976528033545,10.490573821873728,19.048848176164096,81.58061226780224,90.92806445560129,24.528096068418243,133.2862984542422,300
extraction_electrons,5,0.0005,100011,100011,100011,100011,1.0,1.0,9.976976528033545,10.4828295019588,18.574018722918368,77.18516474438188,86.168812472683,23.924427583463054,129.7962163893289,300
extraction_electrons,10,0.001,100011,100011,100011,100011,1.0,1.0,9.976976528033545,10.461207158364811,17.228725879391245,64.69156588315055,72.68483924946163,22.18110229388628,118.751487648319,300
extraction_electrons,15,0.0015,100011,100011,100011,100011,1.0,1.0,9.976976528033545,10.427943043919386,15.374895223879454,47.43938626366657,54.103752581543205,19.513385266177693,102.3299079065342,300
extraction_electrons,20,0.002,100011,100011,100011,100011,1.0,1.0,9.976976528033545,10.386278095847974,13.90832703777165,33.91059732293953,39.40422730966344,16.58129441085136,87.97975307648059,300
extraction_electrons,25,0.0025,100011,100011,100011,100011,1.0,1.0,9.976976528033545,10.339925935272896,13.354108711869562,29.15091264159151,33.849254574738865,14.157123844827387,72.63412270513889,300
extraction_electrons,30,0.003,100011,100011,100011,100011,1.0,1.0,9.976976528033545,10.292491526351544,13.312011477063129,29.337113788054168,33.42731076552825,12.406197432061868,56.2983410795146,300
extraction_electrons,35,0.0035,100011,100011,100011,100011,1.0,1.0,9.976976528033545,10.246958895334847,13.209236298992995,28.908844408527766,32.397187282914516,10.894340020929954,50.425588661601,300
extraction_electrons,40,0.004,100011,100011,100011,100011,1.0,1.0,9.976976528033545,10.205350634588038,13.064160371828994,28.01285168538805,30.943080151797563,9.426472907139763,44.95659597682689,300
extraction_electrons,45,0.0045000000000000005,100011,100011,100011,100011,1.0,1.0,9.976976528033545,10.168619390727047,13.395126867297682,31.730044685446156,34.26038268868066,8.606450622604527,43.236076383151,300
extraction_electrons,50,0.005,100011,100011,100011,100011,1.0,1.0,9.976976528033545,10.13677231130056,13.87560981544495,36.883905343087385,39.07630008406788,8.157819982078607,43.479864933611005,300
extraction_electrons,55,0.0055000000000000005,100011,100011,100011,100011,1.0,1.0,9.976976528033545,10.109171150825178,14.020173328422047,38.687664094772266,40.5252712485374,7.806034106201011,37.705645027890185,300
extraction_electrons,60,0.006,100011,100011,100011,100011,1.0,1.0,9.976976528033545,10.084911616224423,13.753246740705837,36.37448957489984,37.84984561266271,7.4010832983256085,36.6326193016401,300
extraction_electrons,65,0.006500000000000001,100011,100011,100011,100011,1.0,1.0,9.976976528033545,10.063176475946982,13.222188653632116,31.391799450559276,32.52700972564282,6.918240206642545,33.470945560345,300
extraction_electrons,70,0.007,100011,100011,100011,100011,1.0,1.0,9.976976528033545,10.043477710085627,12.700065854861858,26.45087908253627,27.293732917752322,6.4556944874320115,29.289663908987304,300
extraction_electrons,75,0.007500000000000001,100011,100011,100011,100011,1.0,1.0,9.976976528033545,10.025743871413642,12.147070669928976,21.15879705010082,21.75101981845753,5.985435380905919,27.010658514926998,300
extraction_electrons,80,0.008,100011,100011,100011,100011,1.0,1.0,9.976976528033545,10.010255882914167,11.625563976097585,16.13653149406977,16.52391827756434,5.544757276365724,24.160798791804,300
extraction_electrons,85,0.0085,100011,100011,100011,100011,1.0,1.0,9.976976528033545,9.997474434006373,11.179424828737663,11.822489795131563,12.052231428283422,5.15453869968118,22.023836756163,300
extraction_electrons,90,0.009000000000000001,100011,100011,100011,100011,1.0,1.0,9.976976528033545,9.987825477800438,10.909209450105662,9.225070805984226,9.343841989130741,4.795394519183131,21.786875612873505,300
extraction_electrons,95,0.0095,100011,100011,100011,100011,1.0,1.0,9.976976528033545,9.981512832129303,10.710704065274816,7.305417980311901,7.354207310998739,4.462693399245693,19.8584177297865,300
extraction_electrons,100,0.01,100011,100011,100011,100011,1.0,1.0,9.976976528033545,9.978409998441569,10.544844577928922,5.676601578566309,5.691784964109803,4.222049953485912,18.371245083070498,300
extraction_electrons,105,0.0105,100011,100011,100011,100011,1.0,1.0,9.976976528033545,9.978053686139386,10.351355822282823,3.7412319865746335,3.752432344581935,3.978133060824784,17.294259079507494,300
extraction_electrons,110,0.011000000000000001,100011,100011,100011,100011,1.0,1.0,9.976976528033545,9.979729111846492,10.189416790485279,2.1011359756235803,2.129305023970085,3.7364556598695917,16.186002931734098,300
extraction_electrons,115,0.0115,100011,100011,100011,100011,1.0,1.0,9.976976528033545,9.982611951943614,10.066548677939538,0.8408292979833032,0.8977885199419999,3.5362005883787453,15.494949102297692,300
extraction_electrons,120,0.012,100011,100011,100011,100011,1.0,1.0,9.976976528033545,9.985920573505869,9.974043073590432,-0.1189424633213032,-0.02940223859272395,3.3295172915970443,14.737515735358407,300
extraction_electrons,125,0.0125,100011,100011,100011,100011,1.0,1.0,9.976976528033545,9.989036284617445,9.95302762989629,-0.3604817691633122,-0.24004164057078725,3.122583399821216,14.194824002595904,300
extraction_electrons,130,0.013000000000000001,100011,100011,100011,100011,1.0,1.0,9.976976528033545,9.991565224346065,10.011361609352441,0.19813096909120365,0.3446443040362013,2.9624244698405686,13.614146788560706,300
extraction_electrons,135,0.0135,100011,100011,100011,100011,1.0,1.0,9.976976528033545,9.993336525411712,10.06169144039188,0.6840049347517807,0.8491040559261753,2.8024703172898895,12.892439889525804,300
extraction_electrons,140,0.014,100011,100011,100011,100011,1.0,1.0,9.976976528033545,9.994350477441499,10.075756554915086,0.8145209401784648,0.9900797762126379,2.6312671371677805,12.123364109840999,300
extraction_electrons,145,0.0145,100011,100011,100011,100011,1.0,1.0,9.976976528033545,9.994702273204846,10.124797666899527,1.3016435121179892,1.4816225982954956,2.5093686586135964,11.982884928967,300
extraction_electrons,150,0.015000000000000001,100011,100011,100011,100011,1.0,1.0,9.976976528033545,9.994509154314159,10.151822632941338,1.5739990448582875,1.752495903107576,2.377178650018099,12.1952428025164,300
extraction_electrons,155,0.0155,100011,100011,100011,100011,1.0,1.0,9.976976528033545,9.993862178084596,10.174452002670582,1.8070073547942211,1.979311809365969,2.2425109703654633,10.139244141054398,300
extraction_electrons,160,0.016,100011,100011,100011,100011,1.0,1.0,9.976976528033545,9.992811734328846,10.194562184525518,2.0189557810199377,2.180877702584505,2.1315867313930337,9.6833023150649,300
extraction_electrons,165,0.0165,100011,100011,100011,100011,1.0,1.0,9.976976528033545,9.99138293915365,10.203960615862458,2.127610141692915,2.275078899816285,2.0300656796058725,9.4392961596367,300
extraction_electrons,170,0.017,100011,100011,100011,100011,1.0,1.0,9.976976528033545,9.989607408629334,10.199758494673162,2.103697146919825,2.2329607172437482,1.951748821728372,9.982362722940701,300
extraction_electrons,175,0.0175,100011,100011,100011,100011,1.0,1.0,9.976976528033545,9.987554313111051,10.158116424516413,1.7077465219033527,1.8155790581835696,1.8680491785280962,8.3879471421224,300
extraction_electrons,180,0.018000000000000002,100011,100011,100011,100011,1.0,1.0,9.976976528033545,9.985346371041533,10.116082314340899,1.309278000395775,1.3942679519841628,1.7740154418426348,8.2950549529161,300
extraction_electrons,185,0.018500000000000003,100011,100011,100011,100011,1.0,1.0,9.976976528033545,9.983153774137527,10.092239988491942,1.0927029355894957,1.1552944936226606,1.6845139934074707,7.330146165412,300
extraction_electrons,190,0.019,100011,100011,100011,100011,1.0,1.0,9.976976528033545,9.981167897453785,10.080520493059087,0.9954005044905179,1.0378290931586598,1.5970306711429825,6.8558675471575,300
extraction_electrons,195,0.0195,100011,100011,100011,100011,1.0,1.0,9.976976528033545,9.97956388201205,10.044248826941036,0.6481740654576962,0.67427540516376,1.5357883711205507,7.5494022338448,300
extraction_electrons,200,0.02,100011,100011,100011,100011,1.0,1.0,9.976976528033545,9.978464550571003,10.01064923996672,0.3225415015767563,0.3375041711139781,1.4695413557989088,6.3833934077268,300
extraction_electrons,205,0.0205,100011,100011,100011,100011,1.0,1.0,9.976976528033545,9.977916929737487,9.994863759810723,0.16984336703314007,0.17928509430606976,1.3831257642494799,6.367302307154301,300
extraction_electrons,210,0.021,100011,100011,100011,100011,1.0,1.0,9.976976528033545,9.977887797753562,9.99470937341211,0.16858854298136272,0.17773766760640353,1.3301839672214693,5.896244499134399,300
extraction_electrons,215,0.021500000000000002,100011,100011,100011,100011,1.0,1.0,9.976976528033545,9.978278177799583,9.980805261296478,0.025325847324220163,0.03837568678421999,1.3010489292958194,6.1888629469458,300
extraction_electrons,220,0.022000000000000002,100011,100011,100011,100011,1.0,1.0,9.976976528033545,9.978950900486058,9.971557700488185,-0.0740879484386725,-0.05431332358187824,1.2248397182345772,6.043381206758299,300
extraction_electrons,225,0.022500000000000003,100011,100011,100011,100011,1.0,1.0,9.976976528033545,9.979762109079186,9.973567543064949,-0.06207127932038592,-0.03416851747638505,1.1871238084826934,5.9545527369350015,300
extraction_electrons,230,0.023,100011,100011,100011,100011,1.0,1.0,9.976976528033545,9.98058764284061,9.972542533512799,-0.08060757157503096,-0.044442266735689184,1.1490863487255218,5.840708341072899,300
extraction_electrons,235,0.0235,100011,100011,100011,100011,1.0,1.0,9.976976528033545,9.981338167888211,9.97373586774223,-0.07616513956454352,-0.03248138634193154,1.1081052429766318,5.527369152036299,300
extraction_electrons,240,0.024,100011,100011,100011,100011,1.0,1.0,9.976976528033545,9.981961389597535,9.983059353387008,0.010999479427131753,0.06096862447628748,1.074812935769622,5.785002338311499,300
extraction_electrons,245,0.0245,100011,100011,100011,100011,1.0,1.0,9.976976528033545,9.982434001743187,9.99376131697564,0.11347247805970628,0.16823522532034563,1.0431701316900095,5.248163141079202,300
extraction_electrons,250,0.025,100011,100011,100011,100011,1.0,1.0,9.976976528033545,9.982748800778106,9.992759210228588,0.10027708450102146,0.1581910326309499,1.01025370513147,4.734772765985301,300
extraction_electrons,0,0.0,100011,100011,100011,100011,1.0,1.0,9.976976528033545,10.490573821873728,19.70746923154601,87.8588298997933,97.52947374559314,23.81578380707191,137.3227301696458,400
extraction_electrons,5,0.0005,100011,100011,100011,100011,1.0,1.0,9.976976528033545,10.4828295019588,19.344218376600566,84.5324143923732,93.88858260061777,23.394209899638,133.3566696419698,400
extraction_electrons,10,0.001,100011,100011,100011,100011,1.0,1.0,9.976976528033545,10.461207158364811,18.2802266250771,74.74299426773302,83.22411177086451,22.15762468601627,121.77943919569131,400
extraction_electrons,15,0.0015,100011,100011,100011,100011,1.0,1.0,9.976976528033545,10.427943043919386,16.6874188610145,60.025987778529945,67.25927753889964,19.85942247918401,104.3777354199566,400
extraction_electrons,20,0.002,100011,100011,100011,100011,1.0,1.0,9.976976528033545,10.386278095847974,15.12345546283005,45.609960789282276,51.58355259567673,16.992245461750958,85.54733688809489,400
extraction_electrons,25,0.0025,100011,100011,100011,100011,1.0,1.0,9.976976528033545,10.339925935272896,14.069141112705696,36.066169146446356,41.016079101458146,14.148131809976089,69.9868891640219,400
extraction_electrons,30,0.003,100011,100011,100011,100011,1.0,1.0,9.976976528033545,10.292491526351544,13.950961173179747,35.54503433363572,39.83155251473236,12.189472763000422,59.645877994610494,400
extraction_electrons,35,0.0035,100011,100011,100011,100011,1.0,1.0,9.976976528033545,10.246958895334847,14.114528876629603,37.74358832507421,41.47100413607534,11.217940335906853,56.4727505677344,400
extraction_electrons,40,0.004,100011,100011,100011,100011,1.0,1.0,9.976976528033545,10.205350634588038,13.87071846007794,35.9161380802264,39.0272736545352,10.267951943576987,51.009406603174,400
extraction_electrons,45,0.0045000000000000005,100011,100011,100011,100011,1.0,1.0,9.976976528033545,10.168619390727047,13.240482600891314,30.209245642191675,32.710371360380506,9.091175318131013,46.45360049446789,400
extraction_electrons,50,0.005,100011,100011,100011,100011,1.0,1.0,9.976976528033545,10.13677231130056,13.097682889616406,29.209599341745097,31.27907891548334,8.233187277814652,41.8040109019873,400
extraction_electrons,55,0.0055000000000000005,100011,100011,100011,100011,1.0,1.0,9.976976528033545,10.109171150825178,13.49364901201451,33.47928144349468,35.24787769220199,7.903257388071263,41.93282346517179,400
extraction_electrons,60,0.006,100011,100011,100011,100011,1.0,1.0,9.976976528033545,10.084911616224423,13.604965547449028,34.90416242777583,36.363611853966724,7.568486273169775,35.98615194918779,400
extraction_electrons,65,0.006500000000000001,100011,100011,100011,100011,1.0,1.0,9.976976528033545,10.063176475946982,13.329868369975532,32.46183649702061,33.60629177106864,7.321199541577564,34.5063690611221,400
extraction_electrons,70,0.007,100011,100011,100011,100011,1.0,1.0,9.976976528033545,10.043477710085627,12.8480768543286,27.924581755447164,28.77725850339299,6.905694344873529,31.9582279063437,400
extraction_electrons,75,0.007500000000000001,100011,100011,100011,100011,1.0,1.0,9.976976528033545,10.025743871413642,12.361452937320257,23.297114866123913,23.899789706698748,6.482795726654654,30.399911914981196,400
extraction_electrons,80,0.008,100011,100011,100011,100011,1.0,1.0,9.976976528033545,10.010255882914167,11.872371225221888,18.602075352399726,18.997686241544407,6.076152255357242,29.0648396222193,400
extraction_electrons,85,0.0085,100011,100011,100011,100011,1.0,1.0,9.976976528033545,9.997474434006373,11.41762607695768,14.205104022278526,14.439740785960197,5.668306316968086,25.0263592988333,400
extraction_electrons,90,0.009000000000000001,100011,100011,100011,100011,1.0,1.0,9.976976528033545,9.987825477800438,11.039599113574788,10.530556807506164,10.650747574232145,5.321207675713385,23.9430863789252,400
extraction_electrons,95,0.0095,100011,100011,100011,100011,1.0,1.0,9.976976528033545,9.981512832129303,10.837279000359587,8.573511677264744,8.622877581286726,4.982822305200558,24.125570769082202,400
extraction_electrons,100,0.01,100011,100011,100011,100011,1.0,1.0,9.976976528033545,9.978409998441569,10.724870195365797,7.480752915953648,7.496195518059046,4.699803109199424,22.0308977978001,400
extraction_electrons,105,0.0105,100011,100011,100011,100011,1.0,1.0,9.976976528033545,9.978053686139386,10.62314029340495,6.465054484139121,6.476548917959257,4.471583561283777,21.0167206982172,400
extraction_electrons,110,0.011000000000000001,100011,100011,100011,100011,1.0,1.0,9.976976528033545,9.979729111846492,10.57646756067179,5.979505476926605,6.008744542535327,4.279271183798335,20.358343770905602,400
extraction_electrons,115,0.0115,100011,100011,100011,100011,1.0,1.0,9.976976528033545,9.982611951943614,10.418257475190252,4.364043452193078,4.422992736494735,4.06437695629991,19.630595158004798,400
extraction_electrons,120,0.012,100011,100011,100011,100011,1.0,1.0,9.976976528033545,9.985920573505869,10.273090912564522,2.875752284877553,2.967977159201962,3.828229665494354,18.7595980991495,400
extraction_electrons,125,0.0125,100011,100011,100011,100011,1.0,1.0,9.976976528033545,9.989036284617445,10.256273973930679,2.675310026901845,2.7994196950585026,3.6615617701256133,17.5450937805222,400
extraction_electrons,130,0.013000000000000001,100011,100011,100011,100011,1.0,1.0,9.976976528033545,9.991565224346065,10.175382422750305,1.8397237497518315,1.988637481097344,3.4324296784569834,16.158121990868793,400
extraction_electrons,135,0.0135,100011,100011,100011,100011,1.0,1.0,9.976976528033545,9.993336525411712,10.165103731993582,1.7188173954223451,1.8856133762712002,3.255933704252081,16.5084973595001,400
extraction_electrons,140,0.014,100011,100011,100011,100011,1.0,1.0,9.976976528033545,9.994350477441499,10.220934451266729,2.267120553123081,2.4452089523083975,3.117303000134086,14.622864345088697,400
extraction_electrons,145,0.0145,100011,100011,100011,100011,1.0,1.0,9.976976528033545,9.994702273204846,10.254704816880572,2.601403589307272,2.783691913744213,2.958871921098497,14.8664689534973,400
extraction_electrons,150,0.015000000000000001,100011,100011,100011,100011,1.0,1.0,9.976976528033545,9.994509154314159,10.233182522340867,2.388044918881116,2.567972306915123,2.8171572060776255,14.405418679416703,400
extraction_electrons,155,0.0155,100011,100011,100011,100011,1.0,1.0,9.976976528033545,9.993862178084596,10.236312851734457,2.42599576949869,2.5993478382175583,2.675639822550405,12.924332050895503,400
extraction_electrons,160,0.016,100011,100011,100011,100011,1.0,1.0,9.976976528033545,9.992811734328846,10.271870478786397,2.7925948359347696,2.955744657955761,2.5654135907543703,13.3271322111908,400
extraction_electrons,165,0.0165,100011,100011,100011,100011,1.0,1.0,9.976976528033545,9.99138293915365,10.263015939291256,2.7186726981822007,2.8669949303177233,2.4327881758847103,11.382513163595299,400
extraction_electrons,170,0.017,100011,100011,100011,100011,1.0,1.0,9.976976528033545,9.989607408629334,10.26555404921592,2.7623371900302507,2.892434600517735,2.3189477054299865,11.7387178176596,400
extraction_electrons,175,0.0175,100011,100011,100011,100011,1.0,1.0,9.976976528033545,9.987554313111051,10.235053360502283,2.4780746079781535,2.5867238611175347,2.2401273332449323,11.714849439937598,400
extraction_electrons,180,0.018000000000000002,100011,100011,100011,100011,1.0,1.0,9.976976528033545,9.985346371041533,10.198218416115603,2.13184437638958,2.2175243918877374,2.167789096604651,10.981373960296898,400
extraction_electrons,185,0.018500000000000003,100011,100011,100011,100011,1.0,1.0,9.976976528033545,9.983153774137527,10.158921188157507,1.7606401543700967,1.8236452658050295,2.082600598648339,10.5277278935075,400
extraction_electrons,190,0.019,100011,100011,100011,100011,1.0,1.0,9.976976528033545,9.981167897453785,10.115313563168222,1.3439876685037877,1.3865627000922975,1.9928807813666292,10.4818669470429,400
extraction_electrons,195,0.0195,100011,100011,100011,100011,1.0,1.0,9.976976528033545,9.97956388201205,10.087159437374492,1.0781588918568064,1.1043717405904818,1.8949669178021766,10.0147111026512,400
extraction_electrons,200,0.02,100011,100011,100011,100011,1.0,1.0,9.976976528033545,9.978464550571003,10.065476482493988,0.8719972043996105,0.8870418228585919,1.8178780403777974,9.7730221159448,400
extraction_electrons,205,0.0205,100011,100011,100011,100011,1.0,1.0,9.976976528033545,9.977916929737487,10.046169587129084,0.6840371379338794,0.6935273316632351,1.7414570754477607,9.786619807744,400
extraction_electrons,210,0.021,100011,100011,100011,100011,1.0,1.0,9.976976528033545,9.977887797753562,10.017732183082385,0.39932685290160475,0.40849705253214186,1.6859325849262545,9.2264933821929,400
extraction_electrons,215,0.021500000000000002,100011,100011,100011,100011,1.0,1.0,9.976976528033545,9.978278177799583,10.02931499021352,0.5114791500550497,0.5245924156773718,1.6356533127957458,8.3916920437686,400
extraction_electrons,220,0.022000000000000002,100011,100011,100011,100011,1.0,1.0,9.976976528033545,9.978950900486058,10.024121693432908,0.4526607395638038,0.47253960422672936,1.555807279375399,7.9811842974883,400
extraction_electrons,225,0.022500000000000003,100011,100011,100011,100011,1.0,1.0,9.976976528033545,9.979762109079186,10.017790829096748,0.38105838197250996,0.40908486602653227,1.5013691396350897,8.2695194816657,400
extraction_electrons,230,0.023,100011,100011,100011,100011,1.0,1.0,9.976976528033545,9.98058764284061,10.010977071040148,0.3044853598509034,0.3407900470755676,1.4640835489562443,8.1979018172606,400
extraction_electrons,235,0.0235,100011,100011,100011,100011,1.0,1.0,9.976976528033545,9.981338167888211,10.011839403489187,0.3055826291819663,0.34943327126895074,1.3974762505076435,7.703551678602002,400
extraction_electrons,240,0.024,100011,100011,100011,100011,1.0,1.0,9.976976528033545,9.981961389597535,10.030070431946188,0.48195981201437643,0.5321642660324866,1.3560556153307237,8.3525448335322,400
extraction_electrons,245,0.0245,100011,100011,100011,100011,1.0,1.0,9.976976528033545,9.982434001743187,10.017446377248996,0.3507398646431792,0.40563239877069446,1.3117699520055026,7.773981492421601,400
extraction_electrons,250,0.025,100011,100011,100011,100011,1.0,1.0,9.976976528033545,9.982748800778106,10.024130702427884,0.414534137596978,0.47262990207348476,1.2660878792872368,6.936728430259801,400
extraction_electrons,0,0.0,100011,100011,100011,100011,1.0,1.0,9.976976528033545,10.490573821873728,19.98330385311321,90.48818675148486,100.29418528713232,23.48159150967706,133.2411828485797,500
extraction_electrons,5,0.0005,100011,100011,100011,100011,1.0,1.0,9.976976528033545,10.4828295019588,19.709472524060946,88.01672316026958,97.54955289992719,23.20469622567616,125.4658055777941,500
extraction_electrons,10,0.001,100011,100011,100011,100011,1.0,1.0,9.976976528033545,10.461207158364811,18.861050695073917,80.29516488441362,89.04575591691221,22.18374265607483,108.84916625054319,500
extraction_electrons,15,0.0015,100011,100011,100011,100011,1.0,1.0,9.976976528033545,10.427943043919386,17.43192260195342,67.16549494502762,74.7214955650421,20.371760719147716,93.4654866630212,500
extraction_electrons,20,0.002,100011,100011,100011,100011,1.0,1.0,9.976976528033545,10.386278095847974,15.831502036938033,52.42709554702609,58.68035764596924,17.789789130175837,86.84124056089891,500
extraction_electrons,25,0.0025,100011,100011,100011,100011,1.0,1.0,9.976976528033545,10.339925935272896,14.614286727898014,41.338408218610766,46.48011536194802,14.8562925643913,77.0613678091328,500
extraction_electrons,30,0.003,100011,100011,100011,100011,1.0,1.0,9.976976528033545,10.292491526351544,14.295547256830718,38.8929708635686,43.285365227258495,12.4728166285344,64.2562642086498,500
extraction_electrons,35,0.0035,100011,100011,100011,100011,1.0,1.0,9.976976528033545,10.246958895334847,14.63755410560484,42.847787866787556,46.713326071038594,11.282647513225495,60.6344407642746,500
extraction_electrons,40,0.004,100011,100011,100011,100011,1.0,1.0,9.976976528033545,10.205350634588038,14.69268088627839,43.97036821529545,47.26586601656872,10.744176730532248,50.8538686883264,500
extraction_electrons,45,0.0045000000000000005,100011,100011,100011,100011,1.0,1.0,9.976976528033545,10.168619390727047,14.01263576271798,37.80273628390856,40.44972165009053,9.796028210049341,45.937821319976806,500
extraction_electrons,50,0.005,100011,100011,100011,100011,1.0,1.0,9.976976528033545,10.13677231130056,13.08037776613068,29.03888303329616,31.105628337173343,8.647045021585308,44.3937379288791,500
extraction_electrons,55,0.0055000000000000005,100011,100011,100011,100011,1.0,1.0,9.976976528033545,10.109171150825178,12.773504790595263,26.355609179221418,28.029816996200886,7.940953863590719,40.921045206588005,500
extraction_electrons,60,0.006,100011,100011,100011,100011,1.0,1.0,9.976976528033545,10.084911616224423,13.05469182292506,29.44775640792834,30.84817616082065,7.5910200905299225,42.2138017700211,500
extraction_electrons,65,0.006500000000000001,100011,100011,100011,100011,1.0,1.0,9.976976528033545,10.063176475946982,13.161315787435063,30.786892378298813,31.916876324747157,7.241090550416198,37.53346698319331,500
extraction_electrons,70,0.007,100011,100011,100011,100011,1.0,1.0,9.976976528033545,10.043477710085627,12.945542425966925,28.895018236233593,29.754163394012558,7.1375428553130265,37.60374138846011,500
extraction_electrons,75,0.007500000000000001,100011,100011,100011,100011,1.0,1.0,9.976976528033545,10.025743871413642,12.468406181247245,24.363900984926957,24.97179026344527,6.735875370248093,34.6943825453209,500
extraction_electrons,80,0.008,100011,100011,100011,100011,1.0,1.0,9.976976528033545,10.010255882914167,12.064474231203686,20.52113724481035,20.923149386035345,6.382776908590132,30.886375119584994,500
extraction_electrons,85,0.0085,100011,100011,100011,100011,1.0,1.0,9.976976528033545,9.997474434006373,11.679574933709903,16.825254326051308,17.065274243077113,6.0249365460762405,28.339963040239702,500
extraction_electrons,90,0.009000000000000001,100011,100011,100011,100011,1.0,1.0,9.976976528033545,9.987825477800438,11.33703876874415,13.50857895887907,13.63200802256146,5.731048994343797,28.043622470210003,500
extraction_electrons,95,0.0095,100011,100011,100011,100011,1.0,1.0,9.976976528033545,9.981512832129303,11.036533365753852,10.5697458027461,10.620019348979515,5.379224220860102,27.957559660731093,500
extraction_electrons,100,0.01,100011,100011,100011,100011,1.0,1.0,9.976976528033545,9.978409998441569,10.867150528880444,8.906634730159201,8.922282199879561,5.076760339654294,23.783361606060296,500
extraction_electrons,105,0.0105,100011,100011,100011,100011,1.0,1.0,9.976976528033545,9.978053686139386,10.80648202494237,8.302504324603532,8.314197137560274,4.857091214722965,22.647246689816296,500
extraction_electrons,110,0.011000000000000001,100011,100011,100011,100011,1.0,1.0,9.976976528033545,9.979729111846492,10.748894098062639,7.707273189440644,7.736988935076083,4.668009591540308,22.8103980983081,500
extraction_electrons,115,0.0115,100011,100011,100011,100011,1.0,1.0,9.976976528033545,9.982611951943614,10.69126881807514,7.09891228410966,7.1594063395314045,4.491084880399013,20.238315944141796,500
extraction_electrons,120,0.012,100011,100011,100011,100011,1.0,1.0,9.976976528033545,9.985920573505869,10.533549891945114,5.4840143621028625,5.578577461294976,4.250592632182215,23.330155602641696,500
extraction_electrons,125,0.0125,100011,100011,100011,100011,1.0,1.0,9.976976528033545,9.989036284617445,10.46402041836863,4.755054644086476,4.8816782215191035,4.070324335012718,20.6151763087354,500
extraction_electrons,130,0.013000000000000001,100011,100011,100011,100011,1.0,1.0,9.976976528033545,9.991565224346065,10.345868407345503,3.546022820690009,3.697431564316478,3.838723238768402,18.0832134744333,500
extraction_electrons,135,0.0135,100011,100011,100011,100011,1.0,1.0,9.976976528033545,9.993336525411712,10.329409417194501,3.3629698242243933,3.532461845236212,3.6516087639064096,17.2470816255644,500
extraction_electrons,140,0.014,100011,100011,100011,100011,1.0,1.0,9.976976528033545,9.994350477441499,10.303641888235358,3.0946624444676996,3.27419192862628,3.475674246431745,16.379474632773,500
extraction_electrons,145,0.0145,100011,100011,100011,100011,1.0,1.0,9.976976528033545,9.994702273204846,10.280513040352567,2.8596226214157694,3.0423697145737227,3.32552876514706,16.088715507298602,500
extraction_electrons,150,0.015000000000000001,100011,100011,100011,100011,1.0,1.0,9.976976528033545,9.994509154314159,10.338979410958386,3.4465950385921262,3.6283826258153073,3.174996623803618,14.833392458617595,500
extraction_electrons,155,0.0155,100011,100011,100011,100011,1.0,1.0,9.976976528033545,9.993862178084596,10.307944813123372,3.142755317634105,3.3173204743928597,3.0372421940562364,14.113269898501398,500
extraction_electrons,160,0.016,100011,100011,100011,100011,1.0,1.0,9.976976528033545,9.992811734328846,10.282705604397961,2.9010240338385174,3.0643459519561933,2.8945913768894616,14.8770138129877,500
extraction_electrons,165,0.0165,100011,100011,100011,100011,1.0,1.0,9.976976528033545,9.99138293915365,10.324422718440704,3.3332700919905367,3.482479781634229,2.7731067204489785,13.9253948879525,500
extraction_electrons,170,0.017,100011,100011,100011,100011,1.0,1.0,9.976976528033545,9.989607408629334,10.342780790620587,3.5354080250057818,3.6664841453640573,2.6633857964671024,15.476736738905,500
extraction_electrons,175,0.0175,100011,100011,100011,100011,1.0,1.0,9.976976528033545,9.987554313111051,10.31109518702489,3.2394404452861236,3.34889691333371,2.5624003738429146,13.4011977263717,500
extraction_electrons,180,0.018000000000000002,100011,100011,100011,100011,1.0,1.0,9.976976528033545,9.985346371041533,10.291865643767087,3.0696909384584803,3.1561577282331887,2.4606454005523886,14.1673101134003,500
extraction_electrons,185,0.018500000000000003,100011,100011,100011,100011,1.0,1.0,9.976976528033545,9.983153774137527,10.20014884088032,2.1736123839436683,2.236873187179511,2.376416015868445,13.2856453967897,500
extraction_electrons,190,0.019,100011,100011,100011,100011,1.0,1.0,9.976976528033545,9.981167897453785,10.161520358112764,1.8069274308569305,1.849696945369006,2.289193473907292,12.6550683712951,500
extraction_electrons,195,0.0195,100011,100011,100011,100011,1.0,1.0,9.976976528033545,9.97956388201205,10.14728127564677,1.680608447599874,1.7069775310656565,2.203407611275068,12.6505153088104,500
extraction_electrons,200,0.02,100011,100011,100011,100011,1.0,1.0,9.976976528033545,9.978464550571003,10.109570313702875,1.3138871463382662,1.3289976707549167,2.1170879418252455,13.2281973936146,500
extraction_electrons,205,0.0205,100011,100011,100011,100011,1.0,1.0,9.976976528033545,9.977916929737487,10.090642354140604,1.1297490768554797,1.139281282136717,2.043212748948245,11.224922312698801,500
extraction_electrons,210,0.021,100011,100011,100011,100011,1.0,1.0,9.976976528033545,9.977887797753562,10.078749692830142,1.010854171954989,1.0200802268165443,1.966117211822979,12.6343176188412,500
extraction_electrons,215,0.021500000000000002,100011,100011,100011,100011,1.0,1.0,9.976976528033545,9.978278177799583,10.045112724619674,0.6698003967136268,0.6829343177733094,1.905463362158323,11.041103360689899,500
extraction_electrons,220,0.022000000000000002,100011,100011,100011,100011,1.0,1.0,9.976976528033545,9.978950900486058,10.05057443896963,0.7177461759039439,0.7376774990828894,1.8573475729740918,10.9103029725525,500
extraction_electrons,225,0.022500000000000003,100011,100011,100011,100011,1.0,1.0,9.976976528033545,9.979762109079186,10.064627438689568,0.8503742742843157,0.8785317917681779,1.8009502562931585,11.163487937433,500
extraction_electrons,230,0.023,100011,100011,100011,100011,1.0,1.0,9.976976528033545,9.98058764284061,10.071469487196127,0.9105861058262388,0.9471101680661898,1.730677904638315,11.0106201851516,500
extraction_electrons,235,0.0235,100011,100011,100011,100011,1.0,1.0,9.976976528033545,9.981338167888211,10.0751930280414,0.9403033799129101,0.9844315031902307,1.682945620511326,10.8008021256761,500
extraction_electrons,240,0.024,100011,100011,100011,100011,1.0,1.0,9.976976528033545,9.981961389597535,10.059917156728206,0.7809664262167004,0.831320274850933,1.6406405678219609,9.686571885534999,500
extraction_electrons,245,0.0245,100011,100011,100011,100011,1.0,1.0,9.976976528033545,9.982434001743187,10.0606404310814,0.7834404848011678,0.8385697090974809,1.5861748923628716,9.626710418915799,500
extraction_electrons,250,0.025,100011,100011,100011,100011,1.0,1.0,9.976976528033545,9.982748800778106,10.070262247818174,0.8766467912449949,0.9350099153036417,1.5281963677854953,9.5161091944223,500
